{
  "uri": "https://api.sketchfab.com/v3/models/8302845940ae48afa705b229df6c9acc",
  "uid": "8302845940ae48afa705b229df6c9acc",
  "name": "13465357",
  "staffpickedAt": null,
  "viewCount": 6,
  "likeCount": 0,
  "animationCount": 0,
  "viewerUrl": "https://sketchfab.com/3d-models/8302845940ae48afa705b229df6c9acc",
  "embedUrl": "https://sketchfab.com/models/8302845940ae48afa705b229df6c9acc/embed",
  "commentCount": 0,
  "isDownloadable": true,
  "publishedAt": "2020-04-30T00:14:46.134977",
  "tags": [],
  "categories": [],
  "thumbnails": {
    "images": [
      {
        "uid": "963d76f5138e46a4b63c149a8c0bca65",
        "size": 23694,
        "width": 1920,
        "url": "https://media.sketchfab.com/models/8302845940ae48afa705b229df6c9acc/thumbnails/dd68c42d4d55491ba12ea3c03ed536a8/2980dc4823c74308a297554673c95913.jpeg",
        "height": 1080
      },
      {
        "uid": "6a3467b32eb64135a89ca249fed3f6f1",
        "size": 9106,
        "width": 1024,
        "url": "https://media.sketchfab.com/models/8302845940ae48afa705b229df6c9acc/thumbnails/dd68c42d4d55491ba12ea3c03ed536a8/3c6fbe9e72cc4d6bae0cc90fbec8c272.jpeg",
        "height": 576
      },
      {
        "uid": "70c5fba725534b9f87a56fe7a6bbd844",
        "size": 5732,
        "width": 720,
        "url": "https://media.sketchfab.com/models/8302845940ae48afa705b229df6c9acc/thumbnails/dd68c42d4d55491ba12ea3c03ed536a8/040898e6515c4c05abb5a78276a44b7b.jpeg",
        "height": 405
      },
      {
        "uid": "ad9fefea54a7466e9e7603e5f47e2074",
        "size": 1795,
        "width": 256,
        "url": "https://media.sketchfab.com/models/8302845940ae48afa705b229df6c9acc/thumbnails/dd68c42d4d55491ba12ea3c03ed536a8/94e988e82f2c46e0b4c93c3963e25b42.jpeg",
        "height": 144
      },
      {
        "uid": "d247cbadbcfc4755840d4d14752d9112",
        "size": 559,
        "width": 64,
        "url": "https://media.sketchfab.com/models/8302845940ae48afa705b229df6c9acc/thumbnails/dd68c42d4d55491ba12ea3c03ed536a8/11b16e65b74f4bedad2baf41444de0e2.jpeg",
        "height": 36
      }
    ]
  },
  "user": {
    "uid": "8f39e23893114fdb80b0233320f06f03",
    "username": "kikoxu",
    "displayName": "kikoxu",
    "profileUrl": "https://sketchfab.com/kikoxu",
    "account": "basic",
    "avatar": {
      "uri": "https://api.sketchfab.com/v3/avatars/78fa317e46024a5283765aa34df5e508",
      "images": [
        {
          "size": 6421,
          "width": 100,
          "url": "https://media.sketchfab.com/avatars/78fa317e46024a5283765aa34df5e508/aec92fe9a74e499c98d759362cd7f02f.jpeg",
          "height": 100
        },
        {
          "size": 2518,
          "width": 48,
          "url": "https://media.sketchfab.com/avatars/78fa317e46024a5283765aa34df5e508/17fa177ffaa344a2b2fc8e78efd40fbb.jpeg",
          "height": 48
        },
        {
          "size": 5653,
          "width": 90,
          "url": "https://media.sketchfab.com/avatars/78fa317e46024a5283765aa34df5e508/02162695bdc840faa3bcb2d418309c5e.jpeg",
          "height": 90
        },
        {
          "size": 1350,
          "width": 32,
          "url": "https://media.sketchfab.com/avatars/78fa317e46024a5283765aa34df5e508/6fde876cbded4cd48d36a76029e3aa02.jpeg",
          "height": 32
        }
      ]
    },
    "uri": "https://api.sketchfab.com/v3/users/8f39e23893114fdb80b0233320f06f03"
  },
  "description": "",
  "faceCount": 884,
  "createdAt": "2020-04-29T23:44:26.802665",
  "vertexCount": 546,
  "isAgeRestricted": false,
  "archives": {
    "glb": {
      "textureCount": 0,
      "size": 67428,
      "type": "glb",
      "textureMaxResolution": 0,
      "faceCount": 867,
      "vertexCount": 1621
    },
    "gltf": {
      "textureCount": 0,
      "size": 11735,
      "type": "gltf",
      "textureMaxResolution": 0,
      "faceCount": 867,
      "vertexCount": 1621
    },
    "source": {
      "textureCount": null,
      "size": 47641,
      "type": "source",
      "textureMaxResolution": null,
      "faceCount": null,
      "vertexCount": null
    },
    "usdz": {
      "textureCount": null,
      "size": 43295,
      "type": "usdz",
      "textureMaxResolution": null,
      "faceCount": null,
      "vertexCount": null
    }
  },
  "license": "by-sa"
}