{
  "uri": "https://api.sketchfab.com/v3/models/830784a9d6704816849385f8ad1c97bb",
  "uid": "830784a9d6704816849385f8ad1c97bb",
  "name": "Amazing Vihelmo- Jaiks",
  "staffpickedAt": null,
  "viewCount": 9,
  "likeCount": 0,
  "animationCount": 0,
  "viewerUrl": "https://sketchfab.com/3d-models/830784a9d6704816849385f8ad1c97bb",
  "embedUrl": "https://sketchfab.com/models/830784a9d6704816849385f8ad1c97bb/embed",
  "commentCount": 0,
  "isDownloadable": true,
  "publishedAt": "2019-03-18T11:41:52.261122",
  "tags": [],
  "categories": [],
  "thumbnails": {
    "images": [
      {
        "uid": "eff0606b3c1c4a279949b87d4e9d4535",
        "size": 36255,
        "width": 1920,
        "url": "https://media.sketchfab.com/models/830784a9d6704816849385f8ad1c97bb/thumbnails/7d6e5eddbb06409baf19d4faadae3ac4/e23e03456b1645c4a6c01203c7b66185.jpeg",
        "height": 1080
      },
      {
        "uid": "b24a17889ff64e85b3f1a071032f51b1",
        "size": 14441,
        "width": 1024,
        "url": "https://media.sketchfab.com/models/830784a9d6704816849385f8ad1c97bb/thumbnails/7d6e5eddbb06409baf19d4faadae3ac4/916fcb5e9c8840469547dc957c10340a.jpeg",
        "height": 576
      },
      {
        "uid": "e68be3b95ce645a1b55cec7e35b17b52",
        "size": 9193,
        "width": 720,
        "url": "https://media.sketchfab.com/models/830784a9d6704816849385f8ad1c97bb/thumbnails/7d6e5eddbb06409baf19d4faadae3ac4/259a2f09c8aa4bbb895ccb4b09ecc5ec.jpeg",
        "height": 405
      },
      {
        "uid": "b1dfab2e506d478c9e628e812e879c1e",
        "size": 2577,
        "width": 256,
        "url": "https://media.sketchfab.com/models/830784a9d6704816849385f8ad1c97bb/thumbnails/7d6e5eddbb06409baf19d4faadae3ac4/354fd7e3a0e946a389d28dd2cc0937ec.jpeg",
        "height": 144
      },
      {
        "uid": "ad8fb30863cc4e4ca2d333f873196a32",
        "size": 698,
        "width": 64,
        "url": "https://media.sketchfab.com/models/830784a9d6704816849385f8ad1c97bb/thumbnails/7d6e5eddbb06409baf19d4faadae3ac4/0d7f4583c0d84c6b99bd5fa2b55935e4.jpeg",
        "height": 36
      }
    ]
  },
  "user": {
    "uid": "510342f44ab74d988942fb07967ee08f",
    "username": "ming0412",
    "displayName": "ming0412",
    "profileUrl": "https://sketchfab.com/ming0412",
    "account": "basic",
    "avatar": {
      "uri": "https://api.sketchfab.com/v3/avatars/78fa317e46024a5283765aa34df5e508",
      "images": [
        {
          "size": 6421,
          "width": 100,
          "url": "https://media.sketchfab.com/avatars/78fa317e46024a5283765aa34df5e508/aec92fe9a74e499c98d759362cd7f02f.jpeg",
          "height": 100
        },
        {
          "size": 2518,
          "width": 48,
          "url": "https://media.sketchfab.com/avatars/78fa317e46024a5283765aa34df5e508/17fa177ffaa344a2b2fc8e78efd40fbb.jpeg",
          "height": 48
        },
        {
          "size": 5653,
          "width": 90,
          "url": "https://media.sketchfab.com/avatars/78fa317e46024a5283765aa34df5e508/02162695bdc840faa3bcb2d418309c5e.jpeg",
          "height": 90
        },
        {
          "size": 1350,
          "width": 32,
          "url": "https://media.sketchfab.com/avatars/78fa317e46024a5283765aa34df5e508/6fde876cbded4cd48d36a76029e3aa02.jpeg",
          "height": 32
        }
      ]
    },
    "uri": "https://api.sketchfab.com/v3/users/510342f44ab74d988942fb07967ee08f"
  },
  "description": "",
  "faceCount": 9048,
  "createdAt": "2019-03-18T11:41:14.629283",
  "vertexCount": 4518,
  "isAgeRestricted": false,
  "archives": {
    "glb": {
      "textureCount": 0,
      "size": 244116,
      "type": "glb",
      "textureMaxResolution": 0,
      "faceCount": 9048,
      "vertexCount": 5585
    },
    "gltf": {
      "textureCount": 0,
      "size": 122926,
      "type": "gltf",
      "textureMaxResolution": 0,
      "faceCount": 9048,
      "vertexCount": 5585
    },
    "source": {
      "textureCount": null,
      "size": 82096,
      "type": "source",
      "textureMaxResolution": null,
      "faceCount": null,
      "vertexCount": null
    },
    "usdz": {
      "textureCount": null,
      "size": 180069,
      "type": "usdz",
      "textureMaxResolution": null,
      "faceCount": null,
      "vertexCount": null
    }
  },
  "license": "by"
}