{
  "uri": "https://api.sketchfab.com/v3/models/83087eea0eb74ca9a7c277c1daca800f",
  "uid": "83087eea0eb74ca9a7c277c1daca800f",
  "name": "Iphone Second Version Finished",
  "staffpickedAt": null,
  "viewCount": 5,
  "likeCount": 0,
  "animationCount": 0,
  "viewerUrl": "https://sketchfab.com/3d-models/83087eea0eb74ca9a7c277c1daca800f",
  "embedUrl": "https://sketchfab.com/models/83087eea0eb74ca9a7c277c1daca800f/embed",
  "commentCount": 0,
  "isDownloadable": true,
  "publishedAt": "2020-10-08T11:19:34.395170",
  "tags": [],
  "categories": [],
  "thumbnails": {
    "images": [
      {
        "uid": "43595b91adf04db698ac1e7d3b1d282d",
        "size": 20105,
        "width": 1920,
        "url": "https://media.sketchfab.com/models/83087eea0eb74ca9a7c277c1daca800f/thumbnails/242a7617990f4756bd1cebe12a7857ed/28f8604093e94ecaab22050859538e6a.jpeg",
        "height": 1080
      },
      {
        "uid": "ca8c5d8928bb4477becff1fcf31e876f",
        "size": 6944,
        "width": 1024,
        "url": "https://media.sketchfab.com/models/83087eea0eb74ca9a7c277c1daca800f/thumbnails/242a7617990f4756bd1cebe12a7857ed/eb018937645f47ed91a2e4b58fb77e30.jpeg",
        "height": 576
      },
      {
        "uid": "b84fcb3dc7ad414db41d30d67fa9e2dc",
        "size": 4159,
        "width": 720,
        "url": "https://media.sketchfab.com/models/83087eea0eb74ca9a7c277c1daca800f/thumbnails/242a7617990f4756bd1cebe12a7857ed/5f7af894946946df9619da80063d68d1.jpeg",
        "height": 405
      },
      {
        "uid": "a268f70ad80e441b8d8eaf1820004a93",
        "size": 1220,
        "width": 256,
        "url": "https://media.sketchfab.com/models/83087eea0eb74ca9a7c277c1daca800f/thumbnails/242a7617990f4756bd1cebe12a7857ed/ff0700d3369941ceaea224dae5e62498.jpeg",
        "height": 144
      },
      {
        "uid": "acc9432caee74b50a1b1b42204cf4f79",
        "size": 448,
        "width": 64,
        "url": "https://media.sketchfab.com/models/83087eea0eb74ca9a7c277c1daca800f/thumbnails/242a7617990f4756bd1cebe12a7857ed/b50e86c6b4a94cee8c87450bb0204d64.jpeg",
        "height": 36
      }
    ]
  },
  "user": {
    "uid": "d0d8f9a8f1b04696b12b2b648a434cac",
    "username": "millerjames2000",
    "displayName": "millerjames2000",
    "profileUrl": "https://sketchfab.com/millerjames2000",
    "account": "basic",
    "avatar": {
      "uri": "https://api.sketchfab.com/v3/avatars/78fa317e46024a5283765aa34df5e508",
      "images": [
        {
          "size": 6421,
          "width": 100,
          "url": "https://media.sketchfab.com/avatars/78fa317e46024a5283765aa34df5e508/aec92fe9a74e499c98d759362cd7f02f.jpeg",
          "height": 100
        },
        {
          "size": 2518,
          "width": 48,
          "url": "https://media.sketchfab.com/avatars/78fa317e46024a5283765aa34df5e508/17fa177ffaa344a2b2fc8e78efd40fbb.jpeg",
          "height": 48
        },
        {
          "size": 5653,
          "width": 90,
          "url": "https://media.sketchfab.com/avatars/78fa317e46024a5283765aa34df5e508/02162695bdc840faa3bcb2d418309c5e.jpeg",
          "height": 90
        },
        {
          "size": 1350,
          "width": 32,
          "url": "https://media.sketchfab.com/avatars/78fa317e46024a5283765aa34df5e508/6fde876cbded4cd48d36a76029e3aa02.jpeg",
          "height": 32
        }
      ]
    },
    "uri": "https://api.sketchfab.com/v3/users/d0d8f9a8f1b04696b12b2b648a434cac"
  },
  "description": "",
  "faceCount": 237271,
  "createdAt": "2020-10-08T11:15:48.180576",
  "vertexCount": 83255,
  "isAgeRestricted": false,
  "archives": {
    "glb": {
      "textureCount": 0,
      "size": 15076116,
      "type": "glb",
      "textureMaxResolution": 0,
      "faceCount": 234802,
      "vertexCount": 382664
    },
    "gltf": {
      "textureCount": 0,
      "size": 1936084,
      "type": "gltf",
      "textureMaxResolution": 0,
      "faceCount": 234802,
      "vertexCount": 382664
    },
    "source": {
      "textureCount": null,
      "size": 13648830,
      "type": "source",
      "textureMaxResolution": null,
      "faceCount": null,
      "vertexCount": null
    },
    "usdz": {
      "textureCount": null,
      "size": 9220793,
      "type": "usdz",
      "textureMaxResolution": null,
      "faceCount": null,
      "vertexCount": null
    }
  },
  "license": "by"
}