{
  "uri": "https://api.sketchfab.com/v3/models/8308a4a8ed304e0f90bea0ba269729b1",
  "uid": "8308a4a8ed304e0f90bea0ba269729b1",
  "name": "Японское дерево",
  "staffpickedAt": null,
  "viewCount": 56,
  "likeCount": 2,
  "animationCount": 0,
  "viewerUrl": "https://sketchfab.com/3d-models/8308a4a8ed304e0f90bea0ba269729b1",
  "embedUrl": "https://sketchfab.com/models/8308a4a8ed304e0f90bea0ba269729b1/embed",
  "commentCount": 0,
  "isDownloadable": true,
  "publishedAt": "2020-08-04T11:13:58.215295",
  "tags": [
    {
      "name": "listiki",
      "slug": "listiki",
      "uri": "https://api.sketchfab.com/v3/tags/listiki"
    },
    {
      "name": "derevo",
      "slug": "derevo",
      "uri": "https://api.sketchfab.com/v3/tags/derevo"
    },
    {
      "name": "priroda",
      "slug": "priroda",
      "uri": "https://api.sketchfab.com/v3/tags/priroda"
    },
    {
      "name": "vetochki",
      "slug": "vetochki",
      "uri": "https://api.sketchfab.com/v3/tags/vetochki"
    },
    {
      "name": "eponskoe",
      "slug": "eponskoe",
      "uri": "https://api.sketchfab.com/v3/tags/eponskoe"
    }
  ],
  "categories": [
    {
      "name": "nature-plants"
    }
  ],
  "thumbnails": {
    "images": [
      {
        "uid": "c0a89bf0dbad4009ab061dd437190e6a",
        "size": 20263,
        "width": 1920,
        "url": "https://media.sketchfab.com/models/8308a4a8ed304e0f90bea0ba269729b1/thumbnails/a61d9ad53d1b4b608db748fdd37b72ad/2646557cf39c4c65a9492c4680acd923.jpeg",
        "height": 1080
      },
      {
        "uid": "408d698422a64abdafb968c6e17010bd",
        "size": 7339,
        "width": 1024,
        "url": "https://media.sketchfab.com/models/8308a4a8ed304e0f90bea0ba269729b1/thumbnails/a61d9ad53d1b4b608db748fdd37b72ad/c479b8acc16141c3873f0ebf14c1db3a.jpeg",
        "height": 576
      },
      {
        "uid": "e3bb0e2f12434cfa941f4347c708dd66",
        "size": 4505,
        "width": 720,
        "url": "https://media.sketchfab.com/models/8308a4a8ed304e0f90bea0ba269729b1/thumbnails/a61d9ad53d1b4b608db748fdd37b72ad/7e4aeba487084a12a4f1d3255975cf23.jpeg",
        "height": 405
      },
      {
        "uid": "2384e465ead340da82166bead6ba46db",
        "size": 1441,
        "width": 256,
        "url": "https://media.sketchfab.com/models/8308a4a8ed304e0f90bea0ba269729b1/thumbnails/a61d9ad53d1b4b608db748fdd37b72ad/ef49545002e34c9ba671dcb79c87fed0.jpeg",
        "height": 144
      },
      {
        "uid": "40bfb5e477914a16b8aa2bdfc70fb7e0",
        "size": 486,
        "width": 64,
        "url": "https://media.sketchfab.com/models/8308a4a8ed304e0f90bea0ba269729b1/thumbnails/a61d9ad53d1b4b608db748fdd37b72ad/a09afff0645a46d0a3163c04e4248053.jpeg",
        "height": 36
      }
    ]
  },
  "user": {
    "uid": "1fa4e9e75a7f4260b4e6c762c2eae8a9",
    "username": "oleg56512",
    "displayName": "oleg56512",
    "profileUrl": "https://sketchfab.com/oleg56512",
    "account": "basic",
    "avatar": {
      "uri": "https://api.sketchfab.com/v3/avatars/3ef1bd11d3eb4b57a0b353e8f2e5fc3e",
      "images": [
        {
          "size": 680,
          "width": 32,
          "url": "https://media.sketchfab.com/avatars/3ef1bd11d3eb4b57a0b353e8f2e5fc3e/116042a0854e40538adab302b593683d.jpeg",
          "height": 32
        },
        {
          "size": 1253,
          "width": 48,
          "url": "https://media.sketchfab.com/avatars/3ef1bd11d3eb4b57a0b353e8f2e5fc3e/efea16be51d04eb7a00cb9ea0b43b87f.jpeg",
          "height": 48
        },
        {
          "size": 2797,
          "width": 90,
          "url": "https://media.sketchfab.com/avatars/3ef1bd11d3eb4b57a0b353e8f2e5fc3e/ac9b469ccec74caf923a81fb2f0be3ed.jpeg",
          "height": 90
        },
        {
          "size": 3215,
          "width": 100,
          "url": "https://media.sketchfab.com/avatars/3ef1bd11d3eb4b57a0b353e8f2e5fc3e/a075e1d43d2f446c949b5967b470c757.jpeg",
          "height": 100
        }
      ]
    },
    "uri": "https://api.sketchfab.com/v3/users/1fa4e9e75a7f4260b4e6c762c2eae8a9"
  },
  "description": "Японское дерево!\nКачественное!\nКрасивое!",
  "faceCount": 99076,
  "createdAt": "2020-08-04T11:08:50.323067",
  "vertexCount": 51590,
  "isAgeRestricted": false,
  "archives": {
    "glb": {
      "textureCount": 6,
      "size": 10075728,
      "type": "glb",
      "textureMaxResolution": 1024,
      "faceCount": 99076,
      "vertexCount": 90623
    },
    "gltf": {
      "textureCount": 6,
      "size": 7450746,
      "type": "gltf",
      "textureMaxResolution": 1024,
      "faceCount": 99076,
      "vertexCount": 90623
    },
    "source": {
      "textureCount": null,
      "size": 32173526,
      "type": "source",
      "textureMaxResolution": null,
      "faceCount": null,
      "vertexCount": null
    },
    "usdz": {
      "textureCount": null,
      "size": 3405433,
      "type": "usdz",
      "textureMaxResolution": null,
      "faceCount": null,
      "vertexCount": null
    }
  },
  "license": "by"
}