{
  "uri": "https://api.sketchfab.com/v3/models/830ae1aa5b11431ebbeb457bb9e69671",
  "uid": "830ae1aa5b11431ebbeb457bb9e69671",
  "name": "Grotto",
  "staffpickedAt": null,
  "viewCount": 4,
  "likeCount": 0,
  "animationCount": 0,
  "viewerUrl": "https://sketchfab.com/3d-models/830ae1aa5b11431ebbeb457bb9e69671",
  "embedUrl": "https://sketchfab.com/models/830ae1aa5b11431ebbeb457bb9e69671/embed",
  "commentCount": 0,
  "isDownloadable": true,
  "publishedAt": "2020-09-09T02:44:18.956787",
  "tags": [],
  "categories": [],
  "thumbnails": {
    "images": [
      {
        "uid": "69b536436f994dce9cbcaeb86c854fb1",
        "size": 26403,
        "width": 1920,
        "url": "https://media.sketchfab.com/models/830ae1aa5b11431ebbeb457bb9e69671/thumbnails/4963d76846544804a10d16bf627ce367/2dfdf5c97b754392b6e53b42daa3de03.jpeg",
        "height": 1080
      },
      {
        "uid": "ed932cee94bf416295d70f09baccecd4",
        "size": 9781,
        "width": 1024,
        "url": "https://media.sketchfab.com/models/830ae1aa5b11431ebbeb457bb9e69671/thumbnails/4963d76846544804a10d16bf627ce367/e20082b4be7d4a808c45c402b53ec434.jpeg",
        "height": 576
      },
      {
        "uid": "258f107372344c428b34b2d389ac45b7",
        "size": 5883,
        "width": 720,
        "url": "https://media.sketchfab.com/models/830ae1aa5b11431ebbeb457bb9e69671/thumbnails/4963d76846544804a10d16bf627ce367/7749dfd721b646a9acc1f852bfc6771b.jpeg",
        "height": 405
      },
      {
        "uid": "cd44b6570dc146b3b7dd1ac0a2e7c25f",
        "size": 1543,
        "width": 256,
        "url": "https://media.sketchfab.com/models/830ae1aa5b11431ebbeb457bb9e69671/thumbnails/4963d76846544804a10d16bf627ce367/4464c4f7769d41d89d2049a92c37844e.jpeg",
        "height": 144
      },
      {
        "uid": "4b35c697f2024b639c08045e05878d8f",
        "size": 469,
        "width": 64,
        "url": "https://media.sketchfab.com/models/830ae1aa5b11431ebbeb457bb9e69671/thumbnails/4963d76846544804a10d16bf627ce367/73777c41f4be4024b30baf82db54e76d.jpeg",
        "height": 36
      }
    ]
  },
  "user": {
    "uid": "ee9306c031874210bdc79070630b21b8",
    "username": "ionao",
    "displayName": "ionao",
    "profileUrl": "https://sketchfab.com/ionao",
    "account": "basic",
    "avatar": {
      "uri": "https://api.sketchfab.com/v3/avatars/51af6a870cce449eb75b0345feebaebb",
      "images": [
        {
          "size": 5719,
          "width": 90,
          "url": "https://media.sketchfab.com/avatars/51af6a870cce449eb75b0345feebaebb/2ef0f894055b4bb69123b2a27fa2d379.jpeg",
          "height": 90
        },
        {
          "size": 6496,
          "width": 100,
          "url": "https://media.sketchfab.com/avatars/51af6a870cce449eb75b0345feebaebb/ab11eedf96374486acb544f71a23b165.jpeg",
          "height": 100
        },
        {
          "size": 1359,
          "width": 32,
          "url": "https://media.sketchfab.com/avatars/51af6a870cce449eb75b0345feebaebb/35f6f9b6c9a14a548ce472582d8a9bb5.jpeg",
          "height": 32
        },
        {
          "size": 2584,
          "width": 48,
          "url": "https://media.sketchfab.com/avatars/51af6a870cce449eb75b0345feebaebb/a8072a51447c4d41ab177b357111b420.jpeg",
          "height": 48
        }
      ]
    },
    "uri": "https://api.sketchfab.com/v3/users/ee9306c031874210bdc79070630b21b8"
  },
  "description": "",
  "faceCount": 176706,
  "createdAt": "2020-09-09T02:43:02.033932",
  "vertexCount": 88121,
  "isAgeRestricted": false,
  "archives": {
    "glb": {
      "textureCount": 0,
      "size": 4886448,
      "type": "glb",
      "textureMaxResolution": 0,
      "faceCount": 175203,
      "vertexCount": 112359
    },
    "gltf": {
      "textureCount": 0,
      "size": 2465058,
      "type": "gltf",
      "textureMaxResolution": 0,
      "faceCount": 175203,
      "vertexCount": 112359
    },
    "source": {
      "textureCount": null,
      "size": 19390249,
      "type": "source",
      "textureMaxResolution": null,
      "faceCount": null,
      "vertexCount": null
    },
    "usdz": {
      "textureCount": null,
      "size": 2956531,
      "type": "usdz",
      "textureMaxResolution": null,
      "faceCount": null,
      "vertexCount": null
    }
  },
  "license": "by"
}