{
  "uri": "https://api.sketchfab.com/v3/models/8315a5d460bb4eee9885622deeefe6f4",
  "uid": "8315a5d460bb4eee9885622deeefe6f4",
  "name": "MALHA 3D",
  "staffpickedAt": null,
  "viewCount": 0,
  "likeCount": 0,
  "animationCount": 0,
  "viewerUrl": "https://sketchfab.com/3d-models/8315a5d460bb4eee9885622deeefe6f4",
  "embedUrl": "https://sketchfab.com/models/8315a5d460bb4eee9885622deeefe6f4/embed",
  "commentCount": 0,
  "isDownloadable": true,
  "publishedAt": "2021-07-06T23:46:50.987510",
  "tags": [],
  "categories": [],
  "thumbnails": {
    "images": [
      {
        "uid": "49d105cd795b4feaba93111e6fe87b07",
        "size": 70025,
        "width": 1920,
        "url": "https://media.sketchfab.com/models/8315a5d460bb4eee9885622deeefe6f4/thumbnails/25da7437119b425695764acbd233cf5d/c81faabac9af469c834e1937883ba916.jpeg",
        "height": 1080
      },
      {
        "uid": "500da001779e49999dbd852e58f0e3de",
        "size": 23677,
        "width": 1024,
        "url": "https://media.sketchfab.com/models/8315a5d460bb4eee9885622deeefe6f4/thumbnails/25da7437119b425695764acbd233cf5d/0088f914ccdb46e2bd031bcb41f2fded.jpeg",
        "height": 576
      },
      {
        "uid": "647a4b8d6ce84338a7b6db60c6a484d8",
        "size": 13741,
        "width": 720,
        "url": "https://media.sketchfab.com/models/8315a5d460bb4eee9885622deeefe6f4/thumbnails/25da7437119b425695764acbd233cf5d/cf0419ca43584683b56beb73fe4e983d.jpeg",
        "height": 405
      },
      {
        "uid": "04c5d4a6413f425993585d7344558cbb",
        "size": 3108,
        "width": 256,
        "url": "https://media.sketchfab.com/models/8315a5d460bb4eee9885622deeefe6f4/thumbnails/25da7437119b425695764acbd233cf5d/21625bb1f50548b290ea14267b29ab2e.jpeg",
        "height": 144
      },
      {
        "uid": "dc4fec66134843219355ff8747c65098",
        "size": 910,
        "width": 64,
        "url": "https://media.sketchfab.com/models/8315a5d460bb4eee9885622deeefe6f4/thumbnails/25da7437119b425695764acbd233cf5d/82a3d8b4446d485e9475501907b052c8.jpeg",
        "height": 36
      }
    ]
  },
  "user": {
    "uid": "406a37cf71fa4aca9b483aa8b5fb9ddc",
    "username": "engjorgeferreira",
    "displayName": "engjorgeferreira",
    "profileUrl": "https://sketchfab.com/engjorgeferreira",
    "account": "basic",
    "avatar": {
      "uri": "https://api.sketchfab.com/v3/avatars/78fa317e46024a5283765aa34df5e508",
      "images": [
        {
          "size": 6421,
          "width": 100,
          "url": "https://media.sketchfab.com/avatars/78fa317e46024a5283765aa34df5e508/aec92fe9a74e499c98d759362cd7f02f.jpeg",
          "height": 100
        },
        {
          "size": 2518,
          "width": 48,
          "url": "https://media.sketchfab.com/avatars/78fa317e46024a5283765aa34df5e508/17fa177ffaa344a2b2fc8e78efd40fbb.jpeg",
          "height": 48
        },
        {
          "size": 5653,
          "width": 90,
          "url": "https://media.sketchfab.com/avatars/78fa317e46024a5283765aa34df5e508/02162695bdc840faa3bcb2d418309c5e.jpeg",
          "height": 90
        },
        {
          "size": 1350,
          "width": 32,
          "url": "https://media.sketchfab.com/avatars/78fa317e46024a5283765aa34df5e508/6fde876cbded4cd48d36a76029e3aa02.jpeg",
          "height": 32
        }
      ]
    },
    "uri": "https://api.sketchfab.com/v3/users/406a37cf71fa4aca9b483aa8b5fb9ddc"
  },
  "description": "",
  "faceCount": 6144,
  "createdAt": "2021-07-06T23:45:55.104751",
  "vertexCount": 3008,
  "isAgeRestricted": false,
  "archives": {
    "glb": {
      "textureCount": 0,
      "size": 277124,
      "type": "glb",
      "textureMaxResolution": 0,
      "faceCount": 5972,
      "vertexCount": 8472
    },
    "gltf": {
      "textureCount": 0,
      "size": 44831,
      "type": "gltf",
      "textureMaxResolution": 0,
      "faceCount": 5972,
      "vertexCount": 8472
    },
    "source": {
      "textureCount": null,
      "size": 796827,
      "type": "source",
      "textureMaxResolution": null,
      "faceCount": null,
      "vertexCount": null
    },
    "usdz": {
      "textureCount": null,
      "size": 214724,
      "type": "usdz",
      "textureMaxResolution": null,
      "faceCount": null,
      "vertexCount": null
    }
  },
  "license": "by"
}