{
  "uri": "https://api.sketchfab.com/v3/models/83160b90e2884f81a11ab948ff936413",
  "uid": "83160b90e2884f81a11ab948ff936413",
  "name": "Cartoon Subaru",
  "staffpickedAt": null,
  "viewCount": 237,
  "likeCount": 2,
  "animationCount": 0,
  "viewerUrl": "https://sketchfab.com/3d-models/83160b90e2884f81a11ab948ff936413",
  "embedUrl": "https://sketchfab.com/models/83160b90e2884f81a11ab948ff936413/embed",
  "commentCount": 0,
  "isDownloadable": true,
  "publishedAt": "2019-03-13T12:28:51.045413",
  "tags": [
    {
      "name": "subaru",
      "slug": "subaru",
      "uri": "https://api.sketchfab.com/v3/tags/subaru"
    },
    {
      "name": "transport",
      "slug": "transport",
      "uri": "https://api.sketchfab.com/v3/tags/transport"
    },
    {
      "name": "urban",
      "slug": "urban",
      "uri": "https://api.sketchfab.com/v3/tags/urban"
    },
    {
      "name": "low-poly",
      "slug": "low-poly",
      "uri": "https://api.sketchfab.com/v3/tags/low-poly"
    },
    {
      "name": "technology",
      "slug": "technology",
      "uri": "https://api.sketchfab.com/v3/tags/technology"
    },
    {
      "name": "car",
      "slug": "car",
      "uri": "https://api.sketchfab.com/v3/tags/car"
    }
  ],
  "categories": [
    {
      "name": "cars-vehicles"
    }
  ],
  "thumbnails": {
    "images": [
      {
        "uid": "f4685afd77e74b469786b77bc62f7422",
        "size": 66665,
        "width": 1920,
        "url": "https://media.sketchfab.com/models/83160b90e2884f81a11ab948ff936413/thumbnails/8eda36a97f2f4b0da688c09e44acfa1c/7cfbc07a98c94898bae54af201d1df6d.jpeg",
        "height": 1080
      },
      {
        "uid": "2f6ac041f3d44b8ca87d7f9cc1f3e01b",
        "size": 25548,
        "width": 1024,
        "url": "https://media.sketchfab.com/models/83160b90e2884f81a11ab948ff936413/thumbnails/8eda36a97f2f4b0da688c09e44acfa1c/7a8e6aaf91214026858ed0885f4a8b96.jpeg",
        "height": 576
      },
      {
        "uid": "8091553d06064778a3b4a6299e8ad561",
        "size": 15440,
        "width": 720,
        "url": "https://media.sketchfab.com/models/83160b90e2884f81a11ab948ff936413/thumbnails/8eda36a97f2f4b0da688c09e44acfa1c/1fb69d835f9a473f86b4f69167eb9b18.jpeg",
        "height": 405
      },
      {
        "uid": "b74ea05e4ca54f159a4979a40f4eeaf4",
        "size": 3346,
        "width": 256,
        "url": "https://media.sketchfab.com/models/83160b90e2884f81a11ab948ff936413/thumbnails/8eda36a97f2f4b0da688c09e44acfa1c/631ff261b979445abd99fba1ddf29a4f.jpeg",
        "height": 144
      },
      {
        "uid": "9236994ed4ea49f58d4c7e19d9dee3b9",
        "size": 677,
        "width": 64,
        "url": "https://media.sketchfab.com/models/83160b90e2884f81a11ab948ff936413/thumbnails/8eda36a97f2f4b0da688c09e44acfa1c/963df0facc0b41d8a0e0376ded0d6192.jpeg",
        "height": 36
      }
    ]
  },
  "user": {
    "uid": "b33949345ae745ec8dbb5623e7d54d93",
    "username": "mednios",
    "displayName": "mednios",
    "profileUrl": "https://sketchfab.com/mednios",
    "account": "basic",
    "avatar": {
      "uri": "https://api.sketchfab.com/v3/avatars/db26e42d03ec449ca47a79fccfcc70ca",
      "images": [
        {
          "size": 687,
          "width": 32,
          "url": "https://media.sketchfab.com/avatars/db26e42d03ec449ca47a79fccfcc70ca/9e77fc2de61649fabdc1e21927ef8492.jpeg",
          "height": 32
        },
        {
          "size": 1028,
          "width": 48,
          "url": "https://media.sketchfab.com/avatars/db26e42d03ec449ca47a79fccfcc70ca/9ab22bdd2c304232889210419cf773d8.jpeg",
          "height": 48
        },
        {
          "size": 2544,
          "width": 90,
          "url": "https://media.sketchfab.com/avatars/db26e42d03ec449ca47a79fccfcc70ca/97f12b0b5886430ba1c034c63c6f9645.jpeg",
          "height": 90
        },
        {
          "size": 2934,
          "width": 100,
          "url": "https://media.sketchfab.com/avatars/db26e42d03ec449ca47a79fccfcc70ca/85f97a3e1c1b4690ab370ed8cbf2bce2.jpeg",
          "height": 100
        }
      ]
    },
    "uri": "https://api.sketchfab.com/v3/users/b33949345ae745ec8dbb5623e7d54d93"
  },
  "description": "Cartoon-style and low-poly Subaru made for prototyping my first machinima animation project. Enjoy!",
  "faceCount": 340,
  "createdAt": "2019-03-13T12:21:12.194350",
  "vertexCount": 172,
  "isAgeRestricted": false,
  "archives": {
    "glb": {
      "textureCount": 1,
      "size": 539272,
      "type": "glb",
      "textureMaxResolution": 1024,
      "faceCount": 340,
      "vertexCount": 314
    },
    "gltf": {
      "textureCount": 1,
      "size": 531468,
      "type": "gltf",
      "textureMaxResolution": 1024,
      "faceCount": 340,
      "vertexCount": 314
    },
    "source": {
      "textureCount": null,
      "size": 569410,
      "type": "source",
      "textureMaxResolution": null,
      "faceCount": null,
      "vertexCount": null
    },
    "usdz": {
      "textureCount": null,
      "size": 150954,
      "type": "usdz",
      "textureMaxResolution": null,
      "faceCount": null,
      "vertexCount": null
    }
  },
  "license": "by"
}