{
  "uri": "https://api.sketchfab.com/v3/models/8318909cff7a4b4684765126ebaaceb1",
  "uid": "8318909cff7a4b4684765126ebaaceb1",
  "name": "Tiago Ghandini - Metálica R02",
  "staffpickedAt": null,
  "viewCount": 7,
  "likeCount": 0,
  "animationCount": 0,
  "viewerUrl": "https://sketchfab.com/3d-models/8318909cff7a4b4684765126ebaaceb1",
  "embedUrl": "https://sketchfab.com/models/8318909cff7a4b4684765126ebaaceb1/embed",
  "commentCount": 0,
  "isDownloadable": true,
  "publishedAt": "2019-10-08T14:44:21.438569",
  "tags": [],
  "categories": [],
  "thumbnails": {
    "images": [
      {
        "uid": "d9e11df2f159424dba79888f21764515",
        "size": 53174,
        "width": 1920,
        "url": "https://media.sketchfab.com/models/8318909cff7a4b4684765126ebaaceb1/thumbnails/ab176f7c636f45bdad135a77b0f4b996/1bdebbc921894da79bbeb25696bb84a8.jpeg",
        "height": 1080
      },
      {
        "uid": "d98317a41a814d518ff8572be6775aef",
        "size": 19882,
        "width": 1024,
        "url": "https://media.sketchfab.com/models/8318909cff7a4b4684765126ebaaceb1/thumbnails/ab176f7c636f45bdad135a77b0f4b996/5454ac2e3ec64b2b978f282ffaa7a2eb.jpeg",
        "height": 576
      },
      {
        "uid": "ebfcf56256fb407dacdc113556ea8a37",
        "size": 12236,
        "width": 720,
        "url": "https://media.sketchfab.com/models/8318909cff7a4b4684765126ebaaceb1/thumbnails/ab176f7c636f45bdad135a77b0f4b996/49466cfc3a8c40a99284baa697e1dc95.jpeg",
        "height": 405
      },
      {
        "uid": "6d41fc5d9fde4df3b9e808699e80cc39",
        "size": 2794,
        "width": 256,
        "url": "https://media.sketchfab.com/models/8318909cff7a4b4684765126ebaaceb1/thumbnails/ab176f7c636f45bdad135a77b0f4b996/0281c2c14c9a4915990b02e96761d411.jpeg",
        "height": 144
      },
      {
        "uid": "280a83e8c0e2415298d03eefcc50f324",
        "size": 557,
        "width": 64,
        "url": "https://media.sketchfab.com/models/8318909cff7a4b4684765126ebaaceb1/thumbnails/ab176f7c636f45bdad135a77b0f4b996/e4704caea0b44b4d8e0e76ff02361e34.jpeg",
        "height": 36
      }
    ]
  },
  "user": {
    "uid": "8e50e0ef5f0549fd8a2055ee3f8f5b33",
    "username": "Eng.Ivan",
    "displayName": "Eng.Ivan",
    "profileUrl": "https://sketchfab.com/Eng.Ivan",
    "account": "basic",
    "avatar": {
      "uri": "https://api.sketchfab.com/v3/avatars/3ef1bd11d3eb4b57a0b353e8f2e5fc3e",
      "images": [
        {
          "size": 680,
          "width": 32,
          "url": "https://media.sketchfab.com/avatars/3ef1bd11d3eb4b57a0b353e8f2e5fc3e/116042a0854e40538adab302b593683d.jpeg",
          "height": 32
        },
        {
          "size": 1253,
          "width": 48,
          "url": "https://media.sketchfab.com/avatars/3ef1bd11d3eb4b57a0b353e8f2e5fc3e/efea16be51d04eb7a00cb9ea0b43b87f.jpeg",
          "height": 48
        },
        {
          "size": 2797,
          "width": 90,
          "url": "https://media.sketchfab.com/avatars/3ef1bd11d3eb4b57a0b353e8f2e5fc3e/ac9b469ccec74caf923a81fb2f0be3ed.jpeg",
          "height": 90
        },
        {
          "size": 3215,
          "width": 100,
          "url": "https://media.sketchfab.com/avatars/3ef1bd11d3eb4b57a0b353e8f2e5fc3e/a075e1d43d2f446c949b5967b470c757.jpeg",
          "height": 100
        }
      ]
    },
    "uri": "https://api.sketchfab.com/v3/users/8e50e0ef5f0549fd8a2055ee3f8f5b33"
  },
  "description": "",
  "faceCount": 39050,
  "createdAt": "2019-10-08T14:15:05.311811",
  "vertexCount": 23758,
  "isAgeRestricted": false,
  "archives": {
    "glb": {
      "textureCount": 0,
      "size": 2791028,
      "type": "glb",
      "textureMaxResolution": 0,
      "faceCount": 34668,
      "vertexCount": 52095
    },
    "gltf": {
      "textureCount": 0,
      "size": 227331,
      "type": "gltf",
      "textureMaxResolution": 0,
      "faceCount": 34668,
      "vertexCount": 52095
    },
    "source": {
      "textureCount": null,
      "size": 7549738,
      "type": "source",
      "textureMaxResolution": null,
      "faceCount": null,
      "vertexCount": null
    },
    "usdz": {
      "textureCount": null,
      "size": 1328055,
      "type": "usdz",
      "textureMaxResolution": null,
      "faceCount": null,
      "vertexCount": null
    }
  },
  "license": "by"
}