{
  "uri": "https://api.sketchfab.com/v3/models/8319f51673e144ceae3f49a22bf1b8f7",
  "uid": "8319f51673e144ceae3f49a22bf1b8f7",
  "name": "Échantillon",
  "staffpickedAt": null,
  "viewCount": 0,
  "likeCount": 0,
  "animationCount": 0,
  "viewerUrl": "https://sketchfab.com/3d-models/8319f51673e144ceae3f49a22bf1b8f7",
  "embedUrl": "https://sketchfab.com/models/8319f51673e144ceae3f49a22bf1b8f7/embed",
  "commentCount": 0,
  "isDownloadable": true,
  "publishedAt": "2022-08-28T23:17:04.867865",
  "tags": [],
  "categories": [],
  "thumbnails": {
    "images": [
      {
        "uid": "44702c370d624ed0beda949dd040d40c",
        "size": 80618,
        "width": 1920,
        "url": "https://media.sketchfab.com/models/8319f51673e144ceae3f49a22bf1b8f7/thumbnails/ec1e9d0bc9114ca7b382f08e58691304/2a37721b1f7543409135635b47c986eb.jpeg",
        "height": 1080
      },
      {
        "uid": "b4f03c60371f4a8bbdc2b781e28a1291",
        "size": 24517,
        "width": 1024,
        "url": "https://media.sketchfab.com/models/8319f51673e144ceae3f49a22bf1b8f7/thumbnails/ec1e9d0bc9114ca7b382f08e58691304/44fa0d4b155d4a26b50aedf07215f7c4.jpeg",
        "height": 576
      },
      {
        "uid": "b21180721cdb436c9c0e107918c40bac",
        "size": 13377,
        "width": 720,
        "url": "https://media.sketchfab.com/models/8319f51673e144ceae3f49a22bf1b8f7/thumbnails/ec1e9d0bc9114ca7b382f08e58691304/64e5c56cbf224cdbaaf4fa4513338c29.jpeg",
        "height": 405
      },
      {
        "uid": "c764ce466e1e46ddb1e04466429409cb",
        "size": 2566,
        "width": 256,
        "url": "https://media.sketchfab.com/models/8319f51673e144ceae3f49a22bf1b8f7/thumbnails/ec1e9d0bc9114ca7b382f08e58691304/fab64d23a1754a59a3b8bd58282fc911.jpeg",
        "height": 144
      },
      {
        "uid": "85ade19e85c947f19ccaed2cbed4fd66",
        "size": 889,
        "width": 64,
        "url": "https://media.sketchfab.com/models/8319f51673e144ceae3f49a22bf1b8f7/thumbnails/ec1e9d0bc9114ca7b382f08e58691304/2b644187da584c0397679aaedddf39aa.jpeg",
        "height": 36
      }
    ]
  },
  "user": {
    "uid": "a721c864b5534aecaf260c8a2f9a0f16",
    "username": "ENSG_GeologieVirtuelle",
    "displayName": "ENSG_GeologieVirtuelle",
    "profileUrl": "https://sketchfab.com/ENSG_GeologieVirtuelle",
    "account": "basic",
    "avatar": {
      "uri": "https://api.sketchfab.com/v3/avatars/40151d9f538e49549b60d1f022edcd4e",
      "images": [
        {
          "size": 3152,
          "width": 32,
          "url": "https://media.sketchfab.com/avatars/40151d9f538e49549b60d1f022edcd4e/997fa78047fe48f69b7c91f0e855f70d.png",
          "height": 32
        },
        {
          "size": 6078,
          "width": 48,
          "url": "https://media.sketchfab.com/avatars/40151d9f538e49549b60d1f022edcd4e/1583d427432d4c308f6bec4def864dda.png",
          "height": 48
        },
        {
          "size": 16666,
          "width": 90,
          "url": "https://media.sketchfab.com/avatars/40151d9f538e49549b60d1f022edcd4e/bd9f943fdb9249b9b80fcc1429a580a7.png",
          "height": 90
        },
        {
          "size": 19974,
          "width": 100,
          "url": "https://media.sketchfab.com/avatars/40151d9f538e49549b60d1f022edcd4e/39a590d28d7849989c90347ab1779e39.png",
          "height": 100
        }
      ]
    },
    "uri": "https://api.sketchfab.com/v3/users/a721c864b5534aecaf260c8a2f9a0f16"
  },
  "description": "Disponible",
  "faceCount": 201624,
  "createdAt": "2022-08-28T23:15:19.272751",
  "vertexCount": 102513,
  "isAgeRestricted": false,
  "archives": {
    "glb": {
      "textureCount": 3,
      "size": 58210740,
      "type": "glb",
      "textureMaxResolution": 8192,
      "faceCount": 201624,
      "vertexCount": 103588
    },
    "gltf": {
      "textureCount": 3,
      "size": 55055481,
      "type": "gltf",
      "textureMaxResolution": 8192,
      "faceCount": 201624,
      "vertexCount": 103588
    },
    "source": {
      "textureCount": null,
      "size": 56740241,
      "type": "source",
      "textureMaxResolution": null,
      "faceCount": null,
      "vertexCount": null
    }
  },
  "license": "by"
}