{
  "uri": "https://api.sketchfab.com/v3/models/831b345baec541069a0f4ae5e4357ede",
  "uid": "831b345baec541069a0f4ae5e4357ede",
  "name": "3du5",
  "staffpickedAt": null,
  "viewCount": 127,
  "likeCount": 0,
  "animationCount": 0,
  "viewerUrl": "https://sketchfab.com/3d-models/831b345baec541069a0f4ae5e4357ede",
  "embedUrl": "https://sketchfab.com/models/831b345baec541069a0f4ae5e4357ede/embed",
  "commentCount": 0,
  "isDownloadable": true,
  "publishedAt": "2019-12-02T14:57:04.312871",
  "tags": [],
  "categories": [],
  "thumbnails": {
    "images": [
      {
        "uid": "bc6c8c79712547d8b8a68765d73b9ed6",
        "size": 74083,
        "width": 1920,
        "url": "https://media.sketchfab.com/models/831b345baec541069a0f4ae5e4357ede/thumbnails/69239fdf085c46bfb72854a7e13dc030/389d6f41a2964c608c40fdae0f308498.jpeg",
        "height": 1080
      },
      {
        "uid": "9fd1f63c65714c2e8e024d92b51833a9",
        "size": 26029,
        "width": 1024,
        "url": "https://media.sketchfab.com/models/831b345baec541069a0f4ae5e4357ede/thumbnails/69239fdf085c46bfb72854a7e13dc030/ebdfb1cb3c4449d38ea5876037a91953.jpeg",
        "height": 576
      },
      {
        "uid": "0509903a7c7347e3816fb2d27b44ba25",
        "size": 15084,
        "width": 720,
        "url": "https://media.sketchfab.com/models/831b345baec541069a0f4ae5e4357ede/thumbnails/69239fdf085c46bfb72854a7e13dc030/d4140800ff2a41058a0ea8e5ac652f36.jpeg",
        "height": 405
      },
      {
        "uid": "350caf3b15124249bc3616a55b782d44",
        "size": 2662,
        "width": 256,
        "url": "https://media.sketchfab.com/models/831b345baec541069a0f4ae5e4357ede/thumbnails/69239fdf085c46bfb72854a7e13dc030/4745477b6c9041f5950acba41eae44d0.jpeg",
        "height": 144
      },
      {
        "uid": "cf0e7b2c67d140c3a6cf88de4d0fbe43",
        "size": 550,
        "width": 64,
        "url": "https://media.sketchfab.com/models/831b345baec541069a0f4ae5e4357ede/thumbnails/69239fdf085c46bfb72854a7e13dc030/46934186813144a3ac731ae2043f5970.jpeg",
        "height": 36
      }
    ]
  },
  "user": {
    "uid": "4d1a078d57de4890a29b0a27e48f5c43",
    "username": "alba.garcia.cabero",
    "displayName": "alba.garcia.cabero",
    "profileUrl": "https://sketchfab.com/alba.garcia.cabero",
    "account": "basic",
    "avatar": {
      "uri": "https://api.sketchfab.com/v3/avatars/78fa317e46024a5283765aa34df5e508",
      "images": [
        {
          "size": 6421,
          "width": 100,
          "url": "https://media.sketchfab.com/avatars/78fa317e46024a5283765aa34df5e508/aec92fe9a74e499c98d759362cd7f02f.jpeg",
          "height": 100
        },
        {
          "size": 2518,
          "width": 48,
          "url": "https://media.sketchfab.com/avatars/78fa317e46024a5283765aa34df5e508/17fa177ffaa344a2b2fc8e78efd40fbb.jpeg",
          "height": 48
        },
        {
          "size": 5653,
          "width": 90,
          "url": "https://media.sketchfab.com/avatars/78fa317e46024a5283765aa34df5e508/02162695bdc840faa3bcb2d418309c5e.jpeg",
          "height": 90
        },
        {
          "size": 1350,
          "width": 32,
          "url": "https://media.sketchfab.com/avatars/78fa317e46024a5283765aa34df5e508/6fde876cbded4cd48d36a76029e3aa02.jpeg",
          "height": 32
        }
      ]
    },
    "uri": "https://api.sketchfab.com/v3/users/4d1a078d57de4890a29b0a27e48f5c43"
  },
  "description": "",
  "faceCount": 625312,
  "createdAt": "2019-12-02T14:47:45.309607",
  "vertexCount": 319500,
  "isAgeRestricted": false,
  "archives": {
    "glb": {
      "textureCount": 0,
      "size": 20393276,
      "type": "glb",
      "textureMaxResolution": 0,
      "faceCount": 625312,
      "vertexCount": 320700
    },
    "gltf": {
      "textureCount": 0,
      "size": 6800930,
      "type": "gltf",
      "textureMaxResolution": 0,
      "faceCount": 625312,
      "vertexCount": 320700
    },
    "source": {
      "textureCount": null,
      "size": 7119156,
      "type": "source",
      "textureMaxResolution": null,
      "faceCount": null,
      "vertexCount": null
    },
    "usdz": {
      "textureCount": null,
      "size": 7727309,
      "type": "usdz",
      "textureMaxResolution": null,
      "faceCount": null,
      "vertexCount": null
    }
  },
  "license": "by"
}