{
  "uri": "https://api.sketchfab.com/v3/models/831f7457312b4790bbec0e910cf318cc",
  "uid": "831f7457312b4790bbec0e910cf318cc",
  "name": "Still Life",
  "staffpickedAt": null,
  "viewCount": 12,
  "likeCount": 0,
  "animationCount": 0,
  "viewerUrl": "https://sketchfab.com/3d-models/831f7457312b4790bbec0e910cf318cc",
  "embedUrl": "https://sketchfab.com/models/831f7457312b4790bbec0e910cf318cc/embed",
  "commentCount": 0,
  "isDownloadable": true,
  "publishedAt": "2019-11-27T20:48:56.501775",
  "tags": [
    {
      "name": "substancepainter",
      "slug": "substancepainter",
      "uri": "https://api.sketchfab.com/v3/tags/substancepainter"
    },
    {
      "name": "substance",
      "slug": "substance",
      "uri": "https://api.sketchfab.com/v3/tags/substance"
    }
  ],
  "categories": [],
  "thumbnails": {
    "images": [
      {
        "uid": "3e8e3b183c754d1fbce960985cf774f7",
        "size": 84152,
        "width": 1920,
        "url": "https://media.sketchfab.com/models/831f7457312b4790bbec0e910cf318cc/thumbnails/ddeccad76065416b876debc9a16422bd/21c21704e0514216aa7e6787d1968a44.jpeg",
        "height": 1080
      },
      {
        "uid": "fb12a3f7c069454a90ae5e0c52c2c3b5",
        "size": 24640,
        "width": 1024,
        "url": "https://media.sketchfab.com/models/831f7457312b4790bbec0e910cf318cc/thumbnails/ddeccad76065416b876debc9a16422bd/260e3e5efaf1443c811e9976792fe448.jpeg",
        "height": 576
      },
      {
        "uid": "14ecb1a3b0234eb2889c9dc08399115f",
        "size": 12324,
        "width": 720,
        "url": "https://media.sketchfab.com/models/831f7457312b4790bbec0e910cf318cc/thumbnails/ddeccad76065416b876debc9a16422bd/f975c275e71c422b9083ef1a636657ec.jpeg",
        "height": 405
      },
      {
        "uid": "f0a4366437394ccdb28b2c75635bc5d0",
        "size": 2489,
        "width": 256,
        "url": "https://media.sketchfab.com/models/831f7457312b4790bbec0e910cf318cc/thumbnails/ddeccad76065416b876debc9a16422bd/f1b27d4a52aa4e809100d64e654f5815.jpeg",
        "height": 144
      },
      {
        "uid": "571da57c56ef4edc9ca635f42cde55f3",
        "size": 628,
        "width": 64,
        "url": "https://media.sketchfab.com/models/831f7457312b4790bbec0e910cf318cc/thumbnails/ddeccad76065416b876debc9a16422bd/107e4d3972a549e887836f16bea7ac0d.jpeg",
        "height": 36
      }
    ]
  },
  "user": {
    "uid": "dbc9fc38118c432986c8273f50e8af79",
    "username": "LynsV",
    "displayName": "LynsV",
    "profileUrl": "https://sketchfab.com/LynsV",
    "account": "basic",
    "avatar": {
      "uri": "https://api.sketchfab.com/v3/avatars/78fa317e46024a5283765aa34df5e508",
      "images": [
        {
          "size": 6421,
          "width": 100,
          "url": "https://media.sketchfab.com/avatars/78fa317e46024a5283765aa34df5e508/aec92fe9a74e499c98d759362cd7f02f.jpeg",
          "height": 100
        },
        {
          "size": 2518,
          "width": 48,
          "url": "https://media.sketchfab.com/avatars/78fa317e46024a5283765aa34df5e508/17fa177ffaa344a2b2fc8e78efd40fbb.jpeg",
          "height": 48
        },
        {
          "size": 5653,
          "width": 90,
          "url": "https://media.sketchfab.com/avatars/78fa317e46024a5283765aa34df5e508/02162695bdc840faa3bcb2d418309c5e.jpeg",
          "height": 90
        },
        {
          "size": 1350,
          "width": 32,
          "url": "https://media.sketchfab.com/avatars/78fa317e46024a5283765aa34df5e508/6fde876cbded4cd48d36a76029e3aa02.jpeg",
          "height": 32
        }
      ]
    },
    "uri": "https://api.sketchfab.com/v3/users/dbc9fc38118c432986c8273f50e8af79"
  },
  "description": "",
  "faceCount": 21788,
  "createdAt": "2019-11-27T20:42:45.120820",
  "vertexCount": 11120,
  "isAgeRestricted": false,
  "archives": {
    "glb": {
      "textureCount": 24,
      "size": 53943788,
      "type": "glb",
      "textureMaxResolution": 2048,
      "faceCount": 21788,
      "vertexCount": 11474
    },
    "gltf": {
      "textureCount": 24,
      "size": 53246656,
      "type": "gltf",
      "textureMaxResolution": 2048,
      "faceCount": 21788,
      "vertexCount": 11474
    },
    "source": {
      "textureCount": null,
      "size": 64764792,
      "type": "source",
      "textureMaxResolution": null,
      "faceCount": null,
      "vertexCount": null
    },
    "usdz": {
      "textureCount": null,
      "size": 5984673,
      "type": "usdz",
      "textureMaxResolution": null,
      "faceCount": null,
      "vertexCount": null
    }
  },
  "license": "by"
}