{
  "uri": "https://api.sketchfab.com/v3/models/83209f782379441a89646953dfa56c1c",
  "uid": "83209f782379441a89646953dfa56c1c",
  "name": "Moua Christian SGD162 Final Pass",
  "staffpickedAt": null,
  "viewCount": 24,
  "likeCount": 0,
  "animationCount": 1,
  "viewerUrl": "https://sketchfab.com/3d-models/83209f782379441a89646953dfa56c1c",
  "embedUrl": "https://sketchfab.com/models/83209f782379441a89646953dfa56c1c/embed",
  "commentCount": 0,
  "isDownloadable": true,
  "publishedAt": "2020-10-27T02:30:05.919851",
  "tags": [],
  "categories": [],
  "thumbnails": {
    "images": [
      {
        "uid": "03208269f048403c81b07c6664f118c8",
        "size": 33812,
        "width": 1920,
        "url": "https://media.sketchfab.com/models/83209f782379441a89646953dfa56c1c/thumbnails/b5e9d5b25156434ebb7374feff59fa9b/e3e34976881f496c843ebe03414fc905.jpeg",
        "height": 1080
      },
      {
        "uid": "8940a102bc8a4cddbd67af330bdb05ba",
        "size": 14309,
        "width": 1024,
        "url": "https://media.sketchfab.com/models/83209f782379441a89646953dfa56c1c/thumbnails/b5e9d5b25156434ebb7374feff59fa9b/ee5f8bfe23b540d590e8d4110bcb7044.jpeg",
        "height": 576
      },
      {
        "uid": "ae6cabecf31f41fbbdae0da4be43078d",
        "size": 8783,
        "width": 720,
        "url": "https://media.sketchfab.com/models/83209f782379441a89646953dfa56c1c/thumbnails/b5e9d5b25156434ebb7374feff59fa9b/cd1167bed81948ce926d2c7218ee4680.jpeg",
        "height": 405
      },
      {
        "uid": "e9641b6297094e438e775cab5b96490d",
        "size": 2417,
        "width": 256,
        "url": "https://media.sketchfab.com/models/83209f782379441a89646953dfa56c1c/thumbnails/b5e9d5b25156434ebb7374feff59fa9b/8ff1cb00647d4e5aa46f3d755c4083c0.jpeg",
        "height": 144
      },
      {
        "uid": "e87d8c2acddc41ed819f486842cbb688",
        "size": 606,
        "width": 64,
        "url": "https://media.sketchfab.com/models/83209f782379441a89646953dfa56c1c/thumbnails/b5e9d5b25156434ebb7374feff59fa9b/83029fc0a7f040f48016ac0b307ac374.jpeg",
        "height": 36
      }
    ]
  },
  "user": {
    "uid": "02da5fc7d0714b44926bd1c4b61da0e0",
    "username": "chrismo1773",
    "displayName": "chrismo1773",
    "profileUrl": "https://sketchfab.com/chrismo1773",
    "account": "basic",
    "avatar": {
      "uri": "https://api.sketchfab.com/v3/avatars/3ef1bd11d3eb4b57a0b353e8f2e5fc3e",
      "images": [
        {
          "size": 680,
          "width": 32,
          "url": "https://media.sketchfab.com/avatars/3ef1bd11d3eb4b57a0b353e8f2e5fc3e/116042a0854e40538adab302b593683d.jpeg",
          "height": 32
        },
        {
          "size": 1253,
          "width": 48,
          "url": "https://media.sketchfab.com/avatars/3ef1bd11d3eb4b57a0b353e8f2e5fc3e/efea16be51d04eb7a00cb9ea0b43b87f.jpeg",
          "height": 48
        },
        {
          "size": 2797,
          "width": 90,
          "url": "https://media.sketchfab.com/avatars/3ef1bd11d3eb4b57a0b353e8f2e5fc3e/ac9b469ccec74caf923a81fb2f0be3ed.jpeg",
          "height": 90
        },
        {
          "size": 3215,
          "width": 100,
          "url": "https://media.sketchfab.com/avatars/3ef1bd11d3eb4b57a0b353e8f2e5fc3e/a075e1d43d2f446c949b5967b470c757.jpeg",
          "height": 100
        }
      ]
    },
    "uri": "https://api.sketchfab.com/v3/users/02da5fc7d0714b44926bd1c4b61da0e0"
  },
  "description": "",
  "faceCount": 5317,
  "createdAt": "2020-10-27T02:29:52.730026",
  "vertexCount": 3420,
  "isAgeRestricted": false,
  "archives": {
    "glb": {
      "textureCount": 0,
      "size": 215112,
      "type": "glb",
      "textureMaxResolution": 0,
      "faceCount": 5149,
      "vertexCount": 4110
    },
    "gltf": {
      "textureCount": 0,
      "size": 56608,
      "type": "gltf",
      "textureMaxResolution": 0,
      "faceCount": 5149,
      "vertexCount": 4110
    },
    "source": {
      "textureCount": null,
      "size": 214710,
      "type": "source",
      "textureMaxResolution": null,
      "faceCount": null,
      "vertexCount": null
    },
    "usdz": {
      "textureCount": null,
      "size": 112381,
      "type": "usdz",
      "textureMaxResolution": null,
      "faceCount": null,
      "vertexCount": null
    }
  },
  "license": "by"
}