{
  "uri": "https://api.sketchfab.com/v3/models/83218794c7ac4ac89d22a16b7317d7e7",
  "uid": "83218794c7ac4ac89d22a16b7317d7e7",
  "name": "2396",
  "staffpickedAt": null,
  "viewCount": 5,
  "likeCount": 1,
  "animationCount": 0,
  "viewerUrl": "https://sketchfab.com/3d-models/83218794c7ac4ac89d22a16b7317d7e7",
  "embedUrl": "https://sketchfab.com/models/83218794c7ac4ac89d22a16b7317d7e7/embed",
  "commentCount": 0,
  "isDownloadable": true,
  "publishedAt": "2021-09-23T14:37:39.475665",
  "tags": [
    {
      "name": "stair",
      "slug": "stair",
      "uri": "https://api.sketchfab.com/v3/tags/stair"
    },
    {
      "name": "staircase",
      "slug": "staircase",
      "uri": "https://api.sketchfab.com/v3/tags/staircase"
    },
    {
      "name": "staircon",
      "slug": "staircon",
      "uri": "https://api.sketchfab.com/v3/tags/staircon"
    }
  ],
  "categories": [],
  "thumbnails": {
    "images": [
      {
        "uid": "08be2dfe4dcb416b9644dbb83515aa0b",
        "size": 56272,
        "width": 1920,
        "url": "https://media.sketchfab.com/models/83218794c7ac4ac89d22a16b7317d7e7/thumbnails/0b4d06012d234a25beeb4994bb8558c1/f8b8a3c06b6845048d3a7e80ca489dc0.jpeg",
        "height": 1080
      },
      {
        "uid": "5cbfd8b29d91495b96edc30041c78a93",
        "size": 17891,
        "width": 1024,
        "url": "https://media.sketchfab.com/models/83218794c7ac4ac89d22a16b7317d7e7/thumbnails/0b4d06012d234a25beeb4994bb8558c1/e33540e68cec4845a6e741d350771755.jpeg",
        "height": 576
      },
      {
        "uid": "91ecf26bf32f4e8590c5a96618f46b1f",
        "size": 10264,
        "width": 720,
        "url": "https://media.sketchfab.com/models/83218794c7ac4ac89d22a16b7317d7e7/thumbnails/0b4d06012d234a25beeb4994bb8558c1/9034df9b4ef64bc7b71f11b1067ead95.jpeg",
        "height": 405
      },
      {
        "uid": "88a76b4810d34c7b9abcf18fced709e7",
        "size": 2569,
        "width": 256,
        "url": "https://media.sketchfab.com/models/83218794c7ac4ac89d22a16b7317d7e7/thumbnails/0b4d06012d234a25beeb4994bb8558c1/58ec8b04573a4dc0b752873c58fdc99f.jpeg",
        "height": 144
      },
      {
        "uid": "0e1f9d75e9574ce8bc0f008dfefa5da2",
        "size": 935,
        "width": 64,
        "url": "https://media.sketchfab.com/models/83218794c7ac4ac89d22a16b7317d7e7/thumbnails/0b4d06012d234a25beeb4994bb8558c1/8fc6a976341447eea36c9380ec5d62e9.jpeg",
        "height": 36
      }
    ]
  },
  "user": {
    "uid": "0a8b58b76bc44105900833972f368f4e",
    "username": "klockrikeCAD",
    "displayName": "KlockrikeCAD",
    "profileUrl": "https://sketchfab.com/klockrikeCAD",
    "account": "basic",
    "avatar": {
      "uri": "https://api.sketchfab.com/v3/avatars/78fa317e46024a5283765aa34df5e508",
      "images": [
        {
          "size": 6421,
          "width": 100,
          "url": "https://media.sketchfab.com/avatars/78fa317e46024a5283765aa34df5e508/aec92fe9a74e499c98d759362cd7f02f.jpeg",
          "height": 100
        },
        {
          "size": 2518,
          "width": 48,
          "url": "https://media.sketchfab.com/avatars/78fa317e46024a5283765aa34df5e508/17fa177ffaa344a2b2fc8e78efd40fbb.jpeg",
          "height": 48
        },
        {
          "size": 5653,
          "width": 90,
          "url": "https://media.sketchfab.com/avatars/78fa317e46024a5283765aa34df5e508/02162695bdc840faa3bcb2d418309c5e.jpeg",
          "height": 90
        },
        {
          "size": 1350,
          "width": 32,
          "url": "https://media.sketchfab.com/avatars/78fa317e46024a5283765aa34df5e508/6fde876cbded4cd48d36a76029e3aa02.jpeg",
          "height": 32
        }
      ]
    },
    "uri": "https://api.sketchfab.com/v3/users/0a8b58b76bc44105900833972f368f4e"
  },
  "description": "",
  "faceCount": 8834,
  "createdAt": "2021-09-23T14:37:21.042946",
  "vertexCount": 4383,
  "isAgeRestricted": false,
  "archives": {
    "glb": {
      "textureCount": 3,
      "size": 684152,
      "type": "glb",
      "textureMaxResolution": 1024,
      "faceCount": 8553,
      "vertexCount": 8574
    },
    "gltf": {
      "textureCount": 3,
      "size": 409844,
      "type": "gltf",
      "textureMaxResolution": 1024,
      "faceCount": 8553,
      "vertexCount": 8574
    },
    "source": {
      "textureCount": null,
      "size": 522618,
      "type": "source",
      "textureMaxResolution": null,
      "faceCount": null,
      "vertexCount": null
    },
    "usdz": {
      "textureCount": null,
      "size": 549049,
      "type": "usdz",
      "textureMaxResolution": null,
      "faceCount": null,
      "vertexCount": null
    }
  },
  "license": "by"
}