{
  "uri": "https://api.sketchfab.com/v3/models/832172d1dc554eabbf54a175e2c13d6e",
  "uid": "832172d1dc554eabbf54a175e2c13d6e",
  "name": "Fly",
  "staffpickedAt": null,
  "viewCount": 7,
  "likeCount": 0,
  "animationCount": 0,
  "viewerUrl": "https://sketchfab.com/3d-models/832172d1dc554eabbf54a175e2c13d6e",
  "embedUrl": "https://sketchfab.com/models/832172d1dc554eabbf54a175e2c13d6e/embed",
  "commentCount": 0,
  "isDownloadable": true,
  "publishedAt": "2022-02-16T14:09:26.432778",
  "tags": [
    {
      "name": "cute",
      "slug": "cute",
      "uri": "https://api.sketchfab.com/v3/tags/cute"
    },
    {
      "name": "airplane",
      "slug": "airplane",
      "uri": "https://api.sketchfab.com/v3/tags/airplane"
    },
    {
      "name": "cartoon",
      "slug": "cartoon",
      "uri": "https://api.sketchfab.com/v3/tags/cartoon"
    },
    {
      "name": "fly",
      "slug": "fly",
      "uri": "https://api.sketchfab.com/v3/tags/fly"
    }
  ],
  "categories": [
    {
      "name": "cars-vehicles"
    }
  ],
  "thumbnails": {
    "images": [
      {
        "uid": "161b5444e6ec4265acc81e5e8e391aec",
        "size": 48950,
        "width": 1920,
        "url": "https://media.sketchfab.com/models/832172d1dc554eabbf54a175e2c13d6e/thumbnails/3dff45fbf99d400fb8cf749b0a7c1e06/4287af8b0a564ae0ab01355dbe5659d5.jpeg",
        "height": 1080
      },
      {
        "uid": "0ea7778ab4614dc4a6bf51193176ece1",
        "size": 16593,
        "width": 1024,
        "url": "https://media.sketchfab.com/models/832172d1dc554eabbf54a175e2c13d6e/thumbnails/3dff45fbf99d400fb8cf749b0a7c1e06/d65ead5fa2cd4e38b5ffbab7f39e4700.jpeg",
        "height": 576
      },
      {
        "uid": "0e98558d5a6046da8220bc10fc68ad99",
        "size": 9727,
        "width": 720,
        "url": "https://media.sketchfab.com/models/832172d1dc554eabbf54a175e2c13d6e/thumbnails/3dff45fbf99d400fb8cf749b0a7c1e06/eee240ca9c96493c8050947a7e5e3d13.jpeg",
        "height": 405
      },
      {
        "uid": "5995c9d82f534e1983b8837e9fc29d6d",
        "size": 2323,
        "width": 256,
        "url": "https://media.sketchfab.com/models/832172d1dc554eabbf54a175e2c13d6e/thumbnails/3dff45fbf99d400fb8cf749b0a7c1e06/a6fa2ba766e14be78b16bec8b591f611.jpeg",
        "height": 144
      },
      {
        "uid": "724edadd2b9442309cec76385299a818",
        "size": 854,
        "width": 64,
        "url": "https://media.sketchfab.com/models/832172d1dc554eabbf54a175e2c13d6e/thumbnails/3dff45fbf99d400fb8cf749b0a7c1e06/287040f53dad4068909b97548739848c.jpeg",
        "height": 36
      }
    ]
  },
  "user": {
    "uid": "19e493b7e5ce4124bb074db44ceb3c5b",
    "username": "adlib",
    "displayName": "Weiting Ke",
    "profileUrl": "https://sketchfab.com/adlib",
    "account": "basic",
    "avatar": {
      "uri": "https://api.sketchfab.com/v3/avatars/07bb37726a934467a6351574d7ec1d85",
      "images": [
        {
          "size": 2063,
          "width": 32,
          "url": "https://media.sketchfab.com/avatars/07bb37726a934467a6351574d7ec1d85/2084c5f4f0bc4cc992b5103e3d0c694d.png",
          "height": 32
        },
        {
          "size": 4186,
          "width": 48,
          "url": "https://media.sketchfab.com/avatars/07bb37726a934467a6351574d7ec1d85/4bfa22b0faa74db0ab9f52f36d579187.png",
          "height": 48
        },
        {
          "size": 12917,
          "width": 90,
          "url": "https://media.sketchfab.com/avatars/07bb37726a934467a6351574d7ec1d85/3fe12fb759da4bdd98f95ba5d1b3e34a.png",
          "height": 90
        },
        {
          "size": 15628,
          "width": 100,
          "url": "https://media.sketchfab.com/avatars/07bb37726a934467a6351574d7ec1d85/012204c9e8f14685bb90bc5477e1b626.png",
          "height": 100
        }
      ]
    },
    "uri": "https://api.sketchfab.com/v3/users/19e493b7e5ce4124bb074db44ceb3c5b"
  },
  "description": "",
  "faceCount": 17812,
  "createdAt": "2022-02-16T13:59:47.747855",
  "vertexCount": 9123,
  "isAgeRestricted": false,
  "archives": {
    "glb": {
      "textureCount": 0,
      "size": 630620,
      "type": "glb",
      "textureMaxResolution": 0,
      "faceCount": 17812,
      "vertexCount": 12045
    },
    "gltf": {
      "textureCount": 0,
      "size": 127887,
      "type": "gltf",
      "textureMaxResolution": 0,
      "faceCount": 17812,
      "vertexCount": 12045
    },
    "source": {
      "textureCount": null,
      "size": 453134,
      "type": "source",
      "textureMaxResolution": null,
      "faceCount": null,
      "vertexCount": null
    },
    "usdz": {
      "textureCount": null,
      "size": 155587,
      "type": "usdz",
      "textureMaxResolution": null,
      "faceCount": null,
      "vertexCount": null
    }
  },
  "license": "by"
}