{
  "uri": "https://api.sketchfab.com/v3/models/8323b566014e4a619eb267c3151252b5",
  "uid": "8323b566014e4a619eb267c3151252b5",
  "name": "Alligator Head",
  "staffpickedAt": null,
  "viewCount": 218,
  "likeCount": 4,
  "animationCount": 0,
  "viewerUrl": "https://sketchfab.com/3d-models/8323b566014e4a619eb267c3151252b5",
  "embedUrl": "https://sketchfab.com/models/8323b566014e4a619eb267c3151252b5/embed",
  "commentCount": 0,
  "isDownloadable": true,
  "publishedAt": "2016-01-10T20:39:29.839085",
  "tags": [],
  "categories": [],
  "thumbnails": {
    "images": [
      {
        "uid": "5d06db390822472ca0218a2c91414500",
        "size": 41274,
        "width": 1024,
        "url": "https://media.sketchfab.com/models/8323b566014e4a619eb267c3151252b5/thumbnails/7dff34e131734e68b4fbca22a52ca792/1024.jpeg",
        "height": 576
      },
      {
        "uid": "0b7f57466915408ebd2962ccf8e65ce5",
        "size": 2666,
        "width": 100,
        "url": "https://media.sketchfab.com/models/8323b566014e4a619eb267c3151252b5/thumbnails/7dff34e131734e68b4fbca22a52ca792/100x100.jpeg",
        "height": 100
      },
      {
        "uid": "3a8a895b0ccb417fbeb9174b7130f837",
        "size": 1121,
        "width": 50,
        "url": "https://media.sketchfab.com/models/8323b566014e4a619eb267c3151252b5/thumbnails/7dff34e131734e68b4fbca22a52ca792/50x50.jpeg",
        "height": 50
      },
      {
        "uid": "467a01fc96804fb8af8e56f1d3ad43ea",
        "size": 30296,
        "width": 854,
        "url": "https://media.sketchfab.com/models/8323b566014e4a619eb267c3151252b5/thumbnails/7dff34e131734e68b4fbca22a52ca792/854.jpeg",
        "height": 480
      },
      {
        "uid": "dbd1cdc10ae0481a97d6dac1b031d3a7",
        "size": 19025,
        "width": 640,
        "url": "https://media.sketchfab.com/models/8323b566014e4a619eb267c3151252b5/thumbnails/7dff34e131734e68b4fbca22a52ca792/640.jpeg",
        "height": 360
      },
      {
        "uid": "37aa2adf13b94c64827bce7057884932",
        "size": 10968,
        "width": 448,
        "url": "https://media.sketchfab.com/models/8323b566014e4a619eb267c3151252b5/thumbnails/7dff34e131734e68b4fbca22a52ca792/448.jpeg",
        "height": 252
      },
      {
        "uid": "fb41f0e7ab104412a3c27a4031a8832e",
        "size": 7096,
        "width": 200,
        "url": "https://media.sketchfab.com/models/8323b566014e4a619eb267c3151252b5/thumbnails/7dff34e131734e68b4fbca22a52ca792/200x200.jpeg",
        "height": 200
      }
    ]
  },
  "user": {
    "uid": "b3781ec4283046d9bd4713e3cf4a21d5",
    "username": "egerhardt",
    "displayName": "egerhardt",
    "profileUrl": "https://sketchfab.com/egerhardt",
    "account": "basic",
    "avatar": {
      "uri": "https://api.sketchfab.com/v3/avatars/78fa317e46024a5283765aa34df5e508",
      "images": [
        {
          "size": 6421,
          "width": 100,
          "url": "https://media.sketchfab.com/avatars/78fa317e46024a5283765aa34df5e508/aec92fe9a74e499c98d759362cd7f02f.jpeg",
          "height": 100
        },
        {
          "size": 2518,
          "width": 48,
          "url": "https://media.sketchfab.com/avatars/78fa317e46024a5283765aa34df5e508/17fa177ffaa344a2b2fc8e78efd40fbb.jpeg",
          "height": 48
        },
        {
          "size": 5653,
          "width": 90,
          "url": "https://media.sketchfab.com/avatars/78fa317e46024a5283765aa34df5e508/02162695bdc840faa3bcb2d418309c5e.jpeg",
          "height": 90
        },
        {
          "size": 1350,
          "width": 32,
          "url": "https://media.sketchfab.com/avatars/78fa317e46024a5283765aa34df5e508/6fde876cbded4cd48d36a76029e3aa02.jpeg",
          "height": 32
        }
      ]
    },
    "uri": "https://api.sketchfab.com/v3/users/b3781ec4283046d9bd4713e3cf4a21d5"
  },
  "description": "",
  "faceCount": 581789,
  "createdAt": "2016-01-10T18:09:06.526974",
  "vertexCount": 292068,
  "isAgeRestricted": false,
  "archives": {
    "glb": {
      "textureCount": 0,
      "size": 18786916,
      "type": "glb",
      "textureMaxResolution": 0,
      "faceCount": 581743,
      "vertexCount": 491666
    },
    "gltf": {
      "textureCount": 0,
      "size": 10904333,
      "type": "gltf",
      "textureMaxResolution": 0,
      "faceCount": 581743,
      "vertexCount": 491666
    },
    "source": {
      "textureCount": null,
      "size": 15692514,
      "type": "source",
      "textureMaxResolution": null,
      "faceCount": null,
      "vertexCount": null
    },
    "usdz": {
      "textureCount": null,
      "size": 13475945,
      "type": "usdz",
      "textureMaxResolution": null,
      "faceCount": null,
      "vertexCount": null
    }
  },
  "license": "by"
}