{
  "uri": "https://api.sketchfab.com/v3/models/832a022cdcc74763b0571e04af4e592b",
  "uid": "832a022cdcc74763b0571e04af4e592b",
  "name": "drone XL",
  "staffpickedAt": null,
  "viewCount": 5,
  "likeCount": 0,
  "animationCount": 0,
  "viewerUrl": "https://sketchfab.com/3d-models/832a022cdcc74763b0571e04af4e592b",
  "embedUrl": "https://sketchfab.com/models/832a022cdcc74763b0571e04af4e592b/embed",
  "commentCount": 0,
  "isDownloadable": true,
  "publishedAt": "2022-07-06T05:15:01.154031",
  "tags": [
    {
      "name": "drones",
      "slug": "drones",
      "uri": "https://api.sketchfab.com/v3/tags/drones"
    },
    {
      "name": "lowpoly",
      "slug": "lowpoly",
      "uri": "https://api.sketchfab.com/v3/tags/lowpoly"
    },
    {
      "name": "military",
      "slug": "military",
      "uri": "https://api.sketchfab.com/v3/tags/military"
    },
    {
      "name": "futuristic",
      "slug": "futuristic",
      "uri": "https://api.sketchfab.com/v3/tags/futuristic"
    }
  ],
  "categories": [
    {
      "name": "science-technology"
    },
    {
      "name": "weapons-military"
    }
  ],
  "thumbnails": {
    "images": [
      {
        "uid": "4847113a6b2e4ab89ecba6e626bb7e7f",
        "size": 217519,
        "width": 1920,
        "url": "https://media.sketchfab.com/models/832a022cdcc74763b0571e04af4e592b/thumbnails/123e47b550664469bffd0398cead82ec/3700d49999a24555ae8d3acc3b40bc40.jpeg",
        "height": 1080
      },
      {
        "uid": "237d7d247c024425ae61dbacbe4d33e8",
        "size": 31300,
        "width": 1024,
        "url": "https://media.sketchfab.com/models/832a022cdcc74763b0571e04af4e592b/thumbnails/123e47b550664469bffd0398cead82ec/e408279386074e2b883663a4c33c703d.jpeg",
        "height": 576
      },
      {
        "uid": "98b9bffb0f024fdebd70014f51c9cfc0",
        "size": 14411,
        "width": 720,
        "url": "https://media.sketchfab.com/models/832a022cdcc74763b0571e04af4e592b/thumbnails/123e47b550664469bffd0398cead82ec/07496be9dc2b425ba555f770a1a8b533.jpeg",
        "height": 405
      },
      {
        "uid": "f1ea43d03177476193702f735bea2895",
        "size": 2642,
        "width": 256,
        "url": "https://media.sketchfab.com/models/832a022cdcc74763b0571e04af4e592b/thumbnails/123e47b550664469bffd0398cead82ec/e9fdd101665644a193b1e3b4148a147c.jpeg",
        "height": 144
      },
      {
        "uid": "f485fcb8cefa48c7b22d681c270506ae",
        "size": 886,
        "width": 64,
        "url": "https://media.sketchfab.com/models/832a022cdcc74763b0571e04af4e592b/thumbnails/123e47b550664469bffd0398cead82ec/a784c6e6b44940e282f375c9f4cbd94e.jpeg",
        "height": 36
      }
    ]
  },
  "user": {
    "uid": "a34e6fbef5544f86b3c35af6b15bcab8",
    "username": "YAHIRDEBLAS",
    "displayName": "YAHIRDEBLAS",
    "profileUrl": "https://sketchfab.com/YAHIRDEBLAS",
    "account": "basic",
    "avatar": {
      "uri": "https://api.sketchfab.com/v3/avatars/7e7e2e6d3e644ac581eee6907b725059",
      "images": [
        {
          "size": 1571,
          "width": 32,
          "url": "https://media.sketchfab.com/avatars/7e7e2e6d3e644ac581eee6907b725059/a51bc28ad42746bbaf8d3d0c0ff3fa50.png",
          "height": 32
        },
        {
          "size": 3012,
          "width": 48,
          "url": "https://media.sketchfab.com/avatars/7e7e2e6d3e644ac581eee6907b725059/3a6a8b65010243bc9c63da7fcd9f0a75.png",
          "height": 48
        },
        {
          "size": 8390,
          "width": 90,
          "url": "https://media.sketchfab.com/avatars/7e7e2e6d3e644ac581eee6907b725059/d2365d87c21c40138c5517c8284189fc.png",
          "height": 90
        },
        {
          "size": 9853,
          "width": 100,
          "url": "https://media.sketchfab.com/avatars/7e7e2e6d3e644ac581eee6907b725059/6d4afe97829f41309da73fecc9147b2d.png",
          "height": 100
        }
      ]
    },
    "uri": "https://api.sketchfab.com/v3/users/a34e6fbef5544f86b3c35af6b15bcab8"
  },
  "description": "",
  "faceCount": 3592,
  "createdAt": "2022-07-06T05:06:40.650846",
  "vertexCount": 2070,
  "isAgeRestricted": false,
  "archives": {
    "glb": {
      "textureCount": 0,
      "size": 193656,
      "type": "glb",
      "textureMaxResolution": 0,
      "faceCount": 3592,
      "vertexCount": 4146
    },
    "gltf": {
      "textureCount": 0,
      "size": 51592,
      "type": "gltf",
      "textureMaxResolution": 0,
      "faceCount": 3592,
      "vertexCount": 4146
    },
    "source": {
      "textureCount": null,
      "size": 124676,
      "type": "source",
      "textureMaxResolution": null,
      "faceCount": null,
      "vertexCount": null
    },
    "usdz": {
      "textureCount": null,
      "size": 111549,
      "type": "usdz",
      "textureMaxResolution": null,
      "faceCount": null,
      "vertexCount": null
    }
  },
  "license": "by"
}