{
  "uri": "https://api.sketchfab.com/v3/models/832b1ffea9304ccd81368ace806ac5c2",
  "uid": "832b1ffea9304ccd81368ace806ac5c2",
  "name": "DOOM Medikit",
  "staffpickedAt": null,
  "viewCount": 73,
  "likeCount": 1,
  "animationCount": 0,
  "viewerUrl": "https://sketchfab.com/3d-models/832b1ffea9304ccd81368ace806ac5c2",
  "embedUrl": "https://sketchfab.com/models/832b1ffea9304ccd81368ace806ac5c2/embed",
  "commentCount": 0,
  "isDownloadable": true,
  "publishedAt": "2022-02-06T19:30:19.861636",
  "tags": [
    {
      "name": "videogame",
      "slug": "videogame",
      "uri": "https://api.sketchfab.com/v3/tags/videogame"
    },
    {
      "name": "medkit",
      "slug": "medkit",
      "uri": "https://api.sketchfab.com/v3/tags/medkit"
    },
    {
      "name": "doom",
      "slug": "doom",
      "uri": "https://api.sketchfab.com/v3/tags/doom"
    },
    {
      "name": "medikit",
      "slug": "medikit",
      "uri": "https://api.sketchfab.com/v3/tags/medikit"
    }
  ],
  "categories": [],
  "thumbnails": {
    "images": [
      {
        "uid": "c4ebb374b8284eb3ba4945f0262dad37",
        "size": 58851,
        "width": 1920,
        "url": "https://media.sketchfab.com/models/832b1ffea9304ccd81368ace806ac5c2/thumbnails/854711c41e3c4a68b28cc7d386131769/a4e465eab7184530b88ddf654f4ed742.jpeg",
        "height": 1080
      },
      {
        "uid": "6e8ba53bf8414ea9bb60000d2abcab28",
        "size": 21732,
        "width": 1024,
        "url": "https://media.sketchfab.com/models/832b1ffea9304ccd81368ace806ac5c2/thumbnails/854711c41e3c4a68b28cc7d386131769/44532164dc2045488d41e45b332f536d.jpeg",
        "height": 576
      },
      {
        "uid": "465d6caeee2249a791d54a72cab24c09",
        "size": 13480,
        "width": 720,
        "url": "https://media.sketchfab.com/models/832b1ffea9304ccd81368ace806ac5c2/thumbnails/854711c41e3c4a68b28cc7d386131769/688483122f8243eea1f3ad2a7873bbb0.jpeg",
        "height": 405
      },
      {
        "uid": "ba122c8bada04c55aed68f9cd519a907",
        "size": 3437,
        "width": 256,
        "url": "https://media.sketchfab.com/models/832b1ffea9304ccd81368ace806ac5c2/thumbnails/854711c41e3c4a68b28cc7d386131769/8d98063158f347b7814b952cf4fbdff7.jpeg",
        "height": 144
      },
      {
        "uid": "7535c1e25c764823b6f77d09b388562e",
        "size": 1015,
        "width": 64,
        "url": "https://media.sketchfab.com/models/832b1ffea9304ccd81368ace806ac5c2/thumbnails/854711c41e3c4a68b28cc7d386131769/1e4ca1de195c414c8a6453a5bc4c1472.jpeg",
        "height": 36
      }
    ]
  },
  "user": {
    "uid": "bc664b62ef7c421cb51bdabae17c3fc8",
    "username": "extome",
    "displayName": "extome",
    "profileUrl": "https://sketchfab.com/extome",
    "account": "basic",
    "avatar": {
      "uri": "https://api.sketchfab.com/v3/avatars/02b39e609a334bd190b7980e04757d1c",
      "images": [
        {
          "size": 2592,
          "width": 32,
          "url": "https://media.sketchfab.com/avatars/02b39e609a334bd190b7980e04757d1c/b04bb3b9b6304e628dfba4119156e1b0.png",
          "height": 32
        },
        {
          "size": 4425,
          "width": 48,
          "url": "https://media.sketchfab.com/avatars/02b39e609a334bd190b7980e04757d1c/65bcc5326d1047209c0f8fa5233b7584.png",
          "height": 48
        },
        {
          "size": 9880,
          "width": 90,
          "url": "https://media.sketchfab.com/avatars/02b39e609a334bd190b7980e04757d1c/f2a10dfc890f4606a803ed5096776dfa.png",
          "height": 90
        },
        {
          "size": 11410,
          "width": 100,
          "url": "https://media.sketchfab.com/avatars/02b39e609a334bd190b7980e04757d1c/6304aeb4064b40d992b226a269ee8a8c.png",
          "height": 100
        }
      ]
    },
    "uri": "https://api.sketchfab.com/v3/users/bc664b62ef7c421cb51bdabae17c3fc8"
  },
  "description": "The Medikit from DOOM.",
  "faceCount": 12,
  "createdAt": "2022-02-06T19:07:15.978097",
  "vertexCount": 8,
  "isAgeRestricted": false,
  "archives": {
    "glb": {
      "textureCount": 1,
      "size": 12440,
      "type": "glb",
      "textureMaxResolution": 512,
      "faceCount": 12,
      "vertexCount": 24
    },
    "gltf": {
      "textureCount": 1,
      "size": 11151,
      "type": "gltf",
      "textureMaxResolution": 512,
      "faceCount": 12,
      "vertexCount": 24
    },
    "source": {
      "textureCount": null,
      "size": 15241,
      "type": "source",
      "textureMaxResolution": null,
      "faceCount": null,
      "vertexCount": null
    },
    "usdz": {
      "textureCount": null,
      "size": 18293,
      "type": "usdz",
      "textureMaxResolution": null,
      "faceCount": null,
      "vertexCount": null
    }
  },
  "license": "by-nc-sa"
}