{
  "uri": "https://api.sketchfab.com/v3/models/832c8a5d85684590a6045b6976937e10",
  "uid": "832c8a5d85684590a6045b6976937e10",
  "name": "Head Normal Map",
  "staffpickedAt": null,
  "viewCount": 62,
  "likeCount": 1,
  "animationCount": 0,
  "viewerUrl": "https://sketchfab.com/3d-models/832c8a5d85684590a6045b6976937e10",
  "embedUrl": "https://sketchfab.com/models/832c8a5d85684590a6045b6976937e10/embed",
  "commentCount": 0,
  "isDownloadable": true,
  "publishedAt": "2018-02-19T14:20:49.848684",
  "tags": [],
  "categories": [],
  "thumbnails": {
    "images": [
      {
        "uid": "aac6b536c5554b86a5c8fa1fd6a0a0c7",
        "size": 36824,
        "width": 1920,
        "url": "https://media.sketchfab.com/models/832c8a5d85684590a6045b6976937e10/thumbnails/cd84f53cc4124075840c6f5709f8a8df/f8b03554dd694221807feb14978ea47a.jpeg",
        "height": 1080
      },
      {
        "uid": "7ca7486d082048208400bb71c88b3bc0",
        "size": 13670,
        "width": 1024,
        "url": "https://media.sketchfab.com/models/832c8a5d85684590a6045b6976937e10/thumbnails/cd84f53cc4124075840c6f5709f8a8df/6dd7020fa14f4ffc94cde7011633df08.jpeg",
        "height": 576
      },
      {
        "uid": "f1b092faba2c4f46b4c3b9a0f6a1bc64",
        "size": 8624,
        "width": 720,
        "url": "https://media.sketchfab.com/models/832c8a5d85684590a6045b6976937e10/thumbnails/cd84f53cc4124075840c6f5709f8a8df/2b6969778d1a49cd8530fd3da3c5560c.jpeg",
        "height": 405
      },
      {
        "uid": "180026d474504decac13d5475ea2ed28",
        "size": 2205,
        "width": 256,
        "url": "https://media.sketchfab.com/models/832c8a5d85684590a6045b6976937e10/thumbnails/cd84f53cc4124075840c6f5709f8a8df/ec5c8842b731495380cf31902b43e5ad.jpeg",
        "height": 144
      },
      {
        "uid": "61085e56976e43d7b24abb1370c5c723",
        "size": 612,
        "width": 64,
        "url": "https://media.sketchfab.com/models/832c8a5d85684590a6045b6976937e10/thumbnails/cd84f53cc4124075840c6f5709f8a8df/77de4e6e0ef049a28c1cefdfd635f565.jpeg",
        "height": 36
      }
    ]
  },
  "user": {
    "uid": "9f990ec35674466fb21c0a06d92b6551",
    "username": "chamack",
    "displayName": "chamack",
    "profileUrl": "https://sketchfab.com/chamack",
    "account": "basic",
    "avatar": {
      "uri": "https://api.sketchfab.com/v3/avatars/899b2329a48e4f76bb37381a99fffa9b",
      "images": [
        {
          "size": 736,
          "width": 32,
          "url": "https://media.sketchfab.com/avatars/899b2329a48e4f76bb37381a99fffa9b/28d97613562647e6b5ff8b7b25b3fbb8.jpeg",
          "height": 32
        },
        {
          "size": 1101,
          "width": 48,
          "url": "https://media.sketchfab.com/avatars/899b2329a48e4f76bb37381a99fffa9b/b13528a4925542a9ad67b1cc5a40e7fe.jpeg",
          "height": 48
        },
        {
          "size": 2639,
          "width": 90,
          "url": "https://media.sketchfab.com/avatars/899b2329a48e4f76bb37381a99fffa9b/809805a367f0406a8844949419e5e6c9.jpeg",
          "height": 90
        },
        {
          "size": 3005,
          "width": 100,
          "url": "https://media.sketchfab.com/avatars/899b2329a48e4f76bb37381a99fffa9b/57c7005e5e634665ad2b3cd332dc2a6e.jpeg",
          "height": 100
        }
      ]
    },
    "uri": "https://api.sketchfab.com/v3/users/9f990ec35674466fb21c0a06d92b6551"
  },
  "description": "First test normal map \nMaya 2018 + MudBox",
  "faceCount": 798,
  "createdAt": "2018-02-19T14:16:05.857248",
  "vertexCount": 418,
  "isAgeRestricted": false,
  "archives": {
    "glb": {
      "textureCount": 1,
      "size": 276796,
      "type": "glb",
      "textureMaxResolution": 1024,
      "faceCount": 798,
      "vertexCount": 574
    },
    "gltf": {
      "textureCount": 1,
      "size": 260672,
      "type": "gltf",
      "textureMaxResolution": 1024,
      "faceCount": 798,
      "vertexCount": 574
    },
    "source": {
      "textureCount": null,
      "size": 557329,
      "type": "source",
      "textureMaxResolution": null,
      "faceCount": null,
      "vertexCount": null
    },
    "usdz": {
      "textureCount": null,
      "size": 159396,
      "type": "usdz",
      "textureMaxResolution": null,
      "faceCount": null,
      "vertexCount": null
    }
  },
  "license": "by"
}