{
  "uri": "https://api.sketchfab.com/v3/models/833193a0e1504ea1832c3dba379ce0c0",
  "uid": "833193a0e1504ea1832c3dba379ce0c0",
  "name": "My Boo Pet",
  "staffpickedAt": null,
  "viewCount": 184,
  "likeCount": 3,
  "animationCount": 0,
  "viewerUrl": "https://sketchfab.com/3d-models/833193a0e1504ea1832c3dba379ce0c0",
  "embedUrl": "https://sketchfab.com/models/833193a0e1504ea1832c3dba379ce0c0/embed",
  "commentCount": 3,
  "isDownloadable": true,
  "publishedAt": "2022-05-31T17:22:05.300744",
  "tags": [
    {
      "name": "pet",
      "slug": "pet",
      "uri": "https://api.sketchfab.com/v3/tags/pet"
    },
    {
      "name": "ben",
      "slug": "ben",
      "uri": "https://api.sketchfab.com/v3/tags/ben"
    },
    {
      "name": "talking",
      "slug": "talking",
      "uri": "https://api.sketchfab.com/v3/tags/talking"
    },
    {
      "name": "tom",
      "slug": "tom",
      "uri": "https://api.sketchfab.com/v3/tags/tom"
    },
    {
      "name": "pou",
      "slug": "pou",
      "uri": "https://api.sketchfab.com/v3/tags/pou"
    }
  ],
  "categories": [
    {
      "name": "animals-pets"
    }
  ],
  "thumbnails": {
    "images": [
      {
        "uid": "08336c8c980b4eff9d0267d6ee6ce70c",
        "size": 64780,
        "width": 1920,
        "url": "https://media.sketchfab.com/models/833193a0e1504ea1832c3dba379ce0c0/thumbnails/aaf6256a238b4f8183a4bd9eaab57a99/e6b623f77cf24c85baf0e3f205d31a2a.jpeg",
        "height": 1080
      },
      {
        "uid": "a57c0ba69d42438d943c81f8969b9569",
        "size": 25272,
        "width": 1024,
        "url": "https://media.sketchfab.com/models/833193a0e1504ea1832c3dba379ce0c0/thumbnails/aaf6256a238b4f8183a4bd9eaab57a99/23a65574beb442529718edf7878f9c9d.jpeg",
        "height": 576
      },
      {
        "uid": "5c09198fb13a4b4baa5a57fe01c3c75e",
        "size": 16007,
        "width": 720,
        "url": "https://media.sketchfab.com/models/833193a0e1504ea1832c3dba379ce0c0/thumbnails/aaf6256a238b4f8183a4bd9eaab57a99/6b624ee9415e49138aacb4e663458789.jpeg",
        "height": 405
      },
      {
        "uid": "843c00dcf456435580724a92a7c7f880",
        "size": 4105,
        "width": 256,
        "url": "https://media.sketchfab.com/models/833193a0e1504ea1832c3dba379ce0c0/thumbnails/aaf6256a238b4f8183a4bd9eaab57a99/5b1fd8ff273d426b9b95321d15bf9196.jpeg",
        "height": 144
      },
      {
        "uid": "a28c5883a95a485581e2910f377b01aa",
        "size": 1103,
        "width": 64,
        "url": "https://media.sketchfab.com/models/833193a0e1504ea1832c3dba379ce0c0/thumbnails/aaf6256a238b4f8183a4bd9eaab57a99/444afb16295b42e2b27ab39ccedab26d.jpeg",
        "height": 36
      }
    ]
  },
  "user": {
    "uid": "17180f4438bb4d1199894a1ad8d56bcb",
    "username": "kanalstepitop",
    "displayName": "kanalstepitop",
    "profileUrl": "https://sketchfab.com/kanalstepitop",
    "account": "basic",
    "avatar": {
      "uri": "https://api.sketchfab.com/v3/avatars/3ef1bd11d3eb4b57a0b353e8f2e5fc3e",
      "images": [
        {
          "size": 680,
          "width": 32,
          "url": "https://media.sketchfab.com/avatars/3ef1bd11d3eb4b57a0b353e8f2e5fc3e/116042a0854e40538adab302b593683d.jpeg",
          "height": 32
        },
        {
          "size": 1253,
          "width": 48,
          "url": "https://media.sketchfab.com/avatars/3ef1bd11d3eb4b57a0b353e8f2e5fc3e/efea16be51d04eb7a00cb9ea0b43b87f.jpeg",
          "height": 48
        },
        {
          "size": 2797,
          "width": 90,
          "url": "https://media.sketchfab.com/avatars/3ef1bd11d3eb4b57a0b353e8f2e5fc3e/ac9b469ccec74caf923a81fb2f0be3ed.jpeg",
          "height": 90
        },
        {
          "size": 3215,
          "width": 100,
          "url": "https://media.sketchfab.com/avatars/3ef1bd11d3eb4b57a0b353e8f2e5fc3e/a075e1d43d2f446c949b5967b470c757.jpeg",
          "height": 100
        }
      ]
    },
    "uri": "https://api.sketchfab.com/v3/users/17180f4438bb4d1199894a1ad8d56bcb"
  },
  "description": "From the cute cool game",
  "faceCount": 3072,
  "createdAt": "2022-05-31T17:19:51.298427",
  "vertexCount": 1538,
  "isAgeRestricted": false,
  "archives": {
    "glb": {
      "textureCount": 1,
      "size": 493032,
      "type": "glb",
      "textureMaxResolution": 2048,
      "faceCount": 3072,
      "vertexCount": 1627
    },
    "gltf": {
      "textureCount": 1,
      "size": 407132,
      "type": "gltf",
      "textureMaxResolution": 2048,
      "faceCount": 3072,
      "vertexCount": 1627
    },
    "source": {
      "textureCount": null,
      "size": 1653317,
      "type": "source",
      "textureMaxResolution": null,
      "faceCount": null,
      "vertexCount": null
    },
    "usdz": {
      "textureCount": null,
      "size": 236383,
      "type": "usdz",
      "textureMaxResolution": null,
      "faceCount": null,
      "vertexCount": null
    }
  },
  "license": "by"
}