{
  "uri": "https://api.sketchfab.com/v3/models/83369cf3ee0c434d8b7760199598d8d3",
  "uid": "83369cf3ee0c434d8b7760199598d8d3",
  "name": "Detector Otklik",
  "staffpickedAt": null,
  "viewCount": 264,
  "likeCount": 8,
  "animationCount": 0,
  "viewerUrl": "https://sketchfab.com/3d-models/83369cf3ee0c434d8b7760199598d8d3",
  "embedUrl": "https://sketchfab.com/models/83369cf3ee0c434d8b7760199598d8d3/embed",
  "commentCount": 0,
  "isDownloadable": true,
  "publishedAt": "2022-04-13T15:14:46.564385",
  "tags": [
    {
      "name": "soldier",
      "slug": "soldier",
      "uri": "https://api.sketchfab.com/v3/tags/soldier"
    },
    {
      "name": "millitary",
      "slug": "millitary",
      "uri": "https://api.sketchfab.com/v3/tags/millitary"
    },
    {
      "name": "russia",
      "slug": "russia",
      "uri": "https://api.sketchfab.com/v3/tags/russia"
    },
    {
      "name": "stalker",
      "slug": "stalker",
      "uri": "https://api.sketchfab.com/v3/tags/stalker"
    },
    {
      "name": "detector",
      "slug": "detector",
      "uri": "https://api.sketchfab.com/v3/tags/detector"
    },
    {
      "name": "otklik",
      "slug": "otklik",
      "uri": "https://api.sketchfab.com/v3/tags/otklik"
    }
  ],
  "categories": [
    {
      "name": "electronics-gadgets"
    },
    {
      "name": "weapons-military"
    }
  ],
  "thumbnails": {
    "images": [
      {
        "uid": "14cf9293acc3425892ad5949afde2093",
        "size": 103865,
        "width": 1920,
        "url": "https://media.sketchfab.com/models/83369cf3ee0c434d8b7760199598d8d3/thumbnails/214ba25b99c9485cba42aaa5614ec79f/e0f215464b0742708994aa681fc572b6.jpeg",
        "height": 1080
      },
      {
        "uid": "f32728c0788a41ce8ddfd3f2c6486c11",
        "size": 30872,
        "width": 1024,
        "url": "https://media.sketchfab.com/models/83369cf3ee0c434d8b7760199598d8d3/thumbnails/214ba25b99c9485cba42aaa5614ec79f/d08288563882428b88983489d8833cc1.jpeg",
        "height": 576
      },
      {
        "uid": "f7f27ce34d064b659b90043a7f55279f",
        "size": 17298,
        "width": 720,
        "url": "https://media.sketchfab.com/models/83369cf3ee0c434d8b7760199598d8d3/thumbnails/214ba25b99c9485cba42aaa5614ec79f/238607d38caf49eea0e2c2f3e420711f.jpeg",
        "height": 405
      },
      {
        "uid": "c52158ea5f5941d382a43bfe3be77cf4",
        "size": 3371,
        "width": 256,
        "url": "https://media.sketchfab.com/models/83369cf3ee0c434d8b7760199598d8d3/thumbnails/214ba25b99c9485cba42aaa5614ec79f/91f5bf1817d84fc4851d7d7dd09e875b.jpeg",
        "height": 144
      },
      {
        "uid": "ea9a6fbdbf864fd0abd6c5613b53d265",
        "size": 951,
        "width": 64,
        "url": "https://media.sketchfab.com/models/83369cf3ee0c434d8b7760199598d8d3/thumbnails/214ba25b99c9485cba42aaa5614ec79f/9d45dc2ad806411ab2cad74f450212d9.jpeg",
        "height": 36
      }
    ]
  },
  "user": {
    "uid": "ec98c4dc0dc24859be38abed70a31c74",
    "username": "villageboys576",
    "displayName": "3D MODELES FROM S.T.A.L.K.E.R.",
    "profileUrl": "https://sketchfab.com/villageboys576",
    "account": "basic",
    "avatar": {
      "uri": "https://api.sketchfab.com/v3/avatars/31592dda2f7d4cfcb4a7180ef3e215a6",
      "images": [
        {
          "size": 936,
          "width": 32,
          "url": "https://media.sketchfab.com/avatars/31592dda2f7d4cfcb4a7180ef3e215a6/9ee69738885341d8856576b1fe187be5.jpeg",
          "height": 32
        },
        {
          "size": 1294,
          "width": 48,
          "url": "https://media.sketchfab.com/avatars/31592dda2f7d4cfcb4a7180ef3e215a6/222df6c6457a4b7f89ad3c7d7fd71549.jpeg",
          "height": 48
        },
        {
          "size": 2784,
          "width": 90,
          "url": "https://media.sketchfab.com/avatars/31592dda2f7d4cfcb4a7180ef3e215a6/f545e38296064bf99ffa4fe49d9419af.jpeg",
          "height": 90
        },
        {
          "size": 3242,
          "width": 100,
          "url": "https://media.sketchfab.com/avatars/31592dda2f7d4cfcb4a7180ef3e215a6/82b6d97613b042a4b0879a1c738eeb3b.jpeg",
          "height": 100
        }
      ]
    },
    "uri": "https://api.sketchfab.com/v3/users/ec98c4dc0dc24859be38abed70a31c74"
  },
  "description": "My vk group: https://vk.com/3dmodelesstalker If you want subscribe me. There are a lot 3d modeles from S.T.A.L.K.E.R.",
  "faceCount": 1159,
  "createdAt": "2022-04-13T15:05:08.405270",
  "vertexCount": 606,
  "isAgeRestricted": false,
  "archives": {
    "glb": {
      "textureCount": 2,
      "size": 701612,
      "type": "glb",
      "textureMaxResolution": 512,
      "faceCount": 1159,
      "vertexCount": 1566
    },
    "gltf": {
      "textureCount": 2,
      "size": 612682,
      "type": "gltf",
      "textureMaxResolution": 512,
      "faceCount": 1159,
      "vertexCount": 1566
    },
    "source": {
      "textureCount": null,
      "size": 1386074,
      "type": "source",
      "textureMaxResolution": null,
      "faceCount": null,
      "vertexCount": null
    },
    "usdz": {
      "textureCount": null,
      "size": 302938,
      "type": "usdz",
      "textureMaxResolution": null,
      "faceCount": null,
      "vertexCount": null
    }
  },
  "license": "by"
}