{
  "uri": "https://api.sketchfab.com/v3/models/833c1840198f4500bf8f63143c0e0632",
  "uid": "833c1840198f4500bf8f63143c0e0632",
  "name": "SPHERE Textures",
  "staffpickedAt": null,
  "viewCount": 8,
  "likeCount": 0,
  "animationCount": 0,
  "viewerUrl": "https://sketchfab.com/3d-models/833c1840198f4500bf8f63143c0e0632",
  "embedUrl": "https://sketchfab.com/models/833c1840198f4500bf8f63143c0e0632/embed",
  "commentCount": 0,
  "isDownloadable": true,
  "publishedAt": "2021-11-15T03:14:48.379966",
  "tags": [],
  "categories": [],
  "thumbnails": {
    "images": [
      {
        "uid": "77de1761d6954e0bbe3ccc24670f0b32",
        "size": 64924,
        "width": 1920,
        "url": "https://media.sketchfab.com/models/833c1840198f4500bf8f63143c0e0632/thumbnails/c576abdb495e418f870cdf1c03692b3d/8ad67ea7e27e4bd5ab087e473e1e7990.jpeg",
        "height": 1080
      },
      {
        "uid": "26489c6389d942e0965541e49cf81106",
        "size": 20476,
        "width": 1024,
        "url": "https://media.sketchfab.com/models/833c1840198f4500bf8f63143c0e0632/thumbnails/c576abdb495e418f870cdf1c03692b3d/0fd008d7e0f0478880e060fdc0f1e417.jpeg",
        "height": 576
      },
      {
        "uid": "8326f62474174e528a32c9ad4107f320",
        "size": 11684,
        "width": 720,
        "url": "https://media.sketchfab.com/models/833c1840198f4500bf8f63143c0e0632/thumbnails/c576abdb495e418f870cdf1c03692b3d/4ae95a49f134403e88b1be83ce348cfd.jpeg",
        "height": 405
      },
      {
        "uid": "4ce520dcaa7f4641be5df552aa3afee0",
        "size": 2755,
        "width": 256,
        "url": "https://media.sketchfab.com/models/833c1840198f4500bf8f63143c0e0632/thumbnails/c576abdb495e418f870cdf1c03692b3d/bbf5803e87e94e7a9e51b9337110fdbc.jpeg",
        "height": 144
      },
      {
        "uid": "748d2c9ef17849e4a335eff9fb5e2a29",
        "size": 899,
        "width": 64,
        "url": "https://media.sketchfab.com/models/833c1840198f4500bf8f63143c0e0632/thumbnails/c576abdb495e418f870cdf1c03692b3d/62d2d6d5beaa4a68a93e21f7b2d4020b.jpeg",
        "height": 36
      }
    ]
  },
  "user": {
    "uid": "d0f4a9f618de45baa193c60cd7b4016c",
    "username": "andrew.nkrieps",
    "displayName": "andrew.nkrieps",
    "profileUrl": "https://sketchfab.com/andrew.nkrieps",
    "account": "basic",
    "avatar": {
      "uri": "https://api.sketchfab.com/v3/avatars/51af6a870cce449eb75b0345feebaebb",
      "images": [
        {
          "size": 5719,
          "width": 90,
          "url": "https://media.sketchfab.com/avatars/51af6a870cce449eb75b0345feebaebb/2ef0f894055b4bb69123b2a27fa2d379.jpeg",
          "height": 90
        },
        {
          "size": 6496,
          "width": 100,
          "url": "https://media.sketchfab.com/avatars/51af6a870cce449eb75b0345feebaebb/ab11eedf96374486acb544f71a23b165.jpeg",
          "height": 100
        },
        {
          "size": 1359,
          "width": 32,
          "url": "https://media.sketchfab.com/avatars/51af6a870cce449eb75b0345feebaebb/35f6f9b6c9a14a548ce472582d8a9bb5.jpeg",
          "height": 32
        },
        {
          "size": 2584,
          "width": 48,
          "url": "https://media.sketchfab.com/avatars/51af6a870cce449eb75b0345feebaebb/a8072a51447c4d41ab177b357111b420.jpeg",
          "height": 48
        }
      ]
    },
    "uri": "https://api.sketchfab.com/v3/users/d0f4a9f618de45baa193c60cd7b4016c"
  },
  "description": "Spheres textures for class",
  "faceCount": 6400,
  "createdAt": "2021-11-15T03:06:42.205082",
  "vertexCount": 3210,
  "isAgeRestricted": false,
  "archives": {
    "glb": {
      "textureCount": 20,
      "size": 51877108,
      "type": "glb",
      "textureMaxResolution": 2048,
      "faceCount": 6400,
      "vertexCount": 4100
    },
    "gltf": {
      "textureCount": 20,
      "size": 51595844,
      "type": "gltf",
      "textureMaxResolution": 2048,
      "faceCount": 6400,
      "vertexCount": 4100
    },
    "source": {
      "textureCount": null,
      "size": 178527838,
      "type": "source",
      "textureMaxResolution": null,
      "faceCount": null,
      "vertexCount": null
    },
    "usdz": {
      "textureCount": null,
      "size": 7158781,
      "type": "usdz",
      "textureMaxResolution": null,
      "faceCount": null,
      "vertexCount": null
    }
  },
  "license": "by"
}