{
  "uri": "https://api.sketchfab.com/v3/models/833efd19a62f4bfea4bea2d6ef1002be",
  "uid": "833efd19a62f4bfea4bea2d6ef1002be",
  "name": "The Dancing Movie Sonic",
  "staffpickedAt": null,
  "viewCount": 7139,
  "likeCount": 33,
  "animationCount": 1,
  "viewerUrl": "https://sketchfab.com/3d-models/833efd19a62f4bfea4bea2d6ef1002be",
  "embedUrl": "https://sketchfab.com/models/833efd19a62f4bfea4bea2d6ef1002be/embed",
  "commentCount": 2,
  "isDownloadable": true,
  "publishedAt": "2020-02-12T19:53:42.556378",
  "tags": [
    {
      "name": "shadow",
      "slug": "shadow",
      "uri": "https://api.sketchfab.com/v3/tags/shadow"
    },
    {
      "name": "meme",
      "slug": "meme",
      "uri": "https://api.sketchfab.com/v3/tags/meme"
    },
    {
      "name": "i",
      "slug": "i",
      "uri": "https://api.sketchfab.com/v3/tags/i"
    },
    {
      "name": "sonic",
      "slug": "sonic",
      "uri": "https://api.sketchfab.com/v3/tags/sonic"
    },
    {
      "name": "hedgehog",
      "slug": "hedgehog",
      "uri": "https://api.sketchfab.com/v3/tags/hedgehog"
    },
    {
      "name": "rouge",
      "slug": "rouge",
      "uri": "https://api.sketchfab.com/v3/tags/rouge"
    },
    {
      "name": "love",
      "slug": "love",
      "uri": "https://api.sketchfab.com/v3/tags/love"
    },
    {
      "name": "dance",
      "slug": "dance",
      "uri": "https://api.sketchfab.com/v3/tags/dance"
    },
    {
      "name": "fast",
      "slug": "fast",
      "uri": "https://api.sketchfab.com/v3/tags/fast"
    },
    {
      "name": "great",
      "slug": "great",
      "uri": "https://api.sketchfab.com/v3/tags/great"
    },
    {
      "name": "movies",
      "slug": "movies",
      "uri": "https://api.sketchfab.com/v3/tags/movies"
    },
    {
      "name": "movie",
      "slug": "movie",
      "uri": "https://api.sketchfab.com/v3/tags/movie"
    },
    {
      "name": "amy",
      "slug": "amy",
      "uri": "https://api.sketchfab.com/v3/tags/amy"
    },
    {
      "name": "boost",
      "slug": "boost",
      "uri": "https://api.sketchfab.com/v3/tags/boost"
    },
    {
      "name": "sanic",
      "slug": "sanic",
      "uri": "https://api.sketchfab.com/v3/tags/sanic"
    },
    {
      "name": "gofast",
      "slug": "gofast",
      "uri": "https://api.sketchfab.com/v3/tags/gofast"
    },
    {
      "name": "supersonic",
      "slug": "supersonic",
      "uri": "https://api.sketchfab.com/v3/tags/supersonic"
    },
    {
      "name": "cool",
      "slug": "cool",
      "uri": "https://api.sketchfab.com/v3/tags/cool"
    },
    {
      "name": "blue",
      "slug": "blue",
      "uri": "https://api.sketchfab.com/v3/tags/blue"
    },
    {
      "name": "funny",
      "slug": "funny",
      "uri": "https://api.sketchfab.com/v3/tags/funny"
    },
    {
      "name": "moviesonic",
      "slug": "moviesonic",
      "uri": "https://api.sketchfab.com/v3/tags/moviesonic"
    },
    {
      "name": "sonic_movie",
      "slug": "sonic_movie",
      "uri": "https://api.sketchfab.com/v3/tags/sonic_movie"
    },
    {
      "name": "sonic_classic",
      "slug": "sonic_classic",
      "uri": "https://api.sketchfab.com/v3/tags/sonic_classic"
    },
    {
      "name": "classic_sonic",
      "slug": "classic_sonic",
      "uri": "https://api.sketchfab.com/v3/tags/classic_sonic"
    },
    {
      "name": "new_sonic_desing",
      "slug": "new_sonic_desing",
      "uri": "https://api.sketchfab.com/v3/tags/new_sonic_desing"
    }
  ],
  "categories": [],
  "thumbnails": {
    "images": [
      {
        "uid": "91f56e43f2a0408e8e90b490d0b3e24a",
        "size": 364863,
        "width": 1920,
        "url": "https://media.sketchfab.com/models/833efd19a62f4bfea4bea2d6ef1002be/thumbnails/e59c6a7949b14f2191e86a868ba29f13/8ea09eb5d247434196301950fbd88487.jpeg",
        "height": 1080
      },
      {
        "uid": "c94a627e8b7d44d4b358195d41524bd9",
        "size": 43999,
        "width": 1024,
        "url": "https://media.sketchfab.com/models/833efd19a62f4bfea4bea2d6ef1002be/thumbnails/e59c6a7949b14f2191e86a868ba29f13/819f399ade534e7f8ad05e24554bcaae.jpeg",
        "height": 576
      },
      {
        "uid": "a41cea05c17d42da9b653f69ef0338b6",
        "size": 21335,
        "width": 720,
        "url": "https://media.sketchfab.com/models/833efd19a62f4bfea4bea2d6ef1002be/thumbnails/e59c6a7949b14f2191e86a868ba29f13/f2551dfce8ff43acb6c834a93c4e4553.jpeg",
        "height": 405
      },
      {
        "uid": "63db320605844cb9adc384edce1f722f",
        "size": 4112,
        "width": 256,
        "url": "https://media.sketchfab.com/models/833efd19a62f4bfea4bea2d6ef1002be/thumbnails/e59c6a7949b14f2191e86a868ba29f13/670783fc92ab4ecba3fd171af6d154e6.jpeg",
        "height": 144
      },
      {
        "uid": "a581f76a1aa446c0b5728a327a8585c1",
        "size": 854,
        "width": 64,
        "url": "https://media.sketchfab.com/models/833efd19a62f4bfea4bea2d6ef1002be/thumbnails/e59c6a7949b14f2191e86a868ba29f13/4a83dfde730c481586ae9f774cccba45.jpeg",
        "height": 36
      }
    ]
  },
  "user": {
    "uid": "f5c851dbb5104bf7961c013eec907303",
    "username": "dpidominicana",
    "displayName": "up or die :v",
    "profileUrl": "https://sketchfab.com/dpidominicana",
    "account": "basic",
    "avatar": {
      "uri": "https://api.sketchfab.com/v3/avatars/3ef1bd11d3eb4b57a0b353e8f2e5fc3e",
      "images": [
        {
          "size": 680,
          "width": 32,
          "url": "https://media.sketchfab.com/avatars/3ef1bd11d3eb4b57a0b353e8f2e5fc3e/116042a0854e40538adab302b593683d.jpeg",
          "height": 32
        },
        {
          "size": 1253,
          "width": 48,
          "url": "https://media.sketchfab.com/avatars/3ef1bd11d3eb4b57a0b353e8f2e5fc3e/efea16be51d04eb7a00cb9ea0b43b87f.jpeg",
          "height": 48
        },
        {
          "size": 2797,
          "width": 90,
          "url": "https://media.sketchfab.com/avatars/3ef1bd11d3eb4b57a0b353e8f2e5fc3e/ac9b469ccec74caf923a81fb2f0be3ed.jpeg",
          "height": 90
        },
        {
          "size": 3215,
          "width": 100,
          "url": "https://media.sketchfab.com/avatars/3ef1bd11d3eb4b57a0b353e8f2e5fc3e/a075e1d43d2f446c949b5967b470c757.jpeg",
          "height": 100
        }
      ]
    },
    "uri": "https://api.sketchfab.com/v3/users/f5c851dbb5104bf7961c013eec907303"
  },
  "description": "funny dancing movie sonic\nModel by:Sssmokin_3d",
  "faceCount": 19676,
  "createdAt": "2020-02-12T19:43:15.143501",
  "vertexCount": 11743,
  "isAgeRestricted": false,
  "archives": {
    "glb": {
      "textureCount": 4,
      "size": 2155324,
      "type": "glb",
      "textureMaxResolution": 1024,
      "faceCount": 19676,
      "vertexCount": 12930
    },
    "gltf": {
      "textureCount": 4,
      "size": 1461937,
      "type": "gltf",
      "textureMaxResolution": 1024,
      "faceCount": 19676,
      "vertexCount": 12930
    },
    "source": {
      "textureCount": null,
      "size": 3632706,
      "type": "source",
      "textureMaxResolution": null,
      "faceCount": null,
      "vertexCount": null
    },
    "usdz": {
      "textureCount": null,
      "size": 1811144,
      "type": "usdz",
      "textureMaxResolution": null,
      "faceCount": null,
      "vertexCount": null
    }
  },
  "license": "by"
}