{
  "uri": "https://api.sketchfab.com/v3/models/833f2fb0fa224c1787831542ed60be57",
  "uid": "833f2fb0fa224c1787831542ed60be57",
  "name": "Low poly Grenade",
  "staffpickedAt": null,
  "viewCount": 24,
  "likeCount": 0,
  "animationCount": 0,
  "viewerUrl": "https://sketchfab.com/3d-models/833f2fb0fa224c1787831542ed60be57",
  "embedUrl": "https://sketchfab.com/models/833f2fb0fa224c1787831542ed60be57/embed",
  "commentCount": 0,
  "isDownloadable": true,
  "publishedAt": "2020-11-12T08:39:35.605432",
  "tags": [
    {
      "name": "grenade",
      "slug": "grenade",
      "uri": "https://api.sketchfab.com/v3/tags/grenade"
    },
    {
      "name": "wepon",
      "slug": "wepon",
      "uri": "https://api.sketchfab.com/v3/tags/wepon"
    },
    {
      "name": "sci-fi",
      "slug": "sci-fi",
      "uri": "https://api.sketchfab.com/v3/tags/sci-fi"
    }
  ],
  "categories": [
    {
      "name": "weapons-military"
    }
  ],
  "thumbnails": {
    "images": [
      {
        "uid": "0398f0b5126f47f3b443a13063203ed7",
        "size": 25739,
        "width": 1920,
        "url": "https://media.sketchfab.com/models/833f2fb0fa224c1787831542ed60be57/thumbnails/d612992744b64f708f226a6fb92a8f8d/39237b1ed4fe49a8b9594b5be58c317e.jpeg",
        "height": 1080
      },
      {
        "uid": "fc1be73797e44f8293b76282ba534c9c",
        "size": 8681,
        "width": 1024,
        "url": "https://media.sketchfab.com/models/833f2fb0fa224c1787831542ed60be57/thumbnails/d612992744b64f708f226a6fb92a8f8d/d71f9fbb4dbd47e6bacc074436363015.jpeg",
        "height": 576
      },
      {
        "uid": "9e1cfefe0aa34e50b02093bac44fefad",
        "size": 4832,
        "width": 720,
        "url": "https://media.sketchfab.com/models/833f2fb0fa224c1787831542ed60be57/thumbnails/d612992744b64f708f226a6fb92a8f8d/aded75391adf414293936048fb13db0f.jpeg",
        "height": 405
      },
      {
        "uid": "c7dec5718f284056a22344912f0d32db",
        "size": 1294,
        "width": 256,
        "url": "https://media.sketchfab.com/models/833f2fb0fa224c1787831542ed60be57/thumbnails/d612992744b64f708f226a6fb92a8f8d/40f99ff4725f48b0b0d3b4eb42ee24a3.jpeg",
        "height": 144
      },
      {
        "uid": "20c7eaea80b347929f1a3db312f400b6",
        "size": 484,
        "width": 64,
        "url": "https://media.sketchfab.com/models/833f2fb0fa224c1787831542ed60be57/thumbnails/d612992744b64f708f226a6fb92a8f8d/23d1b9bafa7741169c53b96fa9cc4149.jpeg",
        "height": 36
      }
    ]
  },
  "user": {
    "uid": "056110acd9a547b6bccf443132faae64",
    "username": "ghost_burg",
    "displayName": "M S Harikumar",
    "profileUrl": "https://sketchfab.com/ghost_burg",
    "account": "basic",
    "avatar": {
      "uri": "https://api.sketchfab.com/v3/avatars/4d86388fe75a47eebe24a67328fbf7da",
      "images": [
        {
          "size": 1136,
          "width": 32,
          "url": "https://media.sketchfab.com/avatars/4d86388fe75a47eebe24a67328fbf7da/09cc008357c44984931019b2fb650748.jpeg",
          "height": 32
        },
        {
          "size": 1594,
          "width": 48,
          "url": "https://media.sketchfab.com/avatars/4d86388fe75a47eebe24a67328fbf7da/284e5885ee0d4169b2f91b1851041673.jpeg",
          "height": 48
        },
        {
          "size": 3250,
          "width": 90,
          "url": "https://media.sketchfab.com/avatars/4d86388fe75a47eebe24a67328fbf7da/a58f02be203a4937a9d1f91a83086a90.jpeg",
          "height": 90
        },
        {
          "size": 3729,
          "width": 100,
          "url": "https://media.sketchfab.com/avatars/4d86388fe75a47eebe24a67328fbf7da/722fb6faf60c4cd1834e100a35cc1ca5.jpeg",
          "height": 100
        }
      ]
    },
    "uri": "https://api.sketchfab.com/v3/users/056110acd9a547b6bccf443132faae64"
  },
  "description": "This is a low poly Grenade for Sci fi games",
  "faceCount": 71658,
  "createdAt": "2020-11-12T08:33:51.844629",
  "vertexCount": 36215,
  "isAgeRestricted": false,
  "archives": {
    "glb": {
      "textureCount": 0,
      "size": 2272968,
      "type": "glb",
      "textureMaxResolution": 0,
      "faceCount": 71154,
      "vertexCount": 44028
    },
    "gltf": {
      "textureCount": 0,
      "size": 1001169,
      "type": "gltf",
      "textureMaxResolution": 0,
      "faceCount": 71154,
      "vertexCount": 44028
    },
    "source": {
      "textureCount": null,
      "size": 1886180,
      "type": "source",
      "textureMaxResolution": null,
      "faceCount": null,
      "vertexCount": null
    },
    "usdz": {
      "textureCount": null,
      "size": 1186751,
      "type": "usdz",
      "textureMaxResolution": null,
      "faceCount": null,
      "vertexCount": null
    }
  },
  "license": "by"
}