{
  "uri": "https://api.sketchfab.com/v3/models/8345e279ccee4a9ba687ba5b1659d8c3",
  "uid": "8345e279ccee4a9ba687ba5b1659d8c3",
  "name": "12240B",
  "staffpickedAt": null,
  "viewCount": 0,
  "likeCount": 0,
  "animationCount": 0,
  "viewerUrl": "https://sketchfab.com/3d-models/8345e279ccee4a9ba687ba5b1659d8c3",
  "embedUrl": "https://sketchfab.com/models/8345e279ccee4a9ba687ba5b1659d8c3/embed",
  "commentCount": 0,
  "isDownloadable": true,
  "publishedAt": "2020-08-19T22:48:47.410438",
  "tags": [],
  "categories": [],
  "thumbnails": {
    "images": [
      {
        "uid": "7b40db44527c4be6bb68cbd7c693def2",
        "size": 73385,
        "width": 1920,
        "url": "https://media.sketchfab.com/models/8345e279ccee4a9ba687ba5b1659d8c3/thumbnails/b143ab69424c4dcc8d2fa4ff84936290/4f09306681f64677bc9c8ccd2fb2482f.jpeg",
        "height": 1080
      },
      {
        "uid": "5f573ce9cda840ddb9ec63ccab428d52",
        "size": 27074,
        "width": 1024,
        "url": "https://media.sketchfab.com/models/8345e279ccee4a9ba687ba5b1659d8c3/thumbnails/b143ab69424c4dcc8d2fa4ff84936290/007afd539b38413ea4de0b4e494a57f4.jpeg",
        "height": 576
      },
      {
        "uid": "dd64d2322f044bab9c5b682d61b9982c",
        "size": 15265,
        "width": 720,
        "url": "https://media.sketchfab.com/models/8345e279ccee4a9ba687ba5b1659d8c3/thumbnails/b143ab69424c4dcc8d2fa4ff84936290/79bca811cd95416ea8617f81defac9f1.jpeg",
        "height": 405
      },
      {
        "uid": "736fcc023d7c4695b4863d7fc7655df1",
        "size": 2834,
        "width": 256,
        "url": "https://media.sketchfab.com/models/8345e279ccee4a9ba687ba5b1659d8c3/thumbnails/b143ab69424c4dcc8d2fa4ff84936290/6565001793c145cfb7371a03de2c6237.jpeg",
        "height": 144
      },
      {
        "uid": "a44fad5b493b45c79af3e9fbed60b8e1",
        "size": 660,
        "width": 64,
        "url": "https://media.sketchfab.com/models/8345e279ccee4a9ba687ba5b1659d8c3/thumbnails/b143ab69424c4dcc8d2fa4ff84936290/b7b59928372e4d729cec6e573b8223c4.jpeg",
        "height": 36
      }
    ]
  },
  "user": {
    "uid": "e291eade7e7249f3bc16a23c487a98d8",
    "username": "cmumford",
    "displayName": "cmumford",
    "profileUrl": "https://sketchfab.com/cmumford",
    "account": "basic",
    "avatar": {
      "uri": "https://api.sketchfab.com/v3/avatars/78fa317e46024a5283765aa34df5e508",
      "images": [
        {
          "size": 6421,
          "width": 100,
          "url": "https://media.sketchfab.com/avatars/78fa317e46024a5283765aa34df5e508/aec92fe9a74e499c98d759362cd7f02f.jpeg",
          "height": 100
        },
        {
          "size": 2518,
          "width": 48,
          "url": "https://media.sketchfab.com/avatars/78fa317e46024a5283765aa34df5e508/17fa177ffaa344a2b2fc8e78efd40fbb.jpeg",
          "height": 48
        },
        {
          "size": 5653,
          "width": 90,
          "url": "https://media.sketchfab.com/avatars/78fa317e46024a5283765aa34df5e508/02162695bdc840faa3bcb2d418309c5e.jpeg",
          "height": 90
        },
        {
          "size": 1350,
          "width": 32,
          "url": "https://media.sketchfab.com/avatars/78fa317e46024a5283765aa34df5e508/6fde876cbded4cd48d36a76029e3aa02.jpeg",
          "height": 32
        }
      ]
    },
    "uri": "https://api.sketchfab.com/v3/users/e291eade7e7249f3bc16a23c487a98d8"
  },
  "description": "",
  "faceCount": 18328,
  "createdAt": "2020-08-19T22:44:27.540834",
  "vertexCount": 18176,
  "isAgeRestricted": false,
  "archives": {
    "glb": {
      "textureCount": 0,
      "size": 3258992,
      "type": "glb",
      "textureMaxResolution": 0,
      "faceCount": 13085,
      "vertexCount": 29719
    },
    "gltf": {
      "textureCount": 0,
      "size": 207877,
      "type": "gltf",
      "textureMaxResolution": 0,
      "faceCount": 13085,
      "vertexCount": 29719
    },
    "source": {
      "textureCount": null,
      "size": 752616,
      "type": "source",
      "textureMaxResolution": null,
      "faceCount": null,
      "vertexCount": null
    },
    "usdz": {
      "textureCount": null,
      "size": 330498,
      "type": "usdz",
      "textureMaxResolution": null,
      "faceCount": null,
      "vertexCount": null
    }
  },
  "license": "by"
}