{
  "uri": "https://api.sketchfab.com/v3/models/8345c3f154f641308be686dd5ae5099e",
  "uid": "8345c3f154f641308be686dd5ae5099e",
  "name": "Lowpoly Fighter Cowboy",
  "staffpickedAt": null,
  "viewCount": 254,
  "likeCount": 2,
  "animationCount": 1,
  "viewerUrl": "https://sketchfab.com/3d-models/8345c3f154f641308be686dd5ae5099e",
  "embedUrl": "https://sketchfab.com/models/8345c3f154f641308be686dd5ae5099e/embed",
  "commentCount": 0,
  "isDownloadable": true,
  "publishedAt": "2019-09-24T04:57:57.133950",
  "tags": [
    {
      "name": "low-poly-blender",
      "slug": "low-poly-blender",
      "uri": "https://api.sketchfab.com/v3/tags/low-poly-blender"
    },
    {
      "name": "low-poly-character",
      "slug": "low-poly-character",
      "uri": "https://api.sketchfab.com/v3/tags/low-poly-character"
    },
    {
      "name": "character",
      "slug": "character",
      "uri": "https://api.sketchfab.com/v3/tags/character"
    }
  ],
  "categories": [
    {
      "name": "art-abstract"
    },
    {
      "name": "characters-creatures"
    }
  ],
  "thumbnails": {
    "images": [
      {
        "uid": "66e3242a0e8b487cb171a360903c0f4e",
        "size": 45966,
        "width": 1920,
        "url": "https://media.sketchfab.com/models/8345c3f154f641308be686dd5ae5099e/thumbnails/0a9d5b952d0d40aab13088495c3ee6dc/ff7bec8e102b411b891b5f57eddb1b46.jpeg",
        "height": 1080
      },
      {
        "uid": "2f347eb7d1c54bed8ee10695392b4446",
        "size": 17502,
        "width": 1024,
        "url": "https://media.sketchfab.com/models/8345c3f154f641308be686dd5ae5099e/thumbnails/0a9d5b952d0d40aab13088495c3ee6dc/5df7a54fdd4b402587e61dbf490eb071.jpeg",
        "height": 576
      },
      {
        "uid": "b7c409b8401b498aafe3cd513c7b74ad",
        "size": 11081,
        "width": 720,
        "url": "https://media.sketchfab.com/models/8345c3f154f641308be686dd5ae5099e/thumbnails/0a9d5b952d0d40aab13088495c3ee6dc/e666cc1e00254b39b5fba21432494aca.jpeg",
        "height": 405
      },
      {
        "uid": "5b0922df9ca348adb737de6e03bb74e4",
        "size": 2834,
        "width": 256,
        "url": "https://media.sketchfab.com/models/8345c3f154f641308be686dd5ae5099e/thumbnails/0a9d5b952d0d40aab13088495c3ee6dc/931a880f9baa46f9b9d472a599a448ce.jpeg",
        "height": 144
      },
      {
        "uid": "fe2a89647e634214b64a9dec7c740df1",
        "size": 650,
        "width": 64,
        "url": "https://media.sketchfab.com/models/8345c3f154f641308be686dd5ae5099e/thumbnails/0a9d5b952d0d40aab13088495c3ee6dc/896920a702be4c379de9a9609c3078a7.jpeg",
        "height": 36
      }
    ]
  },
  "user": {
    "uid": "36944fd30ca84c3ead369513bc017b91",
    "username": "Gildevan.Dias",
    "displayName": "Gildevan.Dias",
    "profileUrl": "https://sketchfab.com/Gildevan.Dias",
    "account": "basic",
    "avatar": {
      "uri": "https://api.sketchfab.com/v3/avatars/cb2725934c4046138e1fa999c0e654fd",
      "images": [
        {
          "size": 608,
          "width": 32,
          "url": "https://media.sketchfab.com/avatars/cb2725934c4046138e1fa999c0e654fd/136a566036cc49848baeb72b0210baff.jpeg",
          "height": 32
        },
        {
          "size": 879,
          "width": 48,
          "url": "https://media.sketchfab.com/avatars/cb2725934c4046138e1fa999c0e654fd/9434369097444dbfabec71c16c2ce2dc.jpeg",
          "height": 48
        },
        {
          "size": 1926,
          "width": 90,
          "url": "https://media.sketchfab.com/avatars/cb2725934c4046138e1fa999c0e654fd/c82a92630e704c8a99d92bafe69b1e28.jpeg",
          "height": 90
        },
        {
          "size": 2252,
          "width": 100,
          "url": "https://media.sketchfab.com/avatars/cb2725934c4046138e1fa999c0e654fd/f62ac300bb3a438e9cb2ccc7df381a50.jpeg",
          "height": 100
        }
      ]
    },
    "uri": "https://api.sketchfab.com/v3/users/36944fd30ca84c3ead369513bc017b91"
  },
  "description": "",
  "faceCount": 1248,
  "createdAt": "2019-09-24T04:53:18.925684",
  "vertexCount": 628,
  "isAgeRestricted": false,
  "archives": {
    "glb": {
      "textureCount": 1,
      "size": 191424,
      "type": "glb",
      "textureMaxResolution": 1024,
      "faceCount": 1248,
      "vertexCount": 2467
    },
    "gltf": {
      "textureCount": 1,
      "size": 54953,
      "type": "gltf",
      "textureMaxResolution": 1024,
      "faceCount": 1248,
      "vertexCount": 2467
    },
    "source": {
      "textureCount": null,
      "size": 805882,
      "type": "source",
      "textureMaxResolution": null,
      "faceCount": null,
      "vertexCount": null
    },
    "usdz": {
      "textureCount": null,
      "size": 224483,
      "type": "usdz",
      "textureMaxResolution": null,
      "faceCount": null,
      "vertexCount": null
    }
  },
  "license": "by"
}