{
  "uri": "https://api.sketchfab.com/v3/models/83483a66f8974d7e8f2e7bbde518d606",
  "uid": "83483a66f8974d7e8f2e7bbde518d606",
  "name": "Solar Panel",
  "staffpickedAt": null,
  "viewCount": 1644,
  "likeCount": 26,
  "animationCount": 0,
  "viewerUrl": "https://sketchfab.com/3d-models/83483a66f8974d7e8f2e7bbde518d606",
  "embedUrl": "https://sketchfab.com/models/83483a66f8974d7e8f2e7bbde518d606/embed",
  "commentCount": 5,
  "isDownloadable": true,
  "publishedAt": "2021-07-06T17:18:20.215791",
  "tags": [
    {
      "name": "3dart",
      "slug": "3dart",
      "uri": "https://api.sketchfab.com/v3/tags/3dart"
    },
    {
      "name": "worn",
      "slug": "worn",
      "uri": "https://api.sketchfab.com/v3/tags/worn"
    },
    {
      "name": "dirty",
      "slug": "dirty",
      "uri": "https://api.sketchfab.com/v3/tags/dirty"
    },
    {
      "name": "metal",
      "slug": "metal",
      "uri": "https://api.sketchfab.com/v3/tags/metal"
    },
    {
      "name": "solarpanel",
      "slug": "solarpanel",
      "uri": "https://api.sketchfab.com/v3/tags/solarpanel"
    },
    {
      "name": "3dasset",
      "slug": "3dasset",
      "uri": "https://api.sketchfab.com/v3/tags/3dasset"
    },
    {
      "name": "substancepainter",
      "slug": "substancepainter",
      "uri": "https://api.sketchfab.com/v3/tags/substancepainter"
    },
    {
      "name": "substance",
      "slug": "substance",
      "uri": "https://api.sketchfab.com/v3/tags/substance"
    },
    {
      "name": "3dmodel",
      "slug": "3dmodel",
      "uri": "https://api.sketchfab.com/v3/tags/3dmodel"
    },
    {
      "name": "electric",
      "slug": "electric",
      "uri": "https://api.sketchfab.com/v3/tags/electric"
    }
  ],
  "categories": [
    {
      "name": "art-abstract"
    },
    {
      "name": "science-technology"
    }
  ],
  "thumbnails": {
    "images": [
      {
        "uid": "1289c6694b8346dc8deb8e88a1433efe",
        "size": 381612,
        "width": 1920,
        "url": "https://media.sketchfab.com/models/83483a66f8974d7e8f2e7bbde518d606/thumbnails/30f08ea0e9184a9382e28012fa6e773e/c587ed3c49724260a3fb869204915056.jpeg",
        "height": 1080
      },
      {
        "uid": "8b0906098f924477831381a3649af0dd",
        "size": 105126,
        "width": 1024,
        "url": "https://media.sketchfab.com/models/83483a66f8974d7e8f2e7bbde518d606/thumbnails/30f08ea0e9184a9382e28012fa6e773e/6abbf027224b435aa3d91595f69cb133.jpeg",
        "height": 576
      },
      {
        "uid": "88878a0647174d8e9781a466e0cdf2c5",
        "size": 53882,
        "width": 720,
        "url": "https://media.sketchfab.com/models/83483a66f8974d7e8f2e7bbde518d606/thumbnails/30f08ea0e9184a9382e28012fa6e773e/94e184fcb9614270a4c7f9eaa1cc2524.jpeg",
        "height": 405
      },
      {
        "uid": "883f52197b29419da893eea53568580c",
        "size": 7788,
        "width": 256,
        "url": "https://media.sketchfab.com/models/83483a66f8974d7e8f2e7bbde518d606/thumbnails/30f08ea0e9184a9382e28012fa6e773e/9ebcd3d6fedc4ef38b14b463d427cf7f.jpeg",
        "height": 144
      },
      {
        "uid": "0ddaff67a7eb46a29378269ffdd03ba4",
        "size": 1326,
        "width": 64,
        "url": "https://media.sketchfab.com/models/83483a66f8974d7e8f2e7bbde518d606/thumbnails/30f08ea0e9184a9382e28012fa6e773e/90b9ce223d394729996b3717fa49f791.jpeg",
        "height": 36
      }
    ]
  },
  "user": {
    "uid": "e7b87eff35e54dbca33a4e8de4866039",
    "username": "rivetech",
    "displayName": "Harri Snellman",
    "profileUrl": "https://sketchfab.com/rivetech",
    "account": "basic",
    "avatar": {
      "uri": "https://api.sketchfab.com/v3/avatars/e8928d166d934759bb1ac408f64f018b",
      "images": [
        {
          "size": 669,
          "width": 32,
          "url": "https://media.sketchfab.com/avatars/e8928d166d934759bb1ac408f64f018b/38189ebd48d44ec0a30674f536e5024d.jpeg",
          "height": 32
        },
        {
          "size": 1015,
          "width": 48,
          "url": "https://media.sketchfab.com/avatars/e8928d166d934759bb1ac408f64f018b/a95daefab971466db9fb4309bf842a1d.jpeg",
          "height": 48
        },
        {
          "size": 2082,
          "width": 90,
          "url": "https://media.sketchfab.com/avatars/e8928d166d934759bb1ac408f64f018b/1de120fa80734129b41f51969416c7a6.jpeg",
          "height": 90
        },
        {
          "size": 2408,
          "width": 100,
          "url": "https://media.sketchfab.com/avatars/e8928d166d934759bb1ac408f64f018b/9d62c8d9618b4b3b9676bb1581684dc8.jpeg",
          "height": 100
        }
      ]
    },
    "uri": "https://api.sketchfab.com/v3/users/e7b87eff35e54dbca33a4e8de4866039"
  },
  "description": "Solar panel on a stand. Free to download and use in your projects.\n\nIf you like the model, consider leaving a like and follow for more free content to come.",
  "faceCount": 1854,
  "createdAt": "2021-07-06T17:06:22.197182",
  "vertexCount": 964,
  "isAgeRestricted": false,
  "archives": {
    "glb": {
      "textureCount": 3,
      "size": 7270084,
      "type": "glb",
      "textureMaxResolution": 2048,
      "faceCount": 1854,
      "vertexCount": 1736
    },
    "gltf": {
      "textureCount": 3,
      "size": 7205438,
      "type": "gltf",
      "textureMaxResolution": 2048,
      "faceCount": 1854,
      "vertexCount": 1736
    },
    "source": {
      "textureCount": null,
      "size": 8984876,
      "type": "source",
      "textureMaxResolution": null,
      "faceCount": null,
      "vertexCount": null
    },
    "usdz": {
      "textureCount": null,
      "size": 2371027,
      "type": "usdz",
      "textureMaxResolution": null,
      "faceCount": null,
      "vertexCount": null
    }
  },
  "license": "by"
}