{
  "uri": "https://api.sketchfab.com/v3/models/83489a6d4016439595004482bf29b17c",
  "uid": "83489a6d4016439595004482bf29b17c",
  "name": "Byt",
  "staffpickedAt": null,
  "viewCount": 10,
  "likeCount": 0,
  "animationCount": 0,
  "viewerUrl": "https://sketchfab.com/3d-models/83489a6d4016439595004482bf29b17c",
  "embedUrl": "https://sketchfab.com/models/83489a6d4016439595004482bf29b17c/embed",
  "commentCount": 0,
  "isDownloadable": true,
  "publishedAt": "2022-08-31T21:03:02.934889",
  "tags": [
    {
      "name": "polycam",
      "slug": "polycam",
      "uri": "https://api.sketchfab.com/v3/tags/polycam"
    }
  ],
  "categories": [],
  "thumbnails": {
    "images": [
      {
        "uid": "7cc3693a8fc341bcadeba984c3dbdb3a",
        "size": 87432,
        "width": 1920,
        "url": "https://media.sketchfab.com/models/83489a6d4016439595004482bf29b17c/thumbnails/48723bb3a72e4f76b01e177cb9b1611f/7ed573ba870c46a1a4db44a1aea024f0.jpeg",
        "height": 1080
      },
      {
        "uid": "71bdb7c4d5d04ea5803b0eb948a0a742",
        "size": 29154,
        "width": 1024,
        "url": "https://media.sketchfab.com/models/83489a6d4016439595004482bf29b17c/thumbnails/48723bb3a72e4f76b01e177cb9b1611f/ae87cc4658b541688379f299b403893a.jpeg",
        "height": 576
      },
      {
        "uid": "bfa2f576434b42c2a2bf90486e978aeb",
        "size": 16969,
        "width": 720,
        "url": "https://media.sketchfab.com/models/83489a6d4016439595004482bf29b17c/thumbnails/48723bb3a72e4f76b01e177cb9b1611f/2c178cd0aeb44703aaee679795c9f28f.jpeg",
        "height": 405
      },
      {
        "uid": "cb22bb300b3544e5b2ba44e405418283",
        "size": 3608,
        "width": 256,
        "url": "https://media.sketchfab.com/models/83489a6d4016439595004482bf29b17c/thumbnails/48723bb3a72e4f76b01e177cb9b1611f/0ef2e841d2af4d94a163171618bc1f27.jpeg",
        "height": 144
      },
      {
        "uid": "549e496b63604b8fb3ee471f1764f104",
        "size": 997,
        "width": 64,
        "url": "https://media.sketchfab.com/models/83489a6d4016439595004482bf29b17c/thumbnails/48723bb3a72e4f76b01e177cb9b1611f/44abceec53c64cdc943ce19c0fb60e85.jpeg",
        "height": 36
      }
    ]
  },
  "user": {
    "uid": "9544509b7f0f48c694ea74b9086753e2",
    "username": "Libitu",
    "displayName": "Libitu",
    "profileUrl": "https://sketchfab.com/Libitu",
    "account": "basic",
    "avatar": {
      "uri": "https://api.sketchfab.com/v3/avatars/78fa317e46024a5283765aa34df5e508",
      "images": [
        {
          "size": 6421,
          "width": 100,
          "url": "https://media.sketchfab.com/avatars/78fa317e46024a5283765aa34df5e508/aec92fe9a74e499c98d759362cd7f02f.jpeg",
          "height": 100
        },
        {
          "size": 2518,
          "width": 48,
          "url": "https://media.sketchfab.com/avatars/78fa317e46024a5283765aa34df5e508/17fa177ffaa344a2b2fc8e78efd40fbb.jpeg",
          "height": 48
        },
        {
          "size": 5653,
          "width": 90,
          "url": "https://media.sketchfab.com/avatars/78fa317e46024a5283765aa34df5e508/02162695bdc840faa3bcb2d418309c5e.jpeg",
          "height": 90
        },
        {
          "size": 1350,
          "width": 32,
          "url": "https://media.sketchfab.com/avatars/78fa317e46024a5283765aa34df5e508/6fde876cbded4cd48d36a76029e3aa02.jpeg",
          "height": 32
        }
      ]
    },
    "uri": "https://api.sketchfab.com/v3/users/9544509b7f0f48c694ea74b9086753e2"
  },
  "description": "Uh\n\nCreated with Polycam",
  "faceCount": 395123,
  "createdAt": "2022-08-31T20:43:44.495252",
  "vertexCount": 226555,
  "isAgeRestricted": false,
  "archives": {
    "glb": {
      "textureCount": 7,
      "size": 58497880,
      "type": "glb",
      "textureMaxResolution": 8192,
      "faceCount": 395123,
      "vertexCount": 253521
    },
    "gltf": {
      "textureCount": 7,
      "size": 52130647,
      "type": "gltf",
      "textureMaxResolution": 8192,
      "faceCount": 395123,
      "vertexCount": 253521
    },
    "source": {
      "textureCount": null,
      "size": 104687378,
      "type": "source",
      "textureMaxResolution": null,
      "faceCount": null,
      "vertexCount": null
    },
    "usdz": {
      "textureCount": null,
      "size": 12114277,
      "type": "usdz",
      "textureMaxResolution": null,
      "faceCount": null,
      "vertexCount": null
    }
  },
  "license": "by-nc-sa"
}