{
  "uri": "https://api.sketchfab.com/v3/models/834922a9053c4e69aa98b2e0f37bc4d2",
  "uid": "834922a9053c4e69aa98b2e0f37bc4d2",
  "name": "Sarah Andersen",
  "staffpickedAt": null,
  "viewCount": 84,
  "likeCount": 1,
  "animationCount": 0,
  "viewerUrl": "https://sketchfab.com/3d-models/834922a9053c4e69aa98b2e0f37bc4d2",
  "embedUrl": "https://sketchfab.com/models/834922a9053c4e69aa98b2e0f37bc4d2/embed",
  "commentCount": 0,
  "isDownloadable": true,
  "publishedAt": "2015-07-27T04:58:23",
  "tags": [
    {
      "name": "sarah",
      "slug": "sarah",
      "uri": "https://api.sketchfab.com/v3/tags/sarah"
    },
    {
      "name": "andersen",
      "slug": "andersen",
      "uri": "https://api.sketchfab.com/v3/tags/andersen"
    }
  ],
  "categories": [],
  "thumbnails": {
    "images": [
      {
        "uid": "fcdee4dab91e4ccaa97245e6852233ba",
        "size": 7847,
        "width": 448,
        "url": "https://media.sketchfab.com/models/834922a9053c4e69aa98b2e0f37bc4d2/thumbnails/77faf8e447c740389d534b49748a2209/448.jpeg",
        "height": 252
      },
      {
        "uid": "9b1980df218a42bcb08ea8333cc53b35",
        "size": 4784,
        "width": 200,
        "url": "https://media.sketchfab.com/models/834922a9053c4e69aa98b2e0f37bc4d2/thumbnails/77faf8e447c740389d534b49748a2209/200x200.jpeg",
        "height": 200
      },
      {
        "uid": "0d0e3c28ab7c4422b567a81e9c96d3b8",
        "size": 1967,
        "width": 100,
        "url": "https://media.sketchfab.com/models/834922a9053c4e69aa98b2e0f37bc4d2/thumbnails/77faf8e447c740389d534b49748a2209/100x100.jpeg",
        "height": 100
      },
      {
        "uid": "bf5fc38e496e4d8bb79f59ece0ab017e",
        "size": 923,
        "width": 50,
        "url": "https://media.sketchfab.com/models/834922a9053c4e69aa98b2e0f37bc4d2/thumbnails/77faf8e447c740389d534b49748a2209/50x50.jpeg",
        "height": 50
      },
      {
        "uid": "5417bff868024623a774531484dc1510",
        "size": 27439,
        "width": 1024,
        "url": "https://media.sketchfab.com/models/834922a9053c4e69aa98b2e0f37bc4d2/thumbnails/77faf8e447c740389d534b49748a2209/1024.jpeg",
        "height": 576
      },
      {
        "uid": "0803b473d96b40f691dc72ca8a5a7c5d",
        "size": 20400,
        "width": 854,
        "url": "https://media.sketchfab.com/models/834922a9053c4e69aa98b2e0f37bc4d2/thumbnails/77faf8e447c740389d534b49748a2209/854.jpeg",
        "height": 480
      },
      {
        "uid": "3780861d2f174a38abe4c15b801a26ad",
        "size": 13147,
        "width": 640,
        "url": "https://media.sketchfab.com/models/834922a9053c4e69aa98b2e0f37bc4d2/thumbnails/77faf8e447c740389d534b49748a2209/640.jpeg",
        "height": 360
      }
    ]
  },
  "user": {
    "uid": "5d7b7538ccb145e794b8872b9df98984",
    "username": "sondow1",
    "displayName": "sondow1",
    "profileUrl": "https://sketchfab.com/sondow1",
    "account": "basic",
    "avatar": {
      "uri": "https://api.sketchfab.com/v3/avatars/f8eb07cfe6074670b4980ea86b2a91ab",
      "images": [
        {
          "size": 2689,
          "width": 32,
          "url": "https://media.sketchfab.com/avatars/f8eb07cfe6074670b4980ea86b2a91ab/2b9b8c58bcf44fa8beed13d2a8432a5d.png",
          "height": 32
        },
        {
          "size": 4973,
          "width": 48,
          "url": "https://media.sketchfab.com/avatars/f8eb07cfe6074670b4980ea86b2a91ab/304fe4f8ca1946e59e1786efe5f95fff.png",
          "height": 48
        },
        {
          "size": 13437,
          "width": 90,
          "url": "https://media.sketchfab.com/avatars/f8eb07cfe6074670b4980ea86b2a91ab/6f51c1326f7d47a2b2e8d2af5938a71e.png",
          "height": 90
        },
        {
          "size": 15702,
          "width": 100,
          "url": "https://media.sketchfab.com/avatars/f8eb07cfe6074670b4980ea86b2a91ab/34acf7217e6a4df0b9af69ed8fc20bf7.png",
          "height": 100
        }
      ]
    },
    "uri": "https://api.sketchfab.com/v3/users/5d7b7538ccb145e794b8872b9df98984"
  },
  "description": "Is model of Sarah Andersen Character",
  "faceCount": 4570,
  "createdAt": "2015-07-27T04:58:19",
  "vertexCount": 4747,
  "isAgeRestricted": false,
  "archives": {
    "glb": {
      "textureCount": 0,
      "size": 256984,
      "type": "glb",
      "textureMaxResolution": 0,
      "faceCount": 9037,
      "vertexCount": 5023
    },
    "gltf": {
      "textureCount": 0,
      "size": 101718,
      "type": "gltf",
      "textureMaxResolution": 0,
      "faceCount": 9037,
      "vertexCount": 5023
    },
    "source": {
      "textureCount": null,
      "size": 386139,
      "type": "source",
      "textureMaxResolution": null,
      "faceCount": null,
      "vertexCount": null
    },
    "usdz": {
      "textureCount": null,
      "size": 145283,
      "type": "usdz",
      "textureMaxResolution": null,
      "faceCount": null,
      "vertexCount": null
    }
  },
  "license": "by"
}