{
  "uri": "https://api.sketchfab.com/v3/models/834b69b298934f9e8a1b143128ef89d7",
  "uid": "834b69b298934f9e8a1b143128ef89d7",
  "name": "12-28 3RD FLOOR PROPOSED 07192019",
  "staffpickedAt": null,
  "viewCount": 66,
  "likeCount": 1,
  "animationCount": 0,
  "viewerUrl": "https://sketchfab.com/3d-models/834b69b298934f9e8a1b143128ef89d7",
  "embedUrl": "https://sketchfab.com/models/834b69b298934f9e8a1b143128ef89d7/embed",
  "commentCount": 0,
  "isDownloadable": true,
  "publishedAt": "2019-07-19T20:12:20.005235",
  "tags": [],
  "categories": [],
  "thumbnails": {
    "images": [
      {
        "uid": "49d512922b624d07beec67f8ebd8bf8b",
        "size": 7298,
        "width": 256,
        "url": "https://media.sketchfab.com/models/834b69b298934f9e8a1b143128ef89d7/thumbnails/f53f666012a943e5ba1c5b8c4fe7a588/7321f47e82d14c1eab9263013443ae1c.jpeg",
        "height": 144
      },
      {
        "uid": "369061a925c0457997505238f4e05843",
        "size": 226860,
        "width": 1920,
        "url": "https://media.sketchfab.com/models/834b69b298934f9e8a1b143128ef89d7/thumbnails/f53f666012a943e5ba1c5b8c4fe7a588/4975ba70b8c6403494ac06fb483b2298.jpeg",
        "height": 1080
      },
      {
        "uid": "422bdc0eee3f4022897cf4a8da1f4a14",
        "size": 68501,
        "width": 1024,
        "url": "https://media.sketchfab.com/models/834b69b298934f9e8a1b143128ef89d7/thumbnails/f53f666012a943e5ba1c5b8c4fe7a588/9866c08090684632bdca5ea8b7e54945.jpeg",
        "height": 576
      },
      {
        "uid": "692415110c274f7e81d94c6db24269d1",
        "size": 37347,
        "width": 720,
        "url": "https://media.sketchfab.com/models/834b69b298934f9e8a1b143128ef89d7/thumbnails/f53f666012a943e5ba1c5b8c4fe7a588/546718e282a840c78c853db4eb2c1f74.jpeg",
        "height": 405
      },
      {
        "uid": "1554510d479e4291936b6322fd4ebb4b",
        "size": 1252,
        "width": 64,
        "url": "https://media.sketchfab.com/models/834b69b298934f9e8a1b143128ef89d7/thumbnails/f53f666012a943e5ba1c5b8c4fe7a588/9c3bb4bf2b5947d38e6f971e678a63b1.jpeg",
        "height": 36
      }
    ]
  },
  "user": {
    "uid": "f88d02d99f714edc9cdd48bac6195999",
    "username": "cadaxx",
    "displayName": "Cadaxx Design",
    "profileUrl": "https://sketchfab.com/cadaxx",
    "account": "basic",
    "avatar": {
      "uri": "https://api.sketchfab.com/v3/avatars/2ffe77d8e26343398544b2922ae9d6cc",
      "images": [
        {
          "size": 3028,
          "width": 100,
          "url": "https://media.sketchfab.com/avatars/2ffe77d8e26343398544b2922ae9d6cc/dd5b54f0474746fba954508e0eb2451e.jpeg",
          "height": 100
        },
        {
          "size": 2654,
          "width": 90,
          "url": "https://media.sketchfab.com/avatars/2ffe77d8e26343398544b2922ae9d6cc/a06b21da3d9e480385637ba202cf7338.jpeg",
          "height": 90
        },
        {
          "size": 1232,
          "width": 48,
          "url": "https://media.sketchfab.com/avatars/2ffe77d8e26343398544b2922ae9d6cc/b56f0aa784dd4dfe96c42497f0ddff4a.jpeg",
          "height": 48
        },
        {
          "size": 861,
          "width": 32,
          "url": "https://media.sketchfab.com/avatars/2ffe77d8e26343398544b2922ae9d6cc/969304796c1e463b9a37553bf49bae6e.jpeg",
          "height": 32
        }
      ]
    },
    "uri": "https://api.sketchfab.com/v3/users/f88d02d99f714edc9cdd48bac6195999"
  },
  "description": "",
  "faceCount": 81767,
  "createdAt": "2019-07-19T20:03:40.778120",
  "vertexCount": 47913,
  "isAgeRestricted": false,
  "archives": {
    "glb": {
      "textureCount": 10,
      "size": 12390168,
      "type": "glb",
      "textureMaxResolution": 2048,
      "faceCount": 80498,
      "vertexCount": 90172
    },
    "gltf": {
      "textureCount": 10,
      "size": 9553296,
      "type": "gltf",
      "textureMaxResolution": 2048,
      "faceCount": 80498,
      "vertexCount": 90172
    },
    "source": {
      "textureCount": null,
      "size": 25618940,
      "type": "source",
      "textureMaxResolution": null,
      "faceCount": null,
      "vertexCount": null
    },
    "usdz": {
      "textureCount": null,
      "size": 4142466,
      "type": "usdz",
      "textureMaxResolution": null,
      "faceCount": null,
      "vertexCount": null
    }
  },
  "license": "by"
}