{
  "uri": "https://api.sketchfab.com/v3/models/834b1c5e439d4e8b88a3bf53d41a5f31",
  "uid": "834b1c5e439d4e8b88a3bf53d41a5f31",
  "name": "Tool1",
  "staffpickedAt": null,
  "viewCount": 9,
  "likeCount": 0,
  "animationCount": 0,
  "viewerUrl": "https://sketchfab.com/3d-models/834b1c5e439d4e8b88a3bf53d41a5f31",
  "embedUrl": "https://sketchfab.com/models/834b1c5e439d4e8b88a3bf53d41a5f31/embed",
  "commentCount": 0,
  "isDownloadable": true,
  "publishedAt": "2021-01-08T20:23:01.084874",
  "tags": [],
  "categories": [],
  "thumbnails": {
    "images": [
      {
        "uid": "b7bb61038102416ca4b2189bae213b50",
        "size": 29480,
        "width": 1920,
        "url": "https://media.sketchfab.com/models/834b1c5e439d4e8b88a3bf53d41a5f31/thumbnails/db879f0ab81f44a09f20f4327abfe5e5/9ed91c5a42ea41d1a3d16d503a669a62.jpeg",
        "height": 1080
      },
      {
        "uid": "21b8b8ae5b7e420f99d180d0bbe6d46d",
        "size": 9645,
        "width": 1024,
        "url": "https://media.sketchfab.com/models/834b1c5e439d4e8b88a3bf53d41a5f31/thumbnails/db879f0ab81f44a09f20f4327abfe5e5/773f451c9a6d41299664c8cde9cf3c6d.jpeg",
        "height": 576
      },
      {
        "uid": "e6cdc34e064a4544849b3a88fe323e72",
        "size": 5708,
        "width": 720,
        "url": "https://media.sketchfab.com/models/834b1c5e439d4e8b88a3bf53d41a5f31/thumbnails/db879f0ab81f44a09f20f4327abfe5e5/6268dffa5655499dbe83bd35dedcec5d.jpeg",
        "height": 405
      },
      {
        "uid": "5d08be95cdbe462cb0e0b3060813735f",
        "size": 1365,
        "width": 256,
        "url": "https://media.sketchfab.com/models/834b1c5e439d4e8b88a3bf53d41a5f31/thumbnails/db879f0ab81f44a09f20f4327abfe5e5/29ef1d5bf02e4a829e175786d92460b8.jpeg",
        "height": 144
      },
      {
        "uid": "0a5df0e9c29e4bd1acd3641d3cfad71f",
        "size": 539,
        "width": 64,
        "url": "https://media.sketchfab.com/models/834b1c5e439d4e8b88a3bf53d41a5f31/thumbnails/db879f0ab81f44a09f20f4327abfe5e5/961b68e51a8a44968a5e622148e196ec.jpeg",
        "height": 36
      }
    ]
  },
  "user": {
    "uid": "2a79409b8426484b874a98184bdf07b2",
    "username": "GeneralKenobi",
    "displayName": "JoshBarlow",
    "profileUrl": "https://sketchfab.com/GeneralKenobi",
    "account": "basic",
    "avatar": {
      "uri": "https://api.sketchfab.com/v3/avatars/501e9a9c2f534decaa94aee546f91930",
      "images": [
        {
          "size": 664,
          "width": 32,
          "url": "https://media.sketchfab.com/avatars/501e9a9c2f534decaa94aee546f91930/e8a382d257714b9f9f7981a241f0ddf6.jpeg",
          "height": 32
        },
        {
          "size": 1037,
          "width": 48,
          "url": "https://media.sketchfab.com/avatars/501e9a9c2f534decaa94aee546f91930/166f33115b964094a8607f7c6332626d.jpeg",
          "height": 48
        },
        {
          "size": 2982,
          "width": 90,
          "url": "https://media.sketchfab.com/avatars/501e9a9c2f534decaa94aee546f91930/68436739c93e4595a1ac4e7098c86828.jpeg",
          "height": 90
        },
        {
          "size": 3584,
          "width": 100,
          "url": "https://media.sketchfab.com/avatars/501e9a9c2f534decaa94aee546f91930/6b7b542dcc5643c88ba1ec9866318fd7.jpeg",
          "height": 100
        }
      ]
    },
    "uri": "https://api.sketchfab.com/v3/users/2a79409b8426484b874a98184bdf07b2"
  },
  "description": "I decided to make tools for the sci fi specestation theme beuse it allows for some different designs rather than what a standard modern one would look like. This model involved a lot of extruing shapes with varied faces in different places to get the different heads of the tool. \n\nHere is my concept drawing. ![https://drive.google.com/file/d/1el8MdWzcmKJjGEiEyk2fg5IPaXV4GAdC/view?usp=sharing](http://)",
  "faceCount": 292,
  "createdAt": "2021-01-08T20:11:49.180923",
  "vertexCount": 227,
  "isAgeRestricted": false,
  "archives": {
    "glb": {
      "textureCount": 2,
      "size": 148144,
      "type": "glb",
      "textureMaxResolution": 1024,
      "faceCount": 242,
      "vertexCount": 368
    },
    "gltf": {
      "textureCount": 2,
      "size": 136975,
      "type": "gltf",
      "textureMaxResolution": 1024,
      "faceCount": 242,
      "vertexCount": 368
    },
    "source": {
      "textureCount": null,
      "size": 128866,
      "type": "source",
      "textureMaxResolution": null,
      "faceCount": null,
      "vertexCount": null
    },
    "usdz": {
      "textureCount": null,
      "size": 146091,
      "type": "usdz",
      "textureMaxResolution": null,
      "faceCount": null,
      "vertexCount": null
    }
  },
  "license": "by"
}