{
  "uri": "https://api.sketchfab.com/v3/models/834c891b393b439e94951a069103eb96",
  "uid": "834c891b393b439e94951a069103eb96",
  "name": "Visi BL",
  "staffpickedAt": null,
  "viewCount": 2,
  "likeCount": 0,
  "animationCount": 0,
  "viewerUrl": "https://sketchfab.com/3d-models/834c891b393b439e94951a069103eb96",
  "embedUrl": "https://sketchfab.com/models/834c891b393b439e94951a069103eb96/embed",
  "commentCount": 0,
  "isDownloadable": true,
  "publishedAt": "2019-11-14T08:54:46.162922",
  "tags": [],
  "categories": [],
  "thumbnails": {
    "images": [
      {
        "uid": "130a8f0f1d714e3c995844d25501fb4f",
        "size": 48593,
        "width": 1920,
        "url": "https://media.sketchfab.com/models/834c891b393b439e94951a069103eb96/thumbnails/3f645123b6184beda64d17e79aa386f5/d907e2417a544dbb92a080d34db34c45.jpeg",
        "height": 1080
      },
      {
        "uid": "95f1c228be274affb48028d7801a9631",
        "size": 14265,
        "width": 1024,
        "url": "https://media.sketchfab.com/models/834c891b393b439e94951a069103eb96/thumbnails/3f645123b6184beda64d17e79aa386f5/aa7295a0bc0941f8be69371bdac993ef.jpeg",
        "height": 576
      },
      {
        "uid": "8a131eb69e76498b846980a925a07f39",
        "size": 7817,
        "width": 720,
        "url": "https://media.sketchfab.com/models/834c891b393b439e94951a069103eb96/thumbnails/3f645123b6184beda64d17e79aa386f5/7f50dc0fb2aa49deb3f5a1f8c6e617ff.jpeg",
        "height": 405
      },
      {
        "uid": "96cdada732504e04b31fc3215f20df85",
        "size": 1570,
        "width": 256,
        "url": "https://media.sketchfab.com/models/834c891b393b439e94951a069103eb96/thumbnails/3f645123b6184beda64d17e79aa386f5/c18775fc86e04d81a08697b5c9abde88.jpeg",
        "height": 144
      },
      {
        "uid": "1d887872786249c79bdfecfe7ad7a9c2",
        "size": 471,
        "width": 64,
        "url": "https://media.sketchfab.com/models/834c891b393b439e94951a069103eb96/thumbnails/3f645123b6184beda64d17e79aa386f5/7618b76e7d7842a18cb19cce6f1926de.jpeg",
        "height": 36
      }
    ]
  },
  "user": {
    "uid": "a16c7ed2ea6046b8b76ca5ebef7ba5fc",
    "username": "alexandre.dubourg",
    "displayName": "alexandre.dubourg",
    "profileUrl": "https://sketchfab.com/alexandre.dubourg",
    "account": "basic",
    "avatar": {
      "uri": "https://api.sketchfab.com/v3/avatars/3ef1bd11d3eb4b57a0b353e8f2e5fc3e",
      "images": [
        {
          "size": 680,
          "width": 32,
          "url": "https://media.sketchfab.com/avatars/3ef1bd11d3eb4b57a0b353e8f2e5fc3e/116042a0854e40538adab302b593683d.jpeg",
          "height": 32
        },
        {
          "size": 1253,
          "width": 48,
          "url": "https://media.sketchfab.com/avatars/3ef1bd11d3eb4b57a0b353e8f2e5fc3e/efea16be51d04eb7a00cb9ea0b43b87f.jpeg",
          "height": 48
        },
        {
          "size": 2797,
          "width": 90,
          "url": "https://media.sketchfab.com/avatars/3ef1bd11d3eb4b57a0b353e8f2e5fc3e/ac9b469ccec74caf923a81fb2f0be3ed.jpeg",
          "height": 90
        },
        {
          "size": 3215,
          "width": 100,
          "url": "https://media.sketchfab.com/avatars/3ef1bd11d3eb4b57a0b353e8f2e5fc3e/a075e1d43d2f446c949b5967b470c757.jpeg",
          "height": 100
        }
      ]
    },
    "uri": "https://api.sketchfab.com/v3/users/a16c7ed2ea6046b8b76ca5ebef7ba5fc"
  },
  "description": "",
  "faceCount": 1301557,
  "createdAt": "2019-07-02T12:15:32.434979",
  "vertexCount": 652866,
  "isAgeRestricted": false,
  "archives": {
    "glb": {
      "textureCount": 0,
      "size": 52940368,
      "type": "glb",
      "textureMaxResolution": 0,
      "faceCount": 1301557,
      "vertexCount": 932661
    },
    "gltf": {
      "textureCount": 0,
      "size": 26973684,
      "type": "gltf",
      "textureMaxResolution": 0,
      "faceCount": 1301557,
      "vertexCount": 932661
    },
    "source": {
      "textureCount": null,
      "size": 41975062,
      "type": "source",
      "textureMaxResolution": null,
      "faceCount": null,
      "vertexCount": null
    },
    "usdz": {
      "textureCount": null,
      "size": 25790598,
      "type": "usdz",
      "textureMaxResolution": null,
      "faceCount": null,
      "vertexCount": null
    }
  },
  "license": "by"
}