{
  "uri": "https://api.sketchfab.com/v3/models/834d4579731b48b0bf7df45889746487",
  "uid": "834d4579731b48b0bf7df45889746487",
  "name": "De kip",
  "staffpickedAt": null,
  "viewCount": 87,
  "likeCount": 5,
  "animationCount": 0,
  "viewerUrl": "https://sketchfab.com/3d-models/834d4579731b48b0bf7df45889746487",
  "embedUrl": "https://sketchfab.com/models/834d4579731b48b0bf7df45889746487/embed",
  "commentCount": 0,
  "isDownloadable": true,
  "publishedAt": "2017-10-19T21:07:11.125706",
  "tags": [
    {
      "name": "low-poly",
      "slug": "low-poly",
      "uri": "https://api.sketchfab.com/v3/tags/low-poly"
    }
  ],
  "categories": [
    {
      "name": "animals-pets"
    },
    {
      "name": "art-abstract"
    }
  ],
  "thumbnails": {
    "images": [
      {
        "uid": "9b14e3e7996b49d887e83a78525fedc2",
        "size": 127616,
        "width": 1920,
        "url": "https://media.sketchfab.com/models/834d4579731b48b0bf7df45889746487/thumbnails/a0994127247447f798fa29fd1bf64a2f/1920x1080.jpeg",
        "height": 1080
      },
      {
        "uid": "d5475ce2a720446bab1600094d3f9264",
        "size": 23717,
        "width": 1024,
        "url": "https://media.sketchfab.com/models/834d4579731b48b0bf7df45889746487/thumbnails/a0994127247447f798fa29fd1bf64a2f/1024x576.jpeg",
        "height": 576
      },
      {
        "uid": "2736b829b3784e75932cd208bc0141f1",
        "size": 14123,
        "width": 720,
        "url": "https://media.sketchfab.com/models/834d4579731b48b0bf7df45889746487/thumbnails/a0994127247447f798fa29fd1bf64a2f/720x405.jpeg",
        "height": 405
      },
      {
        "uid": "5843510a37dd443797bdafbfdd9931eb",
        "size": 4378,
        "width": 256,
        "url": "https://media.sketchfab.com/models/834d4579731b48b0bf7df45889746487/thumbnails/a0994127247447f798fa29fd1bf64a2f/256x144.jpeg",
        "height": 144
      },
      {
        "uid": "3a8ee04c615d4db399d9a50025e2dd69",
        "size": 1110,
        "width": 64,
        "url": "https://media.sketchfab.com/models/834d4579731b48b0bf7df45889746487/thumbnails/a0994127247447f798fa29fd1bf64a2f/64x36.jpeg",
        "height": 36
      }
    ]
  },
  "user": {
    "uid": "8819a50f343c4b74a3b8c0774f47cf24",
    "username": "RubenVO",
    "displayName": "Ruben Van Ostaeyen",
    "profileUrl": "https://sketchfab.com/RubenVO",
    "account": "basic",
    "avatar": {
      "uri": "https://api.sketchfab.com/v3/avatars/207620b49f7d4dea924efb00f621fe42",
      "images": [
        {
          "size": 2325,
          "width": 32,
          "url": "https://media.sketchfab.com/avatars/207620b49f7d4dea924efb00f621fe42/472ca792835e4c4fbcf44b212870fed3.png",
          "height": 32
        },
        {
          "size": 3904,
          "width": 48,
          "url": "https://media.sketchfab.com/avatars/207620b49f7d4dea924efb00f621fe42/83b5ab453dfc4118bfe19bfa91805307.png",
          "height": 48
        },
        {
          "size": 7970,
          "width": 90,
          "url": "https://media.sketchfab.com/avatars/207620b49f7d4dea924efb00f621fe42/b976c2a0f00f4eed86a4174e4c5da81b.png",
          "height": 90
        },
        {
          "size": 8918,
          "width": 100,
          "url": "https://media.sketchfab.com/avatars/207620b49f7d4dea924efb00f621fe42/0190706e029e4253823bfb56b58e1b86.png",
          "height": 100
        }
      ]
    },
    "uri": "https://api.sketchfab.com/v3/users/8819a50f343c4b74a3b8c0774f47cf24"
  },
  "description": "Low poly version of a chicken drawn by a friend of mine. He uses the chicken as a personal logo. You can check his website here: http://www.the-kip-factory.be/",
  "faceCount": 2080,
  "createdAt": "2017-10-19T21:04:10.287889",
  "vertexCount": 1054,
  "isAgeRestricted": false,
  "archives": {
    "glb": {
      "textureCount": 3,
      "size": 213700,
      "type": "glb",
      "textureMaxResolution": 1024,
      "faceCount": 2080,
      "vertexCount": 4176
    },
    "gltf": {
      "textureCount": 3,
      "size": 80416,
      "type": "gltf",
      "textureMaxResolution": 1024,
      "faceCount": 2080,
      "vertexCount": 4176
    },
    "source": {
      "textureCount": null,
      "size": 14637418,
      "type": "source",
      "textureMaxResolution": null,
      "faceCount": null,
      "vertexCount": null
    },
    "usdz": {
      "textureCount": null,
      "size": 169597,
      "type": "usdz",
      "textureMaxResolution": null,
      "faceCount": null,
      "vertexCount": null
    }
  },
  "license": "by"
}