{
  "uri": "https://api.sketchfab.com/v3/models/834e0ee1a5ef441b9670b0725088a62d",
  "uid": "834e0ee1a5ef441b9670b0725088a62d",
  "name": "CE 1215 – JARRA",
  "staffpickedAt": null,
  "viewCount": 31,
  "likeCount": 3,
  "animationCount": 0,
  "viewerUrl": "https://sketchfab.com/3d-models/834e0ee1a5ef441b9670b0725088a62d",
  "embedUrl": "https://sketchfab.com/models/834e0ee1a5ef441b9670b0725088a62d/embed",
  "commentCount": 0,
  "isDownloadable": true,
  "publishedAt": "2020-11-16T03:10:00.761424",
  "tags": [
    {
      "name": "museum",
      "slug": "museum",
      "uri": "https://api.sketchfab.com/v3/tags/museum"
    },
    {
      "name": "tawantinsuyu",
      "slug": "tawantinsuyu",
      "uri": "https://api.sketchfab.com/v3/tags/tawantinsuyu"
    }
  ],
  "categories": [
    {
      "name": "cultural-heritage-history"
    }
  ],
  "thumbnails": {
    "images": [
      {
        "uid": "850ab5c136c04251a29236fc2e53be4c",
        "size": 314405,
        "width": 1920,
        "url": "https://media.sketchfab.com/models/834e0ee1a5ef441b9670b0725088a62d/thumbnails/3f31d8ed23b140c8954c19595da7e708/d7bb0fbaee30489595a8fa90595b03c7.jpeg",
        "height": 1080
      },
      {
        "uid": "52b151ceaa2f4c2e84aac0c0a43ba906",
        "size": 83063,
        "width": 1024,
        "url": "https://media.sketchfab.com/models/834e0ee1a5ef441b9670b0725088a62d/thumbnails/3f31d8ed23b140c8954c19595da7e708/94c1227be14448dbba59df89e957894f.jpeg",
        "height": 576
      },
      {
        "uid": "51990c10905149a09b360b43ee242e58",
        "size": 39031,
        "width": 720,
        "url": "https://media.sketchfab.com/models/834e0ee1a5ef441b9670b0725088a62d/thumbnails/3f31d8ed23b140c8954c19595da7e708/e666600975144312a16bb71413ac1e95.jpeg",
        "height": 405
      },
      {
        "uid": "321a8df928e24389aeefde54a2a32568",
        "size": 5065,
        "width": 256,
        "url": "https://media.sketchfab.com/models/834e0ee1a5ef441b9670b0725088a62d/thumbnails/3f31d8ed23b140c8954c19595da7e708/faf3ef4c4671403b89e856bbedf09960.jpeg",
        "height": 144
      },
      {
        "uid": "6d48b99ea21d416ea71fb6cd2c818a09",
        "size": 782,
        "width": 64,
        "url": "https://media.sketchfab.com/models/834e0ee1a5ef441b9670b0725088a62d/thumbnails/3f31d8ed23b140c8954c19595da7e708/5a5bd154c6e84907bfba760748176cc1.jpeg",
        "height": 36
      }
    ]
  },
  "user": {
    "uid": "cc05d0bdc9f44169a3273ae78552fd25",
    "username": "MinisteriodeCulturaPeru",
    "displayName": "Ministerio de Cultura Perú",
    "profileUrl": "https://sketchfab.com/MinisteriodeCulturaPeru",
    "account": "basic",
    "avatar": {
      "uri": "https://api.sketchfab.com/v3/avatars/b2e333961bea481ca27b0af31380842d",
      "images": [
        {
          "size": 829,
          "width": 32,
          "url": "https://media.sketchfab.com/avatars/b2e333961bea481ca27b0af31380842d/6f1267e4ea14488da2a33b51661994a0.jpeg",
          "height": 32
        },
        {
          "size": 1492,
          "width": 48,
          "url": "https://media.sketchfab.com/avatars/b2e333961bea481ca27b0af31380842d/3371a433cb5843dbab69e248195d65de.jpeg",
          "height": 48
        },
        {
          "size": 3235,
          "width": 90,
          "url": "https://media.sketchfab.com/avatars/b2e333961bea481ca27b0af31380842d/05d833fc471441a3b671f2a6fb9457cb.jpeg",
          "height": 90
        },
        {
          "size": 3953,
          "width": 100,
          "url": "https://media.sketchfab.com/avatars/b2e333961bea481ca27b0af31380842d/4962f5c2cf994cb383329481fc6f4b0d.jpeg",
          "height": 100
        }
      ]
    },
    "uri": "https://api.sketchfab.com/v3/users/cc05d0bdc9f44169a3273ae78552fd25"
  },
  "description": "N° de Registro Nacional: 0000297201\n\nDATOS DE IDENTIFICACIÓN \n\nBIEN CULTURAL: Jarra\n\nMATERIAL: Cerámica\n\nCULTURA / ESTILO: Inca\n\nCRONOLOGIA: Horizonte Tardío (1,476 d.c. - 1,532 d.c.)",
  "faceCount": 100000,
  "createdAt": "2020-11-16T03:09:18.981684",
  "vertexCount": 50002,
  "isAgeRestricted": false,
  "archives": {
    "glb": {
      "textureCount": 1,
      "size": 13577936,
      "type": "glb",
      "textureMaxResolution": 8192,
      "faceCount": 100000,
      "vertexCount": 54345
    },
    "gltf": {
      "textureCount": 1,
      "size": 12326842,
      "type": "gltf",
      "textureMaxResolution": 8192,
      "faceCount": 100000,
      "vertexCount": 54345
    },
    "source": {
      "textureCount": null,
      "size": 12020137,
      "type": "source",
      "textureMaxResolution": null,
      "faceCount": null,
      "vertexCount": null
    },
    "usdz": {
      "textureCount": null,
      "size": 3993626,
      "type": "usdz",
      "textureMaxResolution": null,
      "faceCount": null,
      "vertexCount": null
    }
  },
  "license": "by"
}