{
  "uri": "https://api.sketchfab.com/v3/models/8351dc3b820e4990a25d170fe019af43",
  "uid": "8351dc3b820e4990a25d170fe019af43",
  "name": "SFEST",
  "staffpickedAt": null,
  "viewCount": 253,
  "likeCount": 1,
  "animationCount": 0,
  "viewerUrl": "https://sketchfab.com/3d-models/8351dc3b820e4990a25d170fe019af43",
  "embedUrl": "https://sketchfab.com/models/8351dc3b820e4990a25d170fe019af43/embed",
  "commentCount": 0,
  "isDownloadable": true,
  "publishedAt": "2019-06-25T19:43:41.085335",
  "tags": [
    {
      "name": "concrete",
      "slug": "concrete",
      "uri": "https://api.sketchfab.com/v3/tags/concrete"
    },
    {
      "name": "tekla-structures",
      "slug": "tekla-structures",
      "uri": "https://api.sketchfab.com/v3/tags/tekla-structures"
    },
    {
      "name": "structure",
      "slug": "structure",
      "uri": "https://api.sketchfab.com/v3/tags/structure"
    },
    {
      "name": "steel",
      "slug": "steel",
      "uri": "https://api.sketchfab.com/v3/tags/steel"
    }
  ],
  "categories": [
    {
      "name": "architecture"
    }
  ],
  "thumbnails": {
    "images": [
      {
        "uid": "e1b5dce573a64716bd30e08538effcea",
        "size": 87155,
        "width": 1920,
        "url": "https://media.sketchfab.com/models/8351dc3b820e4990a25d170fe019af43/thumbnails/5bf74759d0904281990b01d4a4221495/dce246e705874cdb8de26eb14a2184d9.jpeg",
        "height": 1080
      },
      {
        "uid": "b04e03f99ef84538b355e3f2f24e7b30",
        "size": 29310,
        "width": 1024,
        "url": "https://media.sketchfab.com/models/8351dc3b820e4990a25d170fe019af43/thumbnails/5bf74759d0904281990b01d4a4221495/c91e65ba79ff4fe5af4b727997b7015b.jpeg",
        "height": 576
      },
      {
        "uid": "0b231bd54bc943f895d8c3b5f2754f48",
        "size": 17194,
        "width": 720,
        "url": "https://media.sketchfab.com/models/8351dc3b820e4990a25d170fe019af43/thumbnails/5bf74759d0904281990b01d4a4221495/b49ba823727c45d380c65c5531541259.jpeg",
        "height": 405
      },
      {
        "uid": "04754d019ed947a8833b6d243b8bb7f6",
        "size": 3254,
        "width": 256,
        "url": "https://media.sketchfab.com/models/8351dc3b820e4990a25d170fe019af43/thumbnails/5bf74759d0904281990b01d4a4221495/389b56187f2f4f8c85913500bc05bf06.jpeg",
        "height": 144
      },
      {
        "uid": "35f0d7e1bccc47b69f26b1462cd395be",
        "size": 645,
        "width": 64,
        "url": "https://media.sketchfab.com/models/8351dc3b820e4990a25d170fe019af43/thumbnails/5bf74759d0904281990b01d4a4221495/7e364e163cc74360a7ea664219c80292.jpeg",
        "height": 36
      }
    ]
  },
  "user": {
    "uid": "bc399cc51ee04579abb38e0206b7e9c4",
    "username": "Bedin.Engenharia",
    "displayName": "Bedin Engenharia",
    "profileUrl": "https://sketchfab.com/Bedin.Engenharia",
    "account": "basic",
    "avatar": {
      "uri": "https://api.sketchfab.com/v3/avatars/cc620031e0de48889c58993f118a7e8c",
      "images": [
        {
          "size": 1530,
          "width": 32,
          "url": "https://media.sketchfab.com/avatars/cc620031e0de48889c58993f118a7e8c/45c3144009544b28b89a8a0ae5896805.png",
          "height": 32
        },
        {
          "size": 2595,
          "width": 48,
          "url": "https://media.sketchfab.com/avatars/cc620031e0de48889c58993f118a7e8c/ec1c849b82554657b141bcd1753f3184.png",
          "height": 48
        },
        {
          "size": 5572,
          "width": 90,
          "url": "https://media.sketchfab.com/avatars/cc620031e0de48889c58993f118a7e8c/a93e7c9185ce4972af4be2a97a585042.png",
          "height": 90
        },
        {
          "size": 6533,
          "width": 100,
          "url": "https://media.sketchfab.com/avatars/cc620031e0de48889c58993f118a7e8c/033f2ca7c0274ffba96b776474e48636.png",
          "height": 100
        }
      ]
    },
    "uri": "https://api.sketchfab.com/v3/users/bc399cc51ee04579abb38e0206b7e9c4"
  },
  "description": "Modelo estrutural de concreto armado e chapas metálicas. Modelados com AltoQi Eberick e Tekla Structures.",
  "faceCount": 407221,
  "createdAt": "2019-06-25T19:43:14.525723",
  "vertexCount": 167814,
  "isAgeRestricted": false,
  "archives": {
    "glb": {
      "textureCount": 0,
      "size": 11265412,
      "type": "glb",
      "textureMaxResolution": 0,
      "faceCount": 161092,
      "vertexCount": 232897
    },
    "gltf": {
      "textureCount": 0,
      "size": 1874784,
      "type": "gltf",
      "textureMaxResolution": 0,
      "faceCount": 161092,
      "vertexCount": 232897
    },
    "source": {
      "textureCount": null,
      "size": 36437953,
      "type": "source",
      "textureMaxResolution": null,
      "faceCount": null,
      "vertexCount": null
    },
    "usdz": {
      "textureCount": null,
      "size": 5842034,
      "type": "usdz",
      "textureMaxResolution": null,
      "faceCount": null,
      "vertexCount": null
    }
  },
  "license": "by"
}