{
  "uri": "https://api.sketchfab.com/v3/models/8354e4bc0c8340498b8f168732c97988",
  "uid": "8354e4bc0c8340498b8f168732c97988",
  "name": "Military vehicle",
  "staffpickedAt": null,
  "viewCount": 331,
  "likeCount": 8,
  "animationCount": 0,
  "viewerUrl": "https://sketchfab.com/3d-models/8354e4bc0c8340498b8f168732c97988",
  "embedUrl": "https://sketchfab.com/models/8354e4bc0c8340498b8f168732c97988/embed",
  "commentCount": 1,
  "isDownloadable": true,
  "publishedAt": "2016-09-07T07:53:55.079171",
  "tags": [
    {
      "name": "japan",
      "slug": "japan",
      "uri": "https://api.sketchfab.com/v3/tags/japan"
    },
    {
      "name": "army",
      "slug": "army",
      "uri": "https://api.sketchfab.com/v3/tags/army"
    },
    {
      "name": "gamedev",
      "slug": "gamedev",
      "uri": "https://api.sketchfab.com/v3/tags/gamedev"
    },
    {
      "name": "army-vehicle",
      "slug": "army-vehicle",
      "uri": "https://api.sketchfab.com/v3/tags/army-vehicle"
    },
    {
      "name": "lowpoly",
      "slug": "lowpoly",
      "uri": "https://api.sketchfab.com/v3/tags/lowpoly"
    },
    {
      "name": "blender3d",
      "slug": "blender3d",
      "uri": "https://api.sketchfab.com/v3/tags/blender3d"
    },
    {
      "name": "military",
      "slug": "military",
      "uri": "https://api.sketchfab.com/v3/tags/military"
    },
    {
      "name": "3dmodel",
      "slug": "3dmodel",
      "uri": "https://api.sketchfab.com/v3/tags/3dmodel"
    },
    {
      "name": "japanese",
      "slug": "japanese",
      "uri": "https://api.sketchfab.com/v3/tags/japanese"
    }
  ],
  "categories": [
    {
      "name": "cars-vehicles"
    }
  ],
  "thumbnails": {
    "images": [
      {
        "uid": "0239743c6be343e6878f7ab8d7154067",
        "size": 833,
        "width": 50,
        "url": "https://media.sketchfab.com/models/8354e4bc0c8340498b8f168732c97988/thumbnails/4624cc13a062496496986ec9ba91cec8/50x50.jpeg",
        "height": 50
      },
      {
        "uid": "d60625c4495a47c19be262b07310621c",
        "size": 1720,
        "width": 100,
        "url": "https://media.sketchfab.com/models/8354e4bc0c8340498b8f168732c97988/thumbnails/4624cc13a062496496986ec9ba91cec8/100x100.jpeg",
        "height": 100
      },
      {
        "uid": "e867664a46e74bbea4f9cf980ef8aa9c",
        "size": 4541,
        "width": 200,
        "url": "https://media.sketchfab.com/models/8354e4bc0c8340498b8f168732c97988/thumbnails/4624cc13a062496496986ec9ba91cec8/200x200.jpeg",
        "height": 200
      },
      {
        "uid": "6f570ab6ffe94a80b291070e0b5b107c",
        "size": 10017,
        "width": 448,
        "url": "https://media.sketchfab.com/models/8354e4bc0c8340498b8f168732c97988/thumbnails/4624cc13a062496496986ec9ba91cec8/448x252.jpeg",
        "height": 252
      },
      {
        "uid": "d53cb7f404964ba194c451face7a023c",
        "size": 20491,
        "width": 640,
        "url": "https://media.sketchfab.com/models/8354e4bc0c8340498b8f168732c97988/thumbnails/4624cc13a062496496986ec9ba91cec8/640x360.jpeg",
        "height": 360
      },
      {
        "uid": "8d897c21e4df43688a903db652ee6ed4",
        "size": 39453,
        "width": 864,
        "url": "https://media.sketchfab.com/models/8354e4bc0c8340498b8f168732c97988/thumbnails/4624cc13a062496496986ec9ba91cec8/864x486.jpeg",
        "height": 486
      },
      {
        "uid": "24f40dde9e264c698c6d65b84cc796a9",
        "size": 57037,
        "width": 1024,
        "url": "https://media.sketchfab.com/models/8354e4bc0c8340498b8f168732c97988/thumbnails/4624cc13a062496496986ec9ba91cec8/1024x576.jpeg",
        "height": 576
      }
    ]
  },
  "user": {
    "uid": "c0cb965a9def42bb8bbadbdb4d8059a1",
    "username": "tykrastagames",
    "displayName": "tykrastagames",
    "profileUrl": "https://sketchfab.com/tykrastagames",
    "account": "basic",
    "avatar": {
      "uri": "https://api.sketchfab.com/v3/avatars/7a23b36caf5149f996f590231afb6b7d",
      "images": [
        {
          "size": 4136,
          "width": 100,
          "url": "https://media.sketchfab.com/avatars/7a23b36caf5149f996f590231afb6b7d/d702d9f5a5064c90a10dcb57e9c2dbd2.jpeg",
          "height": 100
        },
        {
          "size": 3446,
          "width": 90,
          "url": "https://media.sketchfab.com/avatars/7a23b36caf5149f996f590231afb6b7d/1a679af28b654117b8b397114c14cf55.jpeg",
          "height": 90
        },
        {
          "size": 1552,
          "width": 48,
          "url": "https://media.sketchfab.com/avatars/7a23b36caf5149f996f590231afb6b7d/92ef7c3c25c34447a0b2a05ef10f3dd6.jpeg",
          "height": 48
        },
        {
          "size": 944,
          "width": 32,
          "url": "https://media.sketchfab.com/avatars/7a23b36caf5149f996f590231afb6b7d/6837796eb26e4b3aabe7f745ec023d4a.jpeg",
          "height": 32
        }
      ]
    },
    "uri": "https://api.sketchfab.com/v3/users/c0cb965a9def42bb8bbadbdb4d8059a1"
  },
  "description": "JGSDF ligth armored\nMilitary vehicle from japan army",
  "faceCount": 2591,
  "createdAt": "2016-09-07T07:43:39.891244",
  "vertexCount": 2075,
  "isAgeRestricted": false,
  "archives": {
    "glb": {
      "textureCount": 0,
      "size": 249636,
      "type": "glb",
      "textureMaxResolution": 0,
      "faceCount": 4802,
      "vertexCount": 7619
    },
    "gltf": {
      "textureCount": 0,
      "size": 52530,
      "type": "gltf",
      "textureMaxResolution": 0,
      "faceCount": 4802,
      "vertexCount": 7619
    },
    "source": {
      "textureCount": null,
      "size": 624002,
      "type": "source",
      "textureMaxResolution": null,
      "faceCount": null,
      "vertexCount": null
    },
    "usdz": {
      "textureCount": null,
      "size": 166784,
      "type": "usdz",
      "textureMaxResolution": null,
      "faceCount": null,
      "vertexCount": null
    }
  },
  "license": "by"
}