{
  "uri": "https://api.sketchfab.com/v3/models/8357bb1ea4f84f80a304f3c6b2e2ad78",
  "uid": "8357bb1ea4f84f80a304f3c6b2e2ad78",
  "name": "Flower",
  "staffpickedAt": null,
  "viewCount": 2,
  "likeCount": 0,
  "animationCount": 0,
  "viewerUrl": "https://sketchfab.com/3d-models/8357bb1ea4f84f80a304f3c6b2e2ad78",
  "embedUrl": "https://sketchfab.com/models/8357bb1ea4f84f80a304f3c6b2e2ad78/embed",
  "commentCount": 0,
  "isDownloadable": true,
  "publishedAt": "2022-03-22T08:21:30.930375",
  "tags": [
    {
      "name": "scaniverse",
      "slug": "scaniverse",
      "uri": "https://api.sketchfab.com/v3/tags/scaniverse"
    }
  ],
  "categories": [],
  "thumbnails": {
    "images": [
      {
        "uid": "4710d5cc02564cd7bd129a05a9072d4e",
        "size": 91682,
        "width": 1920,
        "url": "https://media.sketchfab.com/models/8357bb1ea4f84f80a304f3c6b2e2ad78/thumbnails/a09a451c3bd9494d8c5a60028c586b57/d691f4a4a59948eb9523cf3b5222d185.jpeg",
        "height": 1080
      },
      {
        "uid": "e9e1f92981824762b50319d0e7acac29",
        "size": 30430,
        "width": 1024,
        "url": "https://media.sketchfab.com/models/8357bb1ea4f84f80a304f3c6b2e2ad78/thumbnails/a09a451c3bd9494d8c5a60028c586b57/07d915fa7f3144cc865791e62d36e188.jpeg",
        "height": 576
      },
      {
        "uid": "2c25cd2a22e049b9842ba5cc362e29d9",
        "size": 17530,
        "width": 720,
        "url": "https://media.sketchfab.com/models/8357bb1ea4f84f80a304f3c6b2e2ad78/thumbnails/a09a451c3bd9494d8c5a60028c586b57/1af526689c4948ae8b016774642f104f.jpeg",
        "height": 405
      },
      {
        "uid": "78e8376631804374a57fa9ad96e94489",
        "size": 3387,
        "width": 256,
        "url": "https://media.sketchfab.com/models/8357bb1ea4f84f80a304f3c6b2e2ad78/thumbnails/a09a451c3bd9494d8c5a60028c586b57/b48da0a673344991a3cb5c031213f096.jpeg",
        "height": 144
      },
      {
        "uid": "270d36d67c344bbc86d18ff5a1518f08",
        "size": 954,
        "width": 64,
        "url": "https://media.sketchfab.com/models/8357bb1ea4f84f80a304f3c6b2e2ad78/thumbnails/a09a451c3bd9494d8c5a60028c586b57/152bdf1293e049ae8115aada6304ee65.jpeg",
        "height": 36
      }
    ]
  },
  "user": {
    "uid": "0f89584fd8c24d9aa1ca4bde84a54f77",
    "username": "Stanley.Lai",
    "displayName": "Stanley.Lai",
    "profileUrl": "https://sketchfab.com/Stanley.Lai",
    "account": "basic",
    "avatar": {
      "uri": "https://api.sketchfab.com/v3/avatars/432ec0e42487404fa54db4b78c777c77",
      "images": [
        {
          "size": 1159,
          "width": 32,
          "url": "https://media.sketchfab.com/avatars/432ec0e42487404fa54db4b78c777c77/0298558f0617494b9dd9025bf68eb4c2.jpeg",
          "height": 32
        },
        {
          "size": 1652,
          "width": 48,
          "url": "https://media.sketchfab.com/avatars/432ec0e42487404fa54db4b78c777c77/22fff8a720ea407d8bc33acdaaecaa03.jpeg",
          "height": 48
        },
        {
          "size": 2784,
          "width": 90,
          "url": "https://media.sketchfab.com/avatars/432ec0e42487404fa54db4b78c777c77/5cd4fee61a114c02966b5ccc8f1b7b4c.jpeg",
          "height": 90
        },
        {
          "size": 3105,
          "width": 100,
          "url": "https://media.sketchfab.com/avatars/432ec0e42487404fa54db4b78c777c77/c4ac13253c224f9da7a0a77122fccd6c.jpeg",
          "height": 100
        }
      ]
    },
    "uri": "https://api.sketchfab.com/v3/users/0f89584fd8c24d9aa1ca4bde84a54f77"
  },
  "description": "",
  "faceCount": 39453,
  "createdAt": "2022-03-22T08:20:56.673322",
  "vertexCount": 22044,
  "isAgeRestricted": false,
  "archives": {
    "glb": {
      "textureCount": 1,
      "size": 16210796,
      "type": "glb",
      "textureMaxResolution": 8192,
      "faceCount": 39432,
      "vertexCount": 38678
    },
    "gltf": {
      "textureCount": 1,
      "size": 15040325,
      "type": "gltf",
      "textureMaxResolution": 8192,
      "faceCount": 39432,
      "vertexCount": 38678
    },
    "source": {
      "textureCount": null,
      "size": 20407110,
      "type": "source",
      "textureMaxResolution": null,
      "faceCount": null,
      "vertexCount": null
    },
    "usdz": {
      "textureCount": null,
      "size": 3874719,
      "type": "usdz",
      "textureMaxResolution": null,
      "faceCount": null,
      "vertexCount": null
    }
  },
  "license": "by-nc-sa"
}