{
  "uri": "https://api.sketchfab.com/v3/models/83572b80de7c413eab2b75dd9bc73df7",
  "uid": "83572b80de7c413eab2b75dd9bc73df7",
  "name": "UV_Mapping_final_take2",
  "staffpickedAt": null,
  "viewCount": 1,
  "likeCount": 0,
  "animationCount": 0,
  "viewerUrl": "https://sketchfab.com/3d-models/83572b80de7c413eab2b75dd9bc73df7",
  "embedUrl": "https://sketchfab.com/models/83572b80de7c413eab2b75dd9bc73df7/embed",
  "commentCount": 0,
  "isDownloadable": true,
  "publishedAt": "2022-03-02T22:18:12.966732",
  "tags": [],
  "categories": [],
  "thumbnails": {
    "images": [
      {
        "uid": "9764d4e93fce449db6f57e35d317188a",
        "size": 84696,
        "width": 1920,
        "url": "https://media.sketchfab.com/models/83572b80de7c413eab2b75dd9bc73df7/thumbnails/ff2db8387f624d05b311812b54c034f1/e6011a96766548abad05254620b4aafc.jpeg",
        "height": 1080
      },
      {
        "uid": "a6328596a0ad416fb6cd5c96fefbd8c3",
        "size": 31209,
        "width": 1024,
        "url": "https://media.sketchfab.com/models/83572b80de7c413eab2b75dd9bc73df7/thumbnails/ff2db8387f624d05b311812b54c034f1/2164d96c1a6940debdccd9d7e1bb1460.jpeg",
        "height": 576
      },
      {
        "uid": "987221a48e034883bbecd51e56dc5b75",
        "size": 18659,
        "width": 720,
        "url": "https://media.sketchfab.com/models/83572b80de7c413eab2b75dd9bc73df7/thumbnails/ff2db8387f624d05b311812b54c034f1/13ed430565c040d991ab451e57e2930e.jpeg",
        "height": 405
      },
      {
        "uid": "e558bb70c2be402296b9ae29dd344196",
        "size": 3976,
        "width": 256,
        "url": "https://media.sketchfab.com/models/83572b80de7c413eab2b75dd9bc73df7/thumbnails/ff2db8387f624d05b311812b54c034f1/253bdcbfe40e49bfaa89e441fbfc5cae.jpeg",
        "height": 144
      },
      {
        "uid": "25a13ef1375a4d4aa46f7d49756140d2",
        "size": 1047,
        "width": 64,
        "url": "https://media.sketchfab.com/models/83572b80de7c413eab2b75dd9bc73df7/thumbnails/ff2db8387f624d05b311812b54c034f1/17ce0c51529c41f38e6f649df3338b8e.jpeg",
        "height": 36
      }
    ]
  },
  "user": {
    "uid": "4fba01dea33a430599a332f506d38839",
    "username": "arron_alley",
    "displayName": "arron_alley",
    "profileUrl": "https://sketchfab.com/arron_alley",
    "account": "basic",
    "avatar": {
      "uri": "https://api.sketchfab.com/v3/avatars/3ef1bd11d3eb4b57a0b353e8f2e5fc3e",
      "images": [
        {
          "size": 680,
          "width": 32,
          "url": "https://media.sketchfab.com/avatars/3ef1bd11d3eb4b57a0b353e8f2e5fc3e/116042a0854e40538adab302b593683d.jpeg",
          "height": 32
        },
        {
          "size": 1253,
          "width": 48,
          "url": "https://media.sketchfab.com/avatars/3ef1bd11d3eb4b57a0b353e8f2e5fc3e/efea16be51d04eb7a00cb9ea0b43b87f.jpeg",
          "height": 48
        },
        {
          "size": 2797,
          "width": 90,
          "url": "https://media.sketchfab.com/avatars/3ef1bd11d3eb4b57a0b353e8f2e5fc3e/ac9b469ccec74caf923a81fb2f0be3ed.jpeg",
          "height": 90
        },
        {
          "size": 3215,
          "width": 100,
          "url": "https://media.sketchfab.com/avatars/3ef1bd11d3eb4b57a0b353e8f2e5fc3e/a075e1d43d2f446c949b5967b470c757.jpeg",
          "height": 100
        }
      ]
    },
    "uri": "https://api.sketchfab.com/v3/users/4fba01dea33a430599a332f506d38839"
  },
  "description": "",
  "faceCount": 124,
  "createdAt": "2022-03-02T22:15:50.243579",
  "vertexCount": 71,
  "isAgeRestricted": false,
  "archives": {
    "glb": {
      "textureCount": 1,
      "size": 468592,
      "type": "glb",
      "textureMaxResolution": 1024,
      "faceCount": 124,
      "vertexCount": 152
    },
    "gltf": {
      "textureCount": 1,
      "size": 463877,
      "type": "gltf",
      "textureMaxResolution": 1024,
      "faceCount": 124,
      "vertexCount": 152
    },
    "source": {
      "textureCount": null,
      "size": 1123227,
      "type": "source",
      "textureMaxResolution": null,
      "faceCount": null,
      "vertexCount": null
    },
    "usdz": {
      "textureCount": null,
      "size": 403457,
      "type": "usdz",
      "textureMaxResolution": null,
      "faceCount": null,
      "vertexCount": null
    }
  },
  "license": "by"
}