{
  "uri": "https://api.sketchfab.com/v3/models/835903f7593b4ee997f040a9bc8f0adb",
  "uid": "835903f7593b4ee997f040a9bc8f0adb",
  "name": "SPAS 34 [Textured]",
  "staffpickedAt": null,
  "viewCount": 42,
  "likeCount": 1,
  "animationCount": 0,
  "viewerUrl": "https://sketchfab.com/3d-models/835903f7593b4ee997f040a9bc8f0adb",
  "embedUrl": "https://sketchfab.com/models/835903f7593b4ee997f040a9bc8f0adb/embed",
  "commentCount": 0,
  "isDownloadable": true,
  "publishedAt": "2019-12-11T00:32:04.027944",
  "tags": [
    {
      "name": "shotgun",
      "slug": "shotgun",
      "uri": "https://api.sketchfab.com/v3/tags/shotgun"
    }
  ],
  "categories": [
    {
      "name": "weapons-military"
    }
  ],
  "thumbnails": {
    "images": [
      {
        "uid": "3910a44e2f9d4f5cbc17b37ae6b6d86b",
        "size": 235350,
        "width": 1920,
        "url": "https://media.sketchfab.com/models/835903f7593b4ee997f040a9bc8f0adb/thumbnails/629d5d13da5d42418d66eba709f42232/44c1760330194c749472faaba336844d.jpeg",
        "height": 1080
      },
      {
        "uid": "5d978b3c0d1e4b59821ce3fe15df6a45",
        "size": 59629,
        "width": 1024,
        "url": "https://media.sketchfab.com/models/835903f7593b4ee997f040a9bc8f0adb/thumbnails/629d5d13da5d42418d66eba709f42232/657dc634b8bc4bc2b00d0bcf451520a2.jpeg",
        "height": 576
      },
      {
        "uid": "d04b482ac58c45faae5bb7e115e217ce",
        "size": 26167,
        "width": 720,
        "url": "https://media.sketchfab.com/models/835903f7593b4ee997f040a9bc8f0adb/thumbnails/629d5d13da5d42418d66eba709f42232/083b26d18dc14ec7a3307172fe23bc67.jpeg",
        "height": 405
      },
      {
        "uid": "d04c085e86204a12b0fb201c073965c6",
        "size": 3100,
        "width": 256,
        "url": "https://media.sketchfab.com/models/835903f7593b4ee997f040a9bc8f0adb/thumbnails/629d5d13da5d42418d66eba709f42232/f419bd5c294f493d8926429d7dd26dd2.jpeg",
        "height": 144
      },
      {
        "uid": "bf87b63d605344e08f71eca9aade5e51",
        "size": 571,
        "width": 64,
        "url": "https://media.sketchfab.com/models/835903f7593b4ee997f040a9bc8f0adb/thumbnails/629d5d13da5d42418d66eba709f42232/c91e4dbc3de9481387b780b7bded529f.jpeg",
        "height": 36
      }
    ]
  },
  "user": {
    "uid": "4d0de908b8b549af87267e79e26847af",
    "username": "NotARealStudio",
    "displayName": "NotARealStudio",
    "profileUrl": "https://sketchfab.com/NotARealStudio",
    "account": "basic",
    "avatar": {
      "uri": "https://api.sketchfab.com/v3/avatars/633258721d9640609cde84f75181bb04",
      "images": [
        {
          "size": 605,
          "width": 32,
          "url": "https://media.sketchfab.com/avatars/633258721d9640609cde84f75181bb04/e8f8fb2d04804b858003572028a5be74.jpeg",
          "height": 32
        },
        {
          "size": 877,
          "width": 48,
          "url": "https://media.sketchfab.com/avatars/633258721d9640609cde84f75181bb04/f49e2484ca1344d4832165fe1c9d048a.jpeg",
          "height": 48
        },
        {
          "size": 2062,
          "width": 90,
          "url": "https://media.sketchfab.com/avatars/633258721d9640609cde84f75181bb04/6e4b17ce3a804004b86fa62487224e54.jpeg",
          "height": 90
        },
        {
          "size": 2433,
          "width": 100,
          "url": "https://media.sketchfab.com/avatars/633258721d9640609cde84f75181bb04/90f21c8d77a0414eb443c25fc04f9bed.jpeg",
          "height": 100
        }
      ]
    },
    "uri": "https://api.sketchfab.com/v3/users/4d0de908b8b549af87267e79e26847af"
  },
  "description": "Honestly, I don't think these textures add much.",
  "faceCount": 61210,
  "createdAt": "2019-12-11T00:16:53.129903",
  "vertexCount": 30547,
  "isAgeRestricted": false,
  "archives": {
    "glb": {
      "textureCount": 10,
      "size": 17700560,
      "type": "glb",
      "textureMaxResolution": 2048,
      "faceCount": 61210,
      "vertexCount": 53558
    },
    "gltf": {
      "textureCount": 10,
      "size": 15927566,
      "type": "gltf",
      "textureMaxResolution": 2048,
      "faceCount": 61210,
      "vertexCount": 53558
    },
    "source": {
      "textureCount": null,
      "size": 56391861,
      "type": "source",
      "textureMaxResolution": null,
      "faceCount": null,
      "vertexCount": null
    },
    "usdz": {
      "textureCount": null,
      "size": 3035880,
      "type": "usdz",
      "textureMaxResolution": null,
      "faceCount": null,
      "vertexCount": null
    }
  },
  "license": "by"
}