{
  "uri": "https://api.sketchfab.com/v3/models/835a0e9c5fe943f0ab74f3a619fe6f92",
  "uid": "835a0e9c5fe943f0ab74f3a619fe6f92",
  "name": "Кт-256        100Hx75mm",
  "staffpickedAt": null,
  "viewCount": 16,
  "likeCount": 3,
  "animationCount": 0,
  "viewerUrl": "https://sketchfab.com/3d-models/835a0e9c5fe943f0ab74f3a619fe6f92",
  "embedUrl": "https://sketchfab.com/models/835a0e9c5fe943f0ab74f3a619fe6f92/embed",
  "commentCount": 0,
  "isDownloadable": true,
  "publishedAt": "2021-04-16T15:26:22.933100",
  "tags": [
    {
      "name": "polytosketchfab",
      "slug": "polytosketchfab",
      "uri": "https://api.sketchfab.com/v3/tags/polytosketchfab"
    }
  ],
  "categories": [],
  "thumbnails": {
    "images": [
      {
        "uid": "053eff16d6eb42c8927b649d5e97fa7f",
        "size": 57631,
        "width": 1920,
        "url": "https://media.sketchfab.com/models/835a0e9c5fe943f0ab74f3a619fe6f92/thumbnails/8a8196d34d394703bae7b98dc674305c/1786e210b8174aba92b1c0eac49dfec1.jpeg",
        "height": 1080
      },
      {
        "uid": "8a5b0f3a0b3a48118fdb9dafb4cd76b3",
        "size": 19509,
        "width": 1024,
        "url": "https://media.sketchfab.com/models/835a0e9c5fe943f0ab74f3a619fe6f92/thumbnails/8a8196d34d394703bae7b98dc674305c/eeccaf9e352d44988b3fb51e93b66bb6.jpeg",
        "height": 576
      },
      {
        "uid": "0cea1f8885ba4b698aaf3ef8693395de",
        "size": 11641,
        "width": 720,
        "url": "https://media.sketchfab.com/models/835a0e9c5fe943f0ab74f3a619fe6f92/thumbnails/8a8196d34d394703bae7b98dc674305c/5cb70f2576464c23b7f05d0b883c0949.jpeg",
        "height": 405
      },
      {
        "uid": "c727bdebed7141509ff0223417718c32",
        "size": 2565,
        "width": 256,
        "url": "https://media.sketchfab.com/models/835a0e9c5fe943f0ab74f3a619fe6f92/thumbnails/8a8196d34d394703bae7b98dc674305c/9e443f30e9d8442ab266ac019aabb51d.jpeg",
        "height": 144
      },
      {
        "uid": "d2c2a63ca1274c958c9e3459e7fcccea",
        "size": 644,
        "width": 64,
        "url": "https://media.sketchfab.com/models/835a0e9c5fe943f0ab74f3a619fe6f92/thumbnails/8a8196d34d394703bae7b98dc674305c/8afe892f826444b3a9b709ebb1f32b6f.jpeg",
        "height": 36
      }
    ]
  },
  "user": {
    "uid": "2a38f59d32c0476dbcfdd3d15aabaae9",
    "username": "dikart",
    "displayName": "Dikart",
    "profileUrl": "https://sketchfab.com/dikart",
    "account": "basic",
    "avatar": {
      "uri": "https://api.sketchfab.com/v3/avatars/6588688cc19c499484f7c7c5df586ce9",
      "images": [
        {
          "size": 1180,
          "width": 32,
          "url": "https://media.sketchfab.com/avatars/6588688cc19c499484f7c7c5df586ce9/67ea1c0118d54577812f760d74f329cb.png",
          "height": 32
        },
        {
          "size": 2226,
          "width": 48,
          "url": "https://media.sketchfab.com/avatars/6588688cc19c499484f7c7c5df586ce9/1ac428d5439741869cca65a45440a1d2.png",
          "height": 48
        },
        {
          "size": 4968,
          "width": 90,
          "url": "https://media.sketchfab.com/avatars/6588688cc19c499484f7c7c5df586ce9/1b20c7f4a2804d5881fed11f281b4c89.png",
          "height": 90
        },
        {
          "size": 5619,
          "width": 100,
          "url": "https://media.sketchfab.com/avatars/6588688cc19c499484f7c7c5df586ce9/4347dc4e1cc14ae7b17c442d04ac9f05.png",
          "height": 100
        }
      ]
    },
    "uri": "https://api.sketchfab.com/v3/users/2a38f59d32c0476dbcfdd3d15aabaae9"
  },
  "description": "ДИКАРТ (DIKART) завод гипсовой лепнины:\n- собственное производство и большой пополняемый ассортимент\n- возможно изготовление по вашим размерам для реализации проекта\n- бесплатная база 3D моделей в формате 3ds, max. obj, fbx и dwg с оригинальных изделий\n- гарантированная доставка по России, отправка в дальние регионы и за рубеж в надежных транспортировочных ящиках\n- добавляя в проект наши 3D модели вы гарантируете заказчику реализацию проекта и экономию средств\n- оказываем услуги монтажа нашего лепного декора и консультируем ваших специалистов\nШОУ-РУМЫ\nКомфортные пространства для выбора лепного декора, помощь специалистов отдела продаж,\nбольшое количество образов лепнины, бесплатные консультации. Приезжайте!\n- Москва, ул. Марксистская 3 стр. 3\n- Санкт-Петербург, ул. Введенская 21, пом. 2\nЧасы работы: Пн-Пт с 9:00 до 20:00, Сб. 10:00 до 19:00\nТел.: +7 (495) 150 21 95, +7 (812) 317 11 95, +7 (800) 707-52-95\ninfo@dikart.ru\nhttps://dikart.ru \nВИДЕО с производства, инструкции по монтажу, о д",
  "faceCount": 116,
  "createdAt": "2021-04-13T20:43:09.053797",
  "vertexCount": 60,
  "isAgeRestricted": false,
  "archives": {
    "glb": {
      "textureCount": 0,
      "size": 6528,
      "type": "glb",
      "textureMaxResolution": 0,
      "faceCount": 116,
      "vertexCount": 144
    },
    "gltf": {
      "textureCount": 0,
      "size": 2754,
      "type": "gltf",
      "textureMaxResolution": 0,
      "faceCount": 116,
      "vertexCount": 144
    },
    "source": {
      "textureCount": null,
      "size": 2460,
      "type": "source",
      "textureMaxResolution": null,
      "faceCount": null,
      "vertexCount": null
    },
    "usdz": {
      "textureCount": null,
      "size": 6813,
      "type": "usdz",
      "textureMaxResolution": null,
      "faceCount": null,
      "vertexCount": null
    }
  },
  "license": "by"
}