{
  "uri": "https://api.sketchfab.com/v3/models/835c0163a2d948ff92bbef0992712e77",
  "uid": "835c0163a2d948ff92bbef0992712e77",
  "name": "Martlet Road, Minehead",
  "staffpickedAt": null,
  "viewCount": 17,
  "likeCount": 2,
  "animationCount": 0,
  "viewerUrl": "https://sketchfab.com/3d-models/835c0163a2d948ff92bbef0992712e77",
  "embedUrl": "https://sketchfab.com/models/835c0163a2d948ff92bbef0992712e77/embed",
  "commentCount": 0,
  "isDownloadable": true,
  "publishedAt": "2022-08-21T21:05:58.025044",
  "tags": [
    {
      "name": "bench",
      "slug": "bench",
      "uri": "https://api.sketchfab.com/v3/tags/bench"
    },
    {
      "name": "hill",
      "slug": "hill",
      "uri": "https://api.sketchfab.com/v3/tags/hill"
    },
    {
      "name": "heritage",
      "slug": "heritage",
      "uri": "https://api.sketchfab.com/v3/tags/heritage"
    },
    {
      "name": "culture",
      "slug": "culture",
      "uri": "https://api.sketchfab.com/v3/tags/culture"
    },
    {
      "name": "travel",
      "slug": "travel",
      "uri": "https://api.sketchfab.com/v3/tags/travel"
    },
    {
      "name": "pipes",
      "slug": "pipes",
      "uri": "https://api.sketchfab.com/v3/tags/pipes"
    },
    {
      "name": "foliage",
      "slug": "foliage",
      "uri": "https://api.sketchfab.com/v3/tags/foliage"
    },
    {
      "name": "somerset",
      "slug": "somerset",
      "uri": "https://api.sketchfab.com/v3/tags/somerset"
    },
    {
      "name": "brick-wall",
      "slug": "brick-wall",
      "uri": "https://api.sketchfab.com/v3/tags/brick-wall"
    },
    {
      "name": "street-scene",
      "slug": "street-scene",
      "uri": "https://api.sketchfab.com/v3/tags/street-scene"
    },
    {
      "name": "street-furniture",
      "slug": "street-furniture",
      "uri": "https://api.sketchfab.com/v3/tags/street-furniture"
    },
    {
      "name": "minehead",
      "slug": "minehead",
      "uri": "https://api.sketchfab.com/v3/tags/minehead"
    },
    {
      "name": "photogrammetry",
      "slug": "photogrammetry",
      "uri": "https://api.sketchfab.com/v3/tags/photogrammetry"
    },
    {
      "name": "street",
      "slug": "street",
      "uri": "https://api.sketchfab.com/v3/tags/street"
    },
    {
      "name": "wall",
      "slug": "wall",
      "uri": "https://api.sketchfab.com/v3/tags/wall"
    }
  ],
  "categories": [
    {
      "name": "cultural-heritage-history"
    },
    {
      "name": "places-travel"
    }
  ],
  "thumbnails": {
    "images": [
      {
        "uid": "c35445ff3d5044bda6e8e66194e8ddbe",
        "size": 299426,
        "width": 1920,
        "url": "https://media.sketchfab.com/models/835c0163a2d948ff92bbef0992712e77/thumbnails/974e9f92cdd1450683582f5365fb8ba0/b272bb83515c4f4bbb18b5a9cd2ba7b3.jpeg",
        "height": 1080
      },
      {
        "uid": "4a657826d97e4259bc028eb250c55871",
        "size": 93282,
        "width": 1024,
        "url": "https://media.sketchfab.com/models/835c0163a2d948ff92bbef0992712e77/thumbnails/974e9f92cdd1450683582f5365fb8ba0/16264d26d22e46ce9a7a162bf9c501df.jpeg",
        "height": 576
      },
      {
        "uid": "86003fac732049fe9a0c684992d7ad1d",
        "size": 51864,
        "width": 720,
        "url": "https://media.sketchfab.com/models/835c0163a2d948ff92bbef0992712e77/thumbnails/974e9f92cdd1450683582f5365fb8ba0/6dda1fee1845477497e37ac5d62acc5f.jpeg",
        "height": 405
      },
      {
        "uid": "8ea6109cab0946cbb34e16bc86d31875",
        "size": 8708,
        "width": 256,
        "url": "https://media.sketchfab.com/models/835c0163a2d948ff92bbef0992712e77/thumbnails/974e9f92cdd1450683582f5365fb8ba0/28458ddc91534712881e152b1a28a269.jpeg",
        "height": 144
      },
      {
        "uid": "be35b566ffeb46c3a5ac4b67333c2c25",
        "size": 1478,
        "width": 64,
        "url": "https://media.sketchfab.com/models/835c0163a2d948ff92bbef0992712e77/thumbnails/974e9f92cdd1450683582f5365fb8ba0/0061db81820a42eab0346c465ff2f49a.jpeg",
        "height": 36
      }
    ]
  },
  "user": {
    "uid": "b56822e28f1c406fb6b75550e2a48221",
    "username": "mooreheadmodels",
    "displayName": "Bob Currie",
    "profileUrl": "https://sketchfab.com/mooreheadmodels",
    "account": "basic",
    "avatar": {
      "uri": "https://api.sketchfab.com/v3/avatars/a99af852acc2441b8e2e74361a43f4ec",
      "images": [
        {
          "size": 1043,
          "width": 32,
          "url": "https://media.sketchfab.com/avatars/a99af852acc2441b8e2e74361a43f4ec/4e1aeb7b0d2f48d790fc3e09493e697f.jpeg",
          "height": 32
        },
        {
          "size": 1484,
          "width": 48,
          "url": "https://media.sketchfab.com/avatars/a99af852acc2441b8e2e74361a43f4ec/dcfc1f5f382d4a8c8ba44eaa47a9246a.jpeg",
          "height": 48
        },
        {
          "size": 3355,
          "width": 90,
          "url": "https://media.sketchfab.com/avatars/a99af852acc2441b8e2e74361a43f4ec/e6c0298112fc45b883c59fc5da814a49.jpeg",
          "height": 90
        },
        {
          "size": 3790,
          "width": 100,
          "url": "https://media.sketchfab.com/avatars/a99af852acc2441b8e2e74361a43f4ec/116d93712ce3401e8ba3cc65d9e537d6.jpeg",
          "height": 100
        }
      ]
    },
    "uri": "https://api.sketchfab.com/v3/users/b56822e28f1c406fb6b75550e2a48221"
  },
  "description": "Some street furniture on Marlet Road, Minehead, towards the bottom of the hill.  Really pleased with the details in this one, such as the foliage above the wall, the ripped stickers on the BT box, and the discarded cigarette box down the back.  \n\n153 photos taken with a Canon 700D.",
  "faceCount": 999548,
  "createdAt": "2022-08-21T21:01:47.603429",
  "vertexCount": 499818,
  "isAgeRestricted": false,
  "archives": {
    "glb": {
      "textureCount": 1,
      "size": 65548188,
      "type": "glb",
      "textureMaxResolution": 8192,
      "faceCount": 999548,
      "vertexCount": 816758
    },
    "gltf": {
      "textureCount": 1,
      "size": 51394317,
      "type": "gltf",
      "textureMaxResolution": 8192,
      "faceCount": 999548,
      "vertexCount": 816758
    },
    "source": {
      "textureCount": null,
      "size": 63433093,
      "type": "source",
      "textureMaxResolution": null,
      "faceCount": null,
      "vertexCount": null
    },
    "usdz": {
      "textureCount": null,
      "size": 33646776,
      "type": "usdz",
      "textureMaxResolution": null,
      "faceCount": null,
      "vertexCount": null
    }
  },
  "license": "by"
}