{
  "uri": "https://api.sketchfab.com/v3/models/835e58cef6e54bc790913f7e198f68e7",
  "uid": "835e58cef6e54bc790913f7e198f68e7",
  "name": "Modelagem Estrutural 3D- Clinica São Francisco s",
  "staffpickedAt": null,
  "viewCount": 1,
  "likeCount": 0,
  "animationCount": 0,
  "viewerUrl": "https://sketchfab.com/3d-models/835e58cef6e54bc790913f7e198f68e7",
  "embedUrl": "https://sketchfab.com/models/835e58cef6e54bc790913f7e198f68e7/embed",
  "commentCount": 0,
  "isDownloadable": true,
  "publishedAt": "2021-01-21T19:47:48.080863",
  "tags": [],
  "categories": [],
  "thumbnails": {
    "images": [
      {
        "uid": "76abdc20e84741ce8e3febfb18359d64",
        "size": 68857,
        "width": 1920,
        "url": "https://media.sketchfab.com/models/835e58cef6e54bc790913f7e198f68e7/thumbnails/cca58ee339cc4f39862f0657205043fd/89cf1446e3394bf1a95bd11896969e24.jpeg",
        "height": 1080
      },
      {
        "uid": "6d3adb9d890843ee9eef4b2356c2deea",
        "size": 25187,
        "width": 1024,
        "url": "https://media.sketchfab.com/models/835e58cef6e54bc790913f7e198f68e7/thumbnails/cca58ee339cc4f39862f0657205043fd/8add72d0387d44b1b81c4d0c4646fa28.jpeg",
        "height": 576
      },
      {
        "uid": "b5a6e7122cfe46b29afb0c9891537846",
        "size": 15450,
        "width": 720,
        "url": "https://media.sketchfab.com/models/835e58cef6e54bc790913f7e198f68e7/thumbnails/cca58ee339cc4f39862f0657205043fd/e8797ca9f7a642c98bcca3e621512842.jpeg",
        "height": 405
      },
      {
        "uid": "eb50277380b143daba645a7033a72382",
        "size": 3775,
        "width": 256,
        "url": "https://media.sketchfab.com/models/835e58cef6e54bc790913f7e198f68e7/thumbnails/cca58ee339cc4f39862f0657205043fd/362285f8c6bb4e2d88eb9ea959eee65d.jpeg",
        "height": 144
      },
      {
        "uid": "206b61cb4fe3463baf6cd5b837b60fa0",
        "size": 695,
        "width": 64,
        "url": "https://media.sketchfab.com/models/835e58cef6e54bc790913f7e198f68e7/thumbnails/cca58ee339cc4f39862f0657205043fd/c54beacfe4ea464fb4508e2f162a9d1b.jpeg",
        "height": 36
      }
    ]
  },
  "user": {
    "uid": "a3e57f1502a1486caced51e0decd0cfd",
    "username": "JonasGimenes",
    "displayName": "Aleixo e Gimenes - Gestão de Projetos",
    "profileUrl": "https://sketchfab.com/JonasGimenes",
    "account": "basic",
    "avatar": {
      "uri": "https://api.sketchfab.com/v3/avatars/b04a4960686543f3afae80c523dcfbd9",
      "images": [
        {
          "size": 728,
          "width": 32,
          "url": "https://media.sketchfab.com/avatars/b04a4960686543f3afae80c523dcfbd9/c823ba7873544eed8e5b720d9a3aaec6.jpeg",
          "height": 32
        },
        {
          "size": 1076,
          "width": 48,
          "url": "https://media.sketchfab.com/avatars/b04a4960686543f3afae80c523dcfbd9/67732ce3b58f4990a4a986c258aa89fc.jpeg",
          "height": 48
        },
        {
          "size": 2474,
          "width": 90,
          "url": "https://media.sketchfab.com/avatars/b04a4960686543f3afae80c523dcfbd9/c243146d99f74df2b718aa49ccbcd565.jpeg",
          "height": 90
        },
        {
          "size": 2848,
          "width": 100,
          "url": "https://media.sketchfab.com/avatars/b04a4960686543f3afae80c523dcfbd9/b93b150c4b044ca1b2e245d25271e594.jpeg",
          "height": 100
        }
      ]
    },
    "uri": "https://api.sketchfab.com/v3/users/a3e57f1502a1486caced51e0decd0cfd"
  },
  "description": "",
  "faceCount": 4742,
  "createdAt": "2021-01-21T14:25:23.195933",
  "vertexCount": 2804,
  "isAgeRestricted": false,
  "archives": {
    "glb": {
      "textureCount": 0,
      "size": 419372,
      "type": "glb",
      "textureMaxResolution": 0,
      "faceCount": 4692,
      "vertexCount": 8894
    },
    "gltf": {
      "textureCount": 0,
      "size": 35802,
      "type": "gltf",
      "textureMaxResolution": 0,
      "faceCount": 4692,
      "vertexCount": 8894
    },
    "source": {
      "textureCount": null,
      "size": 817472,
      "type": "source",
      "textureMaxResolution": null,
      "faceCount": null,
      "vertexCount": null
    },
    "usdz": {
      "textureCount": null,
      "size": 223931,
      "type": "usdz",
      "textureMaxResolution": null,
      "faceCount": null,
      "vertexCount": null
    }
  },
  "license": "by"
}