{
  "uri": "https://api.sketchfab.com/v3/models/8362546a9bfa43dea34625254bcb25b7",
  "uid": "8362546a9bfa43dea34625254bcb25b7",
  "name": "Barrel",
  "staffpickedAt": null,
  "viewCount": 10,
  "likeCount": 1,
  "animationCount": 0,
  "viewerUrl": "https://sketchfab.com/3d-models/8362546a9bfa43dea34625254bcb25b7",
  "embedUrl": "https://sketchfab.com/models/8362546a9bfa43dea34625254bcb25b7/embed",
  "commentCount": 0,
  "isDownloadable": true,
  "publishedAt": "2020-01-06T14:08:10.321389",
  "tags": [
    {
      "name": "barrel",
      "slug": "barrel",
      "uri": "https://api.sketchfab.com/v3/tags/barrel"
    },
    {
      "name": "maya",
      "slug": "maya",
      "uri": "https://api.sketchfab.com/v3/tags/maya"
    },
    {
      "name": "model",
      "slug": "model",
      "uri": "https://api.sketchfab.com/v3/tags/model"
    }
  ],
  "categories": [],
  "thumbnails": {
    "images": [
      {
        "uid": "bf121efcdde14d6da7b5a10c8cd07d60",
        "size": 81672,
        "width": 1920,
        "url": "https://media.sketchfab.com/models/8362546a9bfa43dea34625254bcb25b7/thumbnails/a08912c42bda45a2b6b4c0a82fd879a0/d19b5d60efc04fc3998b888dc6c8f760.jpeg",
        "height": 1080
      },
      {
        "uid": "9682732f69c64835953f34e99a3378e9",
        "size": 25549,
        "width": 1024,
        "url": "https://media.sketchfab.com/models/8362546a9bfa43dea34625254bcb25b7/thumbnails/a08912c42bda45a2b6b4c0a82fd879a0/903085663b264faa9512a66bad10e118.jpeg",
        "height": 576
      },
      {
        "uid": "72e7b84d6b264e9688211ca6dd27295a",
        "size": 14537,
        "width": 720,
        "url": "https://media.sketchfab.com/models/8362546a9bfa43dea34625254bcb25b7/thumbnails/a08912c42bda45a2b6b4c0a82fd879a0/ad4c6fa19f254a39a46fa1347fa052e8.jpeg",
        "height": 405
      },
      {
        "uid": "eb6117f84a0c4b81aa5c7c3fbbe0090b",
        "size": 2820,
        "width": 256,
        "url": "https://media.sketchfab.com/models/8362546a9bfa43dea34625254bcb25b7/thumbnails/a08912c42bda45a2b6b4c0a82fd879a0/34c69b67545748e296a96b4c47359155.jpeg",
        "height": 144
      },
      {
        "uid": "70d6239322fb44a887f4a85e62414ce9",
        "size": 638,
        "width": 64,
        "url": "https://media.sketchfab.com/models/8362546a9bfa43dea34625254bcb25b7/thumbnails/a08912c42bda45a2b6b4c0a82fd879a0/680a94c249d4473b9e3e5f453b704e80.jpeg",
        "height": 36
      }
    ]
  },
  "user": {
    "uid": "79739ed5b9f540c99d0122d094989e6b",
    "username": "JackOldham1",
    "displayName": "JackOldham1",
    "profileUrl": "https://sketchfab.com/JackOldham1",
    "account": "basic",
    "avatar": {
      "uri": "https://api.sketchfab.com/v3/avatars/ccb26240e1e94460983368bf8746d615",
      "images": [
        {
          "size": 690,
          "width": 32,
          "url": "https://media.sketchfab.com/avatars/ccb26240e1e94460983368bf8746d615/98fc6992c7944f99a82ebc6a6f6fbaac.jpeg",
          "height": 32
        },
        {
          "size": 1073,
          "width": 48,
          "url": "https://media.sketchfab.com/avatars/ccb26240e1e94460983368bf8746d615/6d8af42673e047a0a2afbb9b5e3ed84b.jpeg",
          "height": 48
        },
        {
          "size": 2609,
          "width": 90,
          "url": "https://media.sketchfab.com/avatars/ccb26240e1e94460983368bf8746d615/fe3b2ab919734206a2b9ac642ed8a6ca.jpeg",
          "height": 90
        },
        {
          "size": 2962,
          "width": 100,
          "url": "https://media.sketchfab.com/avatars/ccb26240e1e94460983368bf8746d615/da045abdfcf342a39d0fde8b55c2fed4.jpeg",
          "height": 100
        }
      ]
    },
    "uri": "https://api.sketchfab.com/v3/users/79739ed5b9f540c99d0122d094989e6b"
  },
  "description": "A barrel i created and textured in Maya",
  "faceCount": 440,
  "createdAt": "2020-01-06T14:05:59.753181",
  "vertexCount": 278,
  "isAgeRestricted": false,
  "archives": {
    "glb": {
      "textureCount": 1,
      "size": 1595080,
      "type": "glb",
      "textureMaxResolution": 2048,
      "faceCount": 388,
      "vertexCount": 340
    },
    "gltf": {
      "textureCount": 1,
      "size": 1549046,
      "type": "gltf",
      "textureMaxResolution": 2048,
      "faceCount": 388,
      "vertexCount": 340
    },
    "source": {
      "textureCount": null,
      "size": 2205606,
      "type": "source",
      "textureMaxResolution": null,
      "faceCount": null,
      "vertexCount": null
    },
    "usdz": {
      "textureCount": null,
      "size": 1592054,
      "type": "usdz",
      "textureMaxResolution": null,
      "faceCount": null,
      "vertexCount": null
    }
  },
  "license": "by"
}