{
  "uri": "https://api.sketchfab.com/v3/models/8366ab7bc7844fd8a4744dfd67fddf72",
  "uid": "8366ab7bc7844fd8a4744dfd67fddf72",
  "name": "Sea of Thieve : Sniper (Remake)",
  "staffpickedAt": null,
  "viewCount": 49,
  "likeCount": 1,
  "animationCount": 0,
  "viewerUrl": "https://sketchfab.com/3d-models/8366ab7bc7844fd8a4744dfd67fddf72",
  "embedUrl": "https://sketchfab.com/models/8366ab7bc7844fd8a4744dfd67fddf72/embed",
  "commentCount": 0,
  "isDownloadable": true,
  "publishedAt": "2020-08-06T12:32:16.162103",
  "tags": [
    {
      "name": "sniper",
      "slug": "sniper",
      "uri": "https://api.sketchfab.com/v3/tags/sniper"
    },
    {
      "name": "substancepainter",
      "slug": "substancepainter",
      "uri": "https://api.sketchfab.com/v3/tags/substancepainter"
    },
    {
      "name": "substance",
      "slug": "substance",
      "uri": "https://api.sketchfab.com/v3/tags/substance"
    },
    {
      "name": "weapon",
      "slug": "weapon",
      "uri": "https://api.sketchfab.com/v3/tags/weapon"
    }
  ],
  "categories": [],
  "thumbnails": {
    "images": [
      {
        "uid": "027f6986e87a401780aa22f51eb0317a",
        "size": 40845,
        "width": 1920,
        "url": "https://media.sketchfab.com/models/8366ab7bc7844fd8a4744dfd67fddf72/thumbnails/445309e36f52486da9d322c122eaede9/07c59eb6510f454488c9d2ac9ea5aa43.jpeg",
        "height": 1080
      },
      {
        "uid": "422b7227f71d449ebeae29ef97bf2e80",
        "size": 14492,
        "width": 1024,
        "url": "https://media.sketchfab.com/models/8366ab7bc7844fd8a4744dfd67fddf72/thumbnails/445309e36f52486da9d322c122eaede9/7a7155baf1ff468d9b2fae56552f7b0e.jpeg",
        "height": 576
      },
      {
        "uid": "822e4ea02cca4ff3be31d019c7994269",
        "size": 8845,
        "width": 720,
        "url": "https://media.sketchfab.com/models/8366ab7bc7844fd8a4744dfd67fddf72/thumbnails/445309e36f52486da9d322c122eaede9/c998d068a6aa4688b8f78a0962884c25.jpeg",
        "height": 405
      },
      {
        "uid": "fe571b155ff84559abea5be8c67e296a",
        "size": 2328,
        "width": 256,
        "url": "https://media.sketchfab.com/models/8366ab7bc7844fd8a4744dfd67fddf72/thumbnails/445309e36f52486da9d322c122eaede9/147e41d8ad6540aa9ee5b0fa0e595b49.jpeg",
        "height": 144
      },
      {
        "uid": "f89d523bf2714f15a47447d89e5a0d44",
        "size": 610,
        "width": 64,
        "url": "https://media.sketchfab.com/models/8366ab7bc7844fd8a4744dfd67fddf72/thumbnails/445309e36f52486da9d322c122eaede9/ec30518b825d400f8cc30ceddd4add57.jpeg",
        "height": 36
      }
    ]
  },
  "user": {
    "uid": "5bf742406b0145a3b549840804f90482",
    "username": "irfanart",
    "displayName": "Irfanart",
    "profileUrl": "https://sketchfab.com/irfanart",
    "account": "basic",
    "avatar": {
      "uri": "https://api.sketchfab.com/v3/avatars/20abf2c73b58454399765437eb7e2d6a",
      "images": [
        {
          "size": 3528,
          "width": 32,
          "url": "https://media.sketchfab.com/avatars/20abf2c73b58454399765437eb7e2d6a/3bef779aa0ec4ff49e547fe3595a1998.png",
          "height": 32
        },
        {
          "size": 4344,
          "width": 48,
          "url": "https://media.sketchfab.com/avatars/20abf2c73b58454399765437eb7e2d6a/1111670fbc6d4139812bb0a59e120f9c.png",
          "height": 48
        },
        {
          "size": 7707,
          "width": 90,
          "url": "https://media.sketchfab.com/avatars/20abf2c73b58454399765437eb7e2d6a/f56dc2e7b28c4c1f9084e89fe1d41c25.png",
          "height": 90
        },
        {
          "size": 8713,
          "width": 100,
          "url": "https://media.sketchfab.com/avatars/20abf2c73b58454399765437eb7e2d6a/2b4c38803434491887d4e93fdf177128.png",
          "height": 100
        }
      ]
    },
    "uri": "https://api.sketchfab.com/v3/users/5bf742406b0145a3b549840804f90482"
  },
  "description": "",
  "faceCount": 50400,
  "createdAt": "2020-08-06T12:11:51.727033",
  "vertexCount": 25302,
  "isAgeRestricted": false,
  "archives": {
    "glb": {
      "textureCount": 26,
      "size": 20346540,
      "type": "glb",
      "textureMaxResolution": 2048,
      "faceCount": 50400,
      "vertexCount": 31212
    },
    "gltf": {
      "textureCount": 26,
      "size": 18927147,
      "type": "gltf",
      "textureMaxResolution": 2048,
      "faceCount": 50400,
      "vertexCount": 31212
    },
    "source": {
      "textureCount": null,
      "size": 31728284,
      "type": "source",
      "textureMaxResolution": null,
      "faceCount": null,
      "vertexCount": null
    },
    "usdz": {
      "textureCount": null,
      "size": 3564260,
      "type": "usdz",
      "textureMaxResolution": null,
      "faceCount": null,
      "vertexCount": null
    }
  },
  "license": "by-nc"
}