{
  "uri": "https://api.sketchfab.com/v3/models/836630c9eb6344878f5b3e72aaa37f8b",
  "uid": "836630c9eb6344878f5b3e72aaa37f8b",
  "name": "2001130",
  "staffpickedAt": null,
  "viewCount": 65,
  "likeCount": 0,
  "animationCount": 0,
  "viewerUrl": "https://sketchfab.com/3d-models/836630c9eb6344878f5b3e72aaa37f8b",
  "embedUrl": "https://sketchfab.com/models/836630c9eb6344878f5b3e72aaa37f8b/embed",
  "commentCount": 0,
  "isDownloadable": true,
  "publishedAt": "2015-03-25T11:46:08",
  "tags": [],
  "categories": [],
  "thumbnails": {
    "images": [
      {
        "uid": "3945996b01f4457f82dfc5073d8ad609",
        "size": 35799,
        "width": 1920,
        "url": "https://media.sketchfab.com/models/836630c9eb6344878f5b3e72aaa37f8b/thumbnails/451a35b0117d4429a84778b57ba9d361/d7dd76de8aec4875885a1d6a58c28fd2.jpeg",
        "height": 1080
      },
      {
        "uid": "b79bbebe3d264c1aad938e2321a051bc",
        "size": 12026,
        "width": 1024,
        "url": "https://media.sketchfab.com/models/836630c9eb6344878f5b3e72aaa37f8b/thumbnails/451a35b0117d4429a84778b57ba9d361/c53a87ff64b640cd9b75fc925242837a.jpeg",
        "height": 576
      },
      {
        "uid": "1b922b6da48d47a29bd8bf78cd144431",
        "size": 6984,
        "width": 720,
        "url": "https://media.sketchfab.com/models/836630c9eb6344878f5b3e72aaa37f8b/thumbnails/451a35b0117d4429a84778b57ba9d361/c834e81ad65c42e18b5017c2e250e154.jpeg",
        "height": 405
      },
      {
        "uid": "0339aabb8ab2483eaabe90f192330d95",
        "size": 1571,
        "width": 256,
        "url": "https://media.sketchfab.com/models/836630c9eb6344878f5b3e72aaa37f8b/thumbnails/451a35b0117d4429a84778b57ba9d361/59dd49f84d0644a3b5232b071951e758.jpeg",
        "height": 144
      },
      {
        "uid": "cd08d85353204ac79bec73ac23182a03",
        "size": 494,
        "width": 64,
        "url": "https://media.sketchfab.com/models/836630c9eb6344878f5b3e72aaa37f8b/thumbnails/451a35b0117d4429a84778b57ba9d361/f5b6663cf6a243978ac04c39e54624c6.jpeg",
        "height": 36
      }
    ]
  },
  "user": {
    "uid": "fe58d7e658d5499d89c68d19730f66e9",
    "username": "archaeo3d",
    "displayName": "Archaeological 3D virtual museum",
    "profileUrl": "https://sketchfab.com/archaeo3d",
    "account": "basic",
    "avatar": {
      "uri": "https://api.sketchfab.com/v3/avatars/2f121991071b4d0195d64f3409397213",
      "images": [
        {
          "size": 18436,
          "width": 90,
          "url": "https://media.sketchfab.com/avatars/2f121991071b4d0195d64f3409397213/e85ea8afd75b44ad819ebb099d0c9348.jpeg",
          "height": 90
        },
        {
          "size": 18977,
          "width": 100,
          "url": "https://media.sketchfab.com/avatars/2f121991071b4d0195d64f3409397213/819319de9bbd4f0cbf7a81926e2b84f1.jpeg",
          "height": 100
        },
        {
          "size": 16744,
          "width": 48,
          "url": "https://media.sketchfab.com/avatars/2f121991071b4d0195d64f3409397213/63c1bc0662dc498d949790da9456055f.jpeg",
          "height": 48
        },
        {
          "size": 16228,
          "width": 32,
          "url": "https://media.sketchfab.com/avatars/2f121991071b4d0195d64f3409397213/1a952c97a26f413cb4e07718ec2230a1.jpeg",
          "height": 32
        }
      ]
    },
    "uri": "https://api.sketchfab.com/v3/users/fe58d7e658d5499d89c68d19730f66e9"
  },
  "description": "Id 2001130. Miska s rovným okrajem. Kultura LBK. Kontext 4. Lokalita Bylany (Czech Republic). Průměr okraje\n\nId 2001130. Bowl with straight rim. LBK culture. Context 4.  Bylany site (Czech Republic). Rim diameter",
  "faceCount": 490000,
  "createdAt": "2015-03-25T11:46:07",
  "vertexCount": 245002,
  "isAgeRestricted": false,
  "archives": {
    "glb": {
      "textureCount": 0,
      "size": 19306968,
      "type": "glb",
      "textureMaxResolution": 0,
      "faceCount": 490000,
      "vertexCount": 335510
    },
    "gltf": {
      "textureCount": 0,
      "size": 9966126,
      "type": "gltf",
      "textureMaxResolution": 0,
      "faceCount": 490000,
      "vertexCount": 335510
    },
    "source": {
      "textureCount": null,
      "size": 10290501,
      "type": "source",
      "textureMaxResolution": null,
      "faceCount": null,
      "vertexCount": null
    },
    "usdz": {
      "textureCount": null,
      "size": 9441924,
      "type": "usdz",
      "textureMaxResolution": null,
      "faceCount": null,
      "vertexCount": null
    }
  },
  "license": "by"
}