{
  "uri": "https://api.sketchfab.com/v3/models/83685619566a47819fc9231fcb55704e",
  "uid": "83685619566a47819fc9231fcb55704e",
  "name": "7001",
  "staffpickedAt": null,
  "viewCount": 85,
  "likeCount": 2,
  "animationCount": 0,
  "viewerUrl": "https://sketchfab.com/3d-models/83685619566a47819fc9231fcb55704e",
  "embedUrl": "https://sketchfab.com/models/83685619566a47819fc9231fcb55704e/embed",
  "commentCount": 0,
  "isDownloadable": true,
  "publishedAt": "2018-11-02T07:49:48.535027",
  "tags": [
    {
      "name": "7001",
      "slug": "7001",
      "uri": "https://api.sketchfab.com/v3/tags/7001"
    }
  ],
  "categories": [],
  "thumbnails": {
    "images": [
      {
        "uid": "86d70232786d4b75a8b42b78cd498edd",
        "size": 155964,
        "width": 1920,
        "url": "https://media.sketchfab.com/models/83685619566a47819fc9231fcb55704e/thumbnails/2e026ab9b73043efa91bb3f32e4e80d3/2adbe369c7bb4a1eb5e7e8bfbc88bddd.jpeg",
        "height": 1080
      },
      {
        "uid": "551c7c1f035a4fea851eac39221468c3",
        "size": 48433,
        "width": 1024,
        "url": "https://media.sketchfab.com/models/83685619566a47819fc9231fcb55704e/thumbnails/2e026ab9b73043efa91bb3f32e4e80d3/7ccb74ee659b42c7825cb63f948408ae.jpeg",
        "height": 576
      },
      {
        "uid": "e6c1b989e21f48adaad714282d2c6458",
        "size": 26226,
        "width": 720,
        "url": "https://media.sketchfab.com/models/83685619566a47819fc9231fcb55704e/thumbnails/2e026ab9b73043efa91bb3f32e4e80d3/b66ae336ab654f2192881d8be8838d73.jpeg",
        "height": 405
      },
      {
        "uid": "68f391e86c3c43dcb9417da5affb077b",
        "size": 4676,
        "width": 256,
        "url": "https://media.sketchfab.com/models/83685619566a47819fc9231fcb55704e/thumbnails/2e026ab9b73043efa91bb3f32e4e80d3/87921257da3f4ade91ac0cce4dfffc47.jpeg",
        "height": 144
      },
      {
        "uid": "67ee864fb9774109ac7588d6378bd579",
        "size": 855,
        "width": 64,
        "url": "https://media.sketchfab.com/models/83685619566a47819fc9231fcb55704e/thumbnails/2e026ab9b73043efa91bb3f32e4e80d3/4e58682c79234060b42d7dd55f600ec1.jpeg",
        "height": 36
      }
    ]
  },
  "user": {
    "uid": "ff503d70482a4f97a452d145aa3ec377",
    "username": "nottyairs",
    "displayName": "nottyairs",
    "profileUrl": "https://sketchfab.com/nottyairs",
    "account": "basic",
    "avatar": {
      "uri": "https://api.sketchfab.com/v3/avatars/a5306dc3f30f4b9f9f306ae36afba7eb",
      "images": [
        {
          "size": 843,
          "width": 32,
          "url": "https://media.sketchfab.com/avatars/a5306dc3f30f4b9f9f306ae36afba7eb/d4c53865cd7345c7956bdeed45f64131.jpeg",
          "height": 32
        },
        {
          "size": 1391,
          "width": 48,
          "url": "https://media.sketchfab.com/avatars/a5306dc3f30f4b9f9f306ae36afba7eb/e6017e617100489599c6c3d948b94834.jpeg",
          "height": 48
        },
        {
          "size": 3690,
          "width": 90,
          "url": "https://media.sketchfab.com/avatars/a5306dc3f30f4b9f9f306ae36afba7eb/380ea4b72c1a4b70a23077bcb90d912f.jpeg",
          "height": 90
        },
        {
          "size": 4245,
          "width": 100,
          "url": "https://media.sketchfab.com/avatars/a5306dc3f30f4b9f9f306ae36afba7eb/312fb44cb1014a92b95dfef6ad4776bc.jpeg",
          "height": 100
        }
      ]
    },
    "uri": "https://api.sketchfab.com/v3/users/ff503d70482a4f97a452d145aa3ec377"
  },
  "description": "7001",
  "faceCount": 1193212,
  "createdAt": "2018-11-02T07:45:24.968332",
  "vertexCount": 596608,
  "isAgeRestricted": false,
  "archives": {
    "glb": {
      "textureCount": 1,
      "size": 38955536,
      "type": "glb",
      "textureMaxResolution": 1024,
      "faceCount": 1193212,
      "vertexCount": 607510
    },
    "gltf": {
      "textureCount": 1,
      "size": 8749649,
      "type": "gltf",
      "textureMaxResolution": 1024,
      "faceCount": 1193212,
      "vertexCount": 607510
    },
    "source": {
      "textureCount": null,
      "size": 15240278,
      "type": "source",
      "textureMaxResolution": null,
      "faceCount": null,
      "vertexCount": null
    },
    "usdz": {
      "textureCount": null,
      "size": 19301566,
      "type": "usdz",
      "textureMaxResolution": null,
      "faceCount": null,
      "vertexCount": null
    }
  },
  "license": "by"
}