{
  "uri": "https://api.sketchfab.com/v3/models/836b013e15e94e6e8d7cc2e47a7c9aa6",
  "uid": "836b013e15e94e6e8d7cc2e47a7c9aa6",
  "name": "hall of odsp",
  "staffpickedAt": null,
  "viewCount": 1,
  "likeCount": 0,
  "animationCount": 0,
  "viewerUrl": "https://sketchfab.com/3d-models/836b013e15e94e6e8d7cc2e47a7c9aa6",
  "embedUrl": "https://sketchfab.com/models/836b013e15e94e6e8d7cc2e47a7c9aa6/embed",
  "commentCount": 0,
  "isDownloadable": true,
  "publishedAt": "2020-10-12T05:44:18.410126",
  "tags": [],
  "categories": [],
  "thumbnails": {
    "images": [
      {
        "uid": "e00b752cf4b0473ebdb9635ba694d657",
        "size": 19016,
        "width": 1920,
        "url": "https://media.sketchfab.com/models/836b013e15e94e6e8d7cc2e47a7c9aa6/thumbnails/a8c309cff1034ce2942c3e3d7da125cc/a51dbde1a55e458c82e246ca06b56dea.jpeg",
        "height": 1080
      },
      {
        "uid": "21cab5468b4a423faa3f08964c1d3c17",
        "size": 6974,
        "width": 1024,
        "url": "https://media.sketchfab.com/models/836b013e15e94e6e8d7cc2e47a7c9aa6/thumbnails/a8c309cff1034ce2942c3e3d7da125cc/9f1bcb0a0e5243f7884f147380c6ffa4.jpeg",
        "height": 576
      },
      {
        "uid": "4d69bf9fbcac4096b13f99d2d0cb9151",
        "size": 4340,
        "width": 720,
        "url": "https://media.sketchfab.com/models/836b013e15e94e6e8d7cc2e47a7c9aa6/thumbnails/a8c309cff1034ce2942c3e3d7da125cc/03c1f3d034024a6b881539e4ce2eea6e.jpeg",
        "height": 405
      },
      {
        "uid": "8e997eed738741418eea1ed199c2806b",
        "size": 1176,
        "width": 256,
        "url": "https://media.sketchfab.com/models/836b013e15e94e6e8d7cc2e47a7c9aa6/thumbnails/a8c309cff1034ce2942c3e3d7da125cc/cdfd77f5ddcf4a739bea12abc710d852.jpeg",
        "height": 144
      },
      {
        "uid": "08c06091df114f94a0d49071f9467adb",
        "size": 421,
        "width": 64,
        "url": "https://media.sketchfab.com/models/836b013e15e94e6e8d7cc2e47a7c9aa6/thumbnails/a8c309cff1034ce2942c3e3d7da125cc/034e6a20fc8c466299bd6bb1d8acfd41.jpeg",
        "height": 36
      }
    ]
  },
  "user": {
    "uid": "6b4014cd31484b22a32e3eaeae1fefea",
    "username": "raagulmanoharan",
    "displayName": "raagulmanoharan",
    "profileUrl": "https://sketchfab.com/raagulmanoharan",
    "account": "basic",
    "avatar": {
      "uri": "https://api.sketchfab.com/v3/avatars/51af6a870cce449eb75b0345feebaebb",
      "images": [
        {
          "size": 5719,
          "width": 90,
          "url": "https://media.sketchfab.com/avatars/51af6a870cce449eb75b0345feebaebb/2ef0f894055b4bb69123b2a27fa2d379.jpeg",
          "height": 90
        },
        {
          "size": 6496,
          "width": 100,
          "url": "https://media.sketchfab.com/avatars/51af6a870cce449eb75b0345feebaebb/ab11eedf96374486acb544f71a23b165.jpeg",
          "height": 100
        },
        {
          "size": 1359,
          "width": 32,
          "url": "https://media.sketchfab.com/avatars/51af6a870cce449eb75b0345feebaebb/35f6f9b6c9a14a548ce472582d8a9bb5.jpeg",
          "height": 32
        },
        {
          "size": 2584,
          "width": 48,
          "url": "https://media.sketchfab.com/avatars/51af6a870cce449eb75b0345feebaebb/a8072a51447c4d41ab177b357111b420.jpeg",
          "height": 48
        }
      ]
    },
    "uri": "https://api.sketchfab.com/v3/users/6b4014cd31484b22a32e3eaeae1fefea"
  },
  "description": "",
  "faceCount": 872,
  "createdAt": "2020-10-11T18:48:59.823153",
  "vertexCount": 396,
  "isAgeRestricted": false,
  "archives": {
    "glb": {
      "textureCount": 0,
      "size": 36764,
      "type": "glb",
      "textureMaxResolution": 0,
      "faceCount": 760,
      "vertexCount": 630
    },
    "gltf": {
      "textureCount": 0,
      "size": 8818,
      "type": "gltf",
      "textureMaxResolution": 0,
      "faceCount": 760,
      "vertexCount": 630
    },
    "source": {
      "textureCount": null,
      "size": 32768,
      "type": "source",
      "textureMaxResolution": null,
      "faceCount": null,
      "vertexCount": null
    },
    "usdz": {
      "textureCount": null,
      "size": 22219,
      "type": "usdz",
      "textureMaxResolution": null,
      "faceCount": null,
      "vertexCount": null
    }
  },
  "license": "by"
}