{
  "uri": "https://api.sketchfab.com/v3/models/836b5c965fe24d81956b225a8a684010",
  "uid": "836b5c965fe24d81956b225a8a684010",
  "name": "Candey Cadet Showbiz",
  "staffpickedAt": null,
  "viewCount": 189,
  "likeCount": 4,
  "animationCount": 0,
  "viewerUrl": "https://sketchfab.com/3d-models/836b5c965fe24d81956b225a8a684010",
  "embedUrl": "https://sketchfab.com/models/836b5c965fe24d81956b225a8a684010/embed",
  "commentCount": 0,
  "isDownloadable": true,
  "publishedAt": "2022-07-02T02:03:25.655844",
  "tags": [
    {
      "name": "yes",
      "slug": "yes",
      "uri": "https://api.sketchfab.com/v3/tags/yes"
    },
    {
      "name": "no",
      "slug": "no",
      "uri": "https://api.sketchfab.com/v3/tags/no"
    },
    {
      "name": "children",
      "slug": "children",
      "uri": "https://api.sketchfab.com/v3/tags/children"
    },
    {
      "name": "nsfw",
      "slug": "nsfw",
      "uri": "https://api.sketchfab.com/v3/tags/nsfw"
    }
  ],
  "categories": [
    {
      "name": "people"
    }
  ],
  "thumbnails": {
    "images": [
      {
        "uid": "51074bb82c974295b870e124063045ce",
        "size": 56854,
        "width": 1920,
        "url": "https://media.sketchfab.com/models/836b5c965fe24d81956b225a8a684010/thumbnails/7c4fc416d907434ba2c0e7f2ef4e39c5/d9c56e60b93e424fa409251fa9e897fc.jpeg",
        "height": 1080
      },
      {
        "uid": "d7b69b3260e749e1a6f841e918b0289f",
        "size": 19056,
        "width": 1024,
        "url": "https://media.sketchfab.com/models/836b5c965fe24d81956b225a8a684010/thumbnails/7c4fc416d907434ba2c0e7f2ef4e39c5/97e43332ec02467aa1c3efb6ca917153.jpeg",
        "height": 576
      },
      {
        "uid": "de3d62001a4a4560b845dc85f9570328",
        "size": 10851,
        "width": 720,
        "url": "https://media.sketchfab.com/models/836b5c965fe24d81956b225a8a684010/thumbnails/7c4fc416d907434ba2c0e7f2ef4e39c5/9f58347fef5f430589d98a641b56fd47.jpeg",
        "height": 405
      },
      {
        "uid": "a7476b16c64844a3816a134d6d0ab898",
        "size": 2347,
        "width": 256,
        "url": "https://media.sketchfab.com/models/836b5c965fe24d81956b225a8a684010/thumbnails/7c4fc416d907434ba2c0e7f2ef4e39c5/6f2c5de3865f44668e52bf36f358134e.jpeg",
        "height": 144
      },
      {
        "uid": "3fccac183a764375aba34d227156bf63",
        "size": 810,
        "width": 64,
        "url": "https://media.sketchfab.com/models/836b5c965fe24d81956b225a8a684010/thumbnails/7c4fc416d907434ba2c0e7f2ef4e39c5/c5af2326637e45fabacb610422c7a8cb.jpeg",
        "height": 36
      }
    ]
  },
  "user": {
    "uid": "91f1ced024cd44d78dfa7370ebef098a",
    "username": "zjason634",
    "displayName": "modelrestricted2",
    "profileUrl": "https://sketchfab.com/zjason634",
    "account": "basic",
    "avatar": {
      "uri": "https://api.sketchfab.com/v3/avatars/0558befe5b204cab871ea4231d4c5802",
      "images": [
        {
          "size": 995,
          "width": 32,
          "url": "https://media.sketchfab.com/avatars/0558befe5b204cab871ea4231d4c5802/36b95543b0f94653a5fd2eaf8106c3b0.jpeg",
          "height": 32
        },
        {
          "size": 1305,
          "width": 48,
          "url": "https://media.sketchfab.com/avatars/0558befe5b204cab871ea4231d4c5802/1b7fc9fbf9554195a171eca493a1a924.jpeg",
          "height": 48
        },
        {
          "size": 2627,
          "width": 90,
          "url": "https://media.sketchfab.com/avatars/0558befe5b204cab871ea4231d4c5802/167036f9318545c1af29c0589d44a836.jpeg",
          "height": 90
        },
        {
          "size": 3031,
          "width": 100,
          "url": "https://media.sketchfab.com/avatars/0558befe5b204cab871ea4231d4c5802/a544db2e74944cf68561d7010dcb26e6.jpeg",
          "height": 100
        }
      ]
    },
    "uri": "https://api.sketchfab.com/v3/users/91f1ced024cd44d78dfa7370ebef098a"
  },
  "description": "nsfw (no children allowed)",
  "faceCount": 667306,
  "createdAt": "2022-07-02T01:59:46.931970",
  "vertexCount": 339355,
  "isAgeRestricted": false,
  "archives": {
    "glb": {
      "textureCount": 2,
      "size": 25000772,
      "type": "glb",
      "textureMaxResolution": 2048,
      "faceCount": 666719,
      "vertexCount": 370755
    },
    "gltf": {
      "textureCount": 2,
      "size": 8738918,
      "type": "gltf",
      "textureMaxResolution": 2048,
      "faceCount": 666719,
      "vertexCount": 370755
    },
    "source": {
      "textureCount": null,
      "size": 28963439,
      "type": "source",
      "textureMaxResolution": null,
      "faceCount": null,
      "vertexCount": null
    },
    "usdz": {
      "textureCount": null,
      "size": 13824227,
      "type": "usdz",
      "textureMaxResolution": null,
      "faceCount": null,
      "vertexCount": null
    }
  },
  "license": "by"
}