{
  "uri": "https://api.sketchfab.com/v3/models/8370449320e34e5992828626727d8506",
  "uid": "8370449320e34e5992828626727d8506",
  "name": "Nimble Nadder From HTTYD",
  "staffpickedAt": null,
  "viewCount": 73,
  "likeCount": 2,
  "animationCount": 0,
  "viewerUrl": "https://sketchfab.com/3d-models/8370449320e34e5992828626727d8506",
  "embedUrl": "https://sketchfab.com/models/8370449320e34e5992828626727d8506/embed",
  "commentCount": 0,
  "isDownloadable": true,
  "publishedAt": "2022-03-01T18:04:36.296438",
  "tags": [
    {
      "name": "dreamworks",
      "slug": "dreamworks",
      "uri": "https://api.sketchfab.com/v3/tags/dreamworks"
    },
    {
      "name": "howtotrainyourdragon",
      "slug": "howtotrainyourdragon",
      "uri": "https://api.sketchfab.com/v3/tags/howtotrainyourdragon"
    },
    {
      "name": "harry-potter",
      "slug": "harry-potter",
      "uri": "https://api.sketchfab.com/v3/tags/harry-potter"
    },
    {
      "name": "dragon",
      "slug": "dragon",
      "uri": "https://api.sketchfab.com/v3/tags/dragon"
    },
    {
      "name": "deadlynadder",
      "slug": "deadlynadder",
      "uri": "https://api.sketchfab.com/v3/tags/deadlynadder"
    }
  ],
  "categories": [
    {
      "name": "animals-pets"
    }
  ],
  "thumbnails": {
    "images": [
      {
        "uid": "b091c7682f854a4b99bc9fbb4ae80df3",
        "size": 53457,
        "width": 1920,
        "url": "https://media.sketchfab.com/models/8370449320e34e5992828626727d8506/thumbnails/f81a8521f2014563a06f6c07b12456c5/1d2dfaaedce1423eadf1ee017cadad28.jpeg",
        "height": 1080
      },
      {
        "uid": "e1fa64781eaa43808cf24545812252b6",
        "size": 17417,
        "width": 1024,
        "url": "https://media.sketchfab.com/models/8370449320e34e5992828626727d8506/thumbnails/f81a8521f2014563a06f6c07b12456c5/325d9ef238fa48e38f44bcb8906efa05.jpeg",
        "height": 576
      },
      {
        "uid": "a7c00cddcc3847e18e167b953b28b37f",
        "size": 10046,
        "width": 720,
        "url": "https://media.sketchfab.com/models/8370449320e34e5992828626727d8506/thumbnails/f81a8521f2014563a06f6c07b12456c5/20dd73e873404d17aa054bb8e34b5861.jpeg",
        "height": 405
      },
      {
        "uid": "224df6c458d546d5b114678d2195a30e",
        "size": 2297,
        "width": 256,
        "url": "https://media.sketchfab.com/models/8370449320e34e5992828626727d8506/thumbnails/f81a8521f2014563a06f6c07b12456c5/fb404b396b5d40f49ab1d4a0c26fc67e.jpeg",
        "height": 144
      },
      {
        "uid": "37e61c9d197f4470afdab30c1fe17925",
        "size": 861,
        "width": 64,
        "url": "https://media.sketchfab.com/models/8370449320e34e5992828626727d8506/thumbnails/f81a8521f2014563a06f6c07b12456c5/7da7f117a7e7404388db83adf160280f.jpeg",
        "height": 36
      }
    ]
  },
  "user": {
    "uid": "27b8e8191e23465f98f659e38d96f69d",
    "username": "ET1theisen",
    "displayName": "ET1theisen",
    "profileUrl": "https://sketchfab.com/ET1theisen",
    "account": "basic",
    "avatar": {
      "uri": "https://api.sketchfab.com/v3/avatars/ec7f133c39f848e2b90db976f989a5f8",
      "images": [
        {
          "size": 2547,
          "width": 32,
          "url": "https://media.sketchfab.com/avatars/ec7f133c39f848e2b90db976f989a5f8/8d9881c8b735491fb4b05a4c8485836d.png",
          "height": 32
        },
        {
          "size": 5061,
          "width": 48,
          "url": "https://media.sketchfab.com/avatars/ec7f133c39f848e2b90db976f989a5f8/18ac586194ca4082912b415e11b943ff.png",
          "height": 48
        },
        {
          "size": 14297,
          "width": 90,
          "url": "https://media.sketchfab.com/avatars/ec7f133c39f848e2b90db976f989a5f8/2f361892c51c4423af83d6938b7074a1.png",
          "height": 90
        },
        {
          "size": 16952,
          "width": 100,
          "url": "https://media.sketchfab.com/avatars/ec7f133c39f848e2b90db976f989a5f8/226224bdad37428dbd107c6438613211.png",
          "height": 100
        }
      ]
    },
    "uri": "https://api.sketchfab.com/v3/users/27b8e8191e23465f98f659e38d96f69d"
  },
  "description": "",
  "faceCount": 1714,
  "createdAt": "2022-03-01T17:50:26.459362",
  "vertexCount": 953,
  "isAgeRestricted": false,
  "archives": {
    "glb": {
      "textureCount": 4,
      "size": 509108,
      "type": "glb",
      "textureMaxResolution": 256,
      "faceCount": 1714,
      "vertexCount": 1374
    },
    "gltf": {
      "textureCount": 4,
      "size": 478169,
      "type": "gltf",
      "textureMaxResolution": 256,
      "faceCount": 1714,
      "vertexCount": 1374
    },
    "source": {
      "textureCount": null,
      "size": 848875,
      "type": "source",
      "textureMaxResolution": null,
      "faceCount": null,
      "vertexCount": null
    },
    "usdz": {
      "textureCount": null,
      "size": 149821,
      "type": "usdz",
      "textureMaxResolution": null,
      "faceCount": null,
      "vertexCount": null
    }
  },
  "license": "by"
}