{
  "uri": "https://api.sketchfab.com/v3/models/837c220e42bc44f48aaeee51973b4ae0",
  "uid": "837c220e42bc44f48aaeee51973b4ae0",
  "name": "Koke-domu",
  "staffpickedAt": null,
  "viewCount": 10,
  "likeCount": 0,
  "animationCount": 0,
  "viewerUrl": "https://sketchfab.com/3d-models/837c220e42bc44f48aaeee51973b4ae0",
  "embedUrl": "https://sketchfab.com/models/837c220e42bc44f48aaeee51973b4ae0/embed",
  "commentCount": 0,
  "isDownloadable": true,
  "publishedAt": "2021-04-11T15:48:18.058642",
  "tags": [],
  "categories": [
    {
      "name": "architecture"
    },
    {
      "name": "science-technology"
    }
  ],
  "thumbnails": {
    "images": [
      {
        "uid": "7b9f6b76c4a64380ac56e29a46451837",
        "size": 72243,
        "width": 1920,
        "url": "https://media.sketchfab.com/models/837c220e42bc44f48aaeee51973b4ae0/thumbnails/f3bc2835587740abb4c66bae96ab2376/eb22ede5c0524c439bd0097f04d9e4b9.jpeg",
        "height": 1080
      },
      {
        "uid": "729df583be70496f9c8361a2fd2a058e",
        "size": 22385,
        "width": 1024,
        "url": "https://media.sketchfab.com/models/837c220e42bc44f48aaeee51973b4ae0/thumbnails/f3bc2835587740abb4c66bae96ab2376/994ee43b001b43879092d81d097b2ca3.jpeg",
        "height": 576
      },
      {
        "uid": "dfdaeb62697648baa08a4e344e1d15bf",
        "size": 12603,
        "width": 720,
        "url": "https://media.sketchfab.com/models/837c220e42bc44f48aaeee51973b4ae0/thumbnails/f3bc2835587740abb4c66bae96ab2376/740388d1a765400fa8ec07caa70c1b4c.jpeg",
        "height": 405
      },
      {
        "uid": "bd562b9962614c14ae599a8b7283b6a4",
        "size": 2451,
        "width": 256,
        "url": "https://media.sketchfab.com/models/837c220e42bc44f48aaeee51973b4ae0/thumbnails/f3bc2835587740abb4c66bae96ab2376/167393d8630e4dac871618e2bfd80259.jpeg",
        "height": 144
      },
      {
        "uid": "f4952a122d6d427f9803d908cc7b1508",
        "size": 565,
        "width": 64,
        "url": "https://media.sketchfab.com/models/837c220e42bc44f48aaeee51973b4ae0/thumbnails/f3bc2835587740abb4c66bae96ab2376/cf891242e73e43efbef590ea7c3d9904.jpeg",
        "height": 36
      }
    ]
  },
  "user": {
    "uid": "0a5ae06d257647d998c5e3137de188de",
    "username": "hanamai3",
    "displayName": "hanamai3",
    "profileUrl": "https://sketchfab.com/hanamai3",
    "account": "basic",
    "avatar": {
      "uri": "https://api.sketchfab.com/v3/avatars/3ef1bd11d3eb4b57a0b353e8f2e5fc3e",
      "images": [
        {
          "size": 680,
          "width": 32,
          "url": "https://media.sketchfab.com/avatars/3ef1bd11d3eb4b57a0b353e8f2e5fc3e/116042a0854e40538adab302b593683d.jpeg",
          "height": 32
        },
        {
          "size": 1253,
          "width": 48,
          "url": "https://media.sketchfab.com/avatars/3ef1bd11d3eb4b57a0b353e8f2e5fc3e/efea16be51d04eb7a00cb9ea0b43b87f.jpeg",
          "height": 48
        },
        {
          "size": 2797,
          "width": 90,
          "url": "https://media.sketchfab.com/avatars/3ef1bd11d3eb4b57a0b353e8f2e5fc3e/ac9b469ccec74caf923a81fb2f0be3ed.jpeg",
          "height": 90
        },
        {
          "size": 3215,
          "width": 100,
          "url": "https://media.sketchfab.com/avatars/3ef1bd11d3eb4b57a0b353e8f2e5fc3e/a075e1d43d2f446c949b5967b470c757.jpeg",
          "height": 100
        }
      ]
    },
    "uri": "https://api.sketchfab.com/v3/users/0a5ae06d257647d998c5e3137de188de"
  },
  "description": "卒業制作作品6",
  "faceCount": 22776,
  "createdAt": "2021-04-11T15:43:51.908245",
  "vertexCount": 11782,
  "isAgeRestricted": false,
  "archives": {
    "glb": {
      "textureCount": 5,
      "size": 17095544,
      "type": "glb",
      "textureMaxResolution": 2048,
      "faceCount": 22710,
      "vertexCount": 21600
    },
    "gltf": {
      "textureCount": 5,
      "size": 16256559,
      "type": "gltf",
      "textureMaxResolution": 2048,
      "faceCount": 22710,
      "vertexCount": 21600
    },
    "source": {
      "textureCount": null,
      "size": 33859824,
      "type": "source",
      "textureMaxResolution": null,
      "faceCount": null,
      "vertexCount": null
    },
    "usdz": {
      "textureCount": null,
      "size": 11082174,
      "type": "usdz",
      "textureMaxResolution": null,
      "faceCount": null,
      "vertexCount": null
    }
  },
  "license": "by-nc"
}