{
  "uri": "https://api.sketchfab.com/v3/models/837fd0b70a444014aa398b571a7cbdd2",
  "uid": "837fd0b70a444014aa398b571a7cbdd2",
  "name": "Fireplace",
  "staffpickedAt": null,
  "viewCount": 763,
  "likeCount": 7,
  "animationCount": 0,
  "viewerUrl": "https://sketchfab.com/3d-models/837fd0b70a444014aa398b571a7cbdd2",
  "embedUrl": "https://sketchfab.com/models/837fd0b70a444014aa398b571a7cbdd2/embed",
  "commentCount": 1,
  "isDownloadable": true,
  "publishedAt": "2020-10-26T16:12:57.275906",
  "tags": [
    {
      "name": "fireplace",
      "slug": "fireplace",
      "uri": "https://api.sketchfab.com/v3/tags/fireplace"
    },
    {
      "name": "logs",
      "slug": "logs",
      "uri": "https://api.sketchfab.com/v3/tags/logs"
    },
    {
      "name": "firewood",
      "slug": "firewood",
      "uri": "https://api.sketchfab.com/v3/tags/firewood"
    },
    {
      "name": "birch",
      "slug": "birch",
      "uri": "https://api.sketchfab.com/v3/tags/birch"
    },
    {
      "name": "campfire",
      "slug": "campfire",
      "uri": "https://api.sketchfab.com/v3/tags/campfire"
    },
    {
      "name": "rock",
      "slug": "rock",
      "uri": "https://api.sketchfab.com/v3/tags/rock"
    }
  ],
  "categories": [
    {
      "name": "nature-plants"
    }
  ],
  "thumbnails": {
    "images": [
      {
        "uid": "5362c1aa587e4ea69a8a65647b7633e3",
        "size": 67224,
        "width": 1920,
        "url": "https://media.sketchfab.com/models/837fd0b70a444014aa398b571a7cbdd2/thumbnails/1be453ed0c574e89a4aafcbc8c796233/5ad60368852542e4a267b1a7dba05fa2.jpeg",
        "height": 1080
      },
      {
        "uid": "5c9e280730c345cfb9aaa3d480035693",
        "size": 21410,
        "width": 1024,
        "url": "https://media.sketchfab.com/models/837fd0b70a444014aa398b571a7cbdd2/thumbnails/1be453ed0c574e89a4aafcbc8c796233/badf7cd126744b9781996eb77100eb74.jpeg",
        "height": 576
      },
      {
        "uid": "dd021534aa294170a66ac745cec8a1f3",
        "size": 11885,
        "width": 720,
        "url": "https://media.sketchfab.com/models/837fd0b70a444014aa398b571a7cbdd2/thumbnails/1be453ed0c574e89a4aafcbc8c796233/8c512b33bbaf42cd84af505700551f39.jpeg",
        "height": 405
      },
      {
        "uid": "7a9a8fbfe6724b2b91be74e080dcbab2",
        "size": 2302,
        "width": 256,
        "url": "https://media.sketchfab.com/models/837fd0b70a444014aa398b571a7cbdd2/thumbnails/1be453ed0c574e89a4aafcbc8c796233/f7325070adfe4da0b7af6b8b09fa3a60.jpeg",
        "height": 144
      },
      {
        "uid": "744d1001354444fca43e0247754c83bf",
        "size": 560,
        "width": 64,
        "url": "https://media.sketchfab.com/models/837fd0b70a444014aa398b571a7cbdd2/thumbnails/1be453ed0c574e89a4aafcbc8c796233/5b1673cbea8c456bb5927c9169fa8b18.jpeg",
        "height": 36
      }
    ]
  },
  "user": {
    "uid": "2598c1977a6b482ab9529acf96d667bc",
    "username": "kimitobo",
    "displayName": "kimitobo",
    "profileUrl": "https://sketchfab.com/kimitobo",
    "account": "basic",
    "avatar": {
      "uri": "https://api.sketchfab.com/v3/avatars/51af6a870cce449eb75b0345feebaebb",
      "images": [
        {
          "size": 5719,
          "width": 90,
          "url": "https://media.sketchfab.com/avatars/51af6a870cce449eb75b0345feebaebb/2ef0f894055b4bb69123b2a27fa2d379.jpeg",
          "height": 90
        },
        {
          "size": 6496,
          "width": 100,
          "url": "https://media.sketchfab.com/avatars/51af6a870cce449eb75b0345feebaebb/ab11eedf96374486acb544f71a23b165.jpeg",
          "height": 100
        },
        {
          "size": 1359,
          "width": 32,
          "url": "https://media.sketchfab.com/avatars/51af6a870cce449eb75b0345feebaebb/35f6f9b6c9a14a548ce472582d8a9bb5.jpeg",
          "height": 32
        },
        {
          "size": 2584,
          "width": 48,
          "url": "https://media.sketchfab.com/avatars/51af6a870cce449eb75b0345feebaebb/a8072a51447c4d41ab177b357111b420.jpeg",
          "height": 48
        }
      ]
    },
    "uri": "https://api.sketchfab.com/v3/users/2598c1977a6b482ab9529acf96d667bc"
  },
  "description": "Fireplace with birch firewood logs. Fireplace rocks are a photogrammetry made using display.land app. Birch wood logs are modelled with photographed textures. Assets were orginally made for Landscope interactive media art installation. More info here:\nhttp://tammenpaa.com/landscope",
  "faceCount": 72096,
  "createdAt": "2020-10-26T15:54:10.238548",
  "vertexCount": 36302,
  "isAgeRestricted": false,
  "archives": {
    "glb": {
      "textureCount": 7,
      "size": 28757564,
      "type": "glb",
      "textureMaxResolution": 2048,
      "faceCount": 72096,
      "vertexCount": 109434
    },
    "gltf": {
      "textureCount": 7,
      "size": 26354753,
      "type": "gltf",
      "textureMaxResolution": 2048,
      "faceCount": 72096,
      "vertexCount": 109434
    },
    "source": {
      "textureCount": null,
      "size": 52719849,
      "type": "source",
      "textureMaxResolution": null,
      "faceCount": null,
      "vertexCount": null
    },
    "usdz": {
      "textureCount": null,
      "size": 12978713,
      "type": "usdz",
      "textureMaxResolution": null,
      "faceCount": null,
      "vertexCount": null
    }
  },
  "license": "by"
}