{
  "uri": "https://api.sketchfab.com/v3/models/838151a591534e9e82a52108d9ed94c3",
  "uid": "838151a591534e9e82a52108d9ed94c3",
  "name": "09302021_Latham_P1_FinalIteration",
  "staffpickedAt": null,
  "viewCount": 2,
  "likeCount": 0,
  "animationCount": 0,
  "viewerUrl": "https://sketchfab.com/3d-models/838151a591534e9e82a52108d9ed94c3",
  "embedUrl": "https://sketchfab.com/models/838151a591534e9e82a52108d9ed94c3/embed",
  "commentCount": 0,
  "isDownloadable": true,
  "publishedAt": "2021-09-30T12:16:52.410969",
  "tags": [],
  "categories": [],
  "thumbnails": {
    "images": [
      {
        "uid": "2bc53ac5b0ef41b9a1a8fc435dc74099",
        "size": 55142,
        "width": 1920,
        "url": "https://media.sketchfab.com/models/838151a591534e9e82a52108d9ed94c3/thumbnails/beb6a746ad2745c09d073a274f709317/39e479f3bfc84bb7b6b26f7eda06874a.jpeg",
        "height": 1080
      },
      {
        "uid": "a2ff6b909e5648dcbe62de2d5ae79117",
        "size": 19550,
        "width": 1024,
        "url": "https://media.sketchfab.com/models/838151a591534e9e82a52108d9ed94c3/thumbnails/beb6a746ad2745c09d073a274f709317/7f109972b1cb481fbd449ff94f42b2c8.jpeg",
        "height": 576
      },
      {
        "uid": "7c0d212ab65f40edab7698bbd857bfe5",
        "size": 11771,
        "width": 720,
        "url": "https://media.sketchfab.com/models/838151a591534e9e82a52108d9ed94c3/thumbnails/beb6a746ad2745c09d073a274f709317/b8872eea4e5448128c058bec926df7e6.jpeg",
        "height": 405
      },
      {
        "uid": "4294dc26489741a4b03ef623950a0905",
        "size": 2698,
        "width": 256,
        "url": "https://media.sketchfab.com/models/838151a591534e9e82a52108d9ed94c3/thumbnails/beb6a746ad2745c09d073a274f709317/fd79c0b979d243e7ac198b63d42bf61a.jpeg",
        "height": 144
      },
      {
        "uid": "7188befa3242478fa82cb5272852789b",
        "size": 855,
        "width": 64,
        "url": "https://media.sketchfab.com/models/838151a591534e9e82a52108d9ed94c3/thumbnails/beb6a746ad2745c09d073a274f709317/ec46c2095859470c9c884b6b421b3b5b.jpeg",
        "height": 36
      }
    ]
  },
  "user": {
    "uid": "939916e2f44b4d818055bfd6f54f9a7a",
    "username": "avalatham",
    "displayName": "avalatham",
    "profileUrl": "https://sketchfab.com/avalatham",
    "account": "basic",
    "avatar": {
      "uri": "https://api.sketchfab.com/v3/avatars/51af6a870cce449eb75b0345feebaebb",
      "images": [
        {
          "size": 5719,
          "width": 90,
          "url": "https://media.sketchfab.com/avatars/51af6a870cce449eb75b0345feebaebb/2ef0f894055b4bb69123b2a27fa2d379.jpeg",
          "height": 90
        },
        {
          "size": 6496,
          "width": 100,
          "url": "https://media.sketchfab.com/avatars/51af6a870cce449eb75b0345feebaebb/ab11eedf96374486acb544f71a23b165.jpeg",
          "height": 100
        },
        {
          "size": 1359,
          "width": 32,
          "url": "https://media.sketchfab.com/avatars/51af6a870cce449eb75b0345feebaebb/35f6f9b6c9a14a548ce472582d8a9bb5.jpeg",
          "height": 32
        },
        {
          "size": 2584,
          "width": 48,
          "url": "https://media.sketchfab.com/avatars/51af6a870cce449eb75b0345feebaebb/a8072a51447c4d41ab177b357111b420.jpeg",
          "height": 48
        }
      ]
    },
    "uri": "https://api.sketchfab.com/v3/users/939916e2f44b4d818055bfd6f54f9a7a"
  },
  "description": "",
  "faceCount": 92439,
  "createdAt": "2021-09-30T12:16:24.713670",
  "vertexCount": 46687,
  "isAgeRestricted": false,
  "archives": {
    "glb": {
      "textureCount": 0,
      "size": 2341820,
      "type": "glb",
      "textureMaxResolution": 0,
      "faceCount": 92439,
      "vertexCount": 51290
    },
    "gltf": {
      "textureCount": 0,
      "size": 616901,
      "type": "gltf",
      "textureMaxResolution": 0,
      "faceCount": 92439,
      "vertexCount": 51290
    },
    "source": {
      "textureCount": null,
      "size": 4622336,
      "type": "source",
      "textureMaxResolution": null,
      "faceCount": null,
      "vertexCount": null
    },
    "usdz": {
      "textureCount": null,
      "size": 1440425,
      "type": "usdz",
      "textureMaxResolution": null,
      "faceCount": null,
      "vertexCount": null
    }
  },
  "license": "by"
}