{
  "uri": "https://api.sketchfab.com/v3/models/838684a9ae3a4b0390248e52f03e89e4",
  "uid": "838684a9ae3a4b0390248e52f03e89e4",
  "name": "Winters0103 Apply",
  "staffpickedAt": null,
  "viewCount": 1,
  "likeCount": 0,
  "animationCount": 0,
  "viewerUrl": "https://sketchfab.com/3d-models/838684a9ae3a4b0390248e52f03e89e4",
  "embedUrl": "https://sketchfab.com/models/838684a9ae3a4b0390248e52f03e89e4/embed",
  "commentCount": 0,
  "isDownloadable": true,
  "publishedAt": "2022-09-01T14:58:53.691280",
  "tags": [],
  "categories": [],
  "thumbnails": {
    "images": [
      {
        "uid": "35f9d2e691424919a377ff20c0f12e90",
        "size": 37937,
        "width": 1920,
        "url": "https://media.sketchfab.com/models/838684a9ae3a4b0390248e52f03e89e4/thumbnails/a2eec1b4fcd64532b9f60a9d669c5ea6/bad5fa3d7b6d4c03882902b24bb88706.jpeg",
        "height": 1080
      },
      {
        "uid": "c81c12738e164fe5bf8fb0841765bf1c",
        "size": 12090,
        "width": 1024,
        "url": "https://media.sketchfab.com/models/838684a9ae3a4b0390248e52f03e89e4/thumbnails/a2eec1b4fcd64532b9f60a9d669c5ea6/fccf9b1b41d84923b59c444fea7c460e.jpeg",
        "height": 576
      },
      {
        "uid": "1336c84c5f324c5da384c710e1c8bcce",
        "size": 7006,
        "width": 720,
        "url": "https://media.sketchfab.com/models/838684a9ae3a4b0390248e52f03e89e4/thumbnails/a2eec1b4fcd64532b9f60a9d669c5ea6/0f28ba1a3e3a48eaa27b596ef2d68006.jpeg",
        "height": 405
      },
      {
        "uid": "80f0fd3da12b4edb83b01f340c333676",
        "size": 1773,
        "width": 256,
        "url": "https://media.sketchfab.com/models/838684a9ae3a4b0390248e52f03e89e4/thumbnails/a2eec1b4fcd64532b9f60a9d669c5ea6/a51004197d1146a788026b51075fd250.jpeg",
        "height": 144
      },
      {
        "uid": "acc948cd366b4d059bf0e6dd79b4a680",
        "size": 776,
        "width": 64,
        "url": "https://media.sketchfab.com/models/838684a9ae3a4b0390248e52f03e89e4/thumbnails/a2eec1b4fcd64532b9f60a9d669c5ea6/940609637c1e4c6fae39a71e5e3c805b.jpeg",
        "height": 36
      }
    ]
  },
  "user": {
    "uid": "4f7f06251299431cb1866ff65b1526fe",
    "username": "323616",
    "displayName": "323616",
    "profileUrl": "https://sketchfab.com/323616",
    "account": "basic",
    "avatar": {
      "uri": "https://api.sketchfab.com/v3/avatars/51af6a870cce449eb75b0345feebaebb",
      "images": [
        {
          "size": 5719,
          "width": 90,
          "url": "https://media.sketchfab.com/avatars/51af6a870cce449eb75b0345feebaebb/2ef0f894055b4bb69123b2a27fa2d379.jpeg",
          "height": 90
        },
        {
          "size": 6496,
          "width": 100,
          "url": "https://media.sketchfab.com/avatars/51af6a870cce449eb75b0345feebaebb/ab11eedf96374486acb544f71a23b165.jpeg",
          "height": 100
        },
        {
          "size": 1359,
          "width": 32,
          "url": "https://media.sketchfab.com/avatars/51af6a870cce449eb75b0345feebaebb/35f6f9b6c9a14a548ce472582d8a9bb5.jpeg",
          "height": 32
        },
        {
          "size": 2584,
          "width": 48,
          "url": "https://media.sketchfab.com/avatars/51af6a870cce449eb75b0345feebaebb/a8072a51447c4d41ab177b357111b420.jpeg",
          "height": 48
        }
      ]
    },
    "uri": "https://api.sketchfab.com/v3/users/4f7f06251299431cb1866ff65b1526fe"
  },
  "description": "",
  "faceCount": 12,
  "createdAt": "2022-09-01T14:58:32.962865",
  "vertexCount": 8,
  "isAgeRestricted": false,
  "archives": {
    "glb": {
      "textureCount": 0,
      "size": 2700,
      "type": "glb",
      "textureMaxResolution": 0,
      "faceCount": 12,
      "vertexCount": 24
    },
    "gltf": {
      "textureCount": 0,
      "size": 1715,
      "type": "gltf",
      "textureMaxResolution": 0,
      "faceCount": 12,
      "vertexCount": 24
    },
    "source": {
      "textureCount": null,
      "size": 1129,
      "type": "source",
      "textureMaxResolution": null,
      "faceCount": null,
      "vertexCount": null
    }
  },
  "license": "by"
}