{
  "uri": "https://api.sketchfab.com/v3/models/83873abc74bb463cba15942e85ebe18a",
  "uid": "83873abc74bb463cba15942e85ebe18a",
  "name": "'Aberlemno A'  Pictish Symbol Stone",
  "staffpickedAt": null,
  "viewCount": 761,
  "likeCount": 14,
  "animationCount": 0,
  "viewerUrl": "https://sketchfab.com/3d-models/83873abc74bb463cba15942e85ebe18a",
  "embedUrl": "https://sketchfab.com/models/83873abc74bb463cba15942e85ebe18a/embed",
  "commentCount": 0,
  "isDownloadable": true,
  "publishedAt": "2021-05-04T21:07:43.540526",
  "tags": [
    {
      "name": "pictish",
      "slug": "pictish",
      "uri": "https://api.sketchfab.com/v3/tags/pictish"
    },
    {
      "name": "serpent",
      "slug": "serpent",
      "uri": "https://api.sketchfab.com/v3/tags/serpent"
    },
    {
      "name": "rockart",
      "slug": "rockart",
      "uri": "https://api.sketchfab.com/v3/tags/rockart"
    },
    {
      "name": "cupmarks",
      "slug": "cupmarks",
      "uri": "https://api.sketchfab.com/v3/tags/cupmarks"
    },
    {
      "name": "serpent-stone",
      "slug": "serpent-stone",
      "uri": "https://api.sketchfab.com/v3/tags/serpent-stone"
    },
    {
      "name": "cup-marked",
      "slug": "cup-marked",
      "uri": "https://api.sketchfab.com/v3/tags/cup-marked"
    },
    {
      "name": "scottishrockart",
      "slug": "scottishrockart",
      "uri": "https://api.sketchfab.com/v3/tags/scottishrockart"
    },
    {
      "name": "symbol-stone",
      "slug": "symbol-stone",
      "uri": "https://api.sketchfab.com/v3/tags/symbol-stone"
    },
    {
      "name": "rockartscotland",
      "slug": "rockartscotland",
      "uri": "https://api.sketchfab.com/v3/tags/rockartscotland"
    },
    {
      "name": "forfar",
      "slug": "forfar",
      "uri": "https://api.sketchfab.com/v3/tags/forfar"
    },
    {
      "name": "z-rod",
      "slug": "z-rod",
      "uri": "https://api.sketchfab.com/v3/tags/z-rod"
    }
  ],
  "categories": [
    {
      "name": "art-abstract"
    },
    {
      "name": "cultural-heritage-history"
    }
  ],
  "thumbnails": {
    "images": [
      {
        "uid": "1c430b780811405c961b7f28b63561e6",
        "size": 265955,
        "width": 1920,
        "url": "https://media.sketchfab.com/models/83873abc74bb463cba15942e85ebe18a/thumbnails/f483c4c204704dfeaae85be401b04b53/637b588222de487691d75f4418a8d6c5.jpeg",
        "height": 1080
      },
      {
        "uid": "4c503f2cbe3d4287964429b20680ef7f",
        "size": 60307,
        "width": 1024,
        "url": "https://media.sketchfab.com/models/83873abc74bb463cba15942e85ebe18a/thumbnails/f483c4c204704dfeaae85be401b04b53/b6856fd424544a20a3eb31279bfe4e02.jpeg",
        "height": 576
      },
      {
        "uid": "650d4b3a3a64452695f3aea221cd3553",
        "size": 31537,
        "width": 720,
        "url": "https://media.sketchfab.com/models/83873abc74bb463cba15942e85ebe18a/thumbnails/f483c4c204704dfeaae85be401b04b53/df4b8b7d0626482793f5a724115173f1.jpeg",
        "height": 405
      },
      {
        "uid": "992e73edd4a14b6d90a5dcaed8c85d6e",
        "size": 4995,
        "width": 256,
        "url": "https://media.sketchfab.com/models/83873abc74bb463cba15942e85ebe18a/thumbnails/f483c4c204704dfeaae85be401b04b53/db92f559ce264f25b973b78677ff56d3.jpeg",
        "height": 144
      },
      {
        "uid": "8841d385e24449c09d60de70d81ad351",
        "size": 811,
        "width": 64,
        "url": "https://media.sketchfab.com/models/83873abc74bb463cba15942e85ebe18a/thumbnails/f483c4c204704dfeaae85be401b04b53/0c3ffd6b2f944b4787c8444d4b82e69f.jpeg",
        "height": 36
      }
    ]
  },
  "user": {
    "uid": "f48488e6a7cc4ec79b32fb891c192f23",
    "username": "Douglas.Ledingham",
    "displayName": "Douglas Ledingham",
    "profileUrl": "https://sketchfab.com/Douglas.Ledingham",
    "account": "basic",
    "avatar": {
      "uri": "https://api.sketchfab.com/v3/avatars/bfc1f690017847bd84062a4b4d448b60",
      "images": [
        {
          "size": 774,
          "width": 32,
          "url": "https://media.sketchfab.com/avatars/bfc1f690017847bd84062a4b4d448b60/d9f90e0528fb49aa9967a8834cc43c7b.jpeg",
          "height": 32
        },
        {
          "size": 1311,
          "width": 48,
          "url": "https://media.sketchfab.com/avatars/bfc1f690017847bd84062a4b4d448b60/c6676a31b4e14eee86d74ad01bf1955c.jpeg",
          "height": 48
        },
        {
          "size": 3485,
          "width": 90,
          "url": "https://media.sketchfab.com/avatars/bfc1f690017847bd84062a4b4d448b60/04ef3403d6e742c295115d0e991db069.jpeg",
          "height": 90
        },
        {
          "size": 4073,
          "width": 100,
          "url": "https://media.sketchfab.com/avatars/bfc1f690017847bd84062a4b4d448b60/9a9d7581f7d848d6a6780e1133091173.jpeg",
          "height": 100
        }
      ]
    },
    "uri": "https://api.sketchfab.com/v3/users/f48488e6a7cc4ec79b32fb891c192f23"
  },
  "description": "Canmore 34861,  ScRAP 2633,  NO 52277 55918.   \n1.8M high 0.9M wide and 0.2M thick. \nPictish symbol stone stands adjacent to the public road B9134 245m N of Aberlemno Church, Forfar, Scotland. On one face there are a serpent, a double disc with Z-rod, a mirror and a comb; near the bottom on the back there are reported to be six cup-marks although these appear natural.",
  "faceCount": 1699999,
  "createdAt": "2021-05-04T20:52:30.707471",
  "vertexCount": 850745,
  "isAgeRestricted": false,
  "archives": {
    "glb": {
      "textureCount": 0,
      "size": 71679684,
      "type": "glb",
      "textureMaxResolution": 0,
      "faceCount": 1699999,
      "vertexCount": 1067915
    },
    "gltf": {
      "textureCount": 0,
      "size": 37717959,
      "type": "gltf",
      "textureMaxResolution": 0,
      "faceCount": 1699999,
      "vertexCount": 1067915
    },
    "source": {
      "textureCount": null,
      "size": 48931725,
      "type": "source",
      "textureMaxResolution": null,
      "faceCount": null,
      "vertexCount": null
    },
    "usdz": {
      "textureCount": null,
      "size": 30570744,
      "type": "usdz",
      "textureMaxResolution": null,
      "faceCount": null,
      "vertexCount": null
    }
  },
  "license": "by-nc"
}