{
  "uri": "https://api.sketchfab.com/v3/models/839072daddef41b68c6f11473822613b",
  "uid": "839072daddef41b68c6f11473822613b",
  "name": "Energy Shotgun",
  "staffpickedAt": null,
  "viewCount": 73,
  "likeCount": 1,
  "animationCount": 0,
  "viewerUrl": "https://sketchfab.com/3d-models/839072daddef41b68c6f11473822613b",
  "embedUrl": "https://sketchfab.com/models/839072daddef41b68c6f11473822613b/embed",
  "commentCount": 0,
  "isDownloadable": true,
  "publishedAt": "2018-12-11T04:02:17.295013",
  "tags": [
    {
      "name": "firearm",
      "slug": "firearm",
      "uri": "https://api.sketchfab.com/v3/tags/firearm"
    },
    {
      "name": "palette",
      "slug": "palette",
      "uri": "https://api.sketchfab.com/v3/tags/palette"
    },
    {
      "name": "drifter",
      "slug": "drifter",
      "uri": "https://api.sketchfab.com/v3/tags/drifter"
    },
    {
      "name": "hyperlightdrifter",
      "slug": "hyperlightdrifter",
      "uri": "https://api.sketchfab.com/v3/tags/hyperlightdrifter"
    },
    {
      "name": "voxel",
      "slug": "voxel",
      "uri": "https://api.sketchfab.com/v3/tags/voxel"
    },
    {
      "name": "shotgun",
      "slug": "shotgun",
      "uri": "https://api.sketchfab.com/v3/tags/shotgun"
    },
    {
      "name": "gun",
      "slug": "gun",
      "uri": "https://api.sketchfab.com/v3/tags/gun"
    },
    {
      "name": "magicavoxel",
      "slug": "magicavoxel",
      "uri": "https://api.sketchfab.com/v3/tags/magicavoxel"
    }
  ],
  "categories": [
    {
      "name": "science-technology"
    },
    {
      "name": "weapons-military"
    }
  ],
  "thumbnails": {
    "images": [
      {
        "uid": "319e4bfa09e14642a4ae7e541e7d1c4f",
        "size": 79139,
        "width": 1920,
        "url": "https://media.sketchfab.com/models/839072daddef41b68c6f11473822613b/thumbnails/a52fc8d11c1a41208297aa16ba54e5ff/a36efae7edc24ba5a52e1a2549b66a07.jpeg",
        "height": 1080
      },
      {
        "uid": "a91d8df3272345a59c0ff63e49681a6f",
        "size": 19452,
        "width": 1024,
        "url": "https://media.sketchfab.com/models/839072daddef41b68c6f11473822613b/thumbnails/a52fc8d11c1a41208297aa16ba54e5ff/f863b7f97b3c4340af48d184c7143667.jpeg",
        "height": 576
      },
      {
        "uid": "31c9562d13d6478a9eabb06b232cd83c",
        "size": 11418,
        "width": 720,
        "url": "https://media.sketchfab.com/models/839072daddef41b68c6f11473822613b/thumbnails/a52fc8d11c1a41208297aa16ba54e5ff/8193e58a9ed54cb6a769bd10e3b00ac4.jpeg",
        "height": 405
      },
      {
        "uid": "3c432bb488cd4812bdc62dcd00a0ffed",
        "size": 2802,
        "width": 256,
        "url": "https://media.sketchfab.com/models/839072daddef41b68c6f11473822613b/thumbnails/a52fc8d11c1a41208297aa16ba54e5ff/557758bc83ee41e988e069c8eda2de32.jpeg",
        "height": 144
      },
      {
        "uid": "d0f2c6cb8a424367b43d1f838e0ad5b9",
        "size": 663,
        "width": 64,
        "url": "https://media.sketchfab.com/models/839072daddef41b68c6f11473822613b/thumbnails/a52fc8d11c1a41208297aa16ba54e5ff/0c0565fedb2f43c0ab72f8ab5a397e53.jpeg",
        "height": 36
      }
    ]
  },
  "user": {
    "uid": "d4acd69d0f2e43118f8b86eb4d2ff1f5",
    "username": "StormyDoesVR",
    "displayName": "StormyDoesVR",
    "profileUrl": "https://sketchfab.com/StormyDoesVR",
    "account": "basic",
    "avatar": {
      "uri": "https://api.sketchfab.com/v3/avatars/1aa18cae24ed4e459ba01209337a16be",
      "images": [
        {
          "size": 1640,
          "width": 32,
          "url": "https://media.sketchfab.com/avatars/1aa18cae24ed4e459ba01209337a16be/0a0a1eb482eb42cd84bc6f3927f128aa.png",
          "height": 32
        },
        {
          "size": 2766,
          "width": 48,
          "url": "https://media.sketchfab.com/avatars/1aa18cae24ed4e459ba01209337a16be/cb8189b9b30242a2a6936bddea0189ce.png",
          "height": 48
        },
        {
          "size": 6231,
          "width": 90,
          "url": "https://media.sketchfab.com/avatars/1aa18cae24ed4e459ba01209337a16be/f7cf50deecdd43a08c603a429480be6d.png",
          "height": 90
        },
        {
          "size": 7225,
          "width": 100,
          "url": "https://media.sketchfab.com/avatars/1aa18cae24ed4e459ba01209337a16be/9b01ccbe33b34898b4b32c6358610a58.png",
          "height": 100
        }
      ]
    },
    "uri": "https://api.sketchfab.com/v3/users/d4acd69d0f2e43118f8b86eb4d2ff1f5"
  },
  "description": "The Shotgun Weapon from Hyper Light Drifter, remade in 3D using it's menu palette!",
  "faceCount": 764,
  "createdAt": "2018-12-11T03:55:20.252190",
  "vertexCount": 370,
  "isAgeRestricted": false,
  "archives": {
    "glb": {
      "textureCount": 1,
      "size": 47908,
      "type": "glb",
      "textureMaxResolution": 256,
      "faceCount": 764,
      "vertexCount": 1146
    },
    "gltf": {
      "textureCount": 1,
      "size": 8057,
      "type": "gltf",
      "textureMaxResolution": 256,
      "faceCount": 764,
      "vertexCount": 1146
    },
    "source": {
      "textureCount": null,
      "size": 8024,
      "type": "source",
      "textureMaxResolution": null,
      "faceCount": null,
      "vertexCount": null
    },
    "usdz": {
      "textureCount": null,
      "size": 42308,
      "type": "usdz",
      "textureMaxResolution": null,
      "faceCount": null,
      "vertexCount": null
    }
  },
  "license": "by"
}