{
  "uri": "https://api.sketchfab.com/v3/models/8392926ecd4f46b7a0b5551b1af586c7",
  "uid": "8392926ecd4f46b7a0b5551b1af586c7",
  "name": "Chain Assembly",
  "staffpickedAt": null,
  "viewCount": 798,
  "likeCount": 30,
  "animationCount": 0,
  "viewerUrl": "https://sketchfab.com/3d-models/8392926ecd4f46b7a0b5551b1af586c7",
  "embedUrl": "https://sketchfab.com/models/8392926ecd4f46b7a0b5551b1af586c7/embed",
  "commentCount": 0,
  "isDownloadable": true,
  "publishedAt": "2020-02-10T15:35:05.456505",
  "tags": [],
  "categories": [],
  "thumbnails": {
    "images": [
      {
        "uid": "c342442f1c1845d9a1d8c613b051c3a6",
        "size": 103113,
        "width": 1920,
        "url": "https://media.sketchfab.com/models/8392926ecd4f46b7a0b5551b1af586c7/thumbnails/90efd6b5c52040eba547afe800b39978/e8d90475450741f78f9da5a90d3cd68c.jpeg",
        "height": 1080
      },
      {
        "uid": "1be0329a18704adda505736e06c685e4",
        "size": 38455,
        "width": 1024,
        "url": "https://media.sketchfab.com/models/8392926ecd4f46b7a0b5551b1af586c7/thumbnails/90efd6b5c52040eba547afe800b39978/797ce879d92442828cf734ba3c606179.jpeg",
        "height": 576
      },
      {
        "uid": "7f8b9fa2487f4d87a0dd66d029103ce5",
        "size": 23268,
        "width": 720,
        "url": "https://media.sketchfab.com/models/8392926ecd4f46b7a0b5551b1af586c7/thumbnails/90efd6b5c52040eba547afe800b39978/5dd3628f082449859ab538f9e3982caa.jpeg",
        "height": 405
      },
      {
        "uid": "8f7ef4be8ec14788a833a5b8ed6dbbeb",
        "size": 3837,
        "width": 256,
        "url": "https://media.sketchfab.com/models/8392926ecd4f46b7a0b5551b1af586c7/thumbnails/90efd6b5c52040eba547afe800b39978/ffb2dcce7bad4042af48fcabaaafad9d.jpeg",
        "height": 144
      },
      {
        "uid": "533b5f12da3c4b0b850e51cb6e67b78d",
        "size": 545,
        "width": 64,
        "url": "https://media.sketchfab.com/models/8392926ecd4f46b7a0b5551b1af586c7/thumbnails/90efd6b5c52040eba547afe800b39978/a5170758294c4bbe8cd25fb8221b841a.jpeg",
        "height": 36
      }
    ]
  },
  "user": {
    "uid": "05a699d828894f82bec25233c6578e39",
    "username": "cattlecatchers",
    "displayName": "Cattle Catchers",
    "profileUrl": "https://sketchfab.com/cattlecatchers",
    "account": "basic",
    "avatar": {
      "uri": "https://api.sketchfab.com/v3/avatars/629467ccca0044a8a0e6b9775e9519bd",
      "images": [
        {
          "size": 2219,
          "width": 32,
          "url": "https://media.sketchfab.com/avatars/629467ccca0044a8a0e6b9775e9519bd/1af447d9309e4323a2452be83bcd0040.png",
          "height": 32
        },
        {
          "size": 3998,
          "width": 48,
          "url": "https://media.sketchfab.com/avatars/629467ccca0044a8a0e6b9775e9519bd/f76949b7a9fd41d9bf7beab9e1b648e2.png",
          "height": 48
        },
        {
          "size": 9605,
          "width": 90,
          "url": "https://media.sketchfab.com/avatars/629467ccca0044a8a0e6b9775e9519bd/481d57e386064822a8aaa24528db33b6.png",
          "height": 90
        },
        {
          "size": 11101,
          "width": 100,
          "url": "https://media.sketchfab.com/avatars/629467ccca0044a8a0e6b9775e9519bd/7c723832c0534245b352a2c25f912877.png",
          "height": 100
        }
      ]
    },
    "uri": "https://api.sketchfab.com/v3/users/05a699d828894f82bec25233c6578e39"
  },
  "description": "CattleCatchers.com",
  "faceCount": 219892,
  "createdAt": "2020-01-16T19:17:25.351389",
  "vertexCount": 110000,
  "isAgeRestricted": false,
  "archives": {
    "glb": {
      "textureCount": 0,
      "size": 5474148,
      "type": "glb",
      "textureMaxResolution": 0,
      "faceCount": 219892,
      "vertexCount": 118025
    },
    "gltf": {
      "textureCount": 0,
      "size": 3219892,
      "type": "gltf",
      "textureMaxResolution": 0,
      "faceCount": 219892,
      "vertexCount": 118025
    },
    "source": {
      "textureCount": null,
      "size": 11021874,
      "type": "source",
      "textureMaxResolution": null,
      "faceCount": null,
      "vertexCount": null
    },
    "usdz": {
      "textureCount": null,
      "size": 3373198,
      "type": "usdz",
      "textureMaxResolution": null,
      "faceCount": null,
      "vertexCount": null
    }
  },
  "license": "by"
}