{
  "uri": "https://api.sketchfab.com/v3/models/8394c532f5b34f87bb1b9bd4a042e2db",
  "uid": "8394c532f5b34f87bb1b9bd4a042e2db",
  "name": "2508 D",
  "staffpickedAt": null,
  "viewCount": 11,
  "likeCount": 0,
  "animationCount": 0,
  "viewerUrl": "https://sketchfab.com/3d-models/8394c532f5b34f87bb1b9bd4a042e2db",
  "embedUrl": "https://sketchfab.com/models/8394c532f5b34f87bb1b9bd4a042e2db/embed",
  "commentCount": 0,
  "isDownloadable": true,
  "publishedAt": "2022-03-08T13:18:54.283177",
  "tags": [
    {
      "name": "stair",
      "slug": "stair",
      "uri": "https://api.sketchfab.com/v3/tags/stair"
    },
    {
      "name": "staircase",
      "slug": "staircase",
      "uri": "https://api.sketchfab.com/v3/tags/staircase"
    },
    {
      "name": "staircon",
      "slug": "staircon",
      "uri": "https://api.sketchfab.com/v3/tags/staircon"
    }
  ],
  "categories": [],
  "thumbnails": {
    "images": [
      {
        "uid": "d6cf505c38704100b74578792041b496",
        "size": 56968,
        "width": 1920,
        "url": "https://media.sketchfab.com/models/8394c532f5b34f87bb1b9bd4a042e2db/thumbnails/959a7f2bf6e54ed792ed3e6cedd31c42/08635b73c6c24fd395ed4458af149cdd.jpeg",
        "height": 1080
      },
      {
        "uid": "e7ac41fd9d594e35a1606bd12344bda1",
        "size": 18141,
        "width": 1024,
        "url": "https://media.sketchfab.com/models/8394c532f5b34f87bb1b9bd4a042e2db/thumbnails/959a7f2bf6e54ed792ed3e6cedd31c42/f81fa8c24f24459ebe650ce5d6c8b4c7.jpeg",
        "height": 576
      },
      {
        "uid": "fc0e79e4dc7f4eaf921a1fd219253469",
        "size": 10843,
        "width": 720,
        "url": "https://media.sketchfab.com/models/8394c532f5b34f87bb1b9bd4a042e2db/thumbnails/959a7f2bf6e54ed792ed3e6cedd31c42/7fd7fc3bb53e41ca83ddfe73fd041b65.jpeg",
        "height": 405
      },
      {
        "uid": "ee670be980ba4745b1c37ce71bc5967e",
        "size": 2609,
        "width": 256,
        "url": "https://media.sketchfab.com/models/8394c532f5b34f87bb1b9bd4a042e2db/thumbnails/959a7f2bf6e54ed792ed3e6cedd31c42/70f2d3ae913e48389a1cd887b4e257da.jpeg",
        "height": 144
      },
      {
        "uid": "c0b6b3ca58a14c1f95c093a64814728b",
        "size": 904,
        "width": 64,
        "url": "https://media.sketchfab.com/models/8394c532f5b34f87bb1b9bd4a042e2db/thumbnails/959a7f2bf6e54ed792ed3e6cedd31c42/c35a3a36eefa4f7db9d3b3c09415c6d8.jpeg",
        "height": 36
      }
    ]
  },
  "user": {
    "uid": "0a8b58b76bc44105900833972f368f4e",
    "username": "klockrikeCAD",
    "displayName": "KlockrikeCAD",
    "profileUrl": "https://sketchfab.com/klockrikeCAD",
    "account": "basic",
    "avatar": {
      "uri": "https://api.sketchfab.com/v3/avatars/78fa317e46024a5283765aa34df5e508",
      "images": [
        {
          "size": 6421,
          "width": 100,
          "url": "https://media.sketchfab.com/avatars/78fa317e46024a5283765aa34df5e508/aec92fe9a74e499c98d759362cd7f02f.jpeg",
          "height": 100
        },
        {
          "size": 2518,
          "width": 48,
          "url": "https://media.sketchfab.com/avatars/78fa317e46024a5283765aa34df5e508/17fa177ffaa344a2b2fc8e78efd40fbb.jpeg",
          "height": 48
        },
        {
          "size": 5653,
          "width": 90,
          "url": "https://media.sketchfab.com/avatars/78fa317e46024a5283765aa34df5e508/02162695bdc840faa3bcb2d418309c5e.jpeg",
          "height": 90
        },
        {
          "size": 1350,
          "width": 32,
          "url": "https://media.sketchfab.com/avatars/78fa317e46024a5283765aa34df5e508/6fde876cbded4cd48d36a76029e3aa02.jpeg",
          "height": 32
        }
      ]
    },
    "uri": "https://api.sketchfab.com/v3/users/0a8b58b76bc44105900833972f368f4e"
  },
  "description": "",
  "faceCount": 12028,
  "createdAt": "2022-03-08T13:05:51.168812",
  "vertexCount": 5884,
  "isAgeRestricted": false,
  "archives": {
    "glb": {
      "textureCount": 4,
      "size": 946664,
      "type": "glb",
      "textureMaxResolution": 1024,
      "faceCount": 11739,
      "vertexCount": 16063
    },
    "gltf": {
      "textureCount": 4,
      "size": 471212,
      "type": "gltf",
      "textureMaxResolution": 1024,
      "faceCount": 11739,
      "vertexCount": 16063
    },
    "source": {
      "textureCount": null,
      "size": 597949,
      "type": "source",
      "textureMaxResolution": null,
      "faceCount": null,
      "vertexCount": null
    },
    "usdz": {
      "textureCount": null,
      "size": 738071,
      "type": "usdz",
      "textureMaxResolution": null,
      "faceCount": null,
      "vertexCount": null
    }
  },
  "license": "by"
}