{
  "uri": "https://api.sketchfab.com/v3/models/839a29d2f176467991d6f5f2ccb6a410",
  "uid": "839a29d2f176467991d6f5f2ccb6a410",
  "name": "Horus, c. 2000-1570 BCE",
  "staffpickedAt": null,
  "viewCount": 947,
  "likeCount": 49,
  "animationCount": 0,
  "viewerUrl": "https://sketchfab.com/3d-models/839a29d2f176467991d6f5f2ccb6a410",
  "embedUrl": "https://sketchfab.com/models/839a29d2f176467991d6f5f2ccb6a410/embed",
  "commentCount": 0,
  "isDownloadable": true,
  "publishedAt": "2018-10-12T16:52:07.584401",
  "tags": [
    {
      "name": "photogrammetry",
      "slug": "photogrammetry",
      "uri": "https://api.sketchfab.com/v3/tags/photogrammetry"
    }
  ],
  "categories": [
    {
      "name": "art-abstract"
    },
    {
      "name": "cultural-heritage-history"
    }
  ],
  "thumbnails": {
    "images": [
      {
        "uid": "f2731f08690248b7af42281f2dc7f4d7",
        "size": 744,
        "width": 64,
        "url": "https://media.sketchfab.com/models/839a29d2f176467991d6f5f2ccb6a410/thumbnails/81ee2753f6794ac287154840caa47394/31a5209b0ca54e59af46e8a246da0cdf.jpeg",
        "height": 36
      },
      {
        "uid": "981b53ffceff4c2f9854f71025901b29",
        "size": 3411,
        "width": 256,
        "url": "https://media.sketchfab.com/models/839a29d2f176467991d6f5f2ccb6a410/thumbnails/81ee2753f6794ac287154840caa47394/0eb66596759d4a1d9f5c0dd542633622.jpeg",
        "height": 144
      },
      {
        "uid": "8ccc6c1eb9f242b489280c4f53edc6b5",
        "size": 17102,
        "width": 720,
        "url": "https://media.sketchfab.com/models/839a29d2f176467991d6f5f2ccb6a410/thumbnails/81ee2753f6794ac287154840caa47394/5509602b1b9a491992f590b89697d7a7.jpeg",
        "height": 405
      },
      {
        "uid": "2beb898524b24bbe80fd2f822676a272",
        "size": 29455,
        "width": 1024,
        "url": "https://media.sketchfab.com/models/839a29d2f176467991d6f5f2ccb6a410/thumbnails/81ee2753f6794ac287154840caa47394/2b1b794fc0664cc49a8cda3a9fb195b2.jpeg",
        "height": 576
      },
      {
        "uid": "4fc7d289fabb4a0b892cd3e4747ce761",
        "size": 87500,
        "width": 1920,
        "url": "https://media.sketchfab.com/models/839a29d2f176467991d6f5f2ccb6a410/thumbnails/81ee2753f6794ac287154840caa47394/33e276d95d1d4196b663a8450208ae4f.jpeg",
        "height": 1080
      }
    ]
  },
  "user": {
    "uid": "4a165be2661d4a6a866ea01d1f76334c",
    "username": "artsmia",
    "displayName": "Minneapolis Institute of Art",
    "profileUrl": "https://sketchfab.com/artsmia",
    "account": "pro",
    "avatar": {
      "uri": "https://api.sketchfab.com/v3/avatars/460c99e61d614a2fa9d27cbff41c6916",
      "images": [
        {
          "size": 1741,
          "width": 100,
          "url": "https://media.sketchfab.com/avatars/460c99e61d614a2fa9d27cbff41c6916/1c5305ddbb83465fa5b035c914b2926d.jpeg",
          "height": 100
        },
        {
          "size": 1568,
          "width": 90,
          "url": "https://media.sketchfab.com/avatars/460c99e61d614a2fa9d27cbff41c6916/1e57f6ec2ba1431789c5d9e41b24d355.jpeg",
          "height": 90
        },
        {
          "size": 738,
          "width": 48,
          "url": "https://media.sketchfab.com/avatars/460c99e61d614a2fa9d27cbff41c6916/27e47a49772e401b8b1be9191f6013cd.jpeg",
          "height": 48
        },
        {
          "size": 470,
          "width": 32,
          "url": "https://media.sketchfab.com/avatars/460c99e61d614a2fa9d27cbff41c6916/592ed0dd94734839a49afb6f9c5e245a.jpeg",
          "height": 32
        }
      ]
    },
    "uri": "https://api.sketchfab.com/v3/users/4a165be2661d4a6a866ea01d1f76334c"
  },
  "description": "Ancient Egyptian stone sculpture of Horus in the fom of a falcon, c. 2000-1570 BCE, now in the collection of the Minneapolis Institute of Art. \n\nFrom the object's description on artsmia.org:\n\n*'This stone amulet of the sacred falcon of Horus would have been quite common had it not been for the semi-precious stone inlays that form the eyes.'*\n\nThe object is about 38mm tall ( 1 1/2\" ) but here it's set to about 38cm ( 15\" ) for VR viewing.\n\nMore information: \n\nhttps://collections.artsmia.org/art/73/horus-ancient-egyptian",
  "faceCount": 64556,
  "createdAt": "2018-09-07T16:14:00.849235",
  "vertexCount": 32272,
  "isAgeRestricted": false,
  "archives": {
    "glb": {
      "textureCount": 2,
      "size": 20574616,
      "type": "glb",
      "textureMaxResolution": 4096,
      "faceCount": 64556,
      "vertexCount": 33524
    },
    "gltf": {
      "textureCount": 2,
      "size": 19846563,
      "type": "gltf",
      "textureMaxResolution": 4096,
      "faceCount": 64556,
      "vertexCount": 33524
    },
    "source": {
      "textureCount": null,
      "size": 32490517,
      "type": "source",
      "textureMaxResolution": null,
      "faceCount": null,
      "vertexCount": null
    },
    "usdz": {
      "textureCount": null,
      "size": 3214095,
      "type": "usdz",
      "textureMaxResolution": null,
      "faceCount": null,
      "vertexCount": null
    }
  },
  "license": "cc0"
}