{
  "uri": "https://api.sketchfab.com/v3/models/839c22ae8131476aafd304fb16f7528c",
  "uid": "839c22ae8131476aafd304fb16f7528c",
  "name": "Indeling BaseCamp",
  "staffpickedAt": null,
  "viewCount": 29,
  "likeCount": 0,
  "animationCount": 0,
  "viewerUrl": "https://sketchfab.com/3d-models/839c22ae8131476aafd304fb16f7528c",
  "embedUrl": "https://sketchfab.com/models/839c22ae8131476aafd304fb16f7528c/embed",
  "commentCount": 0,
  "isDownloadable": true,
  "publishedAt": "2017-06-27T09:45:00.463864",
  "tags": [],
  "categories": [],
  "thumbnails": {
    "images": [
      {
        "uid": "e8e310eefa7f42a2a47ca5a29bbecc55",
        "size": 49116,
        "width": 1920,
        "url": "https://media.sketchfab.com/models/839c22ae8131476aafd304fb16f7528c/thumbnails/b3e4fde8eccd400a8255eb8ac55f0b66/4e2e7fda5d1a48249dd503329930cca9.jpeg",
        "height": 1080
      },
      {
        "uid": "3ab90a8e52454f648bae92a4582d7904",
        "size": 17708,
        "width": 1024,
        "url": "https://media.sketchfab.com/models/839c22ae8131476aafd304fb16f7528c/thumbnails/b3e4fde8eccd400a8255eb8ac55f0b66/92956bb7ed704d3dbbe8329f1acecf6f.jpeg",
        "height": 576
      },
      {
        "uid": "fdf7f8ed5dcd4ad2bc31efb3a4a33339",
        "size": 10615,
        "width": 720,
        "url": "https://media.sketchfab.com/models/839c22ae8131476aafd304fb16f7528c/thumbnails/b3e4fde8eccd400a8255eb8ac55f0b66/a204f5c405804ed195aad454a303d938.jpeg",
        "height": 405
      },
      {
        "uid": "5192846c9efa4712a5863767eb693afc",
        "size": 2439,
        "width": 256,
        "url": "https://media.sketchfab.com/models/839c22ae8131476aafd304fb16f7528c/thumbnails/b3e4fde8eccd400a8255eb8ac55f0b66/40bc691d607c417f96f0d3173b779748.jpeg",
        "height": 144
      },
      {
        "uid": "012d2747a45144ac8365192486cb8033",
        "size": 557,
        "width": 64,
        "url": "https://media.sketchfab.com/models/839c22ae8131476aafd304fb16f7528c/thumbnails/b3e4fde8eccd400a8255eb8ac55f0b66/1eab6bd0b8754ceea5620e88ef1a3c2d.jpeg",
        "height": 36
      }
    ]
  },
  "user": {
    "uid": "a4815e8a95d647a7ab591c752738f995",
    "username": "hjm",
    "displayName": "WooodDesign",
    "profileUrl": "https://sketchfab.com/hjm",
    "account": "basic",
    "avatar": {
      "uri": "https://api.sketchfab.com/v3/avatars/caf4071476554825a3ba11a56962d948",
      "images": [
        {
          "size": 577,
          "width": 32,
          "url": "https://media.sketchfab.com/avatars/caf4071476554825a3ba11a56962d948/e9e09163cde64305bc4854c654a89ccd.jpeg",
          "height": 32
        },
        {
          "size": 712,
          "width": 48,
          "url": "https://media.sketchfab.com/avatars/caf4071476554825a3ba11a56962d948/8c1c66b18d1d483cb6aa4a71d9c9038c.jpeg",
          "height": 48
        },
        {
          "size": 1314,
          "width": 90,
          "url": "https://media.sketchfab.com/avatars/caf4071476554825a3ba11a56962d948/3468640732554ae19ea237af81377e6e.jpeg",
          "height": 90
        },
        {
          "size": 1459,
          "width": 100,
          "url": "https://media.sketchfab.com/avatars/caf4071476554825a3ba11a56962d948/6ec44085b0a8439d84bd5c09dab51604.jpeg",
          "height": 100
        }
      ]
    },
    "uri": "https://api.sketchfab.com/v3/users/a4815e8a95d647a7ab591c752738f995"
  },
  "description": "",
  "faceCount": 2492,
  "createdAt": "2017-06-27T09:44:55.777722",
  "vertexCount": 1330,
  "isAgeRestricted": false,
  "archives": {
    "glb": {
      "textureCount": 0,
      "size": 145028,
      "type": "glb",
      "textureMaxResolution": 0,
      "faceCount": 2516,
      "vertexCount": 4654
    },
    "gltf": {
      "textureCount": 0,
      "size": 24844,
      "type": "gltf",
      "textureMaxResolution": 0,
      "faceCount": 2516,
      "vertexCount": 4654
    },
    "source": {
      "textureCount": null,
      "size": 48579,
      "type": "source",
      "textureMaxResolution": null,
      "faceCount": null,
      "vertexCount": null
    },
    "usdz": {
      "textureCount": null,
      "size": 116892,
      "type": "usdz",
      "textureMaxResolution": null,
      "faceCount": null,
      "vertexCount": null
    }
  },
  "license": "by"
}