{
  "uri": "https://api.sketchfab.com/v3/models/839e17744901457db6e4aff0cddef1f2",
  "uid": "839e17744901457db6e4aff0cddef1f2",
  "name": "Settalite",
  "staffpickedAt": null,
  "viewCount": 201,
  "likeCount": 1,
  "animationCount": 1,
  "viewerUrl": "https://sketchfab.com/3d-models/839e17744901457db6e4aff0cddef1f2",
  "embedUrl": "https://sketchfab.com/models/839e17744901457db6e4aff0cddef1f2/embed",
  "commentCount": 0,
  "isDownloadable": true,
  "publishedAt": "2018-02-01T12:32:26.619864",
  "tags": [
    {
      "name": "spacecraft",
      "slug": "spacecraft",
      "uri": "https://api.sketchfab.com/v3/tags/spacecraft"
    },
    {
      "name": "earth",
      "slug": "earth",
      "uri": "https://api.sketchfab.com/v3/tags/earth"
    },
    {
      "name": "sputnik",
      "slug": "sputnik",
      "uri": "https://api.sketchfab.com/v3/tags/sputnik"
    },
    {
      "name": "settalite",
      "slug": "settalite",
      "uri": "https://api.sketchfab.com/v3/tags/settalite"
    },
    {
      "name": "space",
      "slug": "space",
      "uri": "https://api.sketchfab.com/v3/tags/space"
    },
    {
      "name": "spaceship",
      "slug": "spaceship",
      "uri": "https://api.sketchfab.com/v3/tags/spaceship"
    }
  ],
  "categories": [
    {
      "name": "science-technology"
    }
  ],
  "thumbnails": {
    "images": [
      {
        "uid": "a93171f3d7554b1ab0c8b4a2a531a298",
        "size": 203131,
        "width": 1920,
        "url": "https://media.sketchfab.com/models/839e17744901457db6e4aff0cddef1f2/thumbnails/4bc3e62934d24c12821450eb38191c79/5df631bd8cf64b3cb4b741d36b5e2f8f.jpeg",
        "height": 1080
      },
      {
        "uid": "87e60ddb8e9d4a538d1127a7dde477a6",
        "size": 72158,
        "width": 1024,
        "url": "https://media.sketchfab.com/models/839e17744901457db6e4aff0cddef1f2/thumbnails/4bc3e62934d24c12821450eb38191c79/f946b6b8b823420196e7d8dcd01aeba2.jpeg",
        "height": 576
      },
      {
        "uid": "e6b0e3f85ecc4eedbd7644f5e5cc4a6c",
        "size": 43235,
        "width": 720,
        "url": "https://media.sketchfab.com/models/839e17744901457db6e4aff0cddef1f2/thumbnails/4bc3e62934d24c12821450eb38191c79/d518c186b1a44b958868fb7d966feacb.jpeg",
        "height": 405
      },
      {
        "uid": "4903048eaf074585887d82b06a84ade1",
        "size": 7737,
        "width": 256,
        "url": "https://media.sketchfab.com/models/839e17744901457db6e4aff0cddef1f2/thumbnails/4bc3e62934d24c12821450eb38191c79/6a77a8a31a6b402facf8c604fe163b29.jpeg",
        "height": 144
      },
      {
        "uid": "9eba88c43cac4f0ca32ed4aa863ac580",
        "size": 1174,
        "width": 64,
        "url": "https://media.sketchfab.com/models/839e17744901457db6e4aff0cddef1f2/thumbnails/4bc3e62934d24c12821450eb38191c79/db8090c7e9144f248564bf79647c3cc2.jpeg",
        "height": 36
      }
    ]
  },
  "user": {
    "uid": "066cd631452b4b0a9a303745d9cc7cca",
    "username": "arctic.wolves",
    "displayName": "ARCTIC  WOLVES™",
    "profileUrl": "https://sketchfab.com/arctic.wolves",
    "account": "basic",
    "avatar": {
      "uri": "https://api.sketchfab.com/v3/avatars/7d9d64a60a2e4414a209d3f3627197da",
      "images": [
        {
          "size": 3181,
          "width": 32,
          "url": "https://media.sketchfab.com/avatars/7d9d64a60a2e4414a209d3f3627197da/9bdc2cd2e8344d3fb61c42f3f04842a5.png",
          "height": 32
        },
        {
          "size": 5354,
          "width": 48,
          "url": "https://media.sketchfab.com/avatars/7d9d64a60a2e4414a209d3f3627197da/9b0f180c54f44663a28dcaa1787cfb06.png",
          "height": 48
        },
        {
          "size": 13098,
          "width": 90,
          "url": "https://media.sketchfab.com/avatars/7d9d64a60a2e4414a209d3f3627197da/a7e4fa4a4cfe4d70a3b89c9fd0b9ed3c.png",
          "height": 90
        },
        {
          "size": 15220,
          "width": 100,
          "url": "https://media.sketchfab.com/avatars/7d9d64a60a2e4414a209d3f3627197da/266b952a810a4561b237b613e96863b7.png",
          "height": 100
        }
      ]
    },
    "uri": "https://api.sketchfab.com/v3/users/066cd631452b4b0a9a303745d9cc7cca"
  },
  "description": "for Unity  project \"Rescue Earth\"",
  "faceCount": 4050,
  "createdAt": "2018-02-01T10:36:21.670785",
  "vertexCount": 2445,
  "isAgeRestricted": false,
  "archives": {
    "glb": {
      "textureCount": 2,
      "size": 2806636,
      "type": "glb",
      "textureMaxResolution": 2048,
      "faceCount": 4050,
      "vertexCount": 6881
    },
    "gltf": {
      "textureCount": 2,
      "size": 2433428,
      "type": "gltf",
      "textureMaxResolution": 2048,
      "faceCount": 4050,
      "vertexCount": 6881
    },
    "source": {
      "textureCount": null,
      "size": 7726596,
      "type": "source",
      "textureMaxResolution": null,
      "faceCount": null,
      "vertexCount": null
    },
    "usdz": {
      "textureCount": null,
      "size": 1487479,
      "type": "usdz",
      "textureMaxResolution": null,
      "faceCount": null,
      "vertexCount": null
    }
  },
  "license": "by"
}