{
  "uri": "https://api.sketchfab.com/v3/models/83a38b24f3074776b83effab8417fc5b",
  "uid": "83a38b24f3074776b83effab8417fc5b",
  "name": "Sci-fi Floor Section KB004",
  "staffpickedAt": null,
  "viewCount": 1875,
  "likeCount": 67,
  "animationCount": 0,
  "viewerUrl": "https://sketchfab.com/3d-models/83a38b24f3074776b83effab8417fc5b",
  "embedUrl": "https://sketchfab.com/models/83a38b24f3074776b83effab8417fc5b/embed",
  "commentCount": 0,
  "isDownloadable": true,
  "publishedAt": "2017-10-24T20:26:21.906226",
  "tags": [
    {
      "name": "floor",
      "slug": "floor",
      "uri": "https://api.sketchfab.com/v3/tags/floor"
    },
    {
      "name": "kitbash",
      "slug": "kitbash",
      "uri": "https://api.sketchfab.com/v3/tags/kitbash"
    },
    {
      "name": "sci-fi",
      "slug": "sci-fi",
      "uri": "https://api.sketchfab.com/v3/tags/sci-fi"
    },
    {
      "name": "interior",
      "slug": "interior",
      "uri": "https://api.sketchfab.com/v3/tags/interior"
    },
    {
      "name": "modular",
      "slug": "modular",
      "uri": "https://api.sketchfab.com/v3/tags/modular"
    }
  ],
  "categories": [],
  "thumbnails": {
    "images": [
      {
        "uid": "1c36a898e3bc4d02a3ae63a34b7390d4",
        "size": 77535,
        "width": 1024,
        "url": "https://media.sketchfab.com/models/83a38b24f3074776b83effab8417fc5b/thumbnails/7062927575a74fe98fb88b59bb883a22/1024x576.jpeg",
        "height": 576
      },
      {
        "uid": "ab26e7376617443aa8ab556e0d4f92a0",
        "size": 42687,
        "width": 720,
        "url": "https://media.sketchfab.com/models/83a38b24f3074776b83effab8417fc5b/thumbnails/7062927575a74fe98fb88b59bb883a22/720x405.jpeg",
        "height": 405
      },
      {
        "uid": "2b205c98a73e42e5b67293c2fe500116",
        "size": 7239,
        "width": 256,
        "url": "https://media.sketchfab.com/models/83a38b24f3074776b83effab8417fc5b/thumbnails/7062927575a74fe98fb88b59bb883a22/256x144.jpeg",
        "height": 144
      },
      {
        "uid": "05d2b672154f4b3b90a5c278bd630e7c",
        "size": 1304,
        "width": 64,
        "url": "https://media.sketchfab.com/models/83a38b24f3074776b83effab8417fc5b/thumbnails/7062927575a74fe98fb88b59bb883a22/64x36.jpeg",
        "height": 36
      }
    ]
  },
  "user": {
    "uid": "3f02d9e2df824a1aa4acde4d7556104e",
    "username": "distance880",
    "displayName": "d880",
    "profileUrl": "https://sketchfab.com/distance880",
    "account": "pro",
    "avatar": {
      "uri": "https://api.sketchfab.com/v3/avatars/f495088309b045d3bf278b37096c7b24",
      "images": [
        {
          "size": 742,
          "width": 32,
          "url": "https://media.sketchfab.com/avatars/f495088309b045d3bf278b37096c7b24/64a13e4bce5f49c1b5e6834f42b1fe56.jpeg",
          "height": 32
        },
        {
          "size": 1265,
          "width": 48,
          "url": "https://media.sketchfab.com/avatars/f495088309b045d3bf278b37096c7b24/d434fb3f1104436ab5ebfb56c7a4da6a.jpeg",
          "height": 48
        },
        {
          "size": 3473,
          "width": 90,
          "url": "https://media.sketchfab.com/avatars/f495088309b045d3bf278b37096c7b24/3fe0ed9275294401914b0424952a5c08.jpeg",
          "height": 90
        },
        {
          "size": 4135,
          "width": 100,
          "url": "https://media.sketchfab.com/avatars/f495088309b045d3bf278b37096c7b24/1c3a052dab8342b08a97b15a0862469c.jpeg",
          "height": 100
        }
      ]
    },
    "uri": "https://api.sketchfab.com/v3/users/3f02d9e2df824a1aa4acde4d7556104e"
  },
  "description": "A section of modular sci-fi style floor intended to mix and match with your kitbash collections.\n\nMesh only, no UV, textures, or materials.",
  "faceCount": 662971,
  "createdAt": "2017-10-24T20:17:15.445393",
  "vertexCount": 309080,
  "isAgeRestricted": false,
  "archives": {
    "glb": {
      "textureCount": 0,
      "size": 17878576,
      "type": "glb",
      "textureMaxResolution": 0,
      "faceCount": 617911,
      "vertexCount": 435748
    },
    "gltf": {
      "textureCount": 0,
      "size": 6665227,
      "type": "gltf",
      "textureMaxResolution": 0,
      "faceCount": 617911,
      "vertexCount": 435748
    },
    "source": {
      "textureCount": null,
      "size": 41224460,
      "type": "source",
      "textureMaxResolution": null,
      "faceCount": null,
      "vertexCount": null
    },
    "usdz": {
      "textureCount": null,
      "size": 11972907,
      "type": "usdz",
      "textureMaxResolution": null,
      "faceCount": null,
      "vertexCount": null
    }
  },
  "license": "by"
}