{
  "uri": "https://api.sketchfab.com/v3/models/83a4aa8a6ae34ed78219b660933aece5",
  "uid": "83a4aa8a6ae34ed78219b660933aece5",
  "name": "DAEBot - Bake, Pose and Normal Enrichment",
  "staffpickedAt": null,
  "viewCount": 14,
  "likeCount": 1,
  "animationCount": 0,
  "viewerUrl": "https://sketchfab.com/3d-models/83a4aa8a6ae34ed78219b660933aece5",
  "embedUrl": "https://sketchfab.com/models/83a4aa8a6ae34ed78219b660933aece5/embed",
  "commentCount": 0,
  "isDownloadable": true,
  "publishedAt": "2020-04-22T20:04:31.709082",
  "tags": [
    {
      "name": "dae",
      "slug": "dae",
      "uri": "https://api.sketchfab.com/v3/tags/dae"
    },
    {
      "name": "digitalartsandentertainment",
      "slug": "digitalartsandentertainment",
      "uri": "https://api.sketchfab.com/v3/tags/digitalartsandentertainment"
    }
  ],
  "categories": [],
  "thumbnails": {
    "images": [
      {
        "uid": "a0e777c9b1e54fde869d78b2d8b446e8",
        "size": 156617,
        "width": 1920,
        "url": "https://media.sketchfab.com/models/83a4aa8a6ae34ed78219b660933aece5/thumbnails/006c9c8ced27466c92ccb66dd9914dd4/1029056bbae848408246c26a925d0518.jpeg",
        "height": 1080
      },
      {
        "uid": "b73cd28f1ec24a68af426e778d76d7e2",
        "size": 37678,
        "width": 1024,
        "url": "https://media.sketchfab.com/models/83a4aa8a6ae34ed78219b660933aece5/thumbnails/006c9c8ced27466c92ccb66dd9914dd4/b738887217104e3881da1428f5672f05.jpeg",
        "height": 576
      },
      {
        "uid": "59d3ef50c07c42ecada0392c156cc59f",
        "size": 21220,
        "width": 720,
        "url": "https://media.sketchfab.com/models/83a4aa8a6ae34ed78219b660933aece5/thumbnails/006c9c8ced27466c92ccb66dd9914dd4/a3f457438e2140b6b67c69ed77a8b5db.jpeg",
        "height": 405
      },
      {
        "uid": "726ad4660e9d4d158ca3bf927f5f0978",
        "size": 4200,
        "width": 256,
        "url": "https://media.sketchfab.com/models/83a4aa8a6ae34ed78219b660933aece5/thumbnails/006c9c8ced27466c92ccb66dd9914dd4/7abdaef4901c46cdbed10a3ab42b4abe.jpeg",
        "height": 144
      },
      {
        "uid": "0e4d89f309f44466baa68230f85894de",
        "size": 784,
        "width": 64,
        "url": "https://media.sketchfab.com/models/83a4aa8a6ae34ed78219b660933aece5/thumbnails/006c9c8ced27466c92ccb66dd9914dd4/4bdf47d859244fc18e269c14147a620a.jpeg",
        "height": 36
      }
    ]
  },
  "user": {
    "uid": "2a0e83b68c504be8a199e51cca7b9bff",
    "username": "matthiasseys",
    "displayName": "Matthias Seys",
    "profileUrl": "https://sketchfab.com/matthiasseys",
    "account": "basic",
    "avatar": {
      "uri": "https://api.sketchfab.com/v3/avatars/fdc0fbdfc0fe45a08c06dfdd08873ec3",
      "images": [
        {
          "size": 763,
          "width": 32,
          "url": "https://media.sketchfab.com/avatars/fdc0fbdfc0fe45a08c06dfdd08873ec3/e7c0df75d6db4141a5bd9a70a1aab9ff.jpeg",
          "height": 32
        },
        {
          "size": 1270,
          "width": 48,
          "url": "https://media.sketchfab.com/avatars/fdc0fbdfc0fe45a08c06dfdd08873ec3/c3eaf1018f7a454da47cd72f4b47be0f.jpeg",
          "height": 48
        },
        {
          "size": 3238,
          "width": 90,
          "url": "https://media.sketchfab.com/avatars/fdc0fbdfc0fe45a08c06dfdd08873ec3/1d7b500761c343b89173affa0957f810.jpeg",
          "height": 90
        },
        {
          "size": 3667,
          "width": 100,
          "url": "https://media.sketchfab.com/avatars/fdc0fbdfc0fe45a08c06dfdd08873ec3/fa7b06fc292b4acd9cf1e464700e1a80.jpeg",
          "height": 100
        }
      ]
    },
    "uri": "https://api.sketchfab.com/v3/users/2a0e83b68c504be8a199e51cca7b9bff"
  },
  "description": "",
  "faceCount": 13335,
  "createdAt": "2020-04-22T19:52:26.013162",
  "vertexCount": 7548,
  "isAgeRestricted": false,
  "archives": {
    "glb": {
      "textureCount": 2,
      "size": 6637400,
      "type": "glb",
      "textureMaxResolution": 2048,
      "faceCount": 13331,
      "vertexCount": 11117
    },
    "gltf": {
      "textureCount": 2,
      "size": 6350216,
      "type": "gltf",
      "textureMaxResolution": 2048,
      "faceCount": 13331,
      "vertexCount": 11117
    },
    "source": {
      "textureCount": null,
      "size": 8180868,
      "type": "source",
      "textureMaxResolution": null,
      "faceCount": null,
      "vertexCount": null
    },
    "usdz": {
      "textureCount": null,
      "size": 2861190,
      "type": "usdz",
      "textureMaxResolution": null,
      "faceCount": null,
      "vertexCount": null
    }
  },
  "license": "by"
}