{
  "uri": "https://api.sketchfab.com/v3/models/83a63b3fb482442d9fa55ac0585a52fb",
  "uid": "83a63b3fb482442d9fa55ac0585a52fb",
  "name": "Mossy Rock",
  "staffpickedAt": null,
  "viewCount": 302,
  "likeCount": 5,
  "animationCount": 0,
  "viewerUrl": "https://sketchfab.com/3d-models/83a63b3fb482442d9fa55ac0585a52fb",
  "embedUrl": "https://sketchfab.com/models/83a63b3fb482442d9fa55ac0585a52fb/embed",
  "commentCount": 1,
  "isDownloadable": true,
  "publishedAt": "2019-03-18T13:13:14.893396",
  "tags": [
    {
      "name": "nature",
      "slug": "nature",
      "uri": "https://api.sketchfab.com/v3/tags/nature"
    },
    {
      "name": "moss",
      "slug": "moss",
      "uri": "https://api.sketchfab.com/v3/tags/moss"
    },
    {
      "name": "unity",
      "slug": "unity",
      "uri": "https://api.sketchfab.com/v3/tags/unity"
    },
    {
      "name": "rock",
      "slug": "rock",
      "uri": "https://api.sketchfab.com/v3/tags/rock"
    }
  ],
  "categories": [
    {
      "name": "science-technology"
    }
  ],
  "thumbnails": {
    "images": [
      {
        "uid": "dd313a054274406cadc55d17c82694a8",
        "size": 773,
        "width": 64,
        "url": "https://media.sketchfab.com/models/83a63b3fb482442d9fa55ac0585a52fb/thumbnails/b885b96ed22d4142988f660535da3629/d9204f253c2a4ff4904f6fd663dce43c.jpeg",
        "height": 36
      },
      {
        "uid": "1314c2cd3c3c4d6290a19b84412c45bd",
        "size": 4429,
        "width": 256,
        "url": "https://media.sketchfab.com/models/83a63b3fb482442d9fa55ac0585a52fb/thumbnails/b885b96ed22d4142988f660535da3629/c77e43d642a444df8a496dd215007058.jpeg",
        "height": 144
      },
      {
        "uid": "46d01d2a2954407f959b646a17c888a5",
        "size": 203603,
        "width": 1920,
        "url": "https://media.sketchfab.com/models/83a63b3fb482442d9fa55ac0585a52fb/thumbnails/b885b96ed22d4142988f660535da3629/5ec3bd2237fd42aba149b31c31bbae33.jpeg",
        "height": 1080
      },
      {
        "uid": "8a6fb7f7d69e4b3e9cb3988734f5478c",
        "size": 54235,
        "width": 1024,
        "url": "https://media.sketchfab.com/models/83a63b3fb482442d9fa55ac0585a52fb/thumbnails/b885b96ed22d4142988f660535da3629/5b53b068a6aa4d43b72bb2a00e67812d.jpeg",
        "height": 576
      },
      {
        "uid": "59711bcaad2c4dbc85f80cd7016b00e1",
        "size": 28680,
        "width": 720,
        "url": "https://media.sketchfab.com/models/83a63b3fb482442d9fa55ac0585a52fb/thumbnails/b885b96ed22d4142988f660535da3629/9ff779369cbf4b0fb49b91d2a1408d74.jpeg",
        "height": 405
      }
    ]
  },
  "user": {
    "uid": "680e31dc958d4c2caf9bb256d9ce6518",
    "username": "Harry_L",
    "displayName": "Harry_L",
    "profileUrl": "https://sketchfab.com/Harry_L",
    "account": "basic",
    "avatar": {
      "uri": "https://api.sketchfab.com/v3/avatars/47f819e86530429fbcaacbf39116708b",
      "images": [
        {
          "size": 891,
          "width": 32,
          "url": "https://media.sketchfab.com/avatars/47f819e86530429fbcaacbf39116708b/e311e275cc5249f69ae28e14e9cc4441.png",
          "height": 32
        },
        {
          "size": 1411,
          "width": 48,
          "url": "https://media.sketchfab.com/avatars/47f819e86530429fbcaacbf39116708b/67ea03a4d0114e5a97b9ac5861d89ec1.png",
          "height": 48
        },
        {
          "size": 2987,
          "width": 90,
          "url": "https://media.sketchfab.com/avatars/47f819e86530429fbcaacbf39116708b/0c0d846886d5410e8ee912c84abf6e07.png",
          "height": 90
        },
        {
          "size": 3406,
          "width": 100,
          "url": "https://media.sketchfab.com/avatars/47f819e86530429fbcaacbf39116708b/bf7feb6a75ae4b41b632a237c38254fd.png",
          "height": 100
        }
      ]
    },
    "uri": "https://api.sketchfab.com/v3/users/680e31dc958d4c2caf9bb256d9ce6518"
  },
  "description": "Realistic rock i made for an assignment im workling on, will make it available for download when its all done. Unity Ready, Textures in 2k",
  "faceCount": 21840,
  "createdAt": "2019-03-18T13:06:21.687303",
  "vertexCount": 10922,
  "isAgeRestricted": false,
  "archives": {
    "glb": {
      "textureCount": 3,
      "size": 10573520,
      "type": "glb",
      "textureMaxResolution": 2048,
      "faceCount": 21840,
      "vertexCount": 12024
    },
    "gltf": {
      "textureCount": 3,
      "size": 10287154,
      "type": "gltf",
      "textureMaxResolution": 2048,
      "faceCount": 21840,
      "vertexCount": 12024
    },
    "source": {
      "textureCount": null,
      "size": 26327245,
      "type": "source",
      "textureMaxResolution": null,
      "faceCount": null,
      "vertexCount": null
    },
    "usdz": {
      "textureCount": null,
      "size": 3966069,
      "type": "usdz",
      "textureMaxResolution": null,
      "faceCount": null,
      "vertexCount": null
    }
  },
  "license": "by"
}