{
  "uri": "https://api.sketchfab.com/v3/models/83aaec151e87416fa2fb99b4bc250de9",
  "uid": "83aaec151e87416fa2fb99b4bc250de9",
  "name": "41722-3D-210422",
  "staffpickedAt": null,
  "viewCount": 6,
  "likeCount": 0,
  "animationCount": 0,
  "viewerUrl": "https://sketchfab.com/3d-models/83aaec151e87416fa2fb99b4bc250de9",
  "embedUrl": "https://sketchfab.com/models/83aaec151e87416fa2fb99b4bc250de9/embed",
  "commentCount": 0,
  "isDownloadable": true,
  "publishedAt": "2021-04-22T07:33:58.010101",
  "tags": [],
  "categories": [],
  "thumbnails": {
    "images": [
      {
        "uid": "9ee70b2e26d442f082c37051de074c5b",
        "size": 75731,
        "width": 1920,
        "url": "https://media.sketchfab.com/models/83aaec151e87416fa2fb99b4bc250de9/thumbnails/b5d90e1e8f204bb19aa49fdeaa30e034/2f8e3e0efffd40ce81eade28a0c5afae.jpeg",
        "height": 1080
      },
      {
        "uid": "c8426db563fc4a77abc1d17cd65e1df3",
        "size": 25998,
        "width": 1024,
        "url": "https://media.sketchfab.com/models/83aaec151e87416fa2fb99b4bc250de9/thumbnails/b5d90e1e8f204bb19aa49fdeaa30e034/15d6557e33be43428f25be81472b592d.jpeg",
        "height": 576
      },
      {
        "uid": "5b25d46cdef542d1bed65bbd48ec205b",
        "size": 15194,
        "width": 720,
        "url": "https://media.sketchfab.com/models/83aaec151e87416fa2fb99b4bc250de9/thumbnails/b5d90e1e8f204bb19aa49fdeaa30e034/f88aef5cfa0849d2a9b7dac47bc02fc4.jpeg",
        "height": 405
      },
      {
        "uid": "a2dc2b494a8345b291263472e8543ee9",
        "size": 3163,
        "width": 256,
        "url": "https://media.sketchfab.com/models/83aaec151e87416fa2fb99b4bc250de9/thumbnails/b5d90e1e8f204bb19aa49fdeaa30e034/f2db0dafe2484ebd8d5c77671968593e.jpeg",
        "height": 144
      },
      {
        "uid": "a9f25c597a5b415fba949c9434cfc678",
        "size": 679,
        "width": 64,
        "url": "https://media.sketchfab.com/models/83aaec151e87416fa2fb99b4bc250de9/thumbnails/b5d90e1e8f204bb19aa49fdeaa30e034/631455b3ce234cdeaf38ed9e77521562.jpeg",
        "height": 36
      }
    ]
  },
  "user": {
    "uid": "4ee394bf4f194bfc8aba7c87dad8ffbe",
    "username": "clove_bretts",
    "displayName": "clove_bretts",
    "profileUrl": "https://sketchfab.com/clove_bretts",
    "account": "basic",
    "avatar": {
      "uri": "https://api.sketchfab.com/v3/avatars/3ef1bd11d3eb4b57a0b353e8f2e5fc3e",
      "images": [
        {
          "size": 680,
          "width": 32,
          "url": "https://media.sketchfab.com/avatars/3ef1bd11d3eb4b57a0b353e8f2e5fc3e/116042a0854e40538adab302b593683d.jpeg",
          "height": 32
        },
        {
          "size": 1253,
          "width": 48,
          "url": "https://media.sketchfab.com/avatars/3ef1bd11d3eb4b57a0b353e8f2e5fc3e/efea16be51d04eb7a00cb9ea0b43b87f.jpeg",
          "height": 48
        },
        {
          "size": 2797,
          "width": 90,
          "url": "https://media.sketchfab.com/avatars/3ef1bd11d3eb4b57a0b353e8f2e5fc3e/ac9b469ccec74caf923a81fb2f0be3ed.jpeg",
          "height": 90
        },
        {
          "size": 3215,
          "width": 100,
          "url": "https://media.sketchfab.com/avatars/3ef1bd11d3eb4b57a0b353e8f2e5fc3e/a075e1d43d2f446c949b5967b470c757.jpeg",
          "height": 100
        }
      ]
    },
    "uri": "https://api.sketchfab.com/v3/users/4ee394bf4f194bfc8aba7c87dad8ffbe"
  },
  "description": "Resolve\n614 Sovereign Lane\nFrame model",
  "faceCount": 17614,
  "createdAt": "2021-04-22T07:24:16.878013",
  "vertexCount": 16372,
  "isAgeRestricted": false,
  "archives": {
    "glb": {
      "textureCount": 0,
      "size": 3112972,
      "type": "glb",
      "textureMaxResolution": 0,
      "faceCount": 12759,
      "vertexCount": 30165
    },
    "gltf": {
      "textureCount": 0,
      "size": 167775,
      "type": "gltf",
      "textureMaxResolution": 0,
      "faceCount": 12759,
      "vertexCount": 30165
    },
    "source": {
      "textureCount": null,
      "size": 555099,
      "type": "source",
      "textureMaxResolution": null,
      "faceCount": null,
      "vertexCount": null
    },
    "usdz": {
      "textureCount": null,
      "size": 265415,
      "type": "usdz",
      "textureMaxResolution": null,
      "faceCount": null,
      "vertexCount": null
    }
  },
  "license": "by"
}