{
  "uri": "https://api.sketchfab.com/v3/models/83b0276165ac4e72a89990cb3c9dc5e2",
  "uid": "83b0276165ac4e72a89990cb3c9dc5e2",
  "name": "Cross Buckler Heraldry Red",
  "staffpickedAt": null,
  "viewCount": 8,
  "likeCount": 0,
  "animationCount": 0,
  "viewerUrl": "https://sketchfab.com/3d-models/83b0276165ac4e72a89990cb3c9dc5e2",
  "embedUrl": "https://sketchfab.com/models/83b0276165ac4e72a89990cb3c9dc5e2/embed",
  "commentCount": 0,
  "isDownloadable": true,
  "publishedAt": "2017-10-24T21:52:37.017196",
  "tags": [
    {
      "name": "medievalfantasyassets",
      "slug": "medievalfantasyassets",
      "uri": "https://api.sketchfab.com/v3/tags/medievalfantasyassets"
    }
  ],
  "categories": [],
  "thumbnails": {
    "images": [
      {
        "uid": "fa8876fc0ba546178cd18a2a87aee52b",
        "size": 33329,
        "width": 1024,
        "url": "https://media.sketchfab.com/models/83b0276165ac4e72a89990cb3c9dc5e2/thumbnails/bf5ca0701fcb436aa2b67db1bf375dc8/1024x576.jpeg",
        "height": 576
      },
      {
        "uid": "7e888ea5efce45caaf0a0e87925f3cba",
        "size": 17513,
        "width": 720,
        "url": "https://media.sketchfab.com/models/83b0276165ac4e72a89990cb3c9dc5e2/thumbnails/bf5ca0701fcb436aa2b67db1bf375dc8/720x405.jpeg",
        "height": 405
      },
      {
        "uid": "23691ec5ca3e46adae567c373e81e657",
        "size": 4163,
        "width": 256,
        "url": "https://media.sketchfab.com/models/83b0276165ac4e72a89990cb3c9dc5e2/thumbnails/bf5ca0701fcb436aa2b67db1bf375dc8/256x144.jpeg",
        "height": 144
      },
      {
        "uid": "5c0abee3d6a946f5aa6910eefa2b9681",
        "size": 1118,
        "width": 64,
        "url": "https://media.sketchfab.com/models/83b0276165ac4e72a89990cb3c9dc5e2/thumbnails/bf5ca0701fcb436aa2b67db1bf375dc8/64x36.jpeg",
        "height": 36
      }
    ]
  },
  "user": {
    "uid": "4b0b9373ef214f3aa963a0f8a384a89b",
    "username": "Dondougo",
    "displayName": "KThies",
    "profileUrl": "https://sketchfab.com/Dondougo",
    "account": "basic",
    "avatar": {
      "uri": "https://api.sketchfab.com/v3/avatars/4d0d318f5856441498872a4392625c80",
      "images": [
        {
          "size": 1312,
          "width": 32,
          "url": "https://media.sketchfab.com/avatars/4d0d318f5856441498872a4392625c80/3a60b0f6ab974c3caf021a13f204cb4b.jpeg",
          "height": 32
        },
        {
          "size": 1943,
          "width": 48,
          "url": "https://media.sketchfab.com/avatars/4d0d318f5856441498872a4392625c80/5554cf9cf2ee42108662db7801b54350.jpeg",
          "height": 48
        },
        {
          "size": 4244,
          "width": 90,
          "url": "https://media.sketchfab.com/avatars/4d0d318f5856441498872a4392625c80/eec82ccbcafb45179333db196fcba382.jpeg",
          "height": 90
        },
        {
          "size": 4804,
          "width": 100,
          "url": "https://media.sketchfab.com/avatars/4d0d318f5856441498872a4392625c80/3ab4e4010ee94c678d1a55b8a4ac9fc9.jpeg",
          "height": 100
        }
      ]
    },
    "uri": "https://api.sketchfab.com/v3/users/4b0b9373ef214f3aa963a0f8a384a89b"
  },
  "description": "",
  "faceCount": 610,
  "createdAt": "2017-10-24T21:47:39.658616",
  "vertexCount": 316,
  "isAgeRestricted": false,
  "archives": {
    "glb": {
      "textureCount": 0,
      "size": 45516,
      "type": "glb",
      "textureMaxResolution": 0,
      "faceCount": 610,
      "vertexCount": 1027
    },
    "gltf": {
      "textureCount": 0,
      "size": 11663,
      "type": "gltf",
      "textureMaxResolution": 0,
      "faceCount": 610,
      "vertexCount": 1027
    },
    "source": {
      "textureCount": null,
      "size": 22494,
      "type": "source",
      "textureMaxResolution": null,
      "faceCount": null,
      "vertexCount": null
    },
    "usdz": {
      "textureCount": null,
      "size": 29843,
      "type": "usdz",
      "textureMaxResolution": null,
      "faceCount": null,
      "vertexCount": null
    }
  },
  "license": "by"
}