{
  "uri": "https://api.sketchfab.com/v3/models/83b5a94d475c43cfaf9086e9e9b450ec",
  "uid": "83b5a94d475c43cfaf9086e9e9b450ec",
  "name": "Chuveiro Parede Cromado Vercci - B07004C",
  "staffpickedAt": null,
  "viewCount": 298,
  "likeCount": 3,
  "animationCount": 0,
  "viewerUrl": "https://sketchfab.com/3d-models/83b5a94d475c43cfaf9086e9e9b450ec",
  "embedUrl": "https://sketchfab.com/models/83b5a94d475c43cfaf9086e9e9b450ec/embed",
  "commentCount": 0,
  "isDownloadable": true,
  "publishedAt": "2018-10-09T15:33:08.470755",
  "tags": [
    {
      "name": "bathroom",
      "slug": "bathroom",
      "uri": "https://api.sketchfab.com/v3/tags/bathroom"
    },
    {
      "name": "bath",
      "slug": "bath",
      "uri": "https://api.sketchfab.com/v3/tags/bath"
    },
    {
      "name": "shower",
      "slug": "shower",
      "uri": "https://api.sketchfab.com/v3/tags/shower"
    },
    {
      "name": "toilet",
      "slug": "toilet",
      "uri": "https://api.sketchfab.com/v3/tags/toilet"
    },
    {
      "name": "showerhead",
      "slug": "showerhead",
      "uri": "https://api.sketchfab.com/v3/tags/showerhead"
    },
    {
      "name": "caciqdigital",
      "slug": "caciqdigital",
      "uri": "https://api.sketchfab.com/v3/tags/caciqdigital"
    },
    {
      "name": "bracci",
      "slug": "bracci",
      "uri": "https://api.sketchfab.com/v3/tags/bracci"
    },
    {
      "name": "italian-design",
      "slug": "italian-design",
      "uri": "https://api.sketchfab.com/v3/tags/italian-design"
    }
  ],
  "categories": [
    {
      "name": "furniture-home"
    }
  ],
  "thumbnails": {
    "images": [
      {
        "uid": "844ebf50a8c644eaa4e0b95b4f68e8f1",
        "size": 2497,
        "width": 256,
        "url": "https://media.sketchfab.com/models/83b5a94d475c43cfaf9086e9e9b450ec/thumbnails/39f4ef976ec54b988623d46ea327e13e/5e9bbd10ccfc48da8dcd4f6c088df346.jpeg",
        "height": 144
      },
      {
        "uid": "7758fe0033d6495785828b974dc8e634",
        "size": 10736,
        "width": 720,
        "url": "https://media.sketchfab.com/models/83b5a94d475c43cfaf9086e9e9b450ec/thumbnails/39f4ef976ec54b988623d46ea327e13e/9f8498028b434abbb586dee4fcc171d5.jpeg",
        "height": 405
      },
      {
        "uid": "3cd15634be7f4f98af755379bd682b91",
        "size": 18130,
        "width": 1024,
        "url": "https://media.sketchfab.com/models/83b5a94d475c43cfaf9086e9e9b450ec/thumbnails/39f4ef976ec54b988623d46ea327e13e/797db102e1ca44e6bbbfbe5a55436c15.jpeg",
        "height": 576
      },
      {
        "uid": "f9a6ca1456064a4db7c8403c1d8356e4",
        "size": 53834,
        "width": 1920,
        "url": "https://media.sketchfab.com/models/83b5a94d475c43cfaf9086e9e9b450ec/thumbnails/39f4ef976ec54b988623d46ea327e13e/35bc2aef0133406b858906b1e766e04b.jpeg",
        "height": 1080
      },
      {
        "uid": "ebff3155e49b41faa9b47d5211fc491e",
        "size": 636,
        "width": 64,
        "url": "https://media.sketchfab.com/models/83b5a94d475c43cfaf9086e9e9b450ec/thumbnails/39f4ef976ec54b988623d46ea327e13e/26001862ef8e4218a602263968ea240c.jpeg",
        "height": 36
      }
    ]
  },
  "user": {
    "uid": "5875441899db474d89cc50ecae0990b8",
    "username": "bracci",
    "displayName": "Bracci",
    "profileUrl": "https://sketchfab.com/bracci",
    "account": "basic",
    "avatar": {
      "uri": "https://api.sketchfab.com/v3/avatars/3ef1bd11d3eb4b57a0b353e8f2e5fc3e",
      "images": [
        {
          "size": 680,
          "width": 32,
          "url": "https://media.sketchfab.com/avatars/3ef1bd11d3eb4b57a0b353e8f2e5fc3e/116042a0854e40538adab302b593683d.jpeg",
          "height": 32
        },
        {
          "size": 1253,
          "width": 48,
          "url": "https://media.sketchfab.com/avatars/3ef1bd11d3eb4b57a0b353e8f2e5fc3e/efea16be51d04eb7a00cb9ea0b43b87f.jpeg",
          "height": 48
        },
        {
          "size": 2797,
          "width": 90,
          "url": "https://media.sketchfab.com/avatars/3ef1bd11d3eb4b57a0b353e8f2e5fc3e/ac9b469ccec74caf923a81fb2f0be3ed.jpeg",
          "height": 90
        },
        {
          "size": 3215,
          "width": 100,
          "url": "https://media.sketchfab.com/avatars/3ef1bd11d3eb4b57a0b353e8f2e5fc3e/a075e1d43d2f446c949b5967b470c757.jpeg",
          "height": 100
        }
      ]
    },
    "uri": "https://api.sketchfab.com/v3/users/5875441899db474d89cc50ecae0990b8"
  },
  "description": "# [www.bracci.com.br](http://www.bracci.com.br)\n# Chuveiro Parede Cromado Vercci - B07004C\n>* Comprimento: 40cm.\n>* Diâmetro Chuveiro: 20cm (8 polegadas).\n>* Acabamento em PDV.\n>* Indicado para instalação com monomocando ou registros separados (quente e frio).\n>* Garantia de 5 anos.\n\n*3D object modelling by [Caciq Digital](http://sketchfab.com/caciqdigital)*",
  "faceCount": 523488,
  "createdAt": "2018-10-09T15:19:58.884339",
  "vertexCount": 268827,
  "isAgeRestricted": false,
  "archives": {
    "glb": {
      "textureCount": 7,
      "size": 22662496,
      "type": "glb",
      "textureMaxResolution": 2048,
      "faceCount": 523488,
      "vertexCount": 310380
    },
    "gltf": {
      "textureCount": 7,
      "size": 11440417,
      "type": "gltf",
      "textureMaxResolution": 2048,
      "faceCount": 523488,
      "vertexCount": 310380
    },
    "source": {
      "textureCount": null,
      "size": 20160426,
      "type": "source",
      "textureMaxResolution": null,
      "faceCount": null,
      "vertexCount": null
    },
    "usdz": {
      "textureCount": null,
      "size": 10262531,
      "type": "usdz",
      "textureMaxResolution": null,
      "faceCount": null,
      "vertexCount": null
    }
  },
  "license": "by"
}