{
  "uri": "https://api.sketchfab.com/v3/models/83b5b3154b3c434986299cd88b6d8c34",
  "uid": "83b5b3154b3c434986299cd88b6d8c34",
  "name": "Aliens TS #RTFKTChallenge One",
  "staffpickedAt": null,
  "viewCount": 104,
  "likeCount": 14,
  "animationCount": 0,
  "viewerUrl": "https://sketchfab.com/3d-models/83b5b3154b3c434986299cd88b6d8c34",
  "embedUrl": "https://sketchfab.com/models/83b5b3154b3c434986299cd88b6d8c34/embed",
  "commentCount": 0,
  "isDownloadable": true,
  "publishedAt": "2020-09-24T23:24:47.891601",
  "tags": [
    {
      "name": "toy",
      "slug": "toy",
      "uri": "https://api.sketchfab.com/v3/tags/toy"
    },
    {
      "name": "challenge",
      "slug": "challenge",
      "uri": "https://api.sketchfab.com/v3/tags/challenge"
    },
    {
      "name": "aliens",
      "slug": "aliens",
      "uri": "https://api.sketchfab.com/v3/tags/aliens"
    },
    {
      "name": "substancepainter",
      "slug": "substancepainter",
      "uri": "https://api.sketchfab.com/v3/tags/substancepainter"
    },
    {
      "name": "rtfktchallenge",
      "slug": "rtfktchallenge",
      "uri": "https://api.sketchfab.com/v3/tags/rtfktchallenge"
    },
    {
      "name": "rtfktstudios",
      "slug": "rtfktstudios",
      "uri": "https://api.sketchfab.com/v3/tags/rtfktstudios"
    }
  ],
  "categories": [
    {
      "name": "fashion-style"
    }
  ],
  "thumbnails": {
    "images": [
      {
        "uid": "e338135bd6934e9e91a28f00629c5413",
        "size": 131706,
        "width": 1920,
        "url": "https://media.sketchfab.com/models/83b5b3154b3c434986299cd88b6d8c34/thumbnails/01035a67ef94483988511ff7b8953773/e1b5efb36a1d4358ac83890a46c0605c.jpeg",
        "height": 1080
      },
      {
        "uid": "a1c8ca4d25514c07b33aa8ad4d12e352",
        "size": 43361,
        "width": 1024,
        "url": "https://media.sketchfab.com/models/83b5b3154b3c434986299cd88b6d8c34/thumbnails/01035a67ef94483988511ff7b8953773/88796641eee743cda2c9b64ad5ef9b47.jpeg",
        "height": 576
      },
      {
        "uid": "1cf1748cd9bc4297b6ec8a4027847041",
        "size": 24704,
        "width": 720,
        "url": "https://media.sketchfab.com/models/83b5b3154b3c434986299cd88b6d8c34/thumbnails/01035a67ef94483988511ff7b8953773/2ac1593ada68432cb3b7ad72148b1855.jpeg",
        "height": 405
      },
      {
        "uid": "d690c88a8d8d49ec8fed4177bd89db95",
        "size": 5067,
        "width": 256,
        "url": "https://media.sketchfab.com/models/83b5b3154b3c434986299cd88b6d8c34/thumbnails/01035a67ef94483988511ff7b8953773/33eea0c33b584f7ab90fd295abd478b1.jpeg",
        "height": 144
      },
      {
        "uid": "8abeaebde01347649e166e6f6d3aeb20",
        "size": 874,
        "width": 64,
        "url": "https://media.sketchfab.com/models/83b5b3154b3c434986299cd88b6d8c34/thumbnails/01035a67ef94483988511ff7b8953773/bed9ef194eea48ecacaaf59c3721f825.jpeg",
        "height": 36
      }
    ]
  },
  "user": {
    "uid": "d159d181c71746e1b97be870994329d8",
    "username": "Mamba_Negra",
    "displayName": "Mamba_Negra",
    "profileUrl": "https://sketchfab.com/Mamba_Negra",
    "account": "basic",
    "avatar": {
      "uri": "https://api.sketchfab.com/v3/avatars/0adfb876b496491c988af079a83f670e",
      "images": [
        {
          "size": 2548,
          "width": 32,
          "url": "https://media.sketchfab.com/avatars/0adfb876b496491c988af079a83f670e/26a4b370c4c94b27a5c9377163d69c44.png",
          "height": 32
        },
        {
          "size": 4586,
          "width": 48,
          "url": "https://media.sketchfab.com/avatars/0adfb876b496491c988af079a83f670e/b4e456efae7c43128c3908c3043f2579.png",
          "height": 48
        },
        {
          "size": 11454,
          "width": 90,
          "url": "https://media.sketchfab.com/avatars/0adfb876b496491c988af079a83f670e/4a2c13b4dbfd4fdabad9c8d24f4af2eb.png",
          "height": 90
        },
        {
          "size": 13322,
          "width": 100,
          "url": "https://media.sketchfab.com/avatars/0adfb876b496491c988af079a83f670e/bbfca15e2ed74d86bb70397e6677eb40.png",
          "height": 100
        }
      ]
    },
    "uri": "https://api.sketchfab.com/v3/users/d159d181c71746e1b97be870994329d8"
  },
  "description": "#RTFKTChallenge\n\nBased on “[RTFKT CREATOR ONE](https://sketchfab.com/3d-models/rtfkt-creator-one-9b8d69cfcd1b4addb770a4768bef6a6d) by [RTFKT Studios](https://sketchfab.com/rtfkt), licensed under CC-Attribution.\n\n![](https://cdnb.artstation.com/p/assets/images/images/030/571/263/large/mamba-negra-1.jpg?1600988853)\n\n![](https://cdnb.artstation.com/p/assets/images/images/030/571/261/large/mamba-negra-3.jpg?1600988847)",
  "faceCount": 145609,
  "createdAt": "2020-09-23T21:56:28.460105",
  "vertexCount": 74260,
  "isAgeRestricted": false,
  "archives": {
    "glb": {
      "textureCount": 26,
      "size": 39439208,
      "type": "glb",
      "textureMaxResolution": 2048,
      "faceCount": 145609,
      "vertexCount": 94109
    },
    "gltf": {
      "textureCount": 26,
      "size": 37152635,
      "type": "gltf",
      "textureMaxResolution": 2048,
      "faceCount": 145609,
      "vertexCount": 94109
    },
    "source": {
      "textureCount": null,
      "size": 57958855,
      "type": "source",
      "textureMaxResolution": null,
      "faceCount": null,
      "vertexCount": null
    },
    "usdz": {
      "textureCount": null,
      "size": 10259628,
      "type": "usdz",
      "textureMaxResolution": null,
      "faceCount": null,
      "vertexCount": null
    }
  },
  "license": "by"
}