{
  "uri": "https://api.sketchfab.com/v3/models/83b85c81ae854dc0b9985347dd7d32ef",
  "uid": "83b85c81ae854dc0b9985347dd7d32ef",
  "name": "House",
  "staffpickedAt": null,
  "viewCount": 8,
  "likeCount": 1,
  "animationCount": 0,
  "viewerUrl": "https://sketchfab.com/3d-models/83b85c81ae854dc0b9985347dd7d32ef",
  "embedUrl": "https://sketchfab.com/models/83b85c81ae854dc0b9985347dd7d32ef/embed",
  "commentCount": 0,
  "isDownloadable": true,
  "publishedAt": "2021-09-03T11:59:41.959023",
  "tags": [
    {
      "name": "learning",
      "slug": "learning",
      "uri": "https://api.sketchfab.com/v3/tags/learning"
    },
    {
      "name": "house",
      "slug": "house",
      "uri": "https://api.sketchfab.com/v3/tags/house"
    },
    {
      "name": "practice",
      "slug": "practice",
      "uri": "https://api.sketchfab.com/v3/tags/practice"
    }
  ],
  "categories": [],
  "thumbnails": {
    "images": [
      {
        "uid": "e3a8b800feb24056906615cb6171782a",
        "size": 45532,
        "width": 1920,
        "url": "https://media.sketchfab.com/models/83b85c81ae854dc0b9985347dd7d32ef/thumbnails/976e8db6d4674bd98f73848efbe4da47/ed881af7e3824448b705f600b802a84e.jpeg",
        "height": 1080
      },
      {
        "uid": "d84ad91948264aa38b5b4592481999cc",
        "size": 15494,
        "width": 1024,
        "url": "https://media.sketchfab.com/models/83b85c81ae854dc0b9985347dd7d32ef/thumbnails/976e8db6d4674bd98f73848efbe4da47/ecfaf5ee83184f0d91197fb2d58fd14b.jpeg",
        "height": 576
      },
      {
        "uid": "75e4c09c50954c9b8d2d968a899c3b5b",
        "size": 9354,
        "width": 720,
        "url": "https://media.sketchfab.com/models/83b85c81ae854dc0b9985347dd7d32ef/thumbnails/976e8db6d4674bd98f73848efbe4da47/87d560cac2a04be4a91a12f98076caec.jpeg",
        "height": 405
      },
      {
        "uid": "56588b7c07914552a4bcc6d63565d261",
        "size": 2339,
        "width": 256,
        "url": "https://media.sketchfab.com/models/83b85c81ae854dc0b9985347dd7d32ef/thumbnails/976e8db6d4674bd98f73848efbe4da47/50c5e267a6114463b449ef98ee3c8f45.jpeg",
        "height": 144
      },
      {
        "uid": "a05effc08201470f990e188c7a5a5f12",
        "size": 880,
        "width": 64,
        "url": "https://media.sketchfab.com/models/83b85c81ae854dc0b9985347dd7d32ef/thumbnails/976e8db6d4674bd98f73848efbe4da47/a135549c0e2242ca927facb1617c611d.jpeg",
        "height": 36
      }
    ]
  },
  "user": {
    "uid": "59859d87e427487bbe0e34687ddb9c1c",
    "username": "kristianmaelan",
    "displayName": "kristianmaelan",
    "profileUrl": "https://sketchfab.com/kristianmaelan",
    "account": "basic",
    "avatar": {
      "uri": "https://api.sketchfab.com/v3/avatars/78fa317e46024a5283765aa34df5e508",
      "images": [
        {
          "size": 6421,
          "width": 100,
          "url": "https://media.sketchfab.com/avatars/78fa317e46024a5283765aa34df5e508/aec92fe9a74e499c98d759362cd7f02f.jpeg",
          "height": 100
        },
        {
          "size": 2518,
          "width": 48,
          "url": "https://media.sketchfab.com/avatars/78fa317e46024a5283765aa34df5e508/17fa177ffaa344a2b2fc8e78efd40fbb.jpeg",
          "height": 48
        },
        {
          "size": 5653,
          "width": 90,
          "url": "https://media.sketchfab.com/avatars/78fa317e46024a5283765aa34df5e508/02162695bdc840faa3bcb2d418309c5e.jpeg",
          "height": 90
        },
        {
          "size": 1350,
          "width": 32,
          "url": "https://media.sketchfab.com/avatars/78fa317e46024a5283765aa34df5e508/6fde876cbded4cd48d36a76029e3aa02.jpeg",
          "height": 32
        }
      ]
    },
    "uri": "https://api.sketchfab.com/v3/users/59859d87e427487bbe0e34687ddb9c1c"
  },
  "description": "small house modeling practice",
  "faceCount": 1049,
  "createdAt": "2021-09-03T11:59:02.867110",
  "vertexCount": 525,
  "isAgeRestricted": false,
  "archives": {
    "glb": {
      "textureCount": 0,
      "size": 57692,
      "type": "glb",
      "textureMaxResolution": 0,
      "faceCount": 1041,
      "vertexCount": 1350
    },
    "gltf": {
      "textureCount": 0,
      "size": 16182,
      "type": "gltf",
      "textureMaxResolution": 0,
      "faceCount": 1041,
      "vertexCount": 1350
    },
    "source": {
      "textureCount": null,
      "size": 141825,
      "type": "source",
      "textureMaxResolution": null,
      "faceCount": null,
      "vertexCount": null
    },
    "usdz": {
      "textureCount": null,
      "size": 37951,
      "type": "usdz",
      "textureMaxResolution": null,
      "faceCount": null,
      "vertexCount": null
    }
  },
  "license": "by"
}