{
  "uri": "https://api.sketchfab.com/v3/models/83bb1854fdd84192809d4776056b1d3b",
  "uid": "83bb1854fdd84192809d4776056b1d3b",
  "name": "Ship Timber Rotherhithe",
  "staffpickedAt": null,
  "viewCount": 45,
  "likeCount": 3,
  "animationCount": 0,
  "viewerUrl": "https://sketchfab.com/3d-models/83bb1854fdd84192809d4776056b1d3b",
  "embedUrl": "https://sketchfab.com/models/83bb1854fdd84192809d4776056b1d3b/embed",
  "commentCount": 0,
  "isDownloadable": true,
  "publishedAt": "2020-02-02T14:18:40.005976",
  "tags": [],
  "categories": [
    {
      "name": "cultural-heritage-history"
    }
  ],
  "thumbnails": {
    "images": [
      {
        "uid": "5a5144cc24df418fb2bfcaf074eecf63",
        "size": 200406,
        "width": 1920,
        "url": "https://media.sketchfab.com/models/83bb1854fdd84192809d4776056b1d3b/thumbnails/445d516b89b5430285e5a5481d81e57f/137c84c20fd8480aa20b94b7bb6e6939.jpeg",
        "height": 1080
      },
      {
        "uid": "557a875d35314054a3a6c4b0f0be4538",
        "size": 58786,
        "width": 1024,
        "url": "https://media.sketchfab.com/models/83bb1854fdd84192809d4776056b1d3b/thumbnails/445d516b89b5430285e5a5481d81e57f/5a63214f2f504bc0a876fea0161dc16e.jpeg",
        "height": 576
      },
      {
        "uid": "d0aa72518eb44b0f8fd898ee57b33a30",
        "size": 31759,
        "width": 720,
        "url": "https://media.sketchfab.com/models/83bb1854fdd84192809d4776056b1d3b/thumbnails/445d516b89b5430285e5a5481d81e57f/41124c0ced4c4726ade73a8e7490ca40.jpeg",
        "height": 405
      },
      {
        "uid": "85a10a3330e94c008b6da5546c8b4ed6",
        "size": 5789,
        "width": 256,
        "url": "https://media.sketchfab.com/models/83bb1854fdd84192809d4776056b1d3b/thumbnails/445d516b89b5430285e5a5481d81e57f/579877fc8d414bada05ffc03335cc20b.jpeg",
        "height": 144
      },
      {
        "uid": "da07270b6ba24667ae859a2daef3dfd3",
        "size": 961,
        "width": 64,
        "url": "https://media.sketchfab.com/models/83bb1854fdd84192809d4776056b1d3b/thumbnails/445d516b89b5430285e5a5481d81e57f/86a2dd86df5d472f8718d7f7af01a38f.jpeg",
        "height": 36
      }
    ]
  },
  "user": {
    "uid": "1c734ba3d55c44b18696db71d7cc0e9e",
    "username": "artfletch",
    "displayName": "artfletch",
    "profileUrl": "https://sketchfab.com/artfletch",
    "account": "pro",
    "avatar": {
      "uri": "https://api.sketchfab.com/v3/avatars/18cc9f16e36f4cf58576717fc9853017",
      "images": [
        {
          "size": 821,
          "width": 32,
          "url": "https://media.sketchfab.com/avatars/18cc9f16e36f4cf58576717fc9853017/fcb9741be2c34f6580b42ef9c8e79614.jpeg",
          "height": 32
        },
        {
          "size": 1350,
          "width": 48,
          "url": "https://media.sketchfab.com/avatars/18cc9f16e36f4cf58576717fc9853017/549597bc0f6e4affb3989341619740a9.jpeg",
          "height": 48
        },
        {
          "size": 3597,
          "width": 90,
          "url": "https://media.sketchfab.com/avatars/18cc9f16e36f4cf58576717fc9853017/d445e30fe42f48f49e283c3a57da58e0.jpeg",
          "height": 90
        },
        {
          "size": 4218,
          "width": 100,
          "url": "https://media.sketchfab.com/avatars/18cc9f16e36f4cf58576717fc9853017/6fef76d680e04c90936c3bb825e05041.jpeg",
          "height": 100
        }
      ]
    },
    "uri": "https://api.sketchfab.com/v3/users/1c734ba3d55c44b18696db71d7cc0e9e"
  },
  "description": "Timber from a ship on the Thames foreshore near the Mayflower pub at Rotherhithe, London. This area was heavily used for the breaking up of ships.\n\nDate: 19th Century approx.\n\nKindly suggested by Alan Murphy (Mudlark_thames_larker, Rothersman) who also helps with the in situ care of the timbers here.\n\n186 photos taken in January 2020 with a Sony a6000 and processed in Reality Capture.",
  "faceCount": 1988028,
  "createdAt": "2020-02-02T14:14:56.505845",
  "vertexCount": 994012,
  "isAgeRestricted": false,
  "archives": {
    "glb": {
      "textureCount": 1,
      "size": 91263248,
      "type": "glb",
      "textureMaxResolution": 8192,
      "faceCount": 1988028,
      "vertexCount": 1536552
    },
    "gltf": {
      "textureCount": 1,
      "size": 65087320,
      "type": "gltf",
      "textureMaxResolution": 8192,
      "faceCount": 1988028,
      "vertexCount": 1536552
    },
    "source": {
      "textureCount": null,
      "size": 49400058,
      "type": "source",
      "textureMaxResolution": null,
      "faceCount": null,
      "vertexCount": null
    },
    "usdz": {
      "textureCount": null,
      "size": 58051136,
      "type": "usdz",
      "textureMaxResolution": null,
      "faceCount": null,
      "vertexCount": null
    }
  },
  "license": "by"
}