{
  "uri": "https://api.sketchfab.com/v3/models/83bc44c176ba45e1862e0a6c00d6c819",
  "uid": "83bc44c176ba45e1862e0a6c00d6c819",
  "name": "Mushrooms",
  "staffpickedAt": null,
  "viewCount": 5,
  "likeCount": 0,
  "animationCount": 0,
  "viewerUrl": "https://sketchfab.com/3d-models/83bc44c176ba45e1862e0a6c00d6c819",
  "embedUrl": "https://sketchfab.com/models/83bc44c176ba45e1862e0a6c00d6c819/embed",
  "commentCount": 0,
  "isDownloadable": true,
  "publishedAt": "2020-12-08T15:20:18.347431",
  "tags": [],
  "categories": [],
  "thumbnails": {
    "images": [
      {
        "uid": "f234479490664b81b4250e8f1172f2df",
        "size": 155147,
        "width": 1920,
        "url": "https://media.sketchfab.com/models/83bc44c176ba45e1862e0a6c00d6c819/thumbnails/0d673b0df7c24a80b2894d2770b1cdf6/c53b911d591049ffb192b9981aadce3e.jpeg",
        "height": 1080
      },
      {
        "uid": "ce9a42a896964938828c1c7d8390de3e",
        "size": 34322,
        "width": 1024,
        "url": "https://media.sketchfab.com/models/83bc44c176ba45e1862e0a6c00d6c819/thumbnails/0d673b0df7c24a80b2894d2770b1cdf6/68ad53e07b1543e28f9128ef2198966a.jpeg",
        "height": 576
      },
      {
        "uid": "d041bd787d894059a4047f51a2f008e0",
        "size": 15905,
        "width": 720,
        "url": "https://media.sketchfab.com/models/83bc44c176ba45e1862e0a6c00d6c819/thumbnails/0d673b0df7c24a80b2894d2770b1cdf6/4afe520f39c241b49d0208ce4b1e9d8c.jpeg",
        "height": 405
      },
      {
        "uid": "3015cd258d6c4233913b03ade7ac17cc",
        "size": 2749,
        "width": 256,
        "url": "https://media.sketchfab.com/models/83bc44c176ba45e1862e0a6c00d6c819/thumbnails/0d673b0df7c24a80b2894d2770b1cdf6/24251e0a05914be89e3aa065cc01fef5.jpeg",
        "height": 144
      },
      {
        "uid": "b7f58793af9248cd89ac95a12d13c9f5",
        "size": 679,
        "width": 64,
        "url": "https://media.sketchfab.com/models/83bc44c176ba45e1862e0a6c00d6c819/thumbnails/0d673b0df7c24a80b2894d2770b1cdf6/4b56efbf261f48a7a2c33d6d455764ec.jpeg",
        "height": 36
      }
    ]
  },
  "user": {
    "uid": "e9a54f7bcdcd4931921a3d34feacaca7",
    "username": "SemBoekenoogen",
    "displayName": "SemB",
    "profileUrl": "https://sketchfab.com/SemBoekenoogen",
    "account": "basic",
    "avatar": {
      "uri": "https://api.sketchfab.com/v3/avatars/4b3888ff8b084713885eacc8c3225bca",
      "images": [
        {
          "size": 2304,
          "width": 32,
          "url": "https://media.sketchfab.com/avatars/4b3888ff8b084713885eacc8c3225bca/98c3b33a4e4c479b81763a75fc75b644.png",
          "height": 32
        },
        {
          "size": 4493,
          "width": 48,
          "url": "https://media.sketchfab.com/avatars/4b3888ff8b084713885eacc8c3225bca/e4b78547bd7346968d35fe529c67b323.png",
          "height": 48
        },
        {
          "size": 12781,
          "width": 90,
          "url": "https://media.sketchfab.com/avatars/4b3888ff8b084713885eacc8c3225bca/424cb77ecdf34a30b72f91ee9435209e.png",
          "height": 90
        },
        {
          "size": 15214,
          "width": 100,
          "url": "https://media.sketchfab.com/avatars/4b3888ff8b084713885eacc8c3225bca/caa41f23ec6b41b98c8bddef356370d2.png",
          "height": 100
        }
      ]
    },
    "uri": "https://api.sketchfab.com/v3/users/e9a54f7bcdcd4931921a3d34feacaca7"
  },
  "description": "",
  "faceCount": 820,
  "createdAt": "2020-12-08T15:18:27.220372",
  "vertexCount": 422,
  "isAgeRestricted": false,
  "archives": {
    "glb": {
      "textureCount": 1,
      "size": 1052188,
      "type": "glb",
      "textureMaxResolution": 2048,
      "faceCount": 820,
      "vertexCount": 652
    },
    "gltf": {
      "textureCount": 1,
      "size": 1032558,
      "type": "gltf",
      "textureMaxResolution": 2048,
      "faceCount": 820,
      "vertexCount": 652
    },
    "source": {
      "textureCount": null,
      "size": 1172886,
      "type": "source",
      "textureMaxResolution": null,
      "faceCount": null,
      "vertexCount": null
    },
    "usdz": {
      "textureCount": null,
      "size": 335325,
      "type": "usdz",
      "textureMaxResolution": null,
      "faceCount": null,
      "vertexCount": null
    }
  },
  "license": "by"
}