{
  "uri": "https://api.sketchfab.com/v3/models/83bcc14f9fab456295128fe4c91cd478",
  "uid": "83bcc14f9fab456295128fe4c91cd478",
  "name": "Space Marines Bul Dog",
  "staffpickedAt": null,
  "viewCount": 888,
  "likeCount": 35,
  "animationCount": 0,
  "viewerUrl": "https://sketchfab.com/3d-models/83bcc14f9fab456295128fe4c91cd478",
  "embedUrl": "https://sketchfab.com/models/83bcc14f9fab456295128fe4c91cd478/embed",
  "commentCount": 0,
  "isDownloadable": true,
  "publishedAt": "2019-04-18T16:09:43.071744",
  "tags": [
    {
      "name": "w40k",
      "slug": "w40k",
      "uri": "https://api.sketchfab.com/v3/tags/w40k"
    },
    {
      "name": "tank",
      "slug": "tank",
      "uri": "https://api.sketchfab.com/v3/tags/tank"
    },
    {
      "name": "warhammer40000",
      "slug": "warhammer40000",
      "uri": "https://api.sketchfab.com/v3/tags/warhammer40000"
    },
    {
      "name": "warhammer-40k",
      "slug": "warhammer-40k",
      "uri": "https://api.sketchfab.com/v3/tags/warhammer-40k"
    }
  ],
  "categories": [
    {
      "name": "cars-vehicles"
    },
    {
      "name": "weapons-military"
    }
  ],
  "thumbnails": {
    "images": [
      {
        "uid": "6870b781985a435e99a854848c4498fc",
        "size": 38168,
        "width": 720,
        "url": "https://media.sketchfab.com/models/83bcc14f9fab456295128fe4c91cd478/thumbnails/c91db0c30823470496f83bc5d4dd6014/1a97dfa15b8c480b8f178816e7eb7c1f.jpeg",
        "height": 405
      },
      {
        "uid": "d7a79d325c304d02a861d2762e97994f",
        "size": 194123,
        "width": 1920,
        "url": "https://media.sketchfab.com/models/83bcc14f9fab456295128fe4c91cd478/thumbnails/c91db0c30823470496f83bc5d4dd6014/631d550792b3455b9bf59f54f1bd595f.jpeg",
        "height": 1080
      },
      {
        "uid": "57631c62c67f4f4699e2b5697ddc0af9",
        "size": 66921,
        "width": 1024,
        "url": "https://media.sketchfab.com/models/83bcc14f9fab456295128fe4c91cd478/thumbnails/c91db0c30823470496f83bc5d4dd6014/1cea29e32ff541ecb1eaf21ce25a9fcc.jpeg",
        "height": 576
      },
      {
        "uid": "a8f50d5ad0e94018a1bcd443508da558",
        "size": 6716,
        "width": 256,
        "url": "https://media.sketchfab.com/models/83bcc14f9fab456295128fe4c91cd478/thumbnails/c91db0c30823470496f83bc5d4dd6014/f224c2fe7a5349808a73db2080283dcc.jpeg",
        "height": 144
      },
      {
        "uid": "774fd920526b458d8edd09f656c6850c",
        "size": 869,
        "width": 64,
        "url": "https://media.sketchfab.com/models/83bcc14f9fab456295128fe4c91cd478/thumbnails/c91db0c30823470496f83bc5d4dd6014/230f096e6e224a6da76a603775ec0f84.jpeg",
        "height": 36
      }
    ]
  },
  "user": {
    "uid": "f7ee8768dd7b488fb852386ae5002a92",
    "username": "fedor23sun",
    "displayName": "fedor",
    "profileUrl": "https://sketchfab.com/fedor23sun",
    "account": "basic",
    "avatar": {
      "uri": "https://api.sketchfab.com/v3/avatars/6810586336084f15bd99afff1be8f526",
      "images": [
        {
          "size": 3999,
          "width": 100,
          "url": "https://media.sketchfab.com/avatars/6810586336084f15bd99afff1be8f526/6fb3c58216ac4ad1befc74687b1f9dc9.jpeg",
          "height": 100
        },
        {
          "size": 3365,
          "width": 90,
          "url": "https://media.sketchfab.com/avatars/6810586336084f15bd99afff1be8f526/f6203149d63d495f8e484116c6595343.jpeg",
          "height": 90
        },
        {
          "size": 1249,
          "width": 48,
          "url": "https://media.sketchfab.com/avatars/6810586336084f15bd99afff1be8f526/dc76ed81d18f4dd29c20c354df598a03.jpeg",
          "height": 48
        },
        {
          "size": 764,
          "width": 32,
          "url": "https://media.sketchfab.com/avatars/6810586336084f15bd99afff1be8f526/127cd8bd4ad540d3b3367d535e0a3645.jpeg",
          "height": 32
        }
      ]
    },
    "uri": "https://api.sketchfab.com/v3/users/f7ee8768dd7b488fb852386ae5002a92"
  },
  "description": "",
  "faceCount": 4986,
  "createdAt": "2019-04-18T15:59:09.331046",
  "vertexCount": 2761,
  "isAgeRestricted": false,
  "archives": {
    "glb": {
      "textureCount": 6,
      "size": 2253820,
      "type": "glb",
      "textureMaxResolution": 1024,
      "faceCount": 4986,
      "vertexCount": 6578
    },
    "gltf": {
      "textureCount": 6,
      "size": 2059867,
      "type": "gltf",
      "textureMaxResolution": 1024,
      "faceCount": 4986,
      "vertexCount": 6578
    },
    "source": {
      "textureCount": null,
      "size": 4874980,
      "type": "source",
      "textureMaxResolution": null,
      "faceCount": null,
      "vertexCount": null
    },
    "usdz": {
      "textureCount": null,
      "size": 2209407,
      "type": "usdz",
      "textureMaxResolution": null,
      "faceCount": null,
      "vertexCount": null
    }
  },
  "license": "by"
}