{
  "uri": "https://api.sketchfab.com/v3/models/83c04eea513c4a57a805a077df97d55d",
  "uid": "83c04eea513c4a57a805a077df97d55d",
  "name": "Seashell",
  "staffpickedAt": null,
  "viewCount": 130,
  "likeCount": 2,
  "animationCount": 0,
  "viewerUrl": "https://sketchfab.com/3d-models/83c04eea513c4a57a805a077df97d55d",
  "embedUrl": "https://sketchfab.com/models/83c04eea513c4a57a805a077df97d55d/embed",
  "commentCount": 0,
  "isDownloadable": true,
  "publishedAt": "2022-01-12T18:49:38.993734",
  "tags": [
    {
      "name": "shell",
      "slug": "shell",
      "uri": "https://api.sketchfab.com/v3/tags/shell"
    },
    {
      "name": "seashell",
      "slug": "seashell",
      "uri": "https://api.sketchfab.com/v3/tags/seashell"
    }
  ],
  "categories": [
    {
      "name": "animals-pets"
    },
    {
      "name": "nature-plants"
    }
  ],
  "thumbnails": {
    "images": [
      {
        "uid": "79daa3db71614aab88be2f1d02c9c63d",
        "size": 98904,
        "width": 1920,
        "url": "https://media.sketchfab.com/models/83c04eea513c4a57a805a077df97d55d/thumbnails/3266ea47c3944b9f9e869a42930b7955/9444262c8ac04b599610fc46c575c073.jpeg",
        "height": 1080
      },
      {
        "uid": "3f315d59cc7c46d9946f2d1b55024729",
        "size": 30502,
        "width": 1024,
        "url": "https://media.sketchfab.com/models/83c04eea513c4a57a805a077df97d55d/thumbnails/3266ea47c3944b9f9e869a42930b7955/e4c0a93d05c846b99df8a1ca4501fe4a.jpeg",
        "height": 576
      },
      {
        "uid": "76ee87c1e1db47bead8a375bb118b6a5",
        "size": 16829,
        "width": 720,
        "url": "https://media.sketchfab.com/models/83c04eea513c4a57a805a077df97d55d/thumbnails/3266ea47c3944b9f9e869a42930b7955/232a975a7097403b82f2064d561fb388.jpeg",
        "height": 405
      },
      {
        "uid": "2a1f108d7ce74788934ec2f3a21238fa",
        "size": 3283,
        "width": 256,
        "url": "https://media.sketchfab.com/models/83c04eea513c4a57a805a077df97d55d/thumbnails/3266ea47c3944b9f9e869a42930b7955/4c58c96138ea4db3b93f48f18cd204ef.jpeg",
        "height": 144
      },
      {
        "uid": "d28df3e2f7e547818d08b7f69206c0bc",
        "size": 955,
        "width": 64,
        "url": "https://media.sketchfab.com/models/83c04eea513c4a57a805a077df97d55d/thumbnails/3266ea47c3944b9f9e869a42930b7955/a6d98943353e4d7e8360cc642784b7b1.jpeg",
        "height": 36
      }
    ]
  },
  "user": {
    "uid": "bbbae3ef83064b17a5103e6f25c5465c",
    "username": "johan.stringer",
    "displayName": "Johan Stringer",
    "profileUrl": "https://sketchfab.com/johan.stringer",
    "account": "basic",
    "avatar": {
      "uri": "https://api.sketchfab.com/v3/avatars/78fa317e46024a5283765aa34df5e508",
      "images": [
        {
          "size": 6421,
          "width": 100,
          "url": "https://media.sketchfab.com/avatars/78fa317e46024a5283765aa34df5e508/aec92fe9a74e499c98d759362cd7f02f.jpeg",
          "height": 100
        },
        {
          "size": 2518,
          "width": 48,
          "url": "https://media.sketchfab.com/avatars/78fa317e46024a5283765aa34df5e508/17fa177ffaa344a2b2fc8e78efd40fbb.jpeg",
          "height": 48
        },
        {
          "size": 5653,
          "width": 90,
          "url": "https://media.sketchfab.com/avatars/78fa317e46024a5283765aa34df5e508/02162695bdc840faa3bcb2d418309c5e.jpeg",
          "height": 90
        },
        {
          "size": 1350,
          "width": 32,
          "url": "https://media.sketchfab.com/avatars/78fa317e46024a5283765aa34df5e508/6fde876cbded4cd48d36a76029e3aa02.jpeg",
          "height": 32
        }
      ]
    },
    "uri": "https://api.sketchfab.com/v3/users/bbbae3ef83064b17a5103e6f25c5465c"
  },
  "description": "My mom has a large bowl full of lovely shells. This is one of them. She has no idea where she got it. And I have no idea what type of shell this is.",
  "faceCount": 74430,
  "createdAt": "2022-01-12T18:29:29.235887",
  "vertexCount": 37894,
  "isAgeRestricted": false,
  "archives": {
    "glb": {
      "textureCount": 1,
      "size": 21197140,
      "type": "glb",
      "textureMaxResolution": 4096,
      "faceCount": 74414,
      "vertexCount": 59055
    },
    "gltf": {
      "textureCount": 1,
      "size": 20326281,
      "type": "gltf",
      "textureMaxResolution": 4096,
      "faceCount": 74414,
      "vertexCount": 59055
    },
    "source": {
      "textureCount": null,
      "size": 69480918,
      "type": "source",
      "textureMaxResolution": null,
      "faceCount": null,
      "vertexCount": null
    },
    "usdz": {
      "textureCount": null,
      "size": 4540343,
      "type": "usdz",
      "textureMaxResolution": null,
      "faceCount": null,
      "vertexCount": null
    }
  },
  "license": "by"
}