{
  "uri": "https://api.sketchfab.com/v3/models/83c1dab2c42b42c198a491568c3d7de4",
  "uid": "83c1dab2c42b42c198a491568c3d7de4",
  "name": "2253001-eslv",
  "staffpickedAt": null,
  "viewCount": 0,
  "likeCount": 0,
  "animationCount": 0,
  "viewerUrl": "https://sketchfab.com/3d-models/83c1dab2c42b42c198a491568c3d7de4",
  "embedUrl": "https://sketchfab.com/models/83c1dab2c42b42c198a491568c3d7de4/embed",
  "commentCount": 0,
  "isDownloadable": true,
  "publishedAt": "2022-05-19T12:49:40.409863",
  "tags": [
    {
      "name": "pamir",
      "slug": "pamir",
      "uri": "https://api.sketchfab.com/v3/tags/pamir"
    }
  ],
  "categories": [],
  "thumbnails": {
    "images": [
      {
        "uid": "c9780ea3daf44fd3b507f27524199e10",
        "size": 95848,
        "width": 1920,
        "url": "https://media.sketchfab.com/models/83c1dab2c42b42c198a491568c3d7de4/thumbnails/7db0273815794ac2a5d4d930d10ad516/7d205dcfaba5459ea78f15418b5e03b7.jpeg",
        "height": 1080
      },
      {
        "uid": "dfc2f12b275d4bb587a3945c159f2dee",
        "size": 30546,
        "width": 1024,
        "url": "https://media.sketchfab.com/models/83c1dab2c42b42c198a491568c3d7de4/thumbnails/7db0273815794ac2a5d4d930d10ad516/04921c40424c4c7caa3e1009483b725f.jpeg",
        "height": 576
      },
      {
        "uid": "8306a9f09a324f2b9c3e750b1c779247",
        "size": 16588,
        "width": 720,
        "url": "https://media.sketchfab.com/models/83c1dab2c42b42c198a491568c3d7de4/thumbnails/7db0273815794ac2a5d4d930d10ad516/361eb51610044512962fe09dbabc33e7.jpeg",
        "height": 405
      },
      {
        "uid": "822fc9d619bf4aa88c167ddec76b2ab3",
        "size": 2860,
        "width": 256,
        "url": "https://media.sketchfab.com/models/83c1dab2c42b42c198a491568c3d7de4/thumbnails/7db0273815794ac2a5d4d930d10ad516/501f82d91f1e4080b9ce07042b5abf9c.jpeg",
        "height": 144
      },
      {
        "uid": "2dce4aa170a24eea9b9c5017f140f794",
        "size": 792,
        "width": 64,
        "url": "https://media.sketchfab.com/models/83c1dab2c42b42c198a491568c3d7de4/thumbnails/7db0273815794ac2a5d4d930d10ad516/51bc88ec529245d4aa0bf024842b2054.jpeg",
        "height": 36
      }
    ]
  },
  "user": {
    "uid": "22040d4613db4106a744db56e7089651",
    "username": "freimans",
    "displayName": "Freimans",
    "profileUrl": "https://sketchfab.com/freimans",
    "account": "basic",
    "avatar": {
      "uri": "https://api.sketchfab.com/v3/avatars/265a031dd9554e9a819e32b742119e48",
      "images": [
        {
          "size": 1099,
          "width": 32,
          "url": "https://media.sketchfab.com/avatars/265a031dd9554e9a819e32b742119e48/325ba7328b7d434891a5521d55de3305.png",
          "height": 32
        },
        {
          "size": 1906,
          "width": 48,
          "url": "https://media.sketchfab.com/avatars/265a031dd9554e9a819e32b742119e48/6880dfb3f75444ff84312ef891edfe84.png",
          "height": 48
        },
        {
          "size": 4575,
          "width": 90,
          "url": "https://media.sketchfab.com/avatars/265a031dd9554e9a819e32b742119e48/60fbff80564641d2bf8d8c8b24fc586d.png",
          "height": 90
        },
        {
          "size": 5121,
          "width": 100,
          "url": "https://media.sketchfab.com/avatars/265a031dd9554e9a819e32b742119e48/e798849baadf485db860321a892c4ff2.png",
          "height": 100
        }
      ]
    },
    "uri": "https://api.sketchfab.com/v3/users/22040d4613db4106a744db56e7089651"
  },
  "description": "Building exported from MiTek Pamir.",
  "faceCount": 15760,
  "createdAt": "2022-05-19T12:49:11.625856",
  "vertexCount": 10082,
  "isAgeRestricted": false,
  "archives": {
    "glb": {
      "textureCount": 2,
      "size": 1820948,
      "type": "glb",
      "textureMaxResolution": 2048,
      "faceCount": 15760,
      "vertexCount": 29642
    },
    "gltf": {
      "textureCount": 2,
      "size": 893300,
      "type": "gltf",
      "textureMaxResolution": 2048,
      "faceCount": 15760,
      "vertexCount": 29642
    },
    "source": {
      "textureCount": null,
      "size": 2246633,
      "type": "source",
      "textureMaxResolution": null,
      "faceCount": null,
      "vertexCount": null
    },
    "usdz": {
      "textureCount": null,
      "size": 1644452,
      "type": "usdz",
      "textureMaxResolution": null,
      "faceCount": null,
      "vertexCount": null
    }
  },
  "license": "by"
}