{
  "uri": "https://api.sketchfab.com/v3/models/83c245eaa91343ab81c47e716c9cc4c1",
  "uid": "83c245eaa91343ab81c47e716c9cc4c1",
  "name": "Falesia Lama Monachile_Polignano a Mare",
  "staffpickedAt": null,
  "viewCount": 12,
  "likeCount": 0,
  "animationCount": 0,
  "viewerUrl": "https://sketchfab.com/3d-models/83c245eaa91343ab81c47e716c9cc4c1",
  "embedUrl": "https://sketchfab.com/models/83c245eaa91343ab81c47e716c9cc4c1/embed",
  "commentCount": 0,
  "isDownloadable": true,
  "publishedAt": "2020-02-21T16:05:46.760767",
  "tags": [],
  "categories": [],
  "thumbnails": {
    "images": [
      {
        "uid": "99eb6345546847a3b96f7e7e00871eaa",
        "size": 55405,
        "width": 1920,
        "url": "https://media.sketchfab.com/models/83c245eaa91343ab81c47e716c9cc4c1/thumbnails/804119f3b5fb402b8ffc3f744dd094af/1117e615975043249b08321eb74bbf87.jpeg",
        "height": 1080
      },
      {
        "uid": "17892e03db8743afae28b20e8b9f38d8",
        "size": 18436,
        "width": 1024,
        "url": "https://media.sketchfab.com/models/83c245eaa91343ab81c47e716c9cc4c1/thumbnails/804119f3b5fb402b8ffc3f744dd094af/01614b5633a84ff690804bae1af95e18.jpeg",
        "height": 576
      },
      {
        "uid": "215cc8329c41424992cecbcf9acc3f1f",
        "size": 10566,
        "width": 720,
        "url": "https://media.sketchfab.com/models/83c245eaa91343ab81c47e716c9cc4c1/thumbnails/804119f3b5fb402b8ffc3f744dd094af/b33778d1fdff4f03a32d82d446b314b5.jpeg",
        "height": 405
      },
      {
        "uid": "b4955d44b36b46959b818808a44f4200",
        "size": 2089,
        "width": 256,
        "url": "https://media.sketchfab.com/models/83c245eaa91343ab81c47e716c9cc4c1/thumbnails/804119f3b5fb402b8ffc3f744dd094af/a620a65a4b3d43a3b5a17a886451ebad.jpeg",
        "height": 144
      },
      {
        "uid": "53b6cfb97486458ea948ef4fcc0bb7ed",
        "size": 514,
        "width": 64,
        "url": "https://media.sketchfab.com/models/83c245eaa91343ab81c47e716c9cc4c1/thumbnails/804119f3b5fb402b8ffc3f744dd094af/0636316d5f4c425a8894130f7aede662.jpeg",
        "height": 36
      }
    ]
  },
  "user": {
    "uid": "bd85ef9a46854d8abc9e994b132069aa",
    "username": "idrogeo",
    "displayName": "idrogeo",
    "profileUrl": "https://sketchfab.com/idrogeo",
    "account": "basic",
    "avatar": {
      "uri": "https://api.sketchfab.com/v3/avatars/51af6a870cce449eb75b0345feebaebb",
      "images": [
        {
          "size": 5719,
          "width": 90,
          "url": "https://media.sketchfab.com/avatars/51af6a870cce449eb75b0345feebaebb/2ef0f894055b4bb69123b2a27fa2d379.jpeg",
          "height": 90
        },
        {
          "size": 6496,
          "width": 100,
          "url": "https://media.sketchfab.com/avatars/51af6a870cce449eb75b0345feebaebb/ab11eedf96374486acb544f71a23b165.jpeg",
          "height": 100
        },
        {
          "size": 1359,
          "width": 32,
          "url": "https://media.sketchfab.com/avatars/51af6a870cce449eb75b0345feebaebb/35f6f9b6c9a14a548ce472582d8a9bb5.jpeg",
          "height": 32
        },
        {
          "size": 2584,
          "width": 48,
          "url": "https://media.sketchfab.com/avatars/51af6a870cce449eb75b0345feebaebb/a8072a51447c4d41ab177b357111b420.jpeg",
          "height": 48
        }
      ]
    },
    "uri": "https://api.sketchfab.com/v3/users/bd85ef9a46854d8abc9e994b132069aa"
  },
  "description": "",
  "faceCount": 108537,
  "createdAt": "2020-02-21T15:38:02.502402",
  "vertexCount": 54625,
  "isAgeRestricted": false,
  "archives": {
    "glb": {
      "textureCount": 0,
      "size": 3854796,
      "type": "glb",
      "textureMaxResolution": 0,
      "faceCount": 108537,
      "vertexCount": 63748
    },
    "gltf": {
      "textureCount": 0,
      "size": 2415785,
      "type": "gltf",
      "textureMaxResolution": 0,
      "faceCount": 108537,
      "vertexCount": 63748
    },
    "source": {
      "textureCount": null,
      "size": 8205364,
      "type": "source",
      "textureMaxResolution": null,
      "faceCount": null,
      "vertexCount": null
    },
    "usdz": {
      "textureCount": null,
      "size": 2263984,
      "type": "usdz",
      "textureMaxResolution": null,
      "faceCount": null,
      "vertexCount": null
    }
  },
  "license": "by"
}