{
  "uri": "https://api.sketchfab.com/v3/models/83c4cd215db742f68910b3656ed5b7a8",
  "uid": "83c4cd215db742f68910b3656ed5b7a8",
  "name": "Барельєф: \"Леся Українка\"",
  "staffpickedAt": null,
  "viewCount": 46,
  "likeCount": 0,
  "animationCount": 0,
  "viewerUrl": "https://sketchfab.com/3d-models/83c4cd215db742f68910b3656ed5b7a8",
  "embedUrl": "https://sketchfab.com/models/83c4cd215db742f68910b3656ed5b7a8/embed",
  "commentCount": 0,
  "isDownloadable": true,
  "publishedAt": "2021-01-21T08:02:45.153825",
  "tags": [
    {
      "name": "3dskan",
      "slug": "3dskan",
      "uri": "https://api.sketchfab.com/v3/tags/3dskan"
    },
    {
      "name": "istoriia",
      "slug": "istoriia",
      "uri": "https://api.sketchfab.com/v3/tags/istoriia"
    },
    {
      "name": "kultura",
      "slug": "kultura",
      "uri": "https://api.sketchfab.com/v3/tags/kultura"
    },
    {
      "name": "primorsk",
      "slug": "primorsk",
      "uri": "https://api.sketchfab.com/v3/tags/primorsk"
    },
    {
      "name": "barilef",
      "slug": "barilef",
      "uri": "https://api.sketchfab.com/v3/tags/barilef"
    }
  ],
  "categories": [
    {
      "name": "art-abstract"
    },
    {
      "name": "cultural-heritage-history"
    }
  ],
  "thumbnails": {
    "images": [
      {
        "uid": "6ccfb4eae4c14f2a9fd0167611169200",
        "size": 464486,
        "width": 1920,
        "url": "https://media.sketchfab.com/models/83c4cd215db742f68910b3656ed5b7a8/thumbnails/f643b022347f4640b240c0a6abd0fbaa/92ba58d66aa74e1fba011687a699aded.jpeg",
        "height": 1080
      },
      {
        "uid": "f0961cff1fb74d99933d1ae4667ec1a1",
        "size": 86895,
        "width": 1024,
        "url": "https://media.sketchfab.com/models/83c4cd215db742f68910b3656ed5b7a8/thumbnails/f643b022347f4640b240c0a6abd0fbaa/b0b95f85dc934e6b96dd9fd75b3a0340.jpeg",
        "height": 576
      },
      {
        "uid": "002acbf35cfe4e5fbf65ca85db6db69c",
        "size": 40469,
        "width": 720,
        "url": "https://media.sketchfab.com/models/83c4cd215db742f68910b3656ed5b7a8/thumbnails/f643b022347f4640b240c0a6abd0fbaa/f40baca72d08446aac96bea913527dfa.jpeg",
        "height": 405
      },
      {
        "uid": "8d29d20a69e84c47a1e7852f3ea50d8d",
        "size": 5399,
        "width": 256,
        "url": "https://media.sketchfab.com/models/83c4cd215db742f68910b3656ed5b7a8/thumbnails/f643b022347f4640b240c0a6abd0fbaa/d4ca835391c949948a9b40d9dbfea3ac.jpeg",
        "height": 144
      },
      {
        "uid": "44c26b9ce7d446408b549f0d8bb389f9",
        "size": 803,
        "width": 64,
        "url": "https://media.sketchfab.com/models/83c4cd215db742f68910b3656ed5b7a8/thumbnails/f643b022347f4640b240c0a6abd0fbaa/4c41b2c428aa48dfb030c15725913619.jpeg",
        "height": 36
      }
    ]
  },
  "user": {
    "uid": "5f12a8cddbe7466cb50d5133f9d5465d",
    "username": "ngo_prim24",
    "displayName": "NGO Prim24",
    "profileUrl": "https://sketchfab.com/ngo_prim24",
    "account": "prem",
    "avatar": {
      "uri": "https://api.sketchfab.com/v3/avatars/38748b8f5cc44a48b41b465511e65c91",
      "images": [
        {
          "size": 1946,
          "width": 32,
          "url": "https://media.sketchfab.com/avatars/38748b8f5cc44a48b41b465511e65c91/30aabfc1e86b47f69baa2914fdf4fc6d.png",
          "height": 32
        },
        {
          "size": 3255,
          "width": 48,
          "url": "https://media.sketchfab.com/avatars/38748b8f5cc44a48b41b465511e65c91/e536c9ded35d4edc9aebee28246ab5cb.png",
          "height": 48
        },
        {
          "size": 6722,
          "width": 90,
          "url": "https://media.sketchfab.com/avatars/38748b8f5cc44a48b41b465511e65c91/23ec24eb8c4c4870a3e254f4388841b0.png",
          "height": 90
        },
        {
          "size": 7632,
          "width": 100,
          "url": "https://media.sketchfab.com/avatars/38748b8f5cc44a48b41b465511e65c91/f2c2bdb551a645c0a1ae17791d7a8a28.png",
          "height": 100
        }
      ]
    },
    "uri": "https://api.sketchfab.com/v3/users/5f12a8cddbe7466cb50d5133f9d5465d"
  },
  "description": "Робота скульптора Володимира Давидовича Нікітенко, 1923 – 2018р., м.Приморськ\n\nСканування робіт виконано ГО “Приморськ 24/7” спільно з ГО “Спілка краєзнавців Приморська” за сприяння Приморського краєзнавчого музею, в рамках виконання проєкту “Смарт-підтримка молодіжного центру Портал”. Фінансування відбувається завдяки Програмі ООН із відновлення та розбудови миру, що фінансується за підтримки Європейського Союзу та урядів Данії, Швейцарії та Швеції.",
  "faceCount": 224558,
  "createdAt": "2021-01-21T00:20:56.194102",
  "vertexCount": 113042,
  "isAgeRestricted": false,
  "archives": {
    "glb": {
      "textureCount": 1,
      "size": 9488436,
      "type": "glb",
      "textureMaxResolution": 4096,
      "faceCount": 224558,
      "vertexCount": 120913
    },
    "gltf": {
      "textureCount": 1,
      "size": 6698637,
      "type": "gltf",
      "textureMaxResolution": 4096,
      "faceCount": 224558,
      "vertexCount": 120913
    },
    "source": {
      "textureCount": null,
      "size": 10571331,
      "type": "source",
      "textureMaxResolution": null,
      "faceCount": null,
      "vertexCount": null
    },
    "usdz": {
      "textureCount": null,
      "size": 5302095,
      "type": "usdz",
      "textureMaxResolution": null,
      "faceCount": null,
      "vertexCount": null
    }
  },
  "license": "by"
}