{
  "uri": "https://api.sketchfab.com/v3/models/83c998a230db4e41a229a6c7cf618df6",
  "uid": "83c998a230db4e41a229a6c7cf618df6",
  "name": "210324house",
  "staffpickedAt": null,
  "viewCount": 6,
  "likeCount": 0,
  "animationCount": 0,
  "viewerUrl": "https://sketchfab.com/3d-models/83c998a230db4e41a229a6c7cf618df6",
  "embedUrl": "https://sketchfab.com/models/83c998a230db4e41a229a6c7cf618df6/embed",
  "commentCount": 0,
  "isDownloadable": true,
  "publishedAt": "2021-04-09T01:18:53.959241",
  "tags": [],
  "categories": [],
  "thumbnails": {
    "images": [
      {
        "uid": "4babcae09f0242809dcd3f602c8589ea",
        "size": 445647,
        "width": 1920,
        "url": "https://media.sketchfab.com/models/83c998a230db4e41a229a6c7cf618df6/thumbnails/77601b6664904758bc8f2003da55e842/d28b0f96eda441869cfe0e60f21abf2e.jpeg",
        "height": 1080
      },
      {
        "uid": "ce760cff7f9a4fee99c3ff7cdf911cb7",
        "size": 99162,
        "width": 1024,
        "url": "https://media.sketchfab.com/models/83c998a230db4e41a229a6c7cf618df6/thumbnails/77601b6664904758bc8f2003da55e842/0126589aff754e73ba616d6d5a9bb6cc.jpeg",
        "height": 576
      },
      {
        "uid": "71ecdb40eba34259bc83470db384855d",
        "size": 58384,
        "width": 720,
        "url": "https://media.sketchfab.com/models/83c998a230db4e41a229a6c7cf618df6/thumbnails/77601b6664904758bc8f2003da55e842/d7bd7e4f3ba145b18c91576b3fe05ce8.jpeg",
        "height": 405
      },
      {
        "uid": "846f45d77e2d4cb38027c92e046a99e8",
        "size": 11536,
        "width": 256,
        "url": "https://media.sketchfab.com/models/83c998a230db4e41a229a6c7cf618df6/thumbnails/77601b6664904758bc8f2003da55e842/569ecbc632564741b1fe3d44ee2f3c14.jpeg",
        "height": 144
      },
      {
        "uid": "907c7acdaecc4b049bebdfd8acfca658",
        "size": 1354,
        "width": 64,
        "url": "https://media.sketchfab.com/models/83c998a230db4e41a229a6c7cf618df6/thumbnails/77601b6664904758bc8f2003da55e842/21a4e7f0fbf64e4595f5659805ba840d.jpeg",
        "height": 36
      }
    ]
  },
  "user": {
    "uid": "d5e3c4475c83488a8f51b797021fe50e",
    "username": "kii",
    "displayName": "きいぷらん",
    "profileUrl": "https://sketchfab.com/kii",
    "account": "basic",
    "avatar": {
      "uri": "https://api.sketchfab.com/v3/avatars/052b3c8a301144a480306d055a534965",
      "images": [
        {
          "size": 4400,
          "width": 100,
          "url": "https://media.sketchfab.com/avatars/052b3c8a301144a480306d055a534965/b91d781340e042529daf2acdf223c78e.jpeg",
          "height": 100
        },
        {
          "size": 3699,
          "width": 90,
          "url": "https://media.sketchfab.com/avatars/052b3c8a301144a480306d055a534965/df091cfc153d439aac12f0acbaaffde1.jpeg",
          "height": 90
        },
        {
          "size": 1339,
          "width": 48,
          "url": "https://media.sketchfab.com/avatars/052b3c8a301144a480306d055a534965/9518eb2f26d84602bb30703b872b29c9.jpeg",
          "height": 48
        },
        {
          "size": 809,
          "width": 32,
          "url": "https://media.sketchfab.com/avatars/052b3c8a301144a480306d055a534965/4d9ef48a5df94121b7f3f61f7b766521.jpeg",
          "height": 32
        }
      ]
    },
    "uri": "https://api.sketchfab.com/v3/users/d5e3c4475c83488a8f51b797021fe50e"
  },
  "description": "佐賀県 耐震等級３ 木造 構造設計 許容応力度設計 きいぷらん 三次元立体解析",
  "faceCount": 3622,
  "createdAt": "2021-04-09T01:17:04.534620",
  "vertexCount": 2683,
  "isAgeRestricted": false,
  "archives": {
    "glb": {
      "textureCount": 0,
      "size": 257552,
      "type": "glb",
      "textureMaxResolution": 0,
      "faceCount": 3622,
      "vertexCount": 5288
    },
    "gltf": {
      "textureCount": 0,
      "size": 28488,
      "type": "gltf",
      "textureMaxResolution": 0,
      "faceCount": 3622,
      "vertexCount": 5288
    },
    "source": {
      "textureCount": null,
      "size": 527584,
      "type": "source",
      "textureMaxResolution": null,
      "faceCount": null,
      "vertexCount": null
    },
    "usdz": {
      "textureCount": null,
      "size": 134877,
      "type": "usdz",
      "textureMaxResolution": null,
      "faceCount": null,
      "vertexCount": null
    }
  },
  "license": "by"
}