{
  "uri": "https://api.sketchfab.com/v3/models/83cd3c5d64474beca29ce065aeafc5a3",
  "uid": "83cd3c5d64474beca29ce065aeafc5a3",
  "name": "KEMEJA LENGAN PENDEK LELAKI (EMP(KLTN)AV1)",
  "staffpickedAt": null,
  "viewCount": 29,
  "likeCount": 0,
  "animationCount": 0,
  "viewerUrl": "https://sketchfab.com/3d-models/83cd3c5d64474beca29ce065aeafc5a3",
  "embedUrl": "https://sketchfab.com/models/83cd3c5d64474beca29ce065aeafc5a3/embed",
  "commentCount": 0,
  "isDownloadable": true,
  "publishedAt": "2021-03-30T20:15:39.797318",
  "tags": [],
  "categories": [],
  "thumbnails": {
    "images": [
      {
        "uid": "24634a6b90b849c1829b0b96e397331f",
        "size": 88562,
        "width": 1920,
        "url": "https://media.sketchfab.com/models/83cd3c5d64474beca29ce065aeafc5a3/thumbnails/7e773e26ea9f47fdacfd2f472526f3d4/fab96990f0ab4991ab18713afe36c694.jpeg",
        "height": 1080
      },
      {
        "uid": "23fe994d53324db8922974bec43f6d3d",
        "size": 26247,
        "width": 1024,
        "url": "https://media.sketchfab.com/models/83cd3c5d64474beca29ce065aeafc5a3/thumbnails/7e773e26ea9f47fdacfd2f472526f3d4/d83fbefaa06e4f72a4e3aa710ae3b701.jpeg",
        "height": 576
      },
      {
        "uid": "4d32a40e0fa648abb8eecbbf3dcb8e3f",
        "size": 13663,
        "width": 720,
        "url": "https://media.sketchfab.com/models/83cd3c5d64474beca29ce065aeafc5a3/thumbnails/7e773e26ea9f47fdacfd2f472526f3d4/bbeecdf505234bd4b6ff38209297d2c6.jpeg",
        "height": 405
      },
      {
        "uid": "4351400279ec44c3af9b728e72eaf312",
        "size": 2387,
        "width": 256,
        "url": "https://media.sketchfab.com/models/83cd3c5d64474beca29ce065aeafc5a3/thumbnails/7e773e26ea9f47fdacfd2f472526f3d4/3df5d71fba9440adb902edb1214aa426.jpeg",
        "height": 144
      },
      {
        "uid": "18b73df05e1449ddae1eb0d13af56d19",
        "size": 885,
        "width": 64,
        "url": "https://media.sketchfab.com/models/83cd3c5d64474beca29ce065aeafc5a3/thumbnails/7e773e26ea9f47fdacfd2f472526f3d4/0db48ca645b84ef387742ded30368496.jpeg",
        "height": 36
      }
    ]
  },
  "user": {
    "uid": "931641c9395f4cbfa401f82e2a4f20e6",
    "username": "eeelabvisual",
    "displayName": "eeelabvisual",
    "profileUrl": "https://sketchfab.com/eeelabvisual",
    "account": "basic",
    "avatar": {
      "uri": "https://api.sketchfab.com/v3/avatars/51af6a870cce449eb75b0345feebaebb",
      "images": [
        {
          "size": 5719,
          "width": 90,
          "url": "https://media.sketchfab.com/avatars/51af6a870cce449eb75b0345feebaebb/2ef0f894055b4bb69123b2a27fa2d379.jpeg",
          "height": 90
        },
        {
          "size": 6496,
          "width": 100,
          "url": "https://media.sketchfab.com/avatars/51af6a870cce449eb75b0345feebaebb/ab11eedf96374486acb544f71a23b165.jpeg",
          "height": 100
        },
        {
          "size": 1359,
          "width": 32,
          "url": "https://media.sketchfab.com/avatars/51af6a870cce449eb75b0345feebaebb/35f6f9b6c9a14a548ce472582d8a9bb5.jpeg",
          "height": 32
        },
        {
          "size": 2584,
          "width": 48,
          "url": "https://media.sketchfab.com/avatars/51af6a870cce449eb75b0345feebaebb/a8072a51447c4d41ab177b357111b420.jpeg",
          "height": 48
        }
      ]
    },
    "uri": "https://api.sketchfab.com/v3/users/931641c9395f4cbfa401f82e2a4f20e6"
  },
  "description": "AS VAGANZA TRADING\nEMP(KLTN)AV1",
  "faceCount": 68238,
  "createdAt": "2021-03-30T20:04:51.070598",
  "vertexCount": 34773,
  "isAgeRestricted": false,
  "archives": {
    "glb": {
      "textureCount": 1,
      "size": 2372900,
      "type": "glb",
      "textureMaxResolution": 512,
      "faceCount": 68238,
      "vertexCount": 38230
    },
    "gltf": {
      "textureCount": 1,
      "size": 1253692,
      "type": "gltf",
      "textureMaxResolution": 512,
      "faceCount": 68238,
      "vertexCount": 38230
    },
    "source": {
      "textureCount": null,
      "size": 2482695,
      "type": "source",
      "textureMaxResolution": null,
      "faceCount": null,
      "vertexCount": null
    },
    "usdz": {
      "textureCount": null,
      "size": 1032084,
      "type": "usdz",
      "textureMaxResolution": null,
      "faceCount": null,
      "vertexCount": null
    }
  },
  "license": "by"
}