{
  "uri": "https://api.sketchfab.com/v3/models/83ce9578404f4f16bc8f4130de2dd4e1",
  "uid": "83ce9578404f4f16bc8f4130de2dd4e1",
  "name": "NYC Subway Car - Wall 1",
  "staffpickedAt": null,
  "viewCount": 222,
  "likeCount": 14,
  "animationCount": 0,
  "viewerUrl": "https://sketchfab.com/3d-models/83ce9578404f4f16bc8f4130de2dd4e1",
  "embedUrl": "https://sketchfab.com/models/83ce9578404f4f16bc8f4130de2dd4e1/embed",
  "commentCount": 0,
  "isDownloadable": true,
  "publishedAt": "2019-11-27T22:52:56.555285",
  "tags": [
    {
      "name": "window",
      "slug": "window",
      "uri": "https://api.sketchfab.com/v3/tags/window"
    },
    {
      "name": "subway",
      "slug": "subway",
      "uri": "https://api.sketchfab.com/v3/tags/subway"
    },
    {
      "name": "metal",
      "slug": "metal",
      "uri": "https://api.sketchfab.com/v3/tags/metal"
    },
    {
      "name": "nyc",
      "slug": "nyc",
      "uri": "https://api.sketchfab.com/v3/tags/nyc"
    },
    {
      "name": "substancepainter",
      "slug": "substancepainter",
      "uri": "https://api.sketchfab.com/v3/tags/substancepainter"
    },
    {
      "name": "gameasset",
      "slug": "gameasset",
      "uri": "https://api.sketchfab.com/v3/tags/gameasset"
    },
    {
      "name": "gameready",
      "slug": "gameready",
      "uri": "https://api.sketchfab.com/v3/tags/gameready"
    }
  ],
  "categories": [
    {
      "name": "cars-vehicles"
    }
  ],
  "thumbnails": {
    "images": [
      {
        "uid": "afc64296829f4f3882253afeda56af3d",
        "size": 48743,
        "width": 1920,
        "url": "https://media.sketchfab.com/models/83ce9578404f4f16bc8f4130de2dd4e1/thumbnails/9dfac7585fc848db9e867f2fecfca2b8/115559fa136f4b42a7bf1bd8229150d3.jpeg",
        "height": 1080
      },
      {
        "uid": "093bb45c994449de97835ff78de264e6",
        "size": 15873,
        "width": 1024,
        "url": "https://media.sketchfab.com/models/83ce9578404f4f16bc8f4130de2dd4e1/thumbnails/9dfac7585fc848db9e867f2fecfca2b8/8650beca43f644c7ab079cfd833ce9c0.jpeg",
        "height": 576
      },
      {
        "uid": "7c779ca30066447283da32cc0daf1eed",
        "size": 9846,
        "width": 720,
        "url": "https://media.sketchfab.com/models/83ce9578404f4f16bc8f4130de2dd4e1/thumbnails/9dfac7585fc848db9e867f2fecfca2b8/47ee9d0120994599a2e3cd4b6ab68c6b.jpeg",
        "height": 405
      },
      {
        "uid": "b5119aa3fcf542e483107aae54c5e703",
        "size": 2570,
        "width": 256,
        "url": "https://media.sketchfab.com/models/83ce9578404f4f16bc8f4130de2dd4e1/thumbnails/9dfac7585fc848db9e867f2fecfca2b8/c131817b2ca549aa86e5c909a6916f07.jpeg",
        "height": 144
      },
      {
        "uid": "65c5e1de9edb4afebe694d1f65db7b57",
        "size": 688,
        "width": 64,
        "url": "https://media.sketchfab.com/models/83ce9578404f4f16bc8f4130de2dd4e1/thumbnails/9dfac7585fc848db9e867f2fecfca2b8/e20723b89372485aa877bbaa2e1aba0d.jpeg",
        "height": 36
      }
    ]
  },
  "user": {
    "uid": "333e198137614ebd9a589fc40505a5a8",
    "username": "Arebiter",
    "displayName": "Arebiter",
    "profileUrl": "https://sketchfab.com/Arebiter",
    "account": "basic",
    "avatar": {
      "uri": "https://api.sketchfab.com/v3/avatars/51af6a870cce449eb75b0345feebaebb",
      "images": [
        {
          "size": 5719,
          "width": 90,
          "url": "https://media.sketchfab.com/avatars/51af6a870cce449eb75b0345feebaebb/2ef0f894055b4bb69123b2a27fa2d379.jpeg",
          "height": 90
        },
        {
          "size": 6496,
          "width": 100,
          "url": "https://media.sketchfab.com/avatars/51af6a870cce449eb75b0345feebaebb/ab11eedf96374486acb544f71a23b165.jpeg",
          "height": 100
        },
        {
          "size": 1359,
          "width": 32,
          "url": "https://media.sketchfab.com/avatars/51af6a870cce449eb75b0345feebaebb/35f6f9b6c9a14a548ce472582d8a9bb5.jpeg",
          "height": 32
        },
        {
          "size": 2584,
          "width": 48,
          "url": "https://media.sketchfab.com/avatars/51af6a870cce449eb75b0345feebaebb/a8072a51447c4d41ab177b357111b420.jpeg",
          "height": 48
        }
      ]
    },
    "uri": "https://api.sketchfab.com/v3/users/333e198137614ebd9a589fc40505a5a8"
  },
  "description": "This is another prop for the subway game I am making with my friends. This is a wall that is usually between 2 doors.",
  "faceCount": 2504,
  "createdAt": "2019-11-27T22:12:18.448702",
  "vertexCount": 1416,
  "isAgeRestricted": false,
  "archives": {
    "glb": {
      "textureCount": 4,
      "size": 25791208,
      "type": "glb",
      "textureMaxResolution": 4096,
      "faceCount": 2504,
      "vertexCount": 1913
    },
    "gltf": {
      "textureCount": 4,
      "size": 25695722,
      "type": "gltf",
      "textureMaxResolution": 4096,
      "faceCount": 2504,
      "vertexCount": 1913
    },
    "source": {
      "textureCount": null,
      "size": 27824052,
      "type": "source",
      "textureMaxResolution": null,
      "faceCount": null,
      "vertexCount": null
    },
    "usdz": {
      "textureCount": null,
      "size": 1912623,
      "type": "usdz",
      "textureMaxResolution": null,
      "faceCount": null,
      "vertexCount": null
    }
  },
  "license": "by"
}