{
  "uri": "https://api.sketchfab.com/v3/models/83d5151c317d4e89a6aba03f1be99570",
  "uid": "83d5151c317d4e89a6aba03f1be99570",
  "name": "S0091",
  "staffpickedAt": null,
  "viewCount": 55,
  "likeCount": 0,
  "animationCount": 0,
  "viewerUrl": "https://sketchfab.com/3d-models/83d5151c317d4e89a6aba03f1be99570",
  "embedUrl": "https://sketchfab.com/models/83d5151c317d4e89a6aba03f1be99570/embed",
  "commentCount": 0,
  "isDownloadable": true,
  "publishedAt": "2020-08-17T19:37:42.791026",
  "tags": [
    {
      "name": "metashape",
      "slug": "metashape",
      "uri": "https://api.sketchfab.com/v3/tags/metashape"
    },
    {
      "name": "agisoft",
      "slug": "agisoft",
      "uri": "https://api.sketchfab.com/v3/tags/agisoft"
    }
  ],
  "categories": [],
  "thumbnails": {
    "images": [
      {
        "uid": "a0d8d3d76a764ba68426b4eb7f613523",
        "size": 220126,
        "width": 1920,
        "url": "https://media.sketchfab.com/models/83d5151c317d4e89a6aba03f1be99570/thumbnails/8bb456f1df5c42eba3f396e2a8f20781/2b1b0410f96a4e728af4c13dba7e9e61.jpeg",
        "height": 1080
      },
      {
        "uid": "68e2e8b52c5c4d10878dba12e684b61b",
        "size": 71984,
        "width": 1024,
        "url": "https://media.sketchfab.com/models/83d5151c317d4e89a6aba03f1be99570/thumbnails/8bb456f1df5c42eba3f396e2a8f20781/c3824321e78a4b5d890279782e2ddd49.jpeg",
        "height": 576
      },
      {
        "uid": "eb81b4d37ded499a84ad9bd6642f32c0",
        "size": 39912,
        "width": 720,
        "url": "https://media.sketchfab.com/models/83d5151c317d4e89a6aba03f1be99570/thumbnails/8bb456f1df5c42eba3f396e2a8f20781/b8058b2040854fc9ba8c8fe7ba15bdac.jpeg",
        "height": 405
      },
      {
        "uid": "e70b789bc1684a9fb11cd3c8b364fb00",
        "size": 6189,
        "width": 256,
        "url": "https://media.sketchfab.com/models/83d5151c317d4e89a6aba03f1be99570/thumbnails/8bb456f1df5c42eba3f396e2a8f20781/25abdbd54f944c848932157cfa8eb26d.jpeg",
        "height": 144
      },
      {
        "uid": "1b11afb6ab284b7387a74f59a19876ff",
        "size": 810,
        "width": 64,
        "url": "https://media.sketchfab.com/models/83d5151c317d4e89a6aba03f1be99570/thumbnails/8bb456f1df5c42eba3f396e2a8f20781/d667863b254c4525b37d2fabb8224d65.jpeg",
        "height": 36
      }
    ]
  },
  "user": {
    "uid": "fe6e1f73d18e444399841cf608b77276",
    "username": "GSGEQueens",
    "displayName": "GSGEQueens",
    "profileUrl": "https://sketchfab.com/GSGEQueens",
    "account": "prem",
    "avatar": {
      "uri": "https://api.sketchfab.com/v3/avatars/2f4d22a4fd294c19b6f4e0a89ff0dcf3",
      "images": [
        {
          "size": 774,
          "width": 32,
          "url": "https://media.sketchfab.com/avatars/2f4d22a4fd294c19b6f4e0a89ff0dcf3/97cc2aef7da64f7c88e684c993a27c21.jpeg",
          "height": 32
        },
        {
          "size": 1226,
          "width": 48,
          "url": "https://media.sketchfab.com/avatars/2f4d22a4fd294c19b6f4e0a89ff0dcf3/494ea6de25d849feb479e2354380e1fe.jpeg",
          "height": 48
        },
        {
          "size": 2807,
          "width": 90,
          "url": "https://media.sketchfab.com/avatars/2f4d22a4fd294c19b6f4e0a89ff0dcf3/ac0e2c8ff0f34b3382024753f9e178c6.jpeg",
          "height": 90
        },
        {
          "size": 3369,
          "width": 100,
          "url": "https://media.sketchfab.com/avatars/2f4d22a4fd294c19b6f4e0a89ff0dcf3/b2ca5712a1ce42c7a23b019b8fd82a02.jpeg",
          "height": 100
        }
      ]
    },
    "uri": "https://api.sketchfab.com/v3/users/fe6e1f73d18e444399841cf608b77276"
  },
  "description": "",
  "faceCount": 2015632,
  "createdAt": "2020-08-17T19:29:44.585963",
  "vertexCount": 1008225,
  "isAgeRestricted": false,
  "archives": {
    "glb": {
      "textureCount": 1,
      "size": 84600056,
      "type": "glb",
      "textureMaxResolution": 8192,
      "faceCount": 2015632,
      "vertexCount": 1216147
    },
    "gltf": {
      "textureCount": 1,
      "size": 61025955,
      "type": "gltf",
      "textureMaxResolution": 8192,
      "faceCount": 2015632,
      "vertexCount": 1216147
    },
    "source": {
      "textureCount": null,
      "size": 90696026,
      "type": "source",
      "textureMaxResolution": null,
      "faceCount": null,
      "vertexCount": null
    },
    "usdz": {
      "textureCount": null,
      "size": 47506784,
      "type": "usdz",
      "textureMaxResolution": null,
      "faceCount": null,
      "vertexCount": null
    }
  },
  "license": "by"
}