{
  "uri": "https://api.sketchfab.com/v3/models/83d5a50c4e0149d6be7900915315f4ec",
  "uid": "83d5a50c4e0149d6be7900915315f4ec",
  "name": "Woodville Transfer Station - 24 Nov 2021",
  "staffpickedAt": null,
  "viewCount": 76,
  "likeCount": 3,
  "animationCount": 0,
  "viewerUrl": "https://sketchfab.com/3d-models/83d5a50c4e0149d6be7900915315f4ec",
  "embedUrl": "https://sketchfab.com/models/83d5a50c4e0149d6be7900915315f4ec/embed",
  "commentCount": 0,
  "isDownloadable": true,
  "publishedAt": "2021-11-30T03:45:55.043234",
  "tags": [
    {
      "name": "recycling",
      "slug": "recycling",
      "uri": "https://api.sketchfab.com/v3/tags/recycling"
    },
    {
      "name": "waste",
      "slug": "waste",
      "uri": "https://api.sketchfab.com/v3/tags/waste"
    },
    {
      "name": "station",
      "slug": "station",
      "uri": "https://api.sketchfab.com/v3/tags/station"
    },
    {
      "name": "transfer",
      "slug": "transfer",
      "uri": "https://api.sketchfab.com/v3/tags/transfer"
    },
    {
      "name": "woodville",
      "slug": "woodville",
      "uri": "https://api.sketchfab.com/v3/tags/woodville"
    },
    {
      "name": "tararua",
      "slug": "tararua",
      "uri": "https://api.sketchfab.com/v3/tags/tararua"
    }
  ],
  "categories": [
    {
      "name": "places-travel"
    }
  ],
  "thumbnails": {
    "images": [
      {
        "uid": "56d6e38965424d6cb5b63515b072c40c",
        "size": 405656,
        "width": 1920,
        "url": "https://media.sketchfab.com/models/83d5a50c4e0149d6be7900915315f4ec/thumbnails/3da866a785d0448283f9ab38ddf40946/57c7f867c6e248dbafbdddd55c955f3f.jpeg",
        "height": 1080
      },
      {
        "uid": "70fae63eb975438eb1b23830e85267cf",
        "size": 120219,
        "width": 1024,
        "url": "https://media.sketchfab.com/models/83d5a50c4e0149d6be7900915315f4ec/thumbnails/3da866a785d0448283f9ab38ddf40946/2116a1d16f6a4fd587502a9d423dbd8d.jpeg",
        "height": 576
      },
      {
        "uid": "2e3f282c16fd43aeb70b7fa4ddcfb6c1",
        "size": 66081,
        "width": 720,
        "url": "https://media.sketchfab.com/models/83d5a50c4e0149d6be7900915315f4ec/thumbnails/3da866a785d0448283f9ab38ddf40946/9ab84b902b5d4d17aa5170059775971b.jpeg",
        "height": 405
      },
      {
        "uid": "a7b685dd04424257b109be34d8eff64b",
        "size": 10913,
        "width": 256,
        "url": "https://media.sketchfab.com/models/83d5a50c4e0149d6be7900915315f4ec/thumbnails/3da866a785d0448283f9ab38ddf40946/6ab6713fd4234864ae73bd84df7e2666.jpeg",
        "height": 144
      },
      {
        "uid": "9be89f9911b4402a95d0d98d7fc28631",
        "size": 1634,
        "width": 64,
        "url": "https://media.sketchfab.com/models/83d5a50c4e0149d6be7900915315f4ec/thumbnails/3da866a785d0448283f9ab38ddf40946/86c517974bac451785259fe533b33e92.jpeg",
        "height": 36
      }
    ]
  },
  "user": {
    "uid": "ce75b17a556246f98f420b32f31f6269",
    "username": "Tararua_DC",
    "displayName": "Tararua District Council",
    "profileUrl": "https://sketchfab.com/Tararua_DC",
    "account": "pro",
    "avatar": {
      "uri": "https://api.sketchfab.com/v3/avatars/8a52ddf5bdc6418e9770b58be88aa671",
      "images": [
        {
          "size": 1154,
          "width": 32,
          "url": "https://media.sketchfab.com/avatars/8a52ddf5bdc6418e9770b58be88aa671/dc2fd86800014aaf8225c4df4de11755.png",
          "height": 32
        },
        {
          "size": 1967,
          "width": 48,
          "url": "https://media.sketchfab.com/avatars/8a52ddf5bdc6418e9770b58be88aa671/090041fc4718471391aa1c0e84c87f1c.png",
          "height": 48
        },
        {
          "size": 4253,
          "width": 90,
          "url": "https://media.sketchfab.com/avatars/8a52ddf5bdc6418e9770b58be88aa671/cb02d0a8458643e38dab7b63a3e2b467.png",
          "height": 90
        },
        {
          "size": 4914,
          "width": 100,
          "url": "https://media.sketchfab.com/avatars/8a52ddf5bdc6418e9770b58be88aa671/a3b53b8cec944738a40c43edccb9cbce.png",
          "height": 100
        }
      ]
    },
    "uri": "https://api.sketchfab.com/v3/users/ce75b17a556246f98f420b32f31f6269"
  },
  "description": "Woodville Transfer Station. Oxford Road, Woodville.\nDJI Matrice 210 with Klau PPK unit. Pix4D. Global Mapper",
  "faceCount": 4746680,
  "createdAt": "2021-11-30T03:38:21.002959",
  "vertexCount": 2372009,
  "isAgeRestricted": false,
  "archives": {
    "glb": {
      "textureCount": 1,
      "size": 212022888,
      "type": "glb",
      "textureMaxResolution": 8192,
      "faceCount": 4746680,
      "vertexCount": 3543202
    },
    "gltf": {
      "textureCount": 1,
      "size": 149869302,
      "type": "gltf",
      "textureMaxResolution": 8192,
      "faceCount": 4746680,
      "vertexCount": 3543202
    },
    "source": {
      "textureCount": null,
      "size": 240234789,
      "type": "source",
      "textureMaxResolution": null,
      "faceCount": null,
      "vertexCount": null
    },
    "usdz": {
      "textureCount": null,
      "size": 131154944,
      "type": "usdz",
      "textureMaxResolution": null,
      "faceCount": null,
      "vertexCount": null
    }
  },
  "license": "by"
}