{
  "uri": "https://api.sketchfab.com/v3/models/83d5617c421040fa9179dd72615baf11",
  "uid": "83d5617c421040fa9179dd72615baf11",
  "name": "Case_test_01",
  "staffpickedAt": null,
  "viewCount": 270,
  "likeCount": 9,
  "animationCount": 0,
  "viewerUrl": "https://sketchfab.com/3d-models/83d5617c421040fa9179dd72615baf11",
  "embedUrl": "https://sketchfab.com/models/83d5617c421040fa9179dd72615baf11/embed",
  "commentCount": 0,
  "isDownloadable": true,
  "publishedAt": "2016-02-01T02:04:16.076442",
  "tags": [
    {
      "name": "case",
      "slug": "case",
      "uri": "https://api.sketchfab.com/v3/tags/case"
    },
    {
      "name": "box",
      "slug": "box",
      "uri": "https://api.sketchfab.com/v3/tags/box"
    },
    {
      "name": "photoscan",
      "slug": "photoscan",
      "uri": "https://api.sketchfab.com/v3/tags/photoscan"
    },
    {
      "name": "low-poly",
      "slug": "low-poly",
      "uri": "https://api.sketchfab.com/v3/tags/low-poly"
    },
    {
      "name": "pbr",
      "slug": "pbr",
      "uri": "https://api.sketchfab.com/v3/tags/pbr"
    },
    {
      "name": "gameasset",
      "slug": "gameasset",
      "uri": "https://api.sketchfab.com/v3/tags/gameasset"
    }
  ],
  "categories": [],
  "thumbnails": {
    "images": [
      {
        "uid": "e0b5a142ceaa450c9e1a81bb03ad7cb7",
        "size": 39459,
        "width": 1024,
        "url": "https://media.sketchfab.com/models/83d5617c421040fa9179dd72615baf11/thumbnails/4931dfd5b0c7464da7fc86bd84f8118f/1024.jpeg",
        "height": 576
      },
      {
        "uid": "e02d8eff04d24c7b99973fcce974e4f6",
        "size": 29649,
        "width": 854,
        "url": "https://media.sketchfab.com/models/83d5617c421040fa9179dd72615baf11/thumbnails/4931dfd5b0c7464da7fc86bd84f8118f/854.jpeg",
        "height": 480
      },
      {
        "uid": "60f27053b81a45efa4bf3dc68e5eef95",
        "size": 18646,
        "width": 640,
        "url": "https://media.sketchfab.com/models/83d5617c421040fa9179dd72615baf11/thumbnails/4931dfd5b0c7464da7fc86bd84f8118f/640.jpeg",
        "height": 360
      },
      {
        "uid": "47c0a218dba546a2b6c5dce41f6f37c5",
        "size": 10689,
        "width": 448,
        "url": "https://media.sketchfab.com/models/83d5617c421040fa9179dd72615baf11/thumbnails/4931dfd5b0c7464da7fc86bd84f8118f/448.jpeg",
        "height": 252
      },
      {
        "uid": "f66dc1eea4374423b1471e9fd5dbf577",
        "size": 5760,
        "width": 200,
        "url": "https://media.sketchfab.com/models/83d5617c421040fa9179dd72615baf11/thumbnails/4931dfd5b0c7464da7fc86bd84f8118f/200x200.jpeg",
        "height": 200
      },
      {
        "uid": "9300414db3674bbc9ad1f0d42dc51685",
        "size": 2148,
        "width": 100,
        "url": "https://media.sketchfab.com/models/83d5617c421040fa9179dd72615baf11/thumbnails/4931dfd5b0c7464da7fc86bd84f8118f/100x100.jpeg",
        "height": 100
      },
      {
        "uid": "5c87ff2ac06742a19dc4f6ab0bdf304a",
        "size": 1004,
        "width": 50,
        "url": "https://media.sketchfab.com/models/83d5617c421040fa9179dd72615baf11/thumbnails/4931dfd5b0c7464da7fc86bd84f8118f/50x50.jpeg",
        "height": 50
      }
    ]
  },
  "user": {
    "uid": "78ae92718ccc4ba19cff1915abc2d7de",
    "username": "vegiel",
    "displayName": "vegiel",
    "profileUrl": "https://sketchfab.com/vegiel",
    "account": "basic",
    "avatar": {
      "uri": "https://api.sketchfab.com/v3/avatars/3ef1bd11d3eb4b57a0b353e8f2e5fc3e",
      "images": [
        {
          "size": 680,
          "width": 32,
          "url": "https://media.sketchfab.com/avatars/3ef1bd11d3eb4b57a0b353e8f2e5fc3e/116042a0854e40538adab302b593683d.jpeg",
          "height": 32
        },
        {
          "size": 1253,
          "width": 48,
          "url": "https://media.sketchfab.com/avatars/3ef1bd11d3eb4b57a0b353e8f2e5fc3e/efea16be51d04eb7a00cb9ea0b43b87f.jpeg",
          "height": 48
        },
        {
          "size": 2797,
          "width": 90,
          "url": "https://media.sketchfab.com/avatars/3ef1bd11d3eb4b57a0b353e8f2e5fc3e/ac9b469ccec74caf923a81fb2f0be3ed.jpeg",
          "height": 90
        },
        {
          "size": 3215,
          "width": 100,
          "url": "https://media.sketchfab.com/avatars/3ef1bd11d3eb4b57a0b353e8f2e5fc3e/a075e1d43d2f446c949b5967b470c757.jpeg",
          "height": 100
        }
      ]
    },
    "uri": "https://api.sketchfab.com/v3/users/78ae92718ccc4ba19cff1915abc2d7de"
  },
  "description": "Case_test_01, \nLP ~70 tris, \nPBR, 1k textures, \nnormal+diff from photoscan, ",
  "faceCount": 68,
  "createdAt": "2016-02-01T01:57:34.592721",
  "vertexCount": 36,
  "isAgeRestricted": false,
  "archives": {
    "glb": {
      "textureCount": 3,
      "size": 2962516,
      "type": "glb",
      "textureMaxResolution": 1024,
      "faceCount": 68,
      "vertexCount": 80
    },
    "gltf": {
      "textureCount": 3,
      "size": 2957376,
      "type": "gltf",
      "textureMaxResolution": 1024,
      "faceCount": 68,
      "vertexCount": 80
    },
    "source": {
      "textureCount": null,
      "size": 19378144,
      "type": "source",
      "textureMaxResolution": null,
      "faceCount": null,
      "vertexCount": null
    },
    "usdz": {
      "textureCount": null,
      "size": 1341259,
      "type": "usdz",
      "textureMaxResolution": null,
      "faceCount": null,
      "vertexCount": null
    }
  },
  "license": "by-nc"
}