{
  "uri": "https://api.sketchfab.com/v3/models/83d7858ff634447f9a7115146e344940",
  "uid": "83d7858ff634447f9a7115146e344940",
  "name": "Red Mist Squidward",
  "staffpickedAt": null,
  "viewCount": 1458,
  "likeCount": 7,
  "animationCount": 0,
  "viewerUrl": "https://sketchfab.com/3d-models/83d7858ff634447f9a7115146e344940",
  "embedUrl": "https://sketchfab.com/models/83d7858ff634447f9a7115146e344940/embed",
  "commentCount": 1,
  "isDownloadable": true,
  "publishedAt": "2019-12-20T17:20:59.271226",
  "tags": [
    {
      "name": "spongebob",
      "slug": "spongebob",
      "uri": "https://api.sketchfab.com/v3/tags/spongebob"
    }
  ],
  "categories": [
    {
      "name": "characters-creatures"
    }
  ],
  "thumbnails": {
    "images": [
      {
        "uid": "6bec47fa69e044eba03ed94ab80eaac3",
        "size": 74470,
        "width": 1920,
        "url": "https://media.sketchfab.com/models/83d7858ff634447f9a7115146e344940/thumbnails/40d78b4b615546f08d71b5d4b4cf04c3/455f4fe26ac845e686210a0c651cd16c.jpeg",
        "height": 1080
      },
      {
        "uid": "f904f4e42a8e4db0ac128feaa1649609",
        "size": 30664,
        "width": 1024,
        "url": "https://media.sketchfab.com/models/83d7858ff634447f9a7115146e344940/thumbnails/40d78b4b615546f08d71b5d4b4cf04c3/44c9900c505b46c1b9f049b1cb715259.jpeg",
        "height": 576
      },
      {
        "uid": "4305cb782afb443cb6abe202234c162e",
        "size": 19725,
        "width": 720,
        "url": "https://media.sketchfab.com/models/83d7858ff634447f9a7115146e344940/thumbnails/40d78b4b615546f08d71b5d4b4cf04c3/f4f7111201d64545b09ae4b577f743fd.jpeg",
        "height": 405
      },
      {
        "uid": "32503f4803114c899aa8cf1d086238f4",
        "size": 5003,
        "width": 256,
        "url": "https://media.sketchfab.com/models/83d7858ff634447f9a7115146e344940/thumbnails/40d78b4b615546f08d71b5d4b4cf04c3/bfe8dd6b6b2e4fe3bae6c17e0c6ab5f9.jpeg",
        "height": 144
      },
      {
        "uid": "580b6568b8564f438933ce6f1ee3a87b",
        "size": 927,
        "width": 64,
        "url": "https://media.sketchfab.com/models/83d7858ff634447f9a7115146e344940/thumbnails/40d78b4b615546f08d71b5d4b4cf04c3/7ee2396b6cb94c2eb86e1e37966300f9.jpeg",
        "height": 36
      }
    ]
  },
  "user": {
    "uid": "33f0f708d4e14639ba067051c5300aba",
    "username": "453867682",
    "displayName": "453867682",
    "profileUrl": "https://sketchfab.com/453867682",
    "account": "basic",
    "avatar": {
      "uri": "https://api.sketchfab.com/v3/avatars/123da59ce766464bab254c017a387054",
      "images": [
        {
          "size": 1070,
          "width": 32,
          "url": "https://media.sketchfab.com/avatars/123da59ce766464bab254c017a387054/4d66645c109a4580b282d430236790a9.png",
          "height": 32
        },
        {
          "size": 1857,
          "width": 48,
          "url": "https://media.sketchfab.com/avatars/123da59ce766464bab254c017a387054/b4fd36f9bc144369a081cc47aa3f5bf3.png",
          "height": 48
        },
        {
          "size": 4825,
          "width": 90,
          "url": "https://media.sketchfab.com/avatars/123da59ce766464bab254c017a387054/a253ff87fa654966a34ebc13abd0fa4c.png",
          "height": 90
        },
        {
          "size": 5691,
          "width": 100,
          "url": "https://media.sketchfab.com/avatars/123da59ce766464bab254c017a387054/732cc3663ae645c490374390352c6889.png",
          "height": 100
        }
      ]
    },
    "uri": "https://api.sketchfab.com/v3/users/33f0f708d4e14639ba067051c5300aba"
  },
  "description": "DON'T ASK WHO JOE IS.",
  "faceCount": 37282,
  "createdAt": "2019-12-20T17:18:18.046251",
  "vertexCount": 18643,
  "isAgeRestricted": false,
  "archives": {
    "glb": {
      "textureCount": 1,
      "size": 1361300,
      "type": "glb",
      "textureMaxResolution": 2048,
      "faceCount": 37282,
      "vertexCount": 20954
    },
    "gltf": {
      "textureCount": 1,
      "size": 1018295,
      "type": "gltf",
      "textureMaxResolution": 2048,
      "faceCount": 37282,
      "vertexCount": 20954
    },
    "source": {
      "textureCount": null,
      "size": 2332082,
      "type": "source",
      "textureMaxResolution": null,
      "faceCount": null,
      "vertexCount": null
    },
    "usdz": {
      "textureCount": null,
      "size": 1172301,
      "type": "usdz",
      "textureMaxResolution": null,
      "faceCount": null,
      "vertexCount": null
    }
  },
  "license": "by"
}