{
  "uri": "https://api.sketchfab.com/v3/models/83d806f13f2244b1adc3eb0cd8b7528e",
  "uid": "83d806f13f2244b1adc3eb0cd8b7528e",
  "name": "C135- Knott's",
  "staffpickedAt": null,
  "viewCount": 224,
  "likeCount": 7,
  "animationCount": 0,
  "viewerUrl": "https://sketchfab.com/3d-models/83d806f13f2244b1adc3eb0cd8b7528e",
  "embedUrl": "https://sketchfab.com/models/83d806f13f2244b1adc3eb0cd8b7528e/embed",
  "commentCount": 0,
  "isDownloadable": true,
  "publishedAt": "2021-12-03T11:22:53.515853",
  "tags": [
    {
      "name": "revit",
      "slug": "revit",
      "uri": "https://api.sketchfab.com/v3/tags/revit"
    }
  ],
  "categories": [
    {
      "name": "architecture"
    }
  ],
  "thumbnails": {
    "images": [
      {
        "uid": "9234247e85ae475a9d32f5ed36d900d6",
        "size": 212755,
        "width": 1920,
        "url": "https://media.sketchfab.com/models/83d806f13f2244b1adc3eb0cd8b7528e/thumbnails/1c65316c7ea04996a764585913e6cccd/4eb2794bb1cb4637a2fce7299bd338e5.jpeg",
        "height": 1080
      },
      {
        "uid": "eab1b732f27442f2a5cc22d7b35bf641",
        "size": 55295,
        "width": 1024,
        "url": "https://media.sketchfab.com/models/83d806f13f2244b1adc3eb0cd8b7528e/thumbnails/1c65316c7ea04996a764585913e6cccd/bda2c315a6834dfe93e2a5641fce3898.jpeg",
        "height": 576
      },
      {
        "uid": "a279a33804c549e386eb862178bdc410",
        "size": 31176,
        "width": 720,
        "url": "https://media.sketchfab.com/models/83d806f13f2244b1adc3eb0cd8b7528e/thumbnails/1c65316c7ea04996a764585913e6cccd/5e3adf33eb5a431899a08cfe110dde59.jpeg",
        "height": 405
      },
      {
        "uid": "74748f27b3de4b75a5e4460af3911baa",
        "size": 5809,
        "width": 256,
        "url": "https://media.sketchfab.com/models/83d806f13f2244b1adc3eb0cd8b7528e/thumbnails/1c65316c7ea04996a764585913e6cccd/fcb087d013104787842c6471797051ae.jpeg",
        "height": 144
      },
      {
        "uid": "32e25f703ed24bf490c3d7fed858b62d",
        "size": 1137,
        "width": 64,
        "url": "https://media.sketchfab.com/models/83d806f13f2244b1adc3eb0cd8b7528e/thumbnails/1c65316c7ea04996a764585913e6cccd/250651a6ed5c4b2b8ae732fad06ecd93.jpeg",
        "height": 36
      }
    ]
  },
  "user": {
    "uid": "0501f73716d04f47ac70b0bc444a2024",
    "username": "JohnMichaelMagayano",
    "displayName": "Unknown",
    "profileUrl": "https://sketchfab.com/JohnMichaelMagayano",
    "account": "basic",
    "avatar": {
      "uri": "https://api.sketchfab.com/v3/avatars/78fa317e46024a5283765aa34df5e508",
      "images": [
        {
          "size": 6421,
          "width": 100,
          "url": "https://media.sketchfab.com/avatars/78fa317e46024a5283765aa34df5e508/aec92fe9a74e499c98d759362cd7f02f.jpeg",
          "height": 100
        },
        {
          "size": 2518,
          "width": 48,
          "url": "https://media.sketchfab.com/avatars/78fa317e46024a5283765aa34df5e508/17fa177ffaa344a2b2fc8e78efd40fbb.jpeg",
          "height": 48
        },
        {
          "size": 5653,
          "width": 90,
          "url": "https://media.sketchfab.com/avatars/78fa317e46024a5283765aa34df5e508/02162695bdc840faa3bcb2d418309c5e.jpeg",
          "height": 90
        },
        {
          "size": 1350,
          "width": 32,
          "url": "https://media.sketchfab.com/avatars/78fa317e46024a5283765aa34df5e508/6fde876cbded4cd48d36a76029e3aa02.jpeg",
          "height": 32
        }
      ]
    },
    "uri": "https://api.sketchfab.com/v3/users/0501f73716d04f47ac70b0bc444a2024"
  },
  "description": "",
  "faceCount": 1696539,
  "createdAt": "2021-12-03T10:57:54.126634",
  "vertexCount": 931698,
  "isAgeRestricted": false,
  "archives": {
    "glb": {
      "textureCount": 0,
      "size": 81734140,
      "type": "glb",
      "textureMaxResolution": 0,
      "faceCount": 1692339,
      "vertexCount": 1916727
    },
    "gltf": {
      "textureCount": 0,
      "size": 16997280,
      "type": "gltf",
      "textureMaxResolution": 0,
      "faceCount": 1692339,
      "vertexCount": 1916727
    },
    "source": {
      "textureCount": null,
      "size": 29639429,
      "type": "source",
      "textureMaxResolution": null,
      "faceCount": null,
      "vertexCount": null
    },
    "usdz": {
      "textureCount": null,
      "size": 47005753,
      "type": "usdz",
      "textureMaxResolution": null,
      "faceCount": null,
      "vertexCount": null
    }
  },
  "license": "by"
}