{
  "uri": "https://api.sketchfab.com/v3/models/83d87ef90c7a48d8a7b8b5d97b762495",
  "uid": "83d87ef90c7a48d8a7b8b5d97b762495",
  "name": "24245B",
  "staffpickedAt": null,
  "viewCount": 8,
  "likeCount": 0,
  "animationCount": 0,
  "viewerUrl": "https://sketchfab.com/3d-models/83d87ef90c7a48d8a7b8b5d97b762495",
  "embedUrl": "https://sketchfab.com/models/83d87ef90c7a48d8a7b8b5d97b762495/embed",
  "commentCount": 0,
  "isDownloadable": true,
  "publishedAt": "2020-11-16T16:28:20.511368",
  "tags": [
    {
      "name": "pamir",
      "slug": "pamir",
      "uri": "https://api.sketchfab.com/v3/tags/pamir"
    }
  ],
  "categories": [],
  "thumbnails": {
    "images": [
      {
        "uid": "28d6f091f13b492080410e721fccd60f",
        "size": 111763,
        "width": 1920,
        "url": "https://media.sketchfab.com/models/83d87ef90c7a48d8a7b8b5d97b762495/thumbnails/989a17bc900d42318cae7f496139dde0/fc4360eac5374c388bcb4bcebc06b523.jpeg",
        "height": 1080
      },
      {
        "uid": "d233b2af7ea94edba753e9e3b8af3a35",
        "size": 30636,
        "width": 1024,
        "url": "https://media.sketchfab.com/models/83d87ef90c7a48d8a7b8b5d97b762495/thumbnails/989a17bc900d42318cae7f496139dde0/d9ccd1571ace428999e6d465f765220b.jpeg",
        "height": 576
      },
      {
        "uid": "f979c70670854aa18bf068681bbaf59d",
        "size": 16402,
        "width": 720,
        "url": "https://media.sketchfab.com/models/83d87ef90c7a48d8a7b8b5d97b762495/thumbnails/989a17bc900d42318cae7f496139dde0/39deed7fa1994575a5526c6b387b4417.jpeg",
        "height": 405
      },
      {
        "uid": "2657c6538a194026a9713a343399b52c",
        "size": 2746,
        "width": 256,
        "url": "https://media.sketchfab.com/models/83d87ef90c7a48d8a7b8b5d97b762495/thumbnails/989a17bc900d42318cae7f496139dde0/b64355c655c746dcb8ca138a4d03bdba.jpeg",
        "height": 144
      },
      {
        "uid": "6d44d9ed498841719f3269a81bb74b12",
        "size": 561,
        "width": 64,
        "url": "https://media.sketchfab.com/models/83d87ef90c7a48d8a7b8b5d97b762495/thumbnails/989a17bc900d42318cae7f496139dde0/f529bc173fa94c1aa5e58a9214e89028.jpeg",
        "height": 36
      }
    ]
  },
  "user": {
    "uid": "85c15a44df4a4e5e845e01794aa1b806",
    "username": "GTE_UK",
    "displayName": "GTE_UK",
    "profileUrl": "https://sketchfab.com/GTE_UK",
    "account": "basic",
    "avatar": {
      "uri": "https://api.sketchfab.com/v3/avatars/6f8e1f86cf4d4423a67a31d93f231afc",
      "images": [
        {
          "size": 755,
          "width": 32,
          "url": "https://media.sketchfab.com/avatars/6f8e1f86cf4d4423a67a31d93f231afc/a1ed01b4384a46d6863c719b34350e15.jpeg",
          "height": 32
        },
        {
          "size": 1216,
          "width": 48,
          "url": "https://media.sketchfab.com/avatars/6f8e1f86cf4d4423a67a31d93f231afc/9aefab527e12493bb8c88c933054cd9b.jpeg",
          "height": 48
        },
        {
          "size": 3187,
          "width": 90,
          "url": "https://media.sketchfab.com/avatars/6f8e1f86cf4d4423a67a31d93f231afc/244892923b25493f9ef4c83cb68143ac.jpeg",
          "height": 90
        },
        {
          "size": 3786,
          "width": 100,
          "url": "https://media.sketchfab.com/avatars/6f8e1f86cf4d4423a67a31d93f231afc/35ec4ba7fef949ec87841d5399342a7b.jpeg",
          "height": 100
        }
      ]
    },
    "uri": "https://api.sketchfab.com/v3/users/85c15a44df4a4e5e845e01794aa1b806"
  },
  "description": "Building exported from Pamir.",
  "faceCount": 7220,
  "createdAt": "2020-11-16T16:26:53.364387",
  "vertexCount": 5667,
  "isAgeRestricted": false,
  "archives": {
    "glb": {
      "textureCount": 8,
      "size": 1278572,
      "type": "glb",
      "textureMaxResolution": 2048,
      "faceCount": 7220,
      "vertexCount": 14027
    },
    "gltf": {
      "textureCount": 8,
      "size": 710835,
      "type": "gltf",
      "textureMaxResolution": 2048,
      "faceCount": 7220,
      "vertexCount": 14027
    },
    "source": {
      "textureCount": null,
      "size": 1402678,
      "type": "source",
      "textureMaxResolution": null,
      "faceCount": null,
      "vertexCount": null
    },
    "usdz": {
      "textureCount": null,
      "size": 1199351,
      "type": "usdz",
      "textureMaxResolution": null,
      "faceCount": null,
      "vertexCount": null
    }
  },
  "license": "by"
}