{
  "uri": "https://api.sketchfab.com/v3/models/83da767e207348c985dd3e15f1a939a3",
  "uid": "83da767e207348c985dd3e15f1a939a3",
  "name": "Rumah Keluarga",
  "staffpickedAt": null,
  "viewCount": 6,
  "likeCount": 0,
  "animationCount": 0,
  "viewerUrl": "https://sketchfab.com/3d-models/83da767e207348c985dd3e15f1a939a3",
  "embedUrl": "https://sketchfab.com/models/83da767e207348c985dd3e15f1a939a3/embed",
  "commentCount": 0,
  "isDownloadable": true,
  "publishedAt": "2021-02-15T23:03:33.203145",
  "tags": [
    {
      "name": "3d",
      "slug": "3d",
      "uri": "https://api.sketchfab.com/v3/tags/3d"
    },
    {
      "name": "design",
      "slug": "design",
      "uri": "https://api.sketchfab.com/v3/tags/design"
    },
    {
      "name": "home",
      "slug": "home",
      "uri": "https://api.sketchfab.com/v3/tags/home"
    }
  ],
  "categories": [],
  "thumbnails": {
    "images": [
      {
        "uid": "38f2660b6061430bafe014cd5f6e8a87",
        "size": 36233,
        "width": 1920,
        "url": "https://media.sketchfab.com/models/83da767e207348c985dd3e15f1a939a3/thumbnails/bf469d7ec9fa42608894d2a43139bc25/79e75b1d42e94d87ab60cddcabcb28ca.jpeg",
        "height": 1080
      },
      {
        "uid": "3c3e29f7fec5494d975469b8640ec823",
        "size": 12927,
        "width": 1024,
        "url": "https://media.sketchfab.com/models/83da767e207348c985dd3e15f1a939a3/thumbnails/bf469d7ec9fa42608894d2a43139bc25/f5963953b62846ae993f0ca3e99afd29.jpeg",
        "height": 576
      },
      {
        "uid": "0c2d96dfaff14c9fa038c87d4fdaa935",
        "size": 7642,
        "width": 720,
        "url": "https://media.sketchfab.com/models/83da767e207348c985dd3e15f1a939a3/thumbnails/bf469d7ec9fa42608894d2a43139bc25/3ffa785c698641b78446130322699db9.jpeg",
        "height": 405
      },
      {
        "uid": "d003ffb473744545aa4f4b6d184fe944",
        "size": 1851,
        "width": 256,
        "url": "https://media.sketchfab.com/models/83da767e207348c985dd3e15f1a939a3/thumbnails/bf469d7ec9fa42608894d2a43139bc25/02b45ba698cd45f6a6a95971b3366d58.jpeg",
        "height": 144
      },
      {
        "uid": "86f32885d2214631bfa5c73e6914ae46",
        "size": 540,
        "width": 64,
        "url": "https://media.sketchfab.com/models/83da767e207348c985dd3e15f1a939a3/thumbnails/bf469d7ec9fa42608894d2a43139bc25/e08598910752421dae9ad7bba9b4a735.jpeg",
        "height": 36
      }
    ]
  },
  "user": {
    "uid": "690dba639c13453e8f162de87edff67f",
    "username": "homedesign3d",
    "displayName": "Home Design 3D",
    "profileUrl": "https://sketchfab.com/homedesign3d",
    "account": "prem",
    "avatar": {
      "uri": "https://api.sketchfab.com/v3/avatars/a071741bdf9940f4ae18e8040a61faa5",
      "images": [
        {
          "size": 4544,
          "width": 32,
          "url": "https://media.sketchfab.com/avatars/a071741bdf9940f4ae18e8040a61faa5/6f2293831ab94491bf20fa1c17751abd.png",
          "height": 32
        },
        {
          "size": 5982,
          "width": 48,
          "url": "https://media.sketchfab.com/avatars/a071741bdf9940f4ae18e8040a61faa5/32acfb38b1134650ab27e179a9843a0c.png",
          "height": 48
        },
        {
          "size": 10325,
          "width": 90,
          "url": "https://media.sketchfab.com/avatars/a071741bdf9940f4ae18e8040a61faa5/25d5af261a64421a9a264ea6096f3c4c.png",
          "height": 90
        },
        {
          "size": 11374,
          "width": 100,
          "url": "https://media.sketchfab.com/avatars/a071741bdf9940f4ae18e8040a61faa5/de3e5d11ac71483bbb8b70f962bd587f.png",
          "height": 100
        }
      ]
    },
    "uri": "https://api.sketchfab.com/v3/users/690dba639c13453e8f162de87edff67f"
  },
  "description": "Home Design 3D",
  "faceCount": 150576,
  "createdAt": "2021-02-15T22:59:03.351836",
  "vertexCount": 89074,
  "isAgeRestricted": false,
  "archives": {
    "glb": {
      "textureCount": 79,
      "size": 10305436,
      "type": "glb",
      "textureMaxResolution": 512,
      "faceCount": 150531,
      "vertexCount": 151143
    },
    "gltf": {
      "textureCount": 79,
      "size": 6304067,
      "type": "gltf",
      "textureMaxResolution": 512,
      "faceCount": 150531,
      "vertexCount": 151143
    },
    "source": {
      "textureCount": null,
      "size": 12701028,
      "type": "source",
      "textureMaxResolution": null,
      "faceCount": null,
      "vertexCount": null
    },
    "usdz": {
      "textureCount": null,
      "size": 8459337,
      "type": "usdz",
      "textureMaxResolution": null,
      "faceCount": null,
      "vertexCount": null
    }
  },
  "license": "by-nc-sa"
}