{
  "uri": "https://api.sketchfab.com/v3/models/83da92727ca540498d4a390ae5473d94",
  "uid": "83da92727ca540498d4a390ae5473d94",
  "name": "Disk-Disket",
  "staffpickedAt": null,
  "viewCount": 88,
  "likeCount": 0,
  "animationCount": 0,
  "viewerUrl": "https://sketchfab.com/3d-models/83da92727ca540498d4a390ae5473d94",
  "embedUrl": "https://sketchfab.com/models/83da92727ca540498d4a390ae5473d94/embed",
  "commentCount": 0,
  "isDownloadable": true,
  "publishedAt": "2020-05-05T11:06:36.759345",
  "tags": [
    {
      "name": "disk",
      "slug": "disk",
      "uri": "https://api.sketchfab.com/v3/tags/disk"
    },
    {
      "name": "diskette",
      "slug": "diskette",
      "uri": "https://api.sketchfab.com/v3/tags/diskette"
    },
    {
      "name": "nostaji",
      "slug": "nostaji",
      "uri": "https://api.sketchfab.com/v3/tags/nostaji"
    },
    {
      "name": "depolama",
      "slug": "depolama",
      "uri": "https://api.sketchfab.com/v3/tags/depolama"
    }
  ],
  "categories": [
    {
      "name": "electronics-gadgets"
    },
    {
      "name": "science-technology"
    }
  ],
  "thumbnails": {
    "images": [
      {
        "uid": "bb78994615c74c7692d813078f1da753",
        "size": 35674,
        "width": 1920,
        "url": "https://media.sketchfab.com/models/83da92727ca540498d4a390ae5473d94/thumbnails/4052e989e0b84d2bb6faf9815954bd6e/6860e239928e4c89872a0662c5b21835.jpeg",
        "height": 1080
      },
      {
        "uid": "d138011957d946b4adbe27e7bc35d982",
        "size": 13800,
        "width": 1024,
        "url": "https://media.sketchfab.com/models/83da92727ca540498d4a390ae5473d94/thumbnails/4052e989e0b84d2bb6faf9815954bd6e/91f08ccc255842398613e8f6e6619fd1.jpeg",
        "height": 576
      },
      {
        "uid": "c1466f69aa1c4346b64786d66bbdf530",
        "size": 8911,
        "width": 720,
        "url": "https://media.sketchfab.com/models/83da92727ca540498d4a390ae5473d94/thumbnails/4052e989e0b84d2bb6faf9815954bd6e/dfdf38d2ec3e4daf91a1bba05e7c7473.jpeg",
        "height": 405
      },
      {
        "uid": "fda93dfb12bc4a11a6e3f056d3709bab",
        "size": 2717,
        "width": 256,
        "url": "https://media.sketchfab.com/models/83da92727ca540498d4a390ae5473d94/thumbnails/4052e989e0b84d2bb6faf9815954bd6e/6de0e87af3174d6b9bf758f4809f69de.jpeg",
        "height": 144
      },
      {
        "uid": "4b0ca4db3cab47d188c2113da2d15a05",
        "size": 726,
        "width": 64,
        "url": "https://media.sketchfab.com/models/83da92727ca540498d4a390ae5473d94/thumbnails/4052e989e0b84d2bb6faf9815954bd6e/5ed4556838d042459b32c093ebaef90a.jpeg",
        "height": 36
      }
    ]
  },
  "user": {
    "uid": "3ae85c18b51547b386922d704c7ecf19",
    "username": "sinemmbagcioglu",
    "displayName": "sinemmbagcioglu",
    "profileUrl": "https://sketchfab.com/sinemmbagcioglu",
    "account": "basic",
    "avatar": {
      "uri": "https://api.sketchfab.com/v3/avatars/b9c636b96f2044abac9ba1831639f826",
      "images": [
        {
          "size": 861,
          "width": 32,
          "url": "https://media.sketchfab.com/avatars/b9c636b96f2044abac9ba1831639f826/e8baf458e59e4b66ae1e22eaea2642c4.jpeg",
          "height": 32
        },
        {
          "size": 1375,
          "width": 48,
          "url": "https://media.sketchfab.com/avatars/b9c636b96f2044abac9ba1831639f826/8432b8bc11d64b04bb5528d317fb3f93.jpeg",
          "height": 48
        },
        {
          "size": 3371,
          "width": 90,
          "url": "https://media.sketchfab.com/avatars/b9c636b96f2044abac9ba1831639f826/1478f2b9e4ba43eabcfe8b8f73cd4dd9.jpeg",
          "height": 90
        },
        {
          "size": 3883,
          "width": 100,
          "url": "https://media.sketchfab.com/avatars/b9c636b96f2044abac9ba1831639f826/e249948c38c44405b2cb237d65f20c72.jpeg",
          "height": 100
        }
      ]
    },
    "uri": "https://api.sketchfab.com/v3/users/3ae85c18b51547b386922d704c7ecf19"
  },
  "description": "",
  "faceCount": 138100,
  "createdAt": "2020-05-05T11:02:09.946311",
  "vertexCount": 69825,
  "isAgeRestricted": false,
  "archives": {
    "glb": {
      "textureCount": 0,
      "size": 4564156,
      "type": "glb",
      "textureMaxResolution": 0,
      "faceCount": 138042,
      "vertexCount": 90600
    },
    "gltf": {
      "textureCount": 0,
      "size": 1380779,
      "type": "gltf",
      "textureMaxResolution": 0,
      "faceCount": 138042,
      "vertexCount": 90600
    },
    "source": {
      "textureCount": null,
      "size": 2679484,
      "type": "source",
      "textureMaxResolution": null,
      "faceCount": null,
      "vertexCount": null
    },
    "usdz": {
      "textureCount": null,
      "size": 2545079,
      "type": "usdz",
      "textureMaxResolution": null,
      "faceCount": null,
      "vertexCount": null
    }
  },
  "license": "by"
}