{
  "uri": "https://api.sketchfab.com/v3/models/83dacfe6d3d341699189f22fffd52608",
  "uid": "83dacfe6d3d341699189f22fffd52608",
  "name": "Boss Knight",
  "staffpickedAt": null,
  "viewCount": 179,
  "likeCount": 0,
  "animationCount": 1,
  "viewerUrl": "https://sketchfab.com/3d-models/83dacfe6d3d341699189f22fffd52608",
  "embedUrl": "https://sketchfab.com/models/83dacfe6d3d341699189f22fffd52608/embed",
  "commentCount": 0,
  "isDownloadable": true,
  "publishedAt": "2020-01-25T19:51:12.291226",
  "tags": [
    {
      "name": "originalcharacter",
      "slug": "originalcharacter",
      "uri": "https://api.sketchfab.com/v3/tags/originalcharacter"
    },
    {
      "name": "substancepainter",
      "slug": "substancepainter",
      "uri": "https://api.sketchfab.com/v3/tags/substancepainter"
    },
    {
      "name": "blender",
      "slug": "blender",
      "uri": "https://api.sketchfab.com/v3/tags/blender"
    },
    {
      "name": "blender3d",
      "slug": "blender3d",
      "uri": "https://api.sketchfab.com/v3/tags/blender3d"
    },
    {
      "name": "substance-painter",
      "slug": "substance-painter",
      "uri": "https://api.sketchfab.com/v3/tags/substance-painter"
    },
    {
      "name": "knight",
      "slug": "knight",
      "uri": "https://api.sketchfab.com/v3/tags/knight"
    }
  ],
  "categories": [
    {
      "name": "characters-creatures"
    }
  ],
  "thumbnails": {
    "images": [
      {
        "uid": "9858994c2de9457aa97979cb9b64ddaf",
        "size": 144426,
        "width": 1920,
        "url": "https://media.sketchfab.com/models/83dacfe6d3d341699189f22fffd52608/thumbnails/26deebe42b944985ab6a83905a37d00a/9c6d7136c63147c29d59e94b76eefe35.jpeg",
        "height": 1080
      },
      {
        "uid": "c22e317d9b444571941999f50961d73b",
        "size": 46171,
        "width": 1024,
        "url": "https://media.sketchfab.com/models/83dacfe6d3d341699189f22fffd52608/thumbnails/26deebe42b944985ab6a83905a37d00a/28f5aa4c37a446cf94998f4a06d80537.jpeg",
        "height": 576
      },
      {
        "uid": "311cd9acae8c439280e229e3230c5ec7",
        "size": 26554,
        "width": 720,
        "url": "https://media.sketchfab.com/models/83dacfe6d3d341699189f22fffd52608/thumbnails/26deebe42b944985ab6a83905a37d00a/f615204dadd241369762e3c749242f54.jpeg",
        "height": 405
      },
      {
        "uid": "73688c7770244364a01b614c83aa46ad",
        "size": 5393,
        "width": 256,
        "url": "https://media.sketchfab.com/models/83dacfe6d3d341699189f22fffd52608/thumbnails/26deebe42b944985ab6a83905a37d00a/1d3a7c119b1c4cd8a1b1e5c618ac02e7.jpeg",
        "height": 144
      },
      {
        "uid": "f2b36c2bd4f44d24b58e354df380ff4c",
        "size": 900,
        "width": 64,
        "url": "https://media.sketchfab.com/models/83dacfe6d3d341699189f22fffd52608/thumbnails/26deebe42b944985ab6a83905a37d00a/8dafc8dbc98c4f5bb6cb7a84884c3d33.jpeg",
        "height": 36
      }
    ]
  },
  "user": {
    "uid": "84586fd20ae74043b2bbd2ad62abc0a7",
    "username": "zach.kolman",
    "displayName": "Zach Kolman",
    "profileUrl": "https://sketchfab.com/zach.kolman",
    "account": "basic",
    "avatar": {
      "uri": "https://api.sketchfab.com/v3/avatars/acaa660d37824483b45d76b1dbdd8f0b",
      "images": [
        {
          "size": 1673,
          "width": 32,
          "url": "https://media.sketchfab.com/avatars/acaa660d37824483b45d76b1dbdd8f0b/35392e572846435e8e940b1e169b0c4c.png",
          "height": 32
        },
        {
          "size": 3203,
          "width": 48,
          "url": "https://media.sketchfab.com/avatars/acaa660d37824483b45d76b1dbdd8f0b/b3f11035d5d04511b2a2f655c78640c8.png",
          "height": 48
        },
        {
          "size": 9665,
          "width": 90,
          "url": "https://media.sketchfab.com/avatars/acaa660d37824483b45d76b1dbdd8f0b/7e054f570cf746f0bf49a660c509e8f9.png",
          "height": 90
        },
        {
          "size": 11804,
          "width": 100,
          "url": "https://media.sketchfab.com/avatars/acaa660d37824483b45d76b1dbdd8f0b/73306bd52c2b4b6f8a6a3565113f634e.png",
          "height": 100
        }
      ]
    },
    "uri": "https://api.sketchfab.com/v3/users/84586fd20ae74043b2bbd2ad62abc0a7"
  },
  "description": "My take on a Dark Souls style boss knight. Started out as an idea for a game jam, but due to not getting put in by the deadline, it basically turned into a high res sculpt. I really like to somewhat cartoony feel, and this was a great practice for making more realistic looking components.",
  "faceCount": 1178069,
  "createdAt": "2020-01-25T17:00:51.426284",
  "vertexCount": 589979,
  "isAgeRestricted": false,
  "archives": {
    "glb": {
      "textureCount": 76,
      "size": 287709820,
      "type": "glb",
      "textureMaxResolution": 2048,
      "faceCount": 1178069,
      "vertexCount": 842264
    },
    "gltf": {
      "textureCount": 76,
      "size": 261957028,
      "type": "gltf",
      "textureMaxResolution": 2048,
      "faceCount": 1178069,
      "vertexCount": 842264
    },
    "source": {
      "textureCount": null,
      "size": 280800404,
      "type": "source",
      "textureMaxResolution": null,
      "faceCount": null,
      "vertexCount": null
    },
    "usdz": {
      "textureCount": null,
      "size": 34347428,
      "type": "usdz",
      "textureMaxResolution": null,
      "faceCount": null,
      "vertexCount": null
    }
  },
  "license": "by"
}