{
  "uri": "https://api.sketchfab.com/v3/models/83e10de725b340d6929fc4fa5889e9f3",
  "uid": "83e10de725b340d6929fc4fa5889e9f3",
  "name": "Combat Dirk",
  "staffpickedAt": null,
  "viewCount": 2179,
  "likeCount": 21,
  "animationCount": 0,
  "viewerUrl": "https://sketchfab.com/3d-models/83e10de725b340d6929fc4fa5889e9f3",
  "embedUrl": "https://sketchfab.com/models/83e10de725b340d6929fc4fa5889e9f3/embed",
  "commentCount": 0,
  "isDownloadable": true,
  "publishedAt": "2021-01-26T20:16:00.892362",
  "tags": [
    {
      "name": "melee",
      "slug": "melee",
      "uri": "https://api.sketchfab.com/v3/tags/melee"
    },
    {
      "name": "combat",
      "slug": "combat",
      "uri": "https://api.sketchfab.com/v3/tags/combat"
    },
    {
      "name": "tactical",
      "slug": "tactical",
      "uri": "https://api.sketchfab.com/v3/tags/tactical"
    },
    {
      "name": "dirk",
      "slug": "dirk",
      "uri": "https://api.sketchfab.com/v3/tags/dirk"
    },
    {
      "name": "weapon",
      "slug": "weapon",
      "uri": "https://api.sketchfab.com/v3/tags/weapon"
    },
    {
      "name": "knife",
      "slug": "knife",
      "uri": "https://api.sketchfab.com/v3/tags/knife"
    },
    {
      "name": "asset",
      "slug": "asset",
      "uri": "https://api.sketchfab.com/v3/tags/asset"
    },
    {
      "name": "game",
      "slug": "game",
      "uri": "https://api.sketchfab.com/v3/tags/game"
    },
    {
      "name": "pbr",
      "slug": "pbr",
      "uri": "https://api.sketchfab.com/v3/tags/pbr"
    },
    {
      "name": "military",
      "slug": "military",
      "uri": "https://api.sketchfab.com/v3/tags/military"
    },
    {
      "name": "sci-fi",
      "slug": "sci-fi",
      "uri": "https://api.sketchfab.com/v3/tags/sci-fi"
    },
    {
      "name": "blade",
      "slug": "blade",
      "uri": "https://api.sketchfab.com/v3/tags/blade"
    }
  ],
  "categories": [
    {
      "name": "weapons-military"
    }
  ],
  "thumbnails": {
    "images": [
      {
        "uid": "4832b57be503417bb31cc04e910de78a",
        "size": 109367,
        "width": 1920,
        "url": "https://media.sketchfab.com/models/83e10de725b340d6929fc4fa5889e9f3/thumbnails/851b32e489f14550a88a73a8d24b4bf6/d827cf181e2842038005c38ca77ba8b2.jpeg",
        "height": 1080
      },
      {
        "uid": "7a492823b539466089558856f787f6e3",
        "size": 23903,
        "width": 1024,
        "url": "https://media.sketchfab.com/models/83e10de725b340d6929fc4fa5889e9f3/thumbnails/851b32e489f14550a88a73a8d24b4bf6/c76842c643a142e8821d9113af0c3a62.jpeg",
        "height": 576
      },
      {
        "uid": "96326890a429437e9a105e98f489dbfd",
        "size": 14252,
        "width": 720,
        "url": "https://media.sketchfab.com/models/83e10de725b340d6929fc4fa5889e9f3/thumbnails/851b32e489f14550a88a73a8d24b4bf6/624110697db44950bf19bbf37d31030c.jpeg",
        "height": 405
      },
      {
        "uid": "90acb986ed1f4b109994ffe70777bfd0",
        "size": 3353,
        "width": 256,
        "url": "https://media.sketchfab.com/models/83e10de725b340d6929fc4fa5889e9f3/thumbnails/851b32e489f14550a88a73a8d24b4bf6/d657bf465c954617ba2ae06a8a490c43.jpeg",
        "height": 144
      },
      {
        "uid": "da76b3a6f38b48c094d1b2d6897dc437",
        "size": 720,
        "width": 64,
        "url": "https://media.sketchfab.com/models/83e10de725b340d6929fc4fa5889e9f3/thumbnails/851b32e489f14550a88a73a8d24b4bf6/43fc68358070479681a3f5f492c91dde.jpeg",
        "height": 36
      }
    ]
  },
  "user": {
    "uid": "dd7d3a9038294e96b14ead88507580cc",
    "username": "c3posw01",
    "displayName": "Maksim Batyrev",
    "profileUrl": "https://sketchfab.com/c3posw01",
    "account": "basic",
    "avatar": {
      "uri": "https://api.sketchfab.com/v3/avatars/d7b53d12cdc44528813748753c5947e5",
      "images": [
        {
          "size": 722,
          "width": 32,
          "url": "https://media.sketchfab.com/avatars/d7b53d12cdc44528813748753c5947e5/0a643ab2ecb1446ea4fcf4f20a91cfbb.jpeg",
          "height": 32
        },
        {
          "size": 1163,
          "width": 48,
          "url": "https://media.sketchfab.com/avatars/d7b53d12cdc44528813748753c5947e5/603d5a6d8c944cc1bfa79c9dc2645a39.jpeg",
          "height": 48
        },
        {
          "size": 3751,
          "width": 90,
          "url": "https://media.sketchfab.com/avatars/d7b53d12cdc44528813748753c5947e5/b56ac25de3c940b5829c9a809c9d7d24.jpeg",
          "height": 90
        },
        {
          "size": 4506,
          "width": 100,
          "url": "https://media.sketchfab.com/avatars/d7b53d12cdc44528813748753c5947e5/14bd53020e5e4741be49ae74a81b9d54.jpeg",
          "height": 100
        }
      ]
    },
    "uri": "https://api.sketchfab.com/v3/users/dd7d3a9038294e96b14ead88507580cc"
  },
  "description": "Combat Dirk. Graceful tactical weapon for your game. <br>\nOne model poly count: 2192 tris, 1113 verts in 3ds max, 1940 verts in game engines. <br>\nTexture size: 2048*2048, tga format. PBR workflow: metallic/roughness. <br>\nI hope you will enjoy my product! If you have questions about this model or you have a problem send me: c3posw@mail.ru. I believe this world is beautiful and all problems can be solved! <br>",
  "faceCount": 8768,
  "createdAt": "2021-01-26T18:47:22.656580",
  "vertexCount": 4452,
  "isAgeRestricted": false,
  "archives": {
    "glb": {
      "textureCount": 12,
      "size": 26331260,
      "type": "glb",
      "textureMaxResolution": 2048,
      "faceCount": 8768,
      "vertexCount": 7760
    },
    "gltf": {
      "textureCount": 12,
      "size": 25985071,
      "type": "gltf",
      "textureMaxResolution": 2048,
      "faceCount": 8768,
      "vertexCount": 7760
    },
    "source": {
      "textureCount": null,
      "size": 41663142,
      "type": "source",
      "textureMaxResolution": null,
      "faceCount": null,
      "vertexCount": null
    },
    "usdz": {
      "textureCount": null,
      "size": 2746027,
      "type": "usdz",
      "textureMaxResolution": null,
      "faceCount": null,
      "vertexCount": null
    }
  },
  "license": "by"
}