{
  "uri": "https://api.sketchfab.com/v3/models/83e1b04a0b8447d19694c55c24625a7c",
  "uid": "83e1b04a0b8447d19694c55c24625a7c",
  "name": "Up_scene",
  "staffpickedAt": null,
  "viewCount": 31,
  "likeCount": 0,
  "animationCount": 0,
  "viewerUrl": "https://sketchfab.com/3d-models/83e1b04a0b8447d19694c55c24625a7c",
  "embedUrl": "https://sketchfab.com/models/83e1b04a0b8447d19694c55c24625a7c/embed",
  "commentCount": 0,
  "isDownloadable": true,
  "publishedAt": "2018-09-19T16:42:26.427001",
  "tags": [
    {
      "name": "low-poly",
      "slug": "low-poly",
      "uri": "https://api.sketchfab.com/v3/tags/low-poly"
    }
  ],
  "categories": [
    {
      "name": "architecture"
    },
    {
      "name": "furniture-home"
    }
  ],
  "thumbnails": {
    "images": [
      {
        "uid": "c5a3648a4639400db1837432c1805801",
        "size": 86492,
        "width": 1920,
        "url": "https://media.sketchfab.com/models/83e1b04a0b8447d19694c55c24625a7c/thumbnails/0cc47cb49e1b451eb4367d3b3897ed3c/0a51f4c1682b4d3ca945e2c4d97c833b.jpeg",
        "height": 1080
      },
      {
        "uid": "3551867473b74a72b86ed5aeba16a665",
        "size": 32199,
        "width": 1024,
        "url": "https://media.sketchfab.com/models/83e1b04a0b8447d19694c55c24625a7c/thumbnails/0cc47cb49e1b451eb4367d3b3897ed3c/eb5acb3a37144b868012d8d8629fbbec.jpeg",
        "height": 576
      },
      {
        "uid": "36450b7ab0cc442fa5bfdef19c65baac",
        "size": 19340,
        "width": 720,
        "url": "https://media.sketchfab.com/models/83e1b04a0b8447d19694c55c24625a7c/thumbnails/0cc47cb49e1b451eb4367d3b3897ed3c/8e86ba54f51441b9b7b3a921b8763f7d.jpeg",
        "height": 405
      },
      {
        "uid": "84caf0e7eb18433dac8fbde172e2d204",
        "size": 4165,
        "width": 256,
        "url": "https://media.sketchfab.com/models/83e1b04a0b8447d19694c55c24625a7c/thumbnails/0cc47cb49e1b451eb4367d3b3897ed3c/1b0ce9101c4f4287b7ed99a16e27c771.jpeg",
        "height": 144
      },
      {
        "uid": "fc9fa0ee16a04f8b8746ba2920163069",
        "size": 763,
        "width": 64,
        "url": "https://media.sketchfab.com/models/83e1b04a0b8447d19694c55c24625a7c/thumbnails/0cc47cb49e1b451eb4367d3b3897ed3c/2c63138a806c44e4a44de7abc870236c.jpeg",
        "height": 36
      }
    ]
  },
  "user": {
    "uid": "4f233db0f21e42c8909b62f85ef2e756",
    "username": "brillie_phan",
    "displayName": "brillie_phan",
    "profileUrl": "https://sketchfab.com/brillie_phan",
    "account": "basic",
    "avatar": {
      "uri": "https://api.sketchfab.com/v3/avatars/570293b7717d49b78ff7f0f15fb97a27",
      "images": [
        {
          "size": 2303,
          "width": 32,
          "url": "https://media.sketchfab.com/avatars/570293b7717d49b78ff7f0f15fb97a27/b37b73f66fe74d7badbf7c578030390a.png",
          "height": 32
        },
        {
          "size": 4528,
          "width": 48,
          "url": "https://media.sketchfab.com/avatars/570293b7717d49b78ff7f0f15fb97a27/7690f55a763c4143ab7ba936f277b9e8.png",
          "height": 48
        },
        {
          "size": 10811,
          "width": 90,
          "url": "https://media.sketchfab.com/avatars/570293b7717d49b78ff7f0f15fb97a27/14eca0d124c542d69aaa67a6959ba8f6.png",
          "height": 90
        },
        {
          "size": 12490,
          "width": 100,
          "url": "https://media.sketchfab.com/avatars/570293b7717d49b78ff7f0f15fb97a27/01c2deaf130f46bfb0506df0bd39eae4.png",
          "height": 100
        }
      ]
    },
    "uri": "https://api.sketchfab.com/v3/users/4f233db0f21e42c8909b62f85ef2e756"
  },
  "description": "",
  "faceCount": 86418,
  "createdAt": "2018-09-19T15:54:32.896160",
  "vertexCount": 47657,
  "isAgeRestricted": false,
  "archives": {
    "glb": {
      "textureCount": 1,
      "size": 6587960,
      "type": "glb",
      "textureMaxResolution": 512,
      "faceCount": 86411,
      "vertexCount": 210186
    },
    "gltf": {
      "textureCount": 1,
      "size": 1676966,
      "type": "gltf",
      "textureMaxResolution": 512,
      "faceCount": 86411,
      "vertexCount": 210186
    },
    "source": {
      "textureCount": null,
      "size": 1946140,
      "type": "source",
      "textureMaxResolution": null,
      "faceCount": null,
      "vertexCount": null
    },
    "usdz": {
      "textureCount": null,
      "size": 4945652,
      "type": "usdz",
      "textureMaxResolution": null,
      "faceCount": null,
      "vertexCount": null
    }
  },
  "license": "by"
}