{
  "uri": "https://api.sketchfab.com/v3/models/83e40ee070954975b2a14442c4a8ffd9",
  "uid": "83e40ee070954975b2a14442c4a8ffd9",
  "name": "Sphere",
  "staffpickedAt": null,
  "viewCount": 47,
  "likeCount": 2,
  "animationCount": 0,
  "viewerUrl": "https://sketchfab.com/3d-models/83e40ee070954975b2a14442c4a8ffd9",
  "embedUrl": "https://sketchfab.com/models/83e40ee070954975b2a14442c4a8ffd9/embed",
  "commentCount": 0,
  "isDownloadable": true,
  "publishedAt": "2020-09-05T21:50:11.306357",
  "tags": [],
  "categories": [],
  "thumbnails": {
    "images": [
      {
        "uid": "9580d3e129cd43dabcdcad71115a5cf3",
        "size": 40495,
        "width": 1920,
        "url": "https://media.sketchfab.com/models/83e40ee070954975b2a14442c4a8ffd9/thumbnails/c7da00bbfa16416495c9001868f5693b/0214c60be09c48afa5255c58f397725a.jpeg",
        "height": 1080
      },
      {
        "uid": "e61356d39f48457795eb33da615b3458",
        "size": 15532,
        "width": 1024,
        "url": "https://media.sketchfab.com/models/83e40ee070954975b2a14442c4a8ffd9/thumbnails/c7da00bbfa16416495c9001868f5693b/95131591030e4ae5b87dd82d338b1261.jpeg",
        "height": 576
      },
      {
        "uid": "c7c5415a285a4a6d9bf81b19109305d5",
        "size": 9762,
        "width": 720,
        "url": "https://media.sketchfab.com/models/83e40ee070954975b2a14442c4a8ffd9/thumbnails/c7da00bbfa16416495c9001868f5693b/bfeb38299f734211892c998f2056aed5.jpeg",
        "height": 405
      },
      {
        "uid": "c203b4890e7e4614891efc1c12effe81",
        "size": 2480,
        "width": 256,
        "url": "https://media.sketchfab.com/models/83e40ee070954975b2a14442c4a8ffd9/thumbnails/c7da00bbfa16416495c9001868f5693b/658f6b2137514b79856b06df0a03be8d.jpeg",
        "height": 144
      },
      {
        "uid": "cbbdbc5583b642b780afc6b5ec456144",
        "size": 662,
        "width": 64,
        "url": "https://media.sketchfab.com/models/83e40ee070954975b2a14442c4a8ffd9/thumbnails/c7da00bbfa16416495c9001868f5693b/15ead55bdf81476181108201f0e0dda4.jpeg",
        "height": 36
      }
    ]
  },
  "user": {
    "uid": "f71e9eebe255458a939678f9d9d3c859",
    "username": "c956530981",
    "displayName": "c956530981",
    "profileUrl": "https://sketchfab.com/c956530981",
    "account": "basic",
    "avatar": {
      "uri": "https://api.sketchfab.com/v3/avatars/3ef1bd11d3eb4b57a0b353e8f2e5fc3e",
      "images": [
        {
          "size": 680,
          "width": 32,
          "url": "https://media.sketchfab.com/avatars/3ef1bd11d3eb4b57a0b353e8f2e5fc3e/116042a0854e40538adab302b593683d.jpeg",
          "height": 32
        },
        {
          "size": 1253,
          "width": 48,
          "url": "https://media.sketchfab.com/avatars/3ef1bd11d3eb4b57a0b353e8f2e5fc3e/efea16be51d04eb7a00cb9ea0b43b87f.jpeg",
          "height": 48
        },
        {
          "size": 2797,
          "width": 90,
          "url": "https://media.sketchfab.com/avatars/3ef1bd11d3eb4b57a0b353e8f2e5fc3e/ac9b469ccec74caf923a81fb2f0be3ed.jpeg",
          "height": 90
        },
        {
          "size": 3215,
          "width": 100,
          "url": "https://media.sketchfab.com/avatars/3ef1bd11d3eb4b57a0b353e8f2e5fc3e/a075e1d43d2f446c949b5967b470c757.jpeg",
          "height": 100
        }
      ]
    },
    "uri": "https://api.sketchfab.com/v3/users/f71e9eebe255458a939678f9d9d3c859"
  },
  "description": "gltf",
  "faceCount": 1212,
  "createdAt": "2020-09-05T21:49:25.385164",
  "vertexCount": 608,
  "isAgeRestricted": false,
  "archives": {
    "glb": {
      "textureCount": 1,
      "size": 306144,
      "type": "glb",
      "textureMaxResolution": 512,
      "faceCount": 1212,
      "vertexCount": 2744
    },
    "gltf": {
      "textureCount": 1,
      "size": 239814,
      "type": "gltf",
      "textureMaxResolution": 512,
      "faceCount": 1212,
      "vertexCount": 2744
    },
    "source": {
      "textureCount": null,
      "size": 592333,
      "type": "source",
      "textureMaxResolution": null,
      "faceCount": null,
      "vertexCount": null
    },
    "usdz": {
      "textureCount": null,
      "size": 252794,
      "type": "usdz",
      "textureMaxResolution": null,
      "faceCount": null,
      "vertexCount": null
    }
  },
  "license": "by"
}