{
  "uri": "https://api.sketchfab.com/v3/models/83e5d07aa30c48a3bfd9c190ae22832c",
  "uid": "83e5d07aa30c48a3bfd9c190ae22832c",
  "name": "STR building",
  "staffpickedAt": null,
  "viewCount": 22,
  "likeCount": 3,
  "animationCount": 0,
  "viewerUrl": "https://sketchfab.com/3d-models/83e5d07aa30c48a3bfd9c190ae22832c",
  "embedUrl": "https://sketchfab.com/models/83e5d07aa30c48a3bfd9c190ae22832c/embed",
  "commentCount": 0,
  "isDownloadable": true,
  "publishedAt": "2022-02-09T11:02:49.696838",
  "tags": [],
  "categories": [],
  "thumbnails": {
    "images": [
      {
        "uid": "252cbf08e64041108862766195f8e1aa",
        "size": 95990,
        "width": 1920,
        "url": "https://media.sketchfab.com/models/83e5d07aa30c48a3bfd9c190ae22832c/thumbnails/24fe417e5e3c4d6f879e1c32b405eb62/c134159a49194df9b0ab71c68a8744b8.jpeg",
        "height": 1080
      },
      {
        "uid": "1baa766930a84f10a7d516b08990fe1f",
        "size": 32258,
        "width": 1024,
        "url": "https://media.sketchfab.com/models/83e5d07aa30c48a3bfd9c190ae22832c/thumbnails/24fe417e5e3c4d6f879e1c32b405eb62/102d74ec0091403c92e196d988584b7c.jpeg",
        "height": 576
      },
      {
        "uid": "432c3685f4ff4fb394835a752d745120",
        "size": 19920,
        "width": 720,
        "url": "https://media.sketchfab.com/models/83e5d07aa30c48a3bfd9c190ae22832c/thumbnails/24fe417e5e3c4d6f879e1c32b405eb62/781ce9c98d9b417cbe96ada641ba1dd8.jpeg",
        "height": 405
      },
      {
        "uid": "f1b49d9bde904007abae3187acbf086d",
        "size": 4530,
        "width": 256,
        "url": "https://media.sketchfab.com/models/83e5d07aa30c48a3bfd9c190ae22832c/thumbnails/24fe417e5e3c4d6f879e1c32b405eb62/a85321fb6bb241bca0664747db1d0452.jpeg",
        "height": 144
      },
      {
        "uid": "f5ef055ae4094d30bd8513f7b8ef1c90",
        "size": 1154,
        "width": 64,
        "url": "https://media.sketchfab.com/models/83e5d07aa30c48a3bfd9c190ae22832c/thumbnails/24fe417e5e3c4d6f879e1c32b405eb62/6a2e625778dd4dbda33408b9f804bacc.jpeg",
        "height": 36
      }
    ]
  },
  "user": {
    "uid": "a54347af6ca441ee881667754fa4c670",
    "username": "ztrztr3",
    "displayName": "ztrztr",
    "profileUrl": "https://sketchfab.com/ztrztr3",
    "account": "basic",
    "avatar": {
      "uri": "https://api.sketchfab.com/v3/avatars/20824e16262647f0afcaf0d6079b8dbf",
      "images": [
        {
          "size": 1553,
          "width": 32,
          "url": "https://media.sketchfab.com/avatars/20824e16262647f0afcaf0d6079b8dbf/83bc5dbf8565460d8d0aab0bd8fc5d01.png",
          "height": 32
        },
        {
          "size": 2713,
          "width": 48,
          "url": "https://media.sketchfab.com/avatars/20824e16262647f0afcaf0d6079b8dbf/467bb7ea6c8940e5a3b0b3c689fac04b.png",
          "height": 48
        },
        {
          "size": 7116,
          "width": 90,
          "url": "https://media.sketchfab.com/avatars/20824e16262647f0afcaf0d6079b8dbf/cf1698fe923d4fd6b6943b9d01b9a10a.png",
          "height": 90
        },
        {
          "size": 8418,
          "width": 100,
          "url": "https://media.sketchfab.com/avatars/20824e16262647f0afcaf0d6079b8dbf/73d5a3aa91294b5aa84988fc9a2b8480.png",
          "height": 100
        }
      ]
    },
    "uri": "https://api.sketchfab.com/v3/users/a54347af6ca441ee881667754fa4c670"
  },
  "description": "",
  "faceCount": 4878,
  "createdAt": "2022-02-09T11:00:35.312768",
  "vertexCount": 3127,
  "isAgeRestricted": false,
  "archives": {
    "glb": {
      "textureCount": 0,
      "size": 315424,
      "type": "glb",
      "textureMaxResolution": 0,
      "faceCount": 4821,
      "vertexCount": 7866
    },
    "gltf": {
      "textureCount": 0,
      "size": 64274,
      "type": "gltf",
      "textureMaxResolution": 0,
      "faceCount": 4821,
      "vertexCount": 7866
    },
    "source": {
      "textureCount": null,
      "size": 56220,
      "type": "source",
      "textureMaxResolution": null,
      "faceCount": null,
      "vertexCount": null
    },
    "usdz": {
      "textureCount": null,
      "size": 197191,
      "type": "usdz",
      "textureMaxResolution": null,
      "faceCount": null,
      "vertexCount": null
    }
  },
  "license": "by"
}