{
  "uri": "https://api.sketchfab.com/v3/models/83e5452ee5db4d76902ec46948783519",
  "uid": "83e5452ee5db4d76902ec46948783519",
  "name": "Egypt Dog",
  "staffpickedAt": null,
  "viewCount": 112,
  "likeCount": 0,
  "animationCount": 0,
  "viewerUrl": "https://sketchfab.com/3d-models/83e5452ee5db4d76902ec46948783519",
  "embedUrl": "https://sketchfab.com/models/83e5452ee5db4d76902ec46948783519/embed",
  "commentCount": 0,
  "isDownloadable": true,
  "publishedAt": "2015-07-21T20:28:59",
  "tags": [
    {
      "name": "dog",
      "slug": "dog",
      "uri": "https://api.sketchfab.com/v3/tags/dog"
    },
    {
      "name": "egypt",
      "slug": "egypt",
      "uri": "https://api.sketchfab.com/v3/tags/egypt"
    },
    {
      "name": "animal",
      "slug": "animal",
      "uri": "https://api.sketchfab.com/v3/tags/animal"
    }
  ],
  "categories": [
    {
      "name": "animals-pets"
    },
    {
      "name": "architecture"
    }
  ],
  "thumbnails": {
    "images": [
      {
        "uid": "0d842cc61fcf40ffba968c4989f7299a",
        "size": 79457,
        "width": 1920,
        "url": "https://media.sketchfab.com/models/83e5452ee5db4d76902ec46948783519/thumbnails/c6f54f342b4646b4b3cd13f10292ab58/3c505fdbb28d4c308a7994f6101acd43.jpeg",
        "height": 1080
      },
      {
        "uid": "9de9bcf50e7c421ea90885fca6965a7f",
        "size": 28626,
        "width": 1024,
        "url": "https://media.sketchfab.com/models/83e5452ee5db4d76902ec46948783519/thumbnails/c6f54f342b4646b4b3cd13f10292ab58/0fb7fb92375440358ec6bc4cdf6ac0d4.jpeg",
        "height": 576
      },
      {
        "uid": "64fdbb4ef76144a6b63712f06412785f",
        "size": 17845,
        "width": 720,
        "url": "https://media.sketchfab.com/models/83e5452ee5db4d76902ec46948783519/thumbnails/c6f54f342b4646b4b3cd13f10292ab58/4b2fe2aef740426eb2ea78f6f0c72cc2.jpeg",
        "height": 405
      },
      {
        "uid": "58f68e6b43df48818c3e48a7df280802",
        "size": 4545,
        "width": 256,
        "url": "https://media.sketchfab.com/models/83e5452ee5db4d76902ec46948783519/thumbnails/c6f54f342b4646b4b3cd13f10292ab58/38600517c7894a7ab040b6ce5d487ec9.jpeg",
        "height": 144
      },
      {
        "uid": "9dc9911547664109a4a2d95742c5b754",
        "size": 994,
        "width": 64,
        "url": "https://media.sketchfab.com/models/83e5452ee5db4d76902ec46948783519/thumbnails/c6f54f342b4646b4b3cd13f10292ab58/af85efa9e80f4c588ab6e7d5395ddbc4.jpeg",
        "height": 36
      }
    ]
  },
  "user": {
    "uid": "824195025f7f468ea145a0c2e063b428",
    "username": "mightee.cactus",
    "displayName": "mightee.cactus",
    "profileUrl": "https://sketchfab.com/mightee.cactus",
    "account": "basic",
    "avatar": {
      "uri": "https://api.sketchfab.com/v3/avatars/4e7e8d8cf4324a3f9e8ac1ac041c5a4a",
      "images": [
        {
          "size": 3104,
          "width": 100,
          "url": "https://media.sketchfab.com/avatars/4e7e8d8cf4324a3f9e8ac1ac041c5a4a/605b40da89734d6db16f425d9172aa3a.jpeg",
          "height": 100
        },
        {
          "size": 2678,
          "width": 90,
          "url": "https://media.sketchfab.com/avatars/4e7e8d8cf4324a3f9e8ac1ac041c5a4a/650cce100e05478d976ebc58ae3aa425.jpeg",
          "height": 90
        },
        {
          "size": 1144,
          "width": 48,
          "url": "https://media.sketchfab.com/avatars/4e7e8d8cf4324a3f9e8ac1ac041c5a4a/d7d9c96d246542a7bf5a1c4d9f755704.jpeg",
          "height": 48
        },
        {
          "size": 774,
          "width": 32,
          "url": "https://media.sketchfab.com/avatars/4e7e8d8cf4324a3f9e8ac1ac041c5a4a/3489943994c144cb966ee2c3784f30fd.jpeg",
          "height": 32
        }
      ]
    },
    "uri": "https://api.sketchfab.com/v3/users/824195025f7f468ea145a0c2e063b428"
  },
  "description": "",
  "faceCount": 156,
  "createdAt": "2015-07-21T20:24:40",
  "vertexCount": 172,
  "isAgeRestricted": false,
  "archives": {
    "glb": {
      "textureCount": 0,
      "size": 23252,
      "type": "glb",
      "textureMaxResolution": 0,
      "faceCount": 316,
      "vertexCount": 526
    },
    "gltf": {
      "textureCount": 0,
      "size": 8328,
      "type": "gltf",
      "textureMaxResolution": 0,
      "faceCount": 316,
      "vertexCount": 526
    },
    "source": {
      "textureCount": null,
      "size": 103746,
      "type": "source",
      "textureMaxResolution": null,
      "faceCount": null,
      "vertexCount": null
    },
    "usdz": {
      "textureCount": null,
      "size": 16356,
      "type": "usdz",
      "textureMaxResolution": null,
      "faceCount": null,
      "vertexCount": null
    }
  },
  "license": "by"
}