{
  "uri": "https://api.sketchfab.com/v3/models/83e754c793914877a774af2259912fc3",
  "uid": "83e754c793914877a774af2259912fc3",
  "name": "AarayaProjecto01",
  "staffpickedAt": null,
  "viewCount": 4,
  "likeCount": 0,
  "animationCount": 0,
  "viewerUrl": "https://sketchfab.com/3d-models/83e754c793914877a774af2259912fc3",
  "embedUrl": "https://sketchfab.com/models/83e754c793914877a774af2259912fc3/embed",
  "commentCount": 0,
  "isDownloadable": true,
  "publishedAt": "2022-06-07T20:28:33.503346",
  "tags": [],
  "categories": [],
  "thumbnails": {
    "images": [
      {
        "uid": "a443eb05d6e94fe1aa7e3fc90080aeef",
        "size": 44941,
        "width": 1920,
        "url": "https://media.sketchfab.com/models/83e754c793914877a774af2259912fc3/thumbnails/c75574ca7cd04d8ebe2aaf018c50c345/8544c3fe1a854dc988dbdc81a620eb19.jpeg",
        "height": 1080
      },
      {
        "uid": "6f48f257dec6423490f335013ec4e7de",
        "size": 14191,
        "width": 1024,
        "url": "https://media.sketchfab.com/models/83e754c793914877a774af2259912fc3/thumbnails/c75574ca7cd04d8ebe2aaf018c50c345/ce6b5af27192457f9d4124d7e1d49d2b.jpeg",
        "height": 576
      },
      {
        "uid": "59709290a7124a0a87b3b120352d4249",
        "size": 8070,
        "width": 720,
        "url": "https://media.sketchfab.com/models/83e754c793914877a774af2259912fc3/thumbnails/c75574ca7cd04d8ebe2aaf018c50c345/b70bac3dcb554d3ead800e7965fa8e55.jpeg",
        "height": 405
      },
      {
        "uid": "65954456d1eb43779a21fa01f365ba64",
        "size": 1872,
        "width": 256,
        "url": "https://media.sketchfab.com/models/83e754c793914877a774af2259912fc3/thumbnails/c75574ca7cd04d8ebe2aaf018c50c345/7ff574f132c44c7aa9d1388537c48cd4.jpeg",
        "height": 144
      },
      {
        "uid": "8fcf109c31184eef89d9c534ca058d55",
        "size": 791,
        "width": 64,
        "url": "https://media.sketchfab.com/models/83e754c793914877a774af2259912fc3/thumbnails/c75574ca7cd04d8ebe2aaf018c50c345/03bf85d5be7e4b8eb3f844e0d4a66278.jpeg",
        "height": 36
      }
    ]
  },
  "user": {
    "uid": "8a9566758f424bfcbadd04f80e4956c9",
    "username": "PabloAAraya",
    "displayName": "PabloAAraya",
    "profileUrl": "https://sketchfab.com/PabloAAraya",
    "account": "basic",
    "avatar": {
      "uri": "https://api.sketchfab.com/v3/avatars/51af6a870cce449eb75b0345feebaebb",
      "images": [
        {
          "size": 5719,
          "width": 90,
          "url": "https://media.sketchfab.com/avatars/51af6a870cce449eb75b0345feebaebb/2ef0f894055b4bb69123b2a27fa2d379.jpeg",
          "height": 90
        },
        {
          "size": 6496,
          "width": 100,
          "url": "https://media.sketchfab.com/avatars/51af6a870cce449eb75b0345feebaebb/ab11eedf96374486acb544f71a23b165.jpeg",
          "height": 100
        },
        {
          "size": 1359,
          "width": 32,
          "url": "https://media.sketchfab.com/avatars/51af6a870cce449eb75b0345feebaebb/35f6f9b6c9a14a548ce472582d8a9bb5.jpeg",
          "height": 32
        },
        {
          "size": 2584,
          "width": 48,
          "url": "https://media.sketchfab.com/avatars/51af6a870cce449eb75b0345feebaebb/a8072a51447c4d41ab177b357111b420.jpeg",
          "height": 48
        }
      ]
    },
    "uri": "https://api.sketchfab.com/v3/users/8a9566758f424bfcbadd04f80e4956c9"
  },
  "description": "",
  "faceCount": 8070,
  "createdAt": "2022-06-05T20:28:58.460073",
  "vertexCount": 2206,
  "isAgeRestricted": false,
  "archives": {
    "glb": {
      "textureCount": 0,
      "size": 380052,
      "type": "glb",
      "textureMaxResolution": 0,
      "faceCount": 6798,
      "vertexCount": 8950
    },
    "gltf": {
      "textureCount": 0,
      "size": 35334,
      "type": "gltf",
      "textureMaxResolution": 0,
      "faceCount": 6798,
      "vertexCount": 8950
    },
    "source": {
      "textureCount": null,
      "size": 148756,
      "type": "source",
      "textureMaxResolution": null,
      "faceCount": null,
      "vertexCount": null
    },
    "usdz": {
      "textureCount": null,
      "size": 90778,
      "type": "usdz",
      "textureMaxResolution": null,
      "faceCount": null,
      "vertexCount": null
    }
  },
  "license": "by"
}