{
  "uri": "https://api.sketchfab.com/v3/models/83ec42e54dc54b4ba3dff3102a7fb14f",
  "uid": "83ec42e54dc54b4ba3dff3102a7fb14f",
  "name": "04_INDA_Y2_AD1_Patrick_Adam_TextureModel",
  "staffpickedAt": null,
  "viewCount": 10,
  "likeCount": 1,
  "animationCount": 0,
  "viewerUrl": "https://sketchfab.com/3d-models/83ec42e54dc54b4ba3dff3102a7fb14f",
  "embedUrl": "https://sketchfab.com/models/83ec42e54dc54b4ba3dff3102a7fb14f/embed",
  "commentCount": 0,
  "isDownloadable": true,
  "publishedAt": "2021-05-02T10:01:47.979575",
  "tags": [
    {
      "name": "patrick",
      "slug": "patrick",
      "uri": "https://api.sketchfab.com/v3/tags/patrick"
    },
    {
      "name": "adam",
      "slug": "adam",
      "uri": "https://api.sketchfab.com/v3/tags/adam"
    },
    {
      "name": "04",
      "slug": "04",
      "uri": "https://api.sketchfab.com/v3/tags/04"
    },
    {
      "name": "inda",
      "slug": "inda",
      "uri": "https://api.sketchfab.com/v3/tags/inda"
    },
    {
      "name": "year2",
      "slug": "year2",
      "uri": "https://api.sketchfab.com/v3/tags/year2"
    },
    {
      "name": "ad1",
      "slug": "ad1",
      "uri": "https://api.sketchfab.com/v3/tags/ad1"
    },
    {
      "name": "adammallamphut",
      "slug": "adammallamphut",
      "uri": "https://api.sketchfab.com/v3/tags/adammallamphut"
    },
    {
      "name": "texturemodedl",
      "slug": "texturemodedl",
      "uri": "https://api.sketchfab.com/v3/tags/texturemodedl"
    }
  ],
  "categories": [],
  "thumbnails": {
    "images": [
      {
        "uid": "62f6bbbea87941fbb5f2c1e0fa589584",
        "size": 56309,
        "width": 1920,
        "url": "https://media.sketchfab.com/models/83ec42e54dc54b4ba3dff3102a7fb14f/thumbnails/2f2aaec6b4b045f88179fccec5283404/0abc2d7d80c149858f7a1f96fbfaba32.jpeg",
        "height": 1080
      },
      {
        "uid": "e78650b3c8404dbe8bf38cc9cc6973b0",
        "size": 18085,
        "width": 1024,
        "url": "https://media.sketchfab.com/models/83ec42e54dc54b4ba3dff3102a7fb14f/thumbnails/2f2aaec6b4b045f88179fccec5283404/be054acdb38c4ecaaa6b7f1006c9b353.jpeg",
        "height": 576
      },
      {
        "uid": "b35994aa789741c49b17cd12b37aa230",
        "size": 10676,
        "width": 720,
        "url": "https://media.sketchfab.com/models/83ec42e54dc54b4ba3dff3102a7fb14f/thumbnails/2f2aaec6b4b045f88179fccec5283404/4b7a1417461f4e27957d86b72830156f.jpeg",
        "height": 405
      },
      {
        "uid": "5575f5219271471c9f875c962c279e08",
        "size": 2531,
        "width": 256,
        "url": "https://media.sketchfab.com/models/83ec42e54dc54b4ba3dff3102a7fb14f/thumbnails/2f2aaec6b4b045f88179fccec5283404/2c0004e53b1640d5b70dce482e469ca6.jpeg",
        "height": 144
      },
      {
        "uid": "c1223cb925894bc990385ef589056f61",
        "size": 592,
        "width": 64,
        "url": "https://media.sketchfab.com/models/83ec42e54dc54b4ba3dff3102a7fb14f/thumbnails/2f2aaec6b4b045f88179fccec5283404/21a630a60c334b728124fbd8aab03743.jpeg",
        "height": 36
      }
    ]
  },
  "user": {
    "uid": "b862d211ddcd457fac939a3427c047f8",
    "username": "Adam6316",
    "displayName": "Adam6316",
    "profileUrl": "https://sketchfab.com/Adam6316",
    "account": "basic",
    "avatar": {
      "uri": "https://api.sketchfab.com/v3/avatars/78fa317e46024a5283765aa34df5e508",
      "images": [
        {
          "size": 6421,
          "width": 100,
          "url": "https://media.sketchfab.com/avatars/78fa317e46024a5283765aa34df5e508/aec92fe9a74e499c98d759362cd7f02f.jpeg",
          "height": 100
        },
        {
          "size": 2518,
          "width": 48,
          "url": "https://media.sketchfab.com/avatars/78fa317e46024a5283765aa34df5e508/17fa177ffaa344a2b2fc8e78efd40fbb.jpeg",
          "height": 48
        },
        {
          "size": 5653,
          "width": 90,
          "url": "https://media.sketchfab.com/avatars/78fa317e46024a5283765aa34df5e508/02162695bdc840faa3bcb2d418309c5e.jpeg",
          "height": 90
        },
        {
          "size": 1350,
          "width": 32,
          "url": "https://media.sketchfab.com/avatars/78fa317e46024a5283765aa34df5e508/6fde876cbded4cd48d36a76029e3aa02.jpeg",
          "height": 32
        }
      ]
    },
    "uri": "https://api.sketchfab.com/v3/users/b862d211ddcd457fac939a3427c047f8"
  },
  "description": "",
  "faceCount": 31520,
  "createdAt": "2021-05-02T09:59:06.183618",
  "vertexCount": 16177,
  "isAgeRestricted": false,
  "archives": {
    "glb": {
      "textureCount": 16,
      "size": 12757600,
      "type": "glb",
      "textureMaxResolution": 4096,
      "faceCount": 31520,
      "vertexCount": 29043
    },
    "gltf": {
      "textureCount": 16,
      "size": 11180037,
      "type": "gltf",
      "textureMaxResolution": 4096,
      "faceCount": 31520,
      "vertexCount": 29043
    },
    "source": {
      "textureCount": null,
      "size": 60395749,
      "type": "source",
      "textureMaxResolution": null,
      "faceCount": null,
      "vertexCount": null
    },
    "usdz": {
      "textureCount": null,
      "size": 2406819,
      "type": "usdz",
      "textureMaxResolution": null,
      "faceCount": null,
      "vertexCount": null
    }
  },
  "license": "by"
}