{
  "uri": "https://api.sketchfab.com/v3/models/83edff18295f498db8d8d5b7c1fcf2fa",
  "uid": "83edff18295f498db8d8d5b7c1fcf2fa",
  "name": "Skull 15 (Part 4: Skull)",
  "staffpickedAt": null,
  "viewCount": 542,
  "likeCount": 13,
  "animationCount": 0,
  "viewerUrl": "https://sketchfab.com/3d-models/83edff18295f498db8d8d5b7c1fcf2fa",
  "embedUrl": "https://sketchfab.com/models/83edff18295f498db8d8d5b7c1fcf2fa/embed",
  "commentCount": 0,
  "isDownloadable": true,
  "publishedAt": "2019-02-15T16:52:41.418641",
  "tags": [
    {
      "name": "rossiia",
      "slug": "rossiia",
      "uri": "https://api.sketchfab.com/v3/tags/rossiia"
    },
    {
      "name": "arkheologiia",
      "slug": "arkheologiia",
      "uri": "https://api.sketchfab.com/v3/tags/arkheologiia"
    },
    {
      "name": "zheleznyi-vek",
      "slug": "zheleznyi-vek",
      "uri": "https://api.sketchfab.com/v3/tags/zheleznyi-vek"
    },
    {
      "name": "antropologiia",
      "slug": "antropologiia",
      "uri": "https://api.sketchfab.com/v3/tags/antropologiia"
    }
  ],
  "categories": [
    {
      "name": "cultural-heritage-history"
    }
  ],
  "thumbnails": {
    "images": [
      {
        "uid": "4119f51a285c40a8b97ea42091fb89cd",
        "size": 194684,
        "width": 1920,
        "url": "https://media.sketchfab.com/models/83edff18295f498db8d8d5b7c1fcf2fa/thumbnails/2f173000bea84c87be90ee6149c19ea3/ee50d08dc45d49bb92a01dd2f3e7c80a.jpeg",
        "height": 1080
      },
      {
        "uid": "312a2f5bee3f4d63a087304dcdb4ec68",
        "size": 44287,
        "width": 1024,
        "url": "https://media.sketchfab.com/models/83edff18295f498db8d8d5b7c1fcf2fa/thumbnails/2f173000bea84c87be90ee6149c19ea3/5414b7519690429cb3373ca240b5e938.jpeg",
        "height": 576
      },
      {
        "uid": "dc8118ceec5944f598ff04f48e07a1fe",
        "size": 22840,
        "width": 720,
        "url": "https://media.sketchfab.com/models/83edff18295f498db8d8d5b7c1fcf2fa/thumbnails/2f173000bea84c87be90ee6149c19ea3/60a90385db97462a94b4dcff98cbafac.jpeg",
        "height": 405
      },
      {
        "uid": "14bb9b4b501b4dfc99645a0b39f663c1",
        "size": 4272,
        "width": 256,
        "url": "https://media.sketchfab.com/models/83edff18295f498db8d8d5b7c1fcf2fa/thumbnails/2f173000bea84c87be90ee6149c19ea3/611969cd4dc14365a0c544dca42910da.jpeg",
        "height": 144
      },
      {
        "uid": "3fcf5450baa54d2ebac04935343d07a8",
        "size": 1082,
        "width": 64,
        "url": "https://media.sketchfab.com/models/83edff18295f498db8d8d5b7c1fcf2fa/thumbnails/2f173000bea84c87be90ee6149c19ea3/c74028dd482d4cb6b9cbdba9d6b578e4.jpeg",
        "height": 36
      }
    ]
  },
  "user": {
    "uid": "aa7717e9f6bd4df9955cdcae77c8e0cd",
    "username": "Digor",
    "displayName": "Igor Denisov",
    "profileUrl": "https://sketchfab.com/Digor",
    "account": "basic",
    "avatar": {
      "uri": "https://api.sketchfab.com/v3/avatars/262fd1f23bf74de182a79a31a263e8d8",
      "images": [
        {
          "size": 841,
          "width": 32,
          "url": "https://media.sketchfab.com/avatars/262fd1f23bf74de182a79a31a263e8d8/b7280b73260a41658bae46550e3b37a7.jpeg",
          "height": 32
        },
        {
          "size": 1438,
          "width": 48,
          "url": "https://media.sketchfab.com/avatars/262fd1f23bf74de182a79a31a263e8d8/7155457acd4640098d9c7cc181269d22.jpeg",
          "height": 48
        },
        {
          "size": 4146,
          "width": 90,
          "url": "https://media.sketchfab.com/avatars/262fd1f23bf74de182a79a31a263e8d8/48af9d7dd7ba4ee39eb03ae85d083bfd.jpeg",
          "height": 90
        },
        {
          "size": 4994,
          "width": 100,
          "url": "https://media.sketchfab.com/avatars/262fd1f23bf74de182a79a31a263e8d8/fa0e1de042b84bfdbd1de34e3d1c8e1a.jpeg",
          "height": 100
        }
      ]
    },
    "uri": "https://api.sketchfab.com/v3/users/aa7717e9f6bd4df9955cdcae77c8e0cd"
  },
  "description": "Russia, Republic of Bashkortostan, Kugarchinsky District. 2005 excavations. Necropolis Kanakas-2. Kurgan number 3. Burial №2. Iron Age. Chronology: III-IV century AD. Late Sarmatian culture. A child is either a hun or a late Sarmatian. The left side of the child's skull is deformed under the weight of the earth.",
  "faceCount": 1625426,
  "createdAt": "2019-02-15T16:42:40.149605",
  "vertexCount": 815187,
  "isAgeRestricted": false,
  "archives": {
    "glb": {
      "textureCount": 2,
      "size": 81261480,
      "type": "glb",
      "textureMaxResolution": 4096,
      "faceCount": 1625426,
      "vertexCount": 1031641
    },
    "gltf": {
      "textureCount": 2,
      "size": 61939815,
      "type": "gltf",
      "textureMaxResolution": 4096,
      "faceCount": 1625426,
      "vertexCount": 1031641
    },
    "source": {
      "textureCount": null,
      "size": 76092047,
      "type": "source",
      "textureMaxResolution": null,
      "faceCount": null,
      "vertexCount": null
    },
    "usdz": {
      "textureCount": null,
      "size": 39594858,
      "type": "usdz",
      "textureMaxResolution": null,
      "faceCount": null,
      "vertexCount": null
    }
  },
  "license": "by-nc-sa"
}