{
  "uri": "https://api.sketchfab.com/v3/models/83f006ceb0014a68a3ad0483c5141054",
  "uid": "83f006ceb0014a68a3ad0483c5141054",
  "name": "skyf-hsp-shhk-2-bezfas",
  "staffpickedAt": null,
  "viewCount": 4,
  "likeCount": 0,
  "animationCount": 0,
  "viewerUrl": "https://sketchfab.com/3d-models/83f006ceb0014a68a3ad0483c5141054",
  "embedUrl": "https://sketchfab.com/models/83f006ceb0014a68a3ad0483c5141054/embed",
  "commentCount": 0,
  "isDownloadable": true,
  "publishedAt": "2020-09-04T08:15:00.064810",
  "tags": [],
  "categories": [],
  "thumbnails": {
    "images": [
      {
        "uid": "33ba46e942ae4a2287ec9186437a924a",
        "size": 272723,
        "width": 1920,
        "url": "https://media.sketchfab.com/models/83f006ceb0014a68a3ad0483c5141054/thumbnails/c62fb8743974481abe3e3aa5d50b09e4/d3741358d70544899676f647d4c5458e.jpeg",
        "height": 1080
      },
      {
        "uid": "3b9ad8c625674013925d9f0ca2fd7185",
        "size": 70009,
        "width": 1024,
        "url": "https://media.sketchfab.com/models/83f006ceb0014a68a3ad0483c5141054/thumbnails/c62fb8743974481abe3e3aa5d50b09e4/2edcebdbb5fd47e9af556705ca4af7bc.jpeg",
        "height": 576
      },
      {
        "uid": "b4b78390bbf84a0e84082cf767aaafb8",
        "size": 38338,
        "width": 720,
        "url": "https://media.sketchfab.com/models/83f006ceb0014a68a3ad0483c5141054/thumbnails/c62fb8743974481abe3e3aa5d50b09e4/2242e773ea974f42b0d2a193376193de.jpeg",
        "height": 405
      },
      {
        "uid": "1ed3a1be887b4939b082b8c1ebca9033",
        "size": 6952,
        "width": 256,
        "url": "https://media.sketchfab.com/models/83f006ceb0014a68a3ad0483c5141054/thumbnails/c62fb8743974481abe3e3aa5d50b09e4/45d5fafa4edb437cbf4607641d97c35e.jpeg",
        "height": 144
      },
      {
        "uid": "1d1795a8663b4d7caa5dd05993debe2d",
        "size": 1071,
        "width": 64,
        "url": "https://media.sketchfab.com/models/83f006ceb0014a68a3ad0483c5141054/thumbnails/c62fb8743974481abe3e3aa5d50b09e4/afc5ffbd8bdd4d49b45c0333a70c7717.jpeg",
        "height": 36
      }
    ]
  },
  "user": {
    "uid": "f74ed9fa358f48548efcf464df7713fb",
    "username": "wood-cutter",
    "displayName": "wood-cutter",
    "profileUrl": "https://sketchfab.com/wood-cutter",
    "account": "basic",
    "avatar": {
      "uri": "https://api.sketchfab.com/v3/avatars/78fa317e46024a5283765aa34df5e508",
      "images": [
        {
          "size": 6421,
          "width": 100,
          "url": "https://media.sketchfab.com/avatars/78fa317e46024a5283765aa34df5e508/aec92fe9a74e499c98d759362cd7f02f.jpeg",
          "height": 100
        },
        {
          "size": 2518,
          "width": 48,
          "url": "https://media.sketchfab.com/avatars/78fa317e46024a5283765aa34df5e508/17fa177ffaa344a2b2fc8e78efd40fbb.jpeg",
          "height": 48
        },
        {
          "size": 5653,
          "width": 90,
          "url": "https://media.sketchfab.com/avatars/78fa317e46024a5283765aa34df5e508/02162695bdc840faa3bcb2d418309c5e.jpeg",
          "height": 90
        },
        {
          "size": 1350,
          "width": 32,
          "url": "https://media.sketchfab.com/avatars/78fa317e46024a5283765aa34df5e508/6fde876cbded4cd48d36a76029e3aa02.jpeg",
          "height": 32
        }
      ]
    },
    "uri": "https://api.sketchfab.com/v3/users/f74ed9fa358f48548efcf464df7713fb"
  },
  "description": "",
  "faceCount": 248940,
  "createdAt": "2020-09-04T08:05:16.972212",
  "vertexCount": 116144,
  "isAgeRestricted": false,
  "archives": {
    "glb": {
      "textureCount": 0,
      "size": 12040176,
      "type": "glb",
      "textureMaxResolution": 0,
      "faceCount": 227506,
      "vertexCount": 178179
    },
    "gltf": {
      "textureCount": 0,
      "size": 1429995,
      "type": "gltf",
      "textureMaxResolution": 0,
      "faceCount": 227506,
      "vertexCount": 178179
    },
    "source": {
      "textureCount": null,
      "size": 16504323,
      "type": "source",
      "textureMaxResolution": null,
      "faceCount": null,
      "vertexCount": null
    },
    "usdz": {
      "textureCount": null,
      "size": 3473136,
      "type": "usdz",
      "textureMaxResolution": null,
      "faceCount": null,
      "vertexCount": null
    }
  },
  "license": "by"
}