{
  "uri": "https://api.sketchfab.com/v3/models/83f0a7039b7c4cb38bd77c599b0f6571",
  "uid": "83f0a7039b7c4cb38bd77c599b0f6571",
  "name": "Mad Piano",
  "staffpickedAt": null,
  "viewCount": 17,
  "likeCount": 0,
  "animationCount": 0,
  "viewerUrl": "https://sketchfab.com/3d-models/83f0a7039b7c4cb38bd77c599b0f6571",
  "embedUrl": "https://sketchfab.com/models/83f0a7039b7c4cb38bd77c599b0f6571/embed",
  "commentCount": 0,
  "isDownloadable": true,
  "publishedAt": "2022-01-02T10:02:55.919943",
  "tags": [],
  "categories": [
    {
      "name": "music"
    }
  ],
  "thumbnails": {
    "images": [
      {
        "uid": "fc3d041eda734446bc3aacdd9c3f2732",
        "size": 43574,
        "width": 1920,
        "url": "https://media.sketchfab.com/models/83f0a7039b7c4cb38bd77c599b0f6571/thumbnails/658574ad0a574c2e88518e82524461c6/73d91dfa964140c8a04914518ae47e61.jpeg",
        "height": 1080
      },
      {
        "uid": "f7c17ca7c15a4192b62bcec6acbb0738",
        "size": 14457,
        "width": 1024,
        "url": "https://media.sketchfab.com/models/83f0a7039b7c4cb38bd77c599b0f6571/thumbnails/658574ad0a574c2e88518e82524461c6/f9f0486ea35443cdab1d23466b7380d9.jpeg",
        "height": 576
      },
      {
        "uid": "37853572c597415c8ea2c4c304a5f81c",
        "size": 8571,
        "width": 720,
        "url": "https://media.sketchfab.com/models/83f0a7039b7c4cb38bd77c599b0f6571/thumbnails/658574ad0a574c2e88518e82524461c6/59417727212b48cfa3a00451f78b1534.jpeg",
        "height": 405
      },
      {
        "uid": "43306dfcb23e442195516c2c4737853d",
        "size": 2234,
        "width": 256,
        "url": "https://media.sketchfab.com/models/83f0a7039b7c4cb38bd77c599b0f6571/thumbnails/658574ad0a574c2e88518e82524461c6/c4fd2f61d5d6423c8eb5dc1156e90adb.jpeg",
        "height": 144
      },
      {
        "uid": "72192955394f41edb70e7e5336fb7c27",
        "size": 924,
        "width": 64,
        "url": "https://media.sketchfab.com/models/83f0a7039b7c4cb38bd77c599b0f6571/thumbnails/658574ad0a574c2e88518e82524461c6/96aadd294f6541068526ff07558d34bf.jpeg",
        "height": 36
      }
    ]
  },
  "user": {
    "uid": "57783918ba0c487bafaec7209ec74417",
    "username": "pestypig",
    "displayName": "pestypig",
    "profileUrl": "https://sketchfab.com/pestypig",
    "account": "basic",
    "avatar": {
      "uri": "https://api.sketchfab.com/v3/avatars/3ef1bd11d3eb4b57a0b353e8f2e5fc3e",
      "images": [
        {
          "size": 680,
          "width": 32,
          "url": "https://media.sketchfab.com/avatars/3ef1bd11d3eb4b57a0b353e8f2e5fc3e/116042a0854e40538adab302b593683d.jpeg",
          "height": 32
        },
        {
          "size": 1253,
          "width": 48,
          "url": "https://media.sketchfab.com/avatars/3ef1bd11d3eb4b57a0b353e8f2e5fc3e/efea16be51d04eb7a00cb9ea0b43b87f.jpeg",
          "height": 48
        },
        {
          "size": 2797,
          "width": 90,
          "url": "https://media.sketchfab.com/avatars/3ef1bd11d3eb4b57a0b353e8f2e5fc3e/ac9b469ccec74caf923a81fb2f0be3ed.jpeg",
          "height": 90
        },
        {
          "size": 3215,
          "width": 100,
          "url": "https://media.sketchfab.com/avatars/3ef1bd11d3eb4b57a0b353e8f2e5fc3e/a075e1d43d2f446c949b5967b470c757.jpeg",
          "height": 100
        }
      ]
    },
    "uri": "https://api.sketchfab.com/v3/users/57783918ba0c487bafaec7209ec74417"
  },
  "description": "lad mario can play",
  "faceCount": 5290,
  "createdAt": "2022-01-02T10:02:11.135074",
  "vertexCount": 2840,
  "isAgeRestricted": false,
  "archives": {
    "glb": {
      "textureCount": 1,
      "size": 481928,
      "type": "glb",
      "textureMaxResolution": 1024,
      "faceCount": 5002,
      "vertexCount": 6926
    },
    "gltf": {
      "textureCount": 1,
      "size": 106505,
      "type": "gltf",
      "textureMaxResolution": 1024,
      "faceCount": 5002,
      "vertexCount": 6926
    },
    "source": {
      "textureCount": null,
      "size": 513540,
      "type": "source",
      "textureMaxResolution": null,
      "faceCount": null,
      "vertexCount": null
    },
    "usdz": {
      "textureCount": null,
      "size": 282136,
      "type": "usdz",
      "textureMaxResolution": null,
      "faceCount": null,
      "vertexCount": null
    }
  },
  "license": "by"
}