{
  "uri": "https://api.sketchfab.com/v3/models/83f135d9f3e746e2830439859022a82d",
  "uid": "83f135d9f3e746e2830439859022a82d",
  "name": "Gustav Golf Ball Demo Exported",
  "staffpickedAt": null,
  "viewCount": 76,
  "likeCount": 0,
  "animationCount": 0,
  "viewerUrl": "https://sketchfab.com/3d-models/83f135d9f3e746e2830439859022a82d",
  "embedUrl": "https://sketchfab.com/models/83f135d9f3e746e2830439859022a82d/embed",
  "commentCount": 0,
  "isDownloadable": true,
  "publishedAt": "2021-08-08T15:43:32.441836",
  "tags": [],
  "categories": [
    {
      "name": "sports-fitness"
    }
  ],
  "thumbnails": {
    "images": [
      {
        "uid": "12e8aef4020e4ab0a988c1bd4df6dbf7",
        "size": 63630,
        "width": 1920,
        "url": "https://media.sketchfab.com/models/83f135d9f3e746e2830439859022a82d/thumbnails/6f6830e090dc4424b29ec2b953e7e732/a899412e6b124e95aecd81abda3a489b.jpeg",
        "height": 1080
      },
      {
        "uid": "615209225dbb41639bf59a99eb6b9e21",
        "size": 21819,
        "width": 1024,
        "url": "https://media.sketchfab.com/models/83f135d9f3e746e2830439859022a82d/thumbnails/6f6830e090dc4424b29ec2b953e7e732/a3e3e0d69f3b4d30b4685d89680ed174.jpeg",
        "height": 576
      },
      {
        "uid": "b6aba10497514904bba33d0d616e6919",
        "size": 12833,
        "width": 720,
        "url": "https://media.sketchfab.com/models/83f135d9f3e746e2830439859022a82d/thumbnails/6f6830e090dc4424b29ec2b953e7e732/c1e564ff2c4b430e95dd801002c78908.jpeg",
        "height": 405
      },
      {
        "uid": "5fe41e7124b746f38db8bf5c210ced77",
        "size": 2905,
        "width": 256,
        "url": "https://media.sketchfab.com/models/83f135d9f3e746e2830439859022a82d/thumbnails/6f6830e090dc4424b29ec2b953e7e732/1bed13f722204872a0492b8db041dd0d.jpeg",
        "height": 144
      },
      {
        "uid": "af01967056504ce9aba4cb2245d57928",
        "size": 927,
        "width": 64,
        "url": "https://media.sketchfab.com/models/83f135d9f3e746e2830439859022a82d/thumbnails/6f6830e090dc4424b29ec2b953e7e732/fdb47b6155e44f68bb4471dc431fec9b.jpeg",
        "height": 36
      }
    ]
  },
  "user": {
    "uid": "0ba33c8e0a1f4f41b1d1e6967ff2ea09",
    "username": "aifosDesign",
    "displayName": "aifosDesign",
    "profileUrl": "https://sketchfab.com/aifosDesign",
    "account": "basic",
    "avatar": {
      "uri": "https://api.sketchfab.com/v3/avatars/e13a81e6dba844599130e15a9b488784",
      "images": [
        {
          "size": 1078,
          "width": 32,
          "url": "https://media.sketchfab.com/avatars/e13a81e6dba844599130e15a9b488784/9fc1b0b34d8d4b76a5d3c1e0a56f7b4c.jpeg",
          "height": 32
        },
        {
          "size": 1616,
          "width": 48,
          "url": "https://media.sketchfab.com/avatars/e13a81e6dba844599130e15a9b488784/b8620ffda45e453bb47ab6dd82fc1b5e.jpeg",
          "height": 48
        },
        {
          "size": 3372,
          "width": 90,
          "url": "https://media.sketchfab.com/avatars/e13a81e6dba844599130e15a9b488784/3cd5cdc0595047178a1a7e57371b23fa.jpeg",
          "height": 90
        },
        {
          "size": 3894,
          "width": 100,
          "url": "https://media.sketchfab.com/avatars/e13a81e6dba844599130e15a9b488784/d343755223db4aac826fcf518b105210.jpeg",
          "height": 100
        }
      ]
    },
    "uri": "https://api.sketchfab.com/v3/users/0ba33c8e0a1f4f41b1d1e6967ff2ea09"
  },
  "description": "This is meant for Gustav's eyes only, as it is a work in progress. No texturing has been done – material-wise it is completely blank.\nThe left one (with dimples) is the high-poly golf ball, most closely resembling the original golf ball, while suffering a very high poly count (close to a million faces).\nThe right one (faceted) is the low-poly golf ball (only 1.4K tris), which we will use as a computationally non-intensive geometry, while baking, i.e. projecting, the surface of the high-poly one onto it, so as to achieve an adequate resemblance to the actual object, while making sure it is unproblematic to render, even in a cell phone environment.",
  "faceCount": 945370,
  "createdAt": "2021-08-08T15:38:26.654875",
  "vertexCount": 472695,
  "isAgeRestricted": false,
  "archives": {
    "glb": {
      "textureCount": 0,
      "size": 29989820,
      "type": "glb",
      "textureMaxResolution": 0,
      "faceCount": 945370,
      "vertexCount": 582362
    },
    "gltf": {
      "textureCount": 0,
      "size": 16558970,
      "type": "gltf",
      "textureMaxResolution": 0,
      "faceCount": 945370,
      "vertexCount": 582362
    },
    "source": {
      "textureCount": null,
      "size": 38083342,
      "type": "source",
      "textureMaxResolution": null,
      "faceCount": null,
      "vertexCount": null
    },
    "usdz": {
      "textureCount": null,
      "size": 15011570,
      "type": "usdz",
      "textureMaxResolution": null,
      "faceCount": null,
      "vertexCount": null
    }
  },
  "license": "by"
}