{
  "uri": "https://api.sketchfab.com/v3/models/83f199c529374c1ea0e2329f26d39456",
  "uid": "83f199c529374c1ea0e2329f26d39456",
  "name": "Lot 50 Lakes End Trusses",
  "staffpickedAt": null,
  "viewCount": 14,
  "likeCount": 1,
  "animationCount": 0,
  "viewerUrl": "https://sketchfab.com/3d-models/83f199c529374c1ea0e2329f26d39456",
  "embedUrl": "https://sketchfab.com/models/83f199c529374c1ea0e2329f26d39456/embed",
  "commentCount": 0,
  "isDownloadable": true,
  "publishedAt": "2020-01-24T00:03:06.162173",
  "tags": [
    {
      "name": "end",
      "slug": "end",
      "uri": "https://api.sketchfab.com/v3/tags/end"
    },
    {
      "name": "50",
      "slug": "50",
      "uri": "https://api.sketchfab.com/v3/tags/50"
    },
    {
      "name": "lot",
      "slug": "lot",
      "uri": "https://api.sketchfab.com/v3/tags/lot"
    },
    {
      "name": "lakes",
      "slug": "lakes",
      "uri": "https://api.sketchfab.com/v3/tags/lakes"
    },
    {
      "name": "trusses",
      "slug": "trusses",
      "uri": "https://api.sketchfab.com/v3/tags/trusses"
    }
  ],
  "categories": [
    {
      "name": "architecture"
    }
  ],
  "thumbnails": {
    "images": [
      {
        "uid": "1a52d6724cfd413289360ed5f9d0a331",
        "size": 358826,
        "width": 1920,
        "url": "https://media.sketchfab.com/models/83f199c529374c1ea0e2329f26d39456/thumbnails/2adb139f977b40509601cecda5a1a801/0e45a1a51adb44b78a82d16d9767916b.jpeg",
        "height": 1080
      },
      {
        "uid": "04a38c1999b244349118551fbc7484f0",
        "size": 95128,
        "width": 1024,
        "url": "https://media.sketchfab.com/models/83f199c529374c1ea0e2329f26d39456/thumbnails/2adb139f977b40509601cecda5a1a801/c682d4c8d17a41ad8e3d1607828be91e.jpeg",
        "height": 576
      },
      {
        "uid": "0a5e5d06d096446a8938ecf9d8122c3c",
        "size": 44128,
        "width": 720,
        "url": "https://media.sketchfab.com/models/83f199c529374c1ea0e2329f26d39456/thumbnails/2adb139f977b40509601cecda5a1a801/001de5339ea349a0adc455671cf7438c.jpeg",
        "height": 405
      },
      {
        "uid": "c6f28d2c1c984dd298a91a2b32ac201e",
        "size": 5319,
        "width": 256,
        "url": "https://media.sketchfab.com/models/83f199c529374c1ea0e2329f26d39456/thumbnails/2adb139f977b40509601cecda5a1a801/582fe656bb2a4f6f9af0e73633f08814.jpeg",
        "height": 144
      },
      {
        "uid": "97181ba26ccc4619a38b0b6e532a784f",
        "size": 799,
        "width": 64,
        "url": "https://media.sketchfab.com/models/83f199c529374c1ea0e2329f26d39456/thumbnails/2adb139f977b40509601cecda5a1a801/cee0274d9f9f4a0ea8ed0e1fc969bcbc.jpeg",
        "height": 36
      }
    ]
  },
  "user": {
    "uid": "0c57436e0bda43bcb8146d1cbf3850fc",
    "username": "mattedwards",
    "displayName": "Matt Edwards",
    "profileUrl": "https://sketchfab.com/mattedwards",
    "account": "basic",
    "avatar": {
      "uri": "https://api.sketchfab.com/v3/avatars/09a41127dd624b40b0c54fc97d57883f",
      "images": [
        {
          "size": 808,
          "width": 32,
          "url": "https://media.sketchfab.com/avatars/09a41127dd624b40b0c54fc97d57883f/abc02a64be364447a15cb286c0bd18df.jpeg",
          "height": 32
        },
        {
          "size": 1284,
          "width": 48,
          "url": "https://media.sketchfab.com/avatars/09a41127dd624b40b0c54fc97d57883f/e0ef1c547bd04d3da73750d2c97d87a7.jpeg",
          "height": 48
        },
        {
          "size": 3354,
          "width": 90,
          "url": "https://media.sketchfab.com/avatars/09a41127dd624b40b0c54fc97d57883f/be54aa0db3ac44f8af7a5e7b41e1a14c.jpeg",
          "height": 90
        },
        {
          "size": 3985,
          "width": 100,
          "url": "https://media.sketchfab.com/avatars/09a41127dd624b40b0c54fc97d57883f/b68dcea569b1400995f25bd90dac05fb.jpeg",
          "height": 100
        }
      ]
    },
    "uri": "https://api.sketchfab.com/v3/users/0c57436e0bda43bcb8146d1cbf3850fc"
  },
  "description": "",
  "faceCount": 26356,
  "createdAt": "2020-01-23T23:55:52.377055",
  "vertexCount": 27736,
  "isAgeRestricted": false,
  "archives": {
    "glb": {
      "textureCount": 0,
      "size": 5636668,
      "type": "glb",
      "textureMaxResolution": 0,
      "faceCount": 20916,
      "vertexCount": 55573
    },
    "gltf": {
      "textureCount": 0,
      "size": 389213,
      "type": "gltf",
      "textureMaxResolution": 0,
      "faceCount": 20916,
      "vertexCount": 55573
    },
    "source": {
      "textureCount": null,
      "size": 1698629,
      "type": "source",
      "textureMaxResolution": null,
      "faceCount": null,
      "vertexCount": null
    },
    "usdz": {
      "textureCount": null,
      "size": 806863,
      "type": "usdz",
      "textureMaxResolution": null,
      "faceCount": null,
      "vertexCount": null
    }
  },
  "license": "by"
}