{
  "uri": "https://api.sketchfab.com/v3/models/83f225dd74c849cd8068dc17a4c68323",
  "uid": "83f225dd74c849cd8068dc17a4c68323",
  "name": "Ozgedenizozcanffd201",
  "staffpickedAt": null,
  "viewCount": 1,
  "likeCount": 0,
  "animationCount": 0,
  "viewerUrl": "https://sketchfab.com/3d-models/83f225dd74c849cd8068dc17a4c68323",
  "embedUrl": "https://sketchfab.com/models/83f225dd74c849cd8068dc17a4c68323/embed",
  "commentCount": 0,
  "isDownloadable": true,
  "publishedAt": "2019-10-09T20:06:09.684122",
  "tags": [],
  "categories": [],
  "thumbnails": {
    "images": [
      {
        "uid": "afa661e152184b57a467f8f1472c30aa",
        "size": 19914,
        "width": 1920,
        "url": "https://media.sketchfab.com/models/83f225dd74c849cd8068dc17a4c68323/thumbnails/a6c4f226efee425db3bedffbc842f1a5/23ea2d1833a9430b9b389aedaee61ea6.jpeg",
        "height": 1080
      },
      {
        "uid": "c89b358be61340bdb32d312e7f5b0549",
        "size": 7108,
        "width": 1024,
        "url": "https://media.sketchfab.com/models/83f225dd74c849cd8068dc17a4c68323/thumbnails/a6c4f226efee425db3bedffbc842f1a5/8b1602af5c344af783b3b18d50aaa1e1.jpeg",
        "height": 576
      },
      {
        "uid": "c29e88eaf9cb41678ce393ef17b2b42f",
        "size": 4439,
        "width": 720,
        "url": "https://media.sketchfab.com/models/83f225dd74c849cd8068dc17a4c68323/thumbnails/a6c4f226efee425db3bedffbc842f1a5/e9402d87067c4345b1dc767714a53ca5.jpeg",
        "height": 405
      },
      {
        "uid": "68eba598730840c09db919b494a5e9d5",
        "size": 1236,
        "width": 256,
        "url": "https://media.sketchfab.com/models/83f225dd74c849cd8068dc17a4c68323/thumbnails/a6c4f226efee425db3bedffbc842f1a5/55698d19267a475eb9cdb639a2efc866.jpeg",
        "height": 144
      },
      {
        "uid": "5129a81e9bc44ec79fcc824739cb2d53",
        "size": 460,
        "width": 64,
        "url": "https://media.sketchfab.com/models/83f225dd74c849cd8068dc17a4c68323/thumbnails/a6c4f226efee425db3bedffbc842f1a5/71edc9fbd4d14c5eada5e9067e115f07.jpeg",
        "height": 36
      }
    ]
  },
  "user": {
    "uid": "0b080d69fa9d460398081d10fdb0f8b5",
    "username": "Ozgedenizozcan",
    "displayName": "Ozgedenizozcan",
    "profileUrl": "https://sketchfab.com/Ozgedenizozcan",
    "account": "basic",
    "avatar": {
      "uri": "https://api.sketchfab.com/v3/avatars/3ef1bd11d3eb4b57a0b353e8f2e5fc3e",
      "images": [
        {
          "size": 680,
          "width": 32,
          "url": "https://media.sketchfab.com/avatars/3ef1bd11d3eb4b57a0b353e8f2e5fc3e/116042a0854e40538adab302b593683d.jpeg",
          "height": 32
        },
        {
          "size": 1253,
          "width": 48,
          "url": "https://media.sketchfab.com/avatars/3ef1bd11d3eb4b57a0b353e8f2e5fc3e/efea16be51d04eb7a00cb9ea0b43b87f.jpeg",
          "height": 48
        },
        {
          "size": 2797,
          "width": 90,
          "url": "https://media.sketchfab.com/avatars/3ef1bd11d3eb4b57a0b353e8f2e5fc3e/ac9b469ccec74caf923a81fb2f0be3ed.jpeg",
          "height": 90
        },
        {
          "size": 3215,
          "width": 100,
          "url": "https://media.sketchfab.com/avatars/3ef1bd11d3eb4b57a0b353e8f2e5fc3e/a075e1d43d2f446c949b5967b470c757.jpeg",
          "height": 100
        }
      ]
    },
    "uri": "https://api.sketchfab.com/v3/users/0b080d69fa9d460398081d10fdb0f8b5"
  },
  "description": "",
  "faceCount": 35448,
  "createdAt": "2019-10-09T19:58:15.293023",
  "vertexCount": 17711,
  "isAgeRestricted": false,
  "archives": {
    "glb": {
      "textureCount": 0,
      "size": 989320,
      "type": "glb",
      "textureMaxResolution": 0,
      "faceCount": 30137,
      "vertexCount": 19468
    },
    "gltf": {
      "textureCount": 0,
      "size": 221287,
      "type": "gltf",
      "textureMaxResolution": 0,
      "faceCount": 30137,
      "vertexCount": 19468
    },
    "source": {
      "textureCount": null,
      "size": 3560997,
      "type": "source",
      "textureMaxResolution": null,
      "faceCount": null,
      "vertexCount": null
    },
    "usdz": {
      "textureCount": null,
      "size": 549826,
      "type": "usdz",
      "textureMaxResolution": null,
      "faceCount": null,
      "vertexCount": null
    }
  },
  "license": "by"
}