{
  "uri": "https://api.sketchfab.com/v3/models/83f3a935e03f49b6af24affbcdfb2a72",
  "uid": "83f3a935e03f49b6af24affbcdfb2a72",
  "name": "Люстра A8313SP-9CC Arte Lamp",
  "staffpickedAt": null,
  "viewCount": 73,
  "likeCount": 2,
  "animationCount": 0,
  "viewerUrl": "https://sketchfab.com/3d-models/83f3a935e03f49b6af24affbcdfb2a72",
  "embedUrl": "https://sketchfab.com/models/83f3a935e03f49b6af24affbcdfb2a72/embed",
  "commentCount": 0,
  "isDownloadable": true,
  "publishedAt": "2020-04-30T13:48:08.348733",
  "tags": [
    {
      "name": "chandelier",
      "slug": "chandelier",
      "uri": "https://api.sketchfab.com/v3/tags/chandelier"
    }
  ],
  "categories": [
    {
      "name": "furniture-home"
    }
  ],
  "thumbnails": {
    "images": [
      {
        "uid": "c7859ac152224856a1f14aa75c470035",
        "size": 29014,
        "width": 1920,
        "url": "https://media.sketchfab.com/models/83f3a935e03f49b6af24affbcdfb2a72/thumbnails/ce4bd25a4ecd409eb4af8687e50d3470/50368e59c7ed4b8b99899b860a64d859.jpeg",
        "height": 1080
      },
      {
        "uid": "505d8c5569f0467880b711bf045ac8fb",
        "size": 10477,
        "width": 1024,
        "url": "https://media.sketchfab.com/models/83f3a935e03f49b6af24affbcdfb2a72/thumbnails/ce4bd25a4ecd409eb4af8687e50d3470/aee6f21146c3476a970749d7a4147e09.jpeg",
        "height": 576
      },
      {
        "uid": "41722745381246648843c6b6c869da3f",
        "size": 6343,
        "width": 720,
        "url": "https://media.sketchfab.com/models/83f3a935e03f49b6af24affbcdfb2a72/thumbnails/ce4bd25a4ecd409eb4af8687e50d3470/4dc2cc7b9ae841d8bd141e8dc76082d5.jpeg",
        "height": 405
      },
      {
        "uid": "75594d61d06b4122a7ec062bf410ee93",
        "size": 1422,
        "width": 256,
        "url": "https://media.sketchfab.com/models/83f3a935e03f49b6af24affbcdfb2a72/thumbnails/ce4bd25a4ecd409eb4af8687e50d3470/1064939bf43a4226aa55499807bb6538.jpeg",
        "height": 144
      },
      {
        "uid": "5cc4ab7ffc5443e6a21794fdbad71ba1",
        "size": 422,
        "width": 64,
        "url": "https://media.sketchfab.com/models/83f3a935e03f49b6af24affbcdfb2a72/thumbnails/ce4bd25a4ecd409eb4af8687e50d3470/399972e2488f41ed899d88e1610f31f7.jpeg",
        "height": 36
      }
    ]
  },
  "user": {
    "uid": "3a44be237d75401982ae2d54f1ddbbc2",
    "username": "fedomo",
    "displayName": "fedomo.ru",
    "profileUrl": "https://sketchfab.com/fedomo",
    "account": "basic",
    "avatar": {
      "uri": "https://api.sketchfab.com/v3/avatars/2a5bb38ced1649d7bc2a8fcaa0ff3631",
      "images": [
        {
          "size": 554,
          "width": 32,
          "url": "https://media.sketchfab.com/avatars/2a5bb38ced1649d7bc2a8fcaa0ff3631/ef6b7fa9a9cd4cedbaa795cf4892747a.jpeg",
          "height": 32
        },
        {
          "size": 692,
          "width": 48,
          "url": "https://media.sketchfab.com/avatars/2a5bb38ced1649d7bc2a8fcaa0ff3631/032f860f918c4ab087ac882935f6f0f4.jpeg",
          "height": 48
        },
        {
          "size": 1311,
          "width": 90,
          "url": "https://media.sketchfab.com/avatars/2a5bb38ced1649d7bc2a8fcaa0ff3631/1e0070abec8646a68fae9653353fe7b6.jpeg",
          "height": 90
        },
        {
          "size": 1548,
          "width": 100,
          "url": "https://media.sketchfab.com/avatars/2a5bb38ced1649d7bc2a8fcaa0ff3631/b89d112f3905460baf1840c7911a2a92.jpeg",
          "height": 100
        }
      ]
    },
    "uri": "https://api.sketchfab.com/v3/users/3a44be237d75401982ae2d54f1ddbbc2"
  },
  "description": "[Люстра подвесная с шариками,хром Arte Lamp Pluto A8313SP-9CC\n](https://www.fedomo.ru/product/a8313sp-9cc-lyustra-podvesnaya-arte-lamp-molecule-9-lamp-hrom-prozrachnyi_50219/\n)<br>Больше товаров на fedomo.ru",
  "faceCount": 231248,
  "createdAt": "2020-04-30T11:50:02.006796",
  "vertexCount": 118184,
  "isAgeRestricted": false,
  "archives": {
    "glb": {
      "textureCount": 0,
      "size": 7534212,
      "type": "glb",
      "textureMaxResolution": 0,
      "faceCount": 231248,
      "vertexCount": 148535
    },
    "gltf": {
      "textureCount": 0,
      "size": 3246334,
      "type": "gltf",
      "textureMaxResolution": 0,
      "faceCount": 231248,
      "vertexCount": 148535
    },
    "source": {
      "textureCount": null,
      "size": 6585877,
      "type": "source",
      "textureMaxResolution": null,
      "faceCount": null,
      "vertexCount": null
    },
    "usdz": {
      "textureCount": null,
      "size": 3583705,
      "type": "usdz",
      "textureMaxResolution": null,
      "faceCount": null,
      "vertexCount": null
    }
  },
  "license": "by"
}