{
  "uri": "https://api.sketchfab.com/v3/models/83f453ebf5404d039f11a13f46290291",
  "uid": "83f453ebf5404d039f11a13f46290291",
  "name": "sci-fi drone Free 3D model",
  "staffpickedAt": null,
  "viewCount": 278,
  "likeCount": 5,
  "animationCount": 0,
  "viewerUrl": "https://sketchfab.com/3d-models/83f453ebf5404d039f11a13f46290291",
  "embedUrl": "https://sketchfab.com/models/83f453ebf5404d039f11a13f46290291/embed",
  "commentCount": 0,
  "isDownloadable": true,
  "publishedAt": "2021-11-07T08:12:31.726609",
  "tags": [
    {
      "name": "power",
      "slug": "power",
      "uri": "https://api.sketchfab.com/v3/tags/power"
    },
    {
      "name": "drone",
      "slug": "drone",
      "uri": "https://api.sketchfab.com/v3/tags/drone"
    },
    {
      "name": "sci",
      "slug": "sci",
      "uri": "https://api.sketchfab.com/v3/tags/sci"
    },
    {
      "name": "fi",
      "slug": "fi",
      "uri": "https://api.sketchfab.com/v3/tags/fi"
    },
    {
      "name": "3d-model",
      "slug": "3d-model",
      "uri": "https://api.sketchfab.com/v3/tags/3d-model"
    },
    {
      "name": "weapon",
      "slug": "weapon",
      "uri": "https://api.sketchfab.com/v3/tags/weapon"
    },
    {
      "name": "vehicle",
      "slug": "vehicle",
      "uri": "https://api.sketchfab.com/v3/tags/vehicle"
    },
    {
      "name": "robot",
      "slug": "robot",
      "uri": "https://api.sketchfab.com/v3/tags/robot"
    },
    {
      "name": "spaceship",
      "slug": "spaceship",
      "uri": "https://api.sketchfab.com/v3/tags/spaceship"
    }
  ],
  "categories": [
    {
      "name": "electronics-gadgets"
    },
    {
      "name": "weapons-military"
    }
  ],
  "thumbnails": {
    "images": [
      {
        "uid": "cc8fe423dc9d4587a14a7e115e4830ef",
        "size": 102098,
        "width": 1920,
        "url": "https://media.sketchfab.com/models/83f453ebf5404d039f11a13f46290291/thumbnails/2593a6c8d0414094a4bb348a858fd27e/667c291a8fa2479db173732020519631.jpeg",
        "height": 1080
      },
      {
        "uid": "9a6e8c05140b48aaad1d75335a627c17",
        "size": 33333,
        "width": 1024,
        "url": "https://media.sketchfab.com/models/83f453ebf5404d039f11a13f46290291/thumbnails/2593a6c8d0414094a4bb348a858fd27e/ac38f88ae1b74f5e90af0f2efb6fe23d.jpeg",
        "height": 576
      },
      {
        "uid": "213cd9063d6f4c41a43a0e07977adcaa",
        "size": 19072,
        "width": 720,
        "url": "https://media.sketchfab.com/models/83f453ebf5404d039f11a13f46290291/thumbnails/2593a6c8d0414094a4bb348a858fd27e/017f8074748f4c50be4e787d1dca5b55.jpeg",
        "height": 405
      },
      {
        "uid": "e2c5aa4a54d54483a031f5b02f55ed63",
        "size": 4472,
        "width": 256,
        "url": "https://media.sketchfab.com/models/83f453ebf5404d039f11a13f46290291/thumbnails/2593a6c8d0414094a4bb348a858fd27e/4bc963804d754aae9f945688189e3752.jpeg",
        "height": 144
      },
      {
        "uid": "73b04ab06d29467f97354c78557b11f9",
        "size": 1090,
        "width": 64,
        "url": "https://media.sketchfab.com/models/83f453ebf5404d039f11a13f46290291/thumbnails/2593a6c8d0414094a4bb348a858fd27e/69026847981e4b4f8e7f4a138d706b4c.jpeg",
        "height": 36
      }
    ]
  },
  "user": {
    "uid": "32713aa390204986a1ba5e9700ff6c95",
    "username": "juliao_da_silva",
    "displayName": "juliao_da_silva",
    "profileUrl": "https://sketchfab.com/juliao_da_silva",
    "account": "basic",
    "avatar": {
      "uri": "https://api.sketchfab.com/v3/avatars/88e0fcbf24bf468abfbae9a46e10455c",
      "images": [
        {
          "size": 616,
          "width": 32,
          "url": "https://media.sketchfab.com/avatars/88e0fcbf24bf468abfbae9a46e10455c/d9b41ad87a334d69829fb52bdd65625a.jpeg",
          "height": 32
        },
        {
          "size": 878,
          "width": 48,
          "url": "https://media.sketchfab.com/avatars/88e0fcbf24bf468abfbae9a46e10455c/34d538f071554a1a93c4685af33f5297.jpeg",
          "height": 48
        },
        {
          "size": 1948,
          "width": 90,
          "url": "https://media.sketchfab.com/avatars/88e0fcbf24bf468abfbae9a46e10455c/18efbb4541d142b3beea2d4be6f02367.jpeg",
          "height": 90
        },
        {
          "size": 2235,
          "width": 100,
          "url": "https://media.sketchfab.com/avatars/88e0fcbf24bf468abfbae9a46e10455c/1a952644fabd4cbfb55bff109e41b809.jpeg",
          "height": 100
        }
      ]
    },
    "uri": "https://api.sketchfab.com/v3/users/32713aa390204986a1ba5e9700ff6c95"
  },
  "description": "this drone was created based on sci-fi spaceships available formats: blend fbx obj stl if you like this work take a look at my kitbash sci-fi drones :cgtrader com/3d-models/aircraft/other/kitbash-drones",
  "faceCount": 386300,
  "createdAt": "2021-11-07T07:55:38.934310",
  "vertexCount": 193256,
  "isAgeRestricted": false,
  "archives": {
    "glb": {
      "textureCount": 0,
      "size": 15767716,
      "type": "glb",
      "textureMaxResolution": 0,
      "faceCount": 386176,
      "vertexCount": 347258
    },
    "gltf": {
      "textureCount": 0,
      "size": 6244803,
      "type": "gltf",
      "textureMaxResolution": 0,
      "faceCount": 386176,
      "vertexCount": 347258
    },
    "source": {
      "textureCount": null,
      "size": 25912298,
      "type": "source",
      "textureMaxResolution": null,
      "faceCount": null,
      "vertexCount": null
    },
    "usdz": {
      "textureCount": null,
      "size": 9053633,
      "type": "usdz",
      "textureMaxResolution": null,
      "faceCount": null,
      "vertexCount": null
    }
  },
  "license": "by"
}