{
  "uri": "https://api.sketchfab.com/v3/models/83f53d5d67e340e6a5572e2d196c0eba",
  "uid": "83f53d5d67e340e6a5572e2d196c0eba",
  "name": "Abandoned Asylum  -RAWscan",
  "staffpickedAt": null,
  "viewCount": 3421,
  "likeCount": 63,
  "animationCount": 0,
  "viewerUrl": "https://sketchfab.com/3d-models/83f53d5d67e340e6a5572e2d196c0eba",
  "embedUrl": "https://sketchfab.com/models/83f53d5d67e340e6a5572e2d196c0eba/embed",
  "commentCount": 1,
  "isDownloadable": true,
  "publishedAt": "2018-04-11T22:32:00.818025",
  "tags": [
    {
      "name": "abandoned",
      "slug": "abandoned",
      "uri": "https://api.sketchfab.com/v3/tags/abandoned"
    },
    {
      "name": "buildings",
      "slug": "buildings",
      "uri": "https://api.sketchfab.com/v3/tags/buildings"
    },
    {
      "name": "creepy",
      "slug": "creepy",
      "uri": "https://api.sketchfab.com/v3/tags/creepy"
    },
    {
      "name": "asylum",
      "slug": "asylum",
      "uri": "https://api.sketchfab.com/v3/tags/asylum"
    },
    {
      "name": "photogrammetry",
      "slug": "photogrammetry",
      "uri": "https://api.sketchfab.com/v3/tags/photogrammetry"
    },
    {
      "name": "3dscan",
      "slug": "3dscan",
      "uri": "https://api.sketchfab.com/v3/tags/3dscan"
    }
  ],
  "categories": [
    {
      "name": "architecture"
    },
    {
      "name": "cultural-heritage-history"
    }
  ],
  "thumbnails": {
    "images": [
      {
        "uid": "be33f65c1d2645b99cbe588b544c3352",
        "size": 559966,
        "width": 1920,
        "url": "https://media.sketchfab.com/models/83f53d5d67e340e6a5572e2d196c0eba/thumbnails/a09d6624e9624caaac4c549e5489ce05/4ff1ed18b864488692d3bf0516ea27f9.jpeg",
        "height": 1080
      },
      {
        "uid": "c4c9eb1ba18a4fb6963ad8322edf4b2a",
        "size": 157582,
        "width": 1024,
        "url": "https://media.sketchfab.com/models/83f53d5d67e340e6a5572e2d196c0eba/thumbnails/a09d6624e9624caaac4c549e5489ce05/4b59341572de485d91dabc32e4176c97.jpeg",
        "height": 576
      },
      {
        "uid": "3caccdb08db94bf1aa8b174a3b4733b5",
        "size": 82090,
        "width": 720,
        "url": "https://media.sketchfab.com/models/83f53d5d67e340e6a5572e2d196c0eba/thumbnails/a09d6624e9624caaac4c549e5489ce05/8d4b6c84b25b449ba097f4842955f6e0.jpeg",
        "height": 405
      },
      {
        "uid": "ecc1c79215cf4777806ce00e307f19e2",
        "size": 12228,
        "width": 256,
        "url": "https://media.sketchfab.com/models/83f53d5d67e340e6a5572e2d196c0eba/thumbnails/a09d6624e9624caaac4c549e5489ce05/212e93e2a224448887b0daf08f2fba63.jpeg",
        "height": 144
      },
      {
        "uid": "8929988433b54dd9aec69f6ee52f36c4",
        "size": 1372,
        "width": 64,
        "url": "https://media.sketchfab.com/models/83f53d5d67e340e6a5572e2d196c0eba/thumbnails/a09d6624e9624caaac4c549e5489ce05/ff442d92aa764c8b8e8e57021db5a00c.jpeg",
        "height": 36
      }
    ]
  },
  "user": {
    "uid": "31356005ae604b7594b7f7d6ffb620d4",
    "username": "spogna",
    "displayName": "Andrea Spognetta (Spogna)",
    "profileUrl": "https://sketchfab.com/spogna",
    "account": "basic",
    "avatar": {
      "uri": "https://api.sketchfab.com/v3/avatars/4878eb622af9437196e0db819da1d522",
      "images": [
        {
          "size": 781,
          "width": 32,
          "url": "https://media.sketchfab.com/avatars/4878eb622af9437196e0db819da1d522/e983bf9b8a514bb9ae7a338d42ed70eb.jpeg",
          "height": 32
        },
        {
          "size": 1259,
          "width": 48,
          "url": "https://media.sketchfab.com/avatars/4878eb622af9437196e0db819da1d522/e27db1126a374dbc8e29944332fb42a3.jpeg",
          "height": 48
        },
        {
          "size": 3235,
          "width": 90,
          "url": "https://media.sketchfab.com/avatars/4878eb622af9437196e0db819da1d522/0559ec81fdbb468aa8b644b6c44d6ac9.jpeg",
          "height": 90
        },
        {
          "size": 3791,
          "width": 100,
          "url": "https://media.sketchfab.com/avatars/4878eb622af9437196e0db819da1d522/65d0b988b7b54567860d6cdd10c1c623.jpeg",
          "height": 100
        }
      ]
    },
    "uri": "https://api.sketchfab.com/v3/users/31356005ae604b7594b7f7d6ffb620d4"
  },
  "description": "Abandoned Asylum.\n\nThe old building, a former 'lunatic asylum' in Columbia, South Carolina, opened in 1821, and was used to house traumatized veterans from the American Civil War from 1861 to 1865.\n\nRead more:  http://www.dailymail.co.uk/news/article-3985462/Inside-South-Carolina-Lunatic-Asylum-Civil-War-veterans-treated-PTSD-building-abandoned-left-crumble.html\n\nphotogrammetry from youtube video",
  "faceCount": 1298181,
  "createdAt": "2018-04-11T22:23:12.274365",
  "vertexCount": 647714,
  "isAgeRestricted": false,
  "archives": {
    "glb": {
      "textureCount": 1,
      "size": 70956572,
      "type": "glb",
      "textureMaxResolution": 8192,
      "faceCount": 1298161,
      "vertexCount": 1125672
    },
    "gltf": {
      "textureCount": 1,
      "size": 54764242,
      "type": "gltf",
      "textureMaxResolution": 8192,
      "faceCount": 1298161,
      "vertexCount": 1125672
    },
    "source": {
      "textureCount": null,
      "size": 61171516,
      "type": "source",
      "textureMaxResolution": null,
      "faceCount": null,
      "vertexCount": null
    },
    "usdz": {
      "textureCount": null,
      "size": 42314581,
      "type": "usdz",
      "textureMaxResolution": null,
      "faceCount": null,
      "vertexCount": null
    }
  },
  "license": "by-nc"
}