{
  "uri": "https://api.sketchfab.com/v3/models/83f8e03f045d4cc399f11b12b6cd0b49",
  "uid": "83f8e03f045d4cc399f11b12b6cd0b49",
  "name": "HJ22111",
  "staffpickedAt": null,
  "viewCount": 6,
  "likeCount": 0,
  "animationCount": 0,
  "viewerUrl": "https://sketchfab.com/3d-models/83f8e03f045d4cc399f11b12b6cd0b49",
  "embedUrl": "https://sketchfab.com/models/83f8e03f045d4cc399f11b12b6cd0b49/embed",
  "commentCount": 0,
  "isDownloadable": true,
  "publishedAt": "2022-05-04T08:18:05.868005",
  "tags": [
    {
      "name": "pamir",
      "slug": "pamir",
      "uri": "https://api.sketchfab.com/v3/tags/pamir"
    }
  ],
  "categories": [],
  "thumbnails": {
    "images": [
      {
        "uid": "a07f075659e54478ab7f661f3b237a69",
        "size": 103190,
        "width": 1920,
        "url": "https://media.sketchfab.com/models/83f8e03f045d4cc399f11b12b6cd0b49/thumbnails/0888c7d4946545db9bfa05dd34608280/4d5589731d2845e98be8b660159e0eb3.jpeg",
        "height": 1080
      },
      {
        "uid": "a50f969a6a804525bc53d964b611691e",
        "size": 30653,
        "width": 1024,
        "url": "https://media.sketchfab.com/models/83f8e03f045d4cc399f11b12b6cd0b49/thumbnails/0888c7d4946545db9bfa05dd34608280/eb199a68d0ab4289b68ac7556eaa4250.jpeg",
        "height": 576
      },
      {
        "uid": "e98476a48ffa40cd94294267b904c8f3",
        "size": 16274,
        "width": 720,
        "url": "https://media.sketchfab.com/models/83f8e03f045d4cc399f11b12b6cd0b49/thumbnails/0888c7d4946545db9bfa05dd34608280/7bd0f35a588b4327922a3cb903c5e7cc.jpeg",
        "height": 405
      },
      {
        "uid": "c482065d429e4f6e8f0124c310a57970",
        "size": 2809,
        "width": 256,
        "url": "https://media.sketchfab.com/models/83f8e03f045d4cc399f11b12b6cd0b49/thumbnails/0888c7d4946545db9bfa05dd34608280/a2a31fbdd0284ef292ef468fa420f423.jpeg",
        "height": 144
      },
      {
        "uid": "13e7676cac694781b88e28583a4454d9",
        "size": 860,
        "width": 64,
        "url": "https://media.sketchfab.com/models/83f8e03f045d4cc399f11b12b6cd0b49/thumbnails/0888c7d4946545db9bfa05dd34608280/544dd9d5db544429a280467ceaa4f59c.jpeg",
        "height": 36
      }
    ]
  },
  "user": {
    "uid": "3131c6e7c5f64c229fd91d33c719b19c",
    "username": "jurajcierny",
    "displayName": "jurajcierny",
    "profileUrl": "https://sketchfab.com/jurajcierny",
    "account": "basic",
    "avatar": {
      "uri": "https://api.sketchfab.com/v3/avatars/78fa317e46024a5283765aa34df5e508",
      "images": [
        {
          "size": 6421,
          "width": 100,
          "url": "https://media.sketchfab.com/avatars/78fa317e46024a5283765aa34df5e508/aec92fe9a74e499c98d759362cd7f02f.jpeg",
          "height": 100
        },
        {
          "size": 2518,
          "width": 48,
          "url": "https://media.sketchfab.com/avatars/78fa317e46024a5283765aa34df5e508/17fa177ffaa344a2b2fc8e78efd40fbb.jpeg",
          "height": 48
        },
        {
          "size": 5653,
          "width": 90,
          "url": "https://media.sketchfab.com/avatars/78fa317e46024a5283765aa34df5e508/02162695bdc840faa3bcb2d418309c5e.jpeg",
          "height": 90
        },
        {
          "size": 1350,
          "width": 32,
          "url": "https://media.sketchfab.com/avatars/78fa317e46024a5283765aa34df5e508/6fde876cbded4cd48d36a76029e3aa02.jpeg",
          "height": 32
        }
      ]
    },
    "uri": "https://api.sketchfab.com/v3/users/3131c6e7c5f64c229fd91d33c719b19c"
  },
  "description": "Building exported from MiTek Pamir.",
  "faceCount": 7695,
  "createdAt": "2022-05-04T08:16:20.389783",
  "vertexCount": 6008,
  "isAgeRestricted": false,
  "archives": {
    "glb": {
      "textureCount": 5,
      "size": 1406724,
      "type": "glb",
      "textureMaxResolution": 2048,
      "faceCount": 7695,
      "vertexCount": 14713
    },
    "gltf": {
      "textureCount": 5,
      "size": 959038,
      "type": "gltf",
      "textureMaxResolution": 2048,
      "faceCount": 7695,
      "vertexCount": 14713
    },
    "source": {
      "textureCount": null,
      "size": 2349662,
      "type": "source",
      "textureMaxResolution": null,
      "faceCount": null,
      "vertexCount": null
    },
    "usdz": {
      "textureCount": null,
      "size": 1319531,
      "type": "usdz",
      "textureMaxResolution": null,
      "faceCount": null,
      "vertexCount": null
    }
  },
  "license": "by"
}