{
  "uri": "https://api.sketchfab.com/v3/models/83f8effd4ecf4cef82e0fe10d1235f5b",
  "uid": "83f8effd4ecf4cef82e0fe10d1235f5b",
  "name": "Elektrostandard LTB40",
  "staffpickedAt": null,
  "viewCount": 1,
  "likeCount": 0,
  "animationCount": 0,
  "viewerUrl": "https://sketchfab.com/3d-models/83f8effd4ecf4cef82e0fe10d1235f5b",
  "embedUrl": "https://sketchfab.com/models/83f8effd4ecf4cef82e0fe10d1235f5b/embed",
  "commentCount": 0,
  "isDownloadable": true,
  "publishedAt": "2020-04-06T06:15:07.099801",
  "tags": [
    {
      "name": "track",
      "slug": "track",
      "uri": "https://api.sketchfab.com/v3/tags/track"
    }
  ],
  "categories": [
    {
      "name": "furniture-home"
    }
  ],
  "thumbnails": {
    "images": [
      {
        "uid": "ed739b0470c9408c80d3468d4547882b",
        "size": 38067,
        "width": 1920,
        "url": "https://media.sketchfab.com/models/83f8effd4ecf4cef82e0fe10d1235f5b/thumbnails/51313e453e4d411f8582bafc8e797c40/edc91ad9f0ac4163af5d5ead5f020eed.jpeg",
        "height": 1080
      },
      {
        "uid": "aa4e6df6fce34868824af8d41bdedeac",
        "size": 12031,
        "width": 1024,
        "url": "https://media.sketchfab.com/models/83f8effd4ecf4cef82e0fe10d1235f5b/thumbnails/51313e453e4d411f8582bafc8e797c40/7d2448876172487595afa506ad00b1dc.jpeg",
        "height": 576
      },
      {
        "uid": "c81a4403eada4ffba2fb6addecd91424",
        "size": 7044,
        "width": 720,
        "url": "https://media.sketchfab.com/models/83f8effd4ecf4cef82e0fe10d1235f5b/thumbnails/51313e453e4d411f8582bafc8e797c40/ed2035981d0147cb96b88352a179c97d.jpeg",
        "height": 405
      },
      {
        "uid": "6526d454bf3c4d50b3f38e9e033120dd",
        "size": 1709,
        "width": 256,
        "url": "https://media.sketchfab.com/models/83f8effd4ecf4cef82e0fe10d1235f5b/thumbnails/51313e453e4d411f8582bafc8e797c40/c83a221dc0c54b9a8a76b430f155f4f7.jpeg",
        "height": 144
      },
      {
        "uid": "8d5093b237af413986ac6f1c11460ebb",
        "size": 538,
        "width": 64,
        "url": "https://media.sketchfab.com/models/83f8effd4ecf4cef82e0fe10d1235f5b/thumbnails/51313e453e4d411f8582bafc8e797c40/3cf9274cf2904a8ea73f14af0d009522.jpeg",
        "height": 36
      }
    ]
  },
  "user": {
    "uid": "515eaacc64de44e4b2cd928272530294",
    "username": "svetmagaz",
    "displayName": "Lustron.ru",
    "profileUrl": "https://sketchfab.com/svetmagaz",
    "account": "basic",
    "avatar": {
      "uri": "https://api.sketchfab.com/v3/avatars/748f3667e46d49bca50b0eceec3633e4",
      "images": [
        {
          "size": 690,
          "width": 32,
          "url": "https://media.sketchfab.com/avatars/748f3667e46d49bca50b0eceec3633e4/f4b08ac1f4eb4e18bfe8388374d752d3.jpeg",
          "height": 32
        },
        {
          "size": 1174,
          "width": 48,
          "url": "https://media.sketchfab.com/avatars/748f3667e46d49bca50b0eceec3633e4/3372e63b53d049018eba4d089bccf242.jpeg",
          "height": 48
        },
        {
          "size": 3032,
          "width": 90,
          "url": "https://media.sketchfab.com/avatars/748f3667e46d49bca50b0eceec3633e4/a8a42851b37947a7a031505db13b84c2.jpeg",
          "height": 90
        },
        {
          "size": 3495,
          "width": 100,
          "url": "https://media.sketchfab.com/avatars/748f3667e46d49bca50b0eceec3633e4/8fb20dc6888942c29a562ed7a202c5b3.jpeg",
          "height": 100
        }
      ]
    },
    "uri": "https://api.sketchfab.com/v3/users/515eaacc64de44e4b2cd928272530294"
  },
  "description": "Смотреть на сайте lustron.ru<br>\n[Трековая система в сборе Elektrostandard LTB40\n](https://lustron.ru/sortament/spoty_tochechnye_i_sistemy/trekovye_i_shinnye_sistemy/sistemy/trekovaya_sistema_v_sbore_svetodiodnaya_glory_ltb41/\n)",
  "faceCount": 30252,
  "createdAt": "2020-04-06T04:37:17.435886",
  "vertexCount": 23888,
  "isAgeRestricted": false,
  "archives": {
    "glb": {
      "textureCount": 1,
      "size": 1660020,
      "type": "glb",
      "textureMaxResolution": 256,
      "faceCount": 30246,
      "vertexCount": 25453
    },
    "gltf": {
      "textureCount": 1,
      "size": 583789,
      "type": "gltf",
      "textureMaxResolution": 256,
      "faceCount": 30246,
      "vertexCount": 25453
    },
    "source": {
      "textureCount": null,
      "size": 6083927,
      "type": "source",
      "textureMaxResolution": null,
      "faceCount": null,
      "vertexCount": null
    },
    "usdz": {
      "textureCount": null,
      "size": 902873,
      "type": "usdz",
      "textureMaxResolution": null,
      "faceCount": null,
      "vertexCount": null
    }
  },
  "license": "by"
}