{
  "uri": "https://api.sketchfab.com/v3/models/83fa865a78ea494888c1dc3c1432f11c",
  "uid": "83fa865a78ea494888c1dc3c1432f11c",
  "name": "GASTROCLÍNICA",
  "staffpickedAt": null,
  "viewCount": 1,
  "likeCount": 0,
  "animationCount": 0,
  "viewerUrl": "https://sketchfab.com/3d-models/83fa865a78ea494888c1dc3c1432f11c",
  "embedUrl": "https://sketchfab.com/models/83fa865a78ea494888c1dc3c1432f11c/embed",
  "commentCount": 0,
  "isDownloadable": true,
  "publishedAt": "2022-08-19T12:31:39.256634",
  "tags": [],
  "categories": [],
  "thumbnails": {
    "images": [
      {
        "uid": "eefe53eba917450c9e2486cea1f06f33",
        "size": 87857,
        "width": 1920,
        "url": "https://media.sketchfab.com/models/83fa865a78ea494888c1dc3c1432f11c/thumbnails/bcef54a14f254c9fb58516963e2f04b4/f0116b3e90214049b450431eb8057f43.jpeg",
        "height": 1080
      },
      {
        "uid": "d1c97428721c48e4ae491a1c3ebe932f",
        "size": 31258,
        "width": 1024,
        "url": "https://media.sketchfab.com/models/83fa865a78ea494888c1dc3c1432f11c/thumbnails/bcef54a14f254c9fb58516963e2f04b4/851f96985de14b69b3516bebd7a33d75.jpeg",
        "height": 576
      },
      {
        "uid": "705e8243664348fdb354eb2a5d19194c",
        "size": 18500,
        "width": 720,
        "url": "https://media.sketchfab.com/models/83fa865a78ea494888c1dc3c1432f11c/thumbnails/bcef54a14f254c9fb58516963e2f04b4/3677079e63344a2c834e34d01d26a6da.jpeg",
        "height": 405
      },
      {
        "uid": "3bf38cefa1d34ede99c496774ec456ce",
        "size": 3922,
        "width": 256,
        "url": "https://media.sketchfab.com/models/83fa865a78ea494888c1dc3c1432f11c/thumbnails/bcef54a14f254c9fb58516963e2f04b4/ad54a613448c4731b148b0c464ac82af.jpeg",
        "height": 144
      },
      {
        "uid": "0d7816af061b4b3992f72ad7fddd8b67",
        "size": 973,
        "width": 64,
        "url": "https://media.sketchfab.com/models/83fa865a78ea494888c1dc3c1432f11c/thumbnails/bcef54a14f254c9fb58516963e2f04b4/657d8870d40a47c9a97eef7aa62f91f5.jpeg",
        "height": 36
      }
    ]
  },
  "user": {
    "uid": "4efbfa2e902246a4a51b141fdbe4ffa5",
    "username": "engvitorfreitas",
    "displayName": "Vitor Freitas",
    "profileUrl": "https://sketchfab.com/engvitorfreitas",
    "account": "basic",
    "avatar": {
      "uri": "https://api.sketchfab.com/v3/avatars/dbcaec278fa84dbfac071c0dc7c40078",
      "images": [
        {
          "size": 1627,
          "width": 32,
          "url": "https://media.sketchfab.com/avatars/dbcaec278fa84dbfac071c0dc7c40078/dc0b7ee2356b4c76a8ec7963cbd9a527.png",
          "height": 32
        },
        {
          "size": 2917,
          "width": 48,
          "url": "https://media.sketchfab.com/avatars/dbcaec278fa84dbfac071c0dc7c40078/526b84dc8aa744d8a58ea7180efd8072.png",
          "height": 48
        },
        {
          "size": 7426,
          "width": 90,
          "url": "https://media.sketchfab.com/avatars/dbcaec278fa84dbfac071c0dc7c40078/e08e6034e25946bfa344bebd3131e236.png",
          "height": 90
        },
        {
          "size": 8730,
          "width": 100,
          "url": "https://media.sketchfab.com/avatars/dbcaec278fa84dbfac071c0dc7c40078/526c4c648d8148d29b4064c4c8f1b9d9.png",
          "height": 100
        }
      ]
    },
    "uri": "https://api.sketchfab.com/v3/users/4efbfa2e902246a4a51b141fdbe4ffa5"
  },
  "description": "",
  "faceCount": 25135,
  "createdAt": "2022-08-19T12:21:54.178578",
  "vertexCount": 6763,
  "isAgeRestricted": false,
  "archives": {
    "glb": {
      "textureCount": 0,
      "size": 1174904,
      "type": "glb",
      "textureMaxResolution": 0,
      "faceCount": 12428,
      "vertexCount": 25146
    },
    "gltf": {
      "textureCount": 0,
      "size": 145944,
      "type": "gltf",
      "textureMaxResolution": 0,
      "faceCount": 12428,
      "vertexCount": 25146
    },
    "source": {
      "textureCount": null,
      "size": 2413521,
      "type": "source",
      "textureMaxResolution": null,
      "faceCount": null,
      "vertexCount": null
    },
    "usdz": {
      "textureCount": null,
      "size": 629073,
      "type": "usdz",
      "textureMaxResolution": null,
      "faceCount": null,
      "vertexCount": null
    }
  },
  "license": "by"
}