{
  "uri": "https://api.sketchfab.com/v3/models/83fa2426f8094343b609fcc5177038ee",
  "uid": "83fa2426f8094343b609fcc5177038ee",
  "name": "Tangespiss i flint - T22752 8428",
  "staffpickedAt": null,
  "viewCount": 343,
  "likeCount": 2,
  "animationCount": 0,
  "viewerUrl": "https://sketchfab.com/3d-models/83fa2426f8094343b609fcc5177038ee",
  "embedUrl": "https://sketchfab.com/models/83fa2426f8094343b609fcc5177038ee/embed",
  "commentCount": 0,
  "isDownloadable": true,
  "publishedAt": "2016-12-19T13:32:47.752486",
  "tags": [],
  "categories": [
    {
      "name": "cultural-heritage-history"
    },
    {
      "name": "science-technology"
    }
  ],
  "thumbnails": {
    "images": [
      {
        "uid": "217a70fc37f34215a29d9797ef58c025",
        "size": 830,
        "width": 50,
        "url": "https://media.sketchfab.com/models/83fa2426f8094343b609fcc5177038ee/thumbnails/9c28f950849545ba987fef1ea97637b1/50x50.jpeg",
        "height": 50
      },
      {
        "uid": "66a136261d46442b83d2fefa447e0529",
        "size": 1643,
        "width": 100,
        "url": "https://media.sketchfab.com/models/83fa2426f8094343b609fcc5177038ee/thumbnails/9c28f950849545ba987fef1ea97637b1/100x100.jpeg",
        "height": 100
      },
      {
        "uid": "b6d21bfc7b5348bdb60b693210b61328",
        "size": 4256,
        "width": 200,
        "url": "https://media.sketchfab.com/models/83fa2426f8094343b609fcc5177038ee/thumbnails/9c28f950849545ba987fef1ea97637b1/200x200.jpeg",
        "height": 200
      },
      {
        "uid": "df6ef4fe75b244c6962ddde59f52c275",
        "size": 8168,
        "width": 448,
        "url": "https://media.sketchfab.com/models/83fa2426f8094343b609fcc5177038ee/thumbnails/9c28f950849545ba987fef1ea97637b1/448x252.jpeg",
        "height": 252
      },
      {
        "uid": "1e869d21ccf64d27af713c9970350793",
        "size": 15870,
        "width": 640,
        "url": "https://media.sketchfab.com/models/83fa2426f8094343b609fcc5177038ee/thumbnails/9c28f950849545ba987fef1ea97637b1/640x360.jpeg",
        "height": 360
      },
      {
        "uid": "55a1007f9edd49d1b7ae6a8d27a9d0ed",
        "size": 29326,
        "width": 864,
        "url": "https://media.sketchfab.com/models/83fa2426f8094343b609fcc5177038ee/thumbnails/9c28f950849545ba987fef1ea97637b1/864x486.jpeg",
        "height": 486
      },
      {
        "uid": "bf12d84b4cbf4613aabe6e8f19025fb3",
        "size": 41569,
        "width": 1024,
        "url": "https://media.sketchfab.com/models/83fa2426f8094343b609fcc5177038ee/thumbnails/9c28f950849545ba987fef1ea97637b1/1024x576.jpeg",
        "height": 576
      }
    ]
  },
  "user": {
    "uid": "638301b2dd2a4a8c98a7de6eed7c985a",
    "username": "NTNU_Universitymuseum",
    "displayName": "NTNU University museum",
    "profileUrl": "https://sketchfab.com/NTNU_Universitymuseum",
    "account": "pro",
    "avatar": {
      "uri": "https://api.sketchfab.com/v3/avatars/1e855b8b07cd4c219dc4c3a6258b9ad0",
      "images": [
        {
          "size": 3424,
          "width": 100,
          "url": "https://media.sketchfab.com/avatars/1e855b8b07cd4c219dc4c3a6258b9ad0/8957a69c19f94d34bf935d477ba4aaee.jpeg",
          "height": 100
        },
        {
          "size": 3116,
          "width": 90,
          "url": "https://media.sketchfab.com/avatars/1e855b8b07cd4c219dc4c3a6258b9ad0/9e77b181c2af419f845482c7da9f6677.jpeg",
          "height": 90
        },
        {
          "size": 1792,
          "width": 48,
          "url": "https://media.sketchfab.com/avatars/1e855b8b07cd4c219dc4c3a6258b9ad0/265ad92a2cfb4529b4adf776b2bdf1ac.jpeg",
          "height": 48
        },
        {
          "size": 1039,
          "width": 32,
          "url": "https://media.sketchfab.com/avatars/1e855b8b07cd4c219dc4c3a6258b9ad0/773a5a78d8df44e8a0dcc20c8888cbb4.jpeg",
          "height": 32
        }
      ]
    },
    "uri": "https://api.sketchfab.com/v3/users/638301b2dd2a4a8c98a7de6eed7c985a"
  },
  "description": "**Tangespiss i flint**. Boplassfunn fra Tidligmesolitikum, Ormen Lange Lokalitet 48, Aukra kommune.\n\n**Tanged point of flint**. \nFound on the Early Mesolithic site Ormen Lange 48, Aukra municipality.\n\n\nFoto / modellering: Åge Hojem, Trond Sverre Skevik, NTNU Vitenskapsmuseet",
  "faceCount": 401194,
  "createdAt": "2016-12-19T13:29:27.815685",
  "vertexCount": 200599,
  "isAgeRestricted": false,
  "archives": {
    "glb": {
      "textureCount": 1,
      "size": 16919432,
      "type": "glb",
      "textureMaxResolution": 4096,
      "faceCount": 401194,
      "vertexCount": 250098
    },
    "gltf": {
      "textureCount": 1,
      "size": 11988013,
      "type": "gltf",
      "textureMaxResolution": 4096,
      "faceCount": 401194,
      "vertexCount": 250098
    },
    "source": {
      "textureCount": null,
      "size": 13847783,
      "type": "source",
      "textureMaxResolution": null,
      "faceCount": null,
      "vertexCount": null
    },
    "usdz": {
      "textureCount": null,
      "size": 13328534,
      "type": "usdz",
      "textureMaxResolution": null,
      "faceCount": null,
      "vertexCount": null
    }
  },
  "license": "by"
}