{
  "uri": "https://api.sketchfab.com/v3/models/83fa2533e4ac4bf4a557fb363a412c7a",
  "uid": "83fa2533e4ac4bf4a557fb363a412c7a",
  "name": "Scaniverse test Sharp esa",
  "staffpickedAt": null,
  "viewCount": 24,
  "likeCount": 0,
  "animationCount": 0,
  "viewerUrl": "https://sketchfab.com/3d-models/83fa2533e4ac4bf4a557fb363a412c7a",
  "embedUrl": "https://sketchfab.com/models/83fa2533e4ac4bf4a557fb363a412c7a/embed",
  "commentCount": 0,
  "isDownloadable": true,
  "publishedAt": "2021-03-07T11:03:36.176577",
  "tags": [
    {
      "name": "scaniverse",
      "slug": "scaniverse",
      "uri": "https://api.sketchfab.com/v3/tags/scaniverse"
    }
  ],
  "categories": [],
  "thumbnails": {
    "images": [
      {
        "uid": "016368380831485785effbb776bbec98",
        "size": 110560,
        "width": 1920,
        "url": "https://media.sketchfab.com/models/83fa2533e4ac4bf4a557fb363a412c7a/thumbnails/846b6ccaf22f465dbb850e49f0d296c3/fa9a36565ac24a0dbadf019797cd655c.jpeg",
        "height": 1080
      },
      {
        "uid": "e22abe6cf40041e2b8783ea2f9ec934f",
        "size": 36626,
        "width": 1024,
        "url": "https://media.sketchfab.com/models/83fa2533e4ac4bf4a557fb363a412c7a/thumbnails/846b6ccaf22f465dbb850e49f0d296c3/b058e822b2dd43259d3989ccf6567d21.jpeg",
        "height": 576
      },
      {
        "uid": "e079fa4f595a4596b7779efa421dee5b",
        "size": 19377,
        "width": 720,
        "url": "https://media.sketchfab.com/models/83fa2533e4ac4bf4a557fb363a412c7a/thumbnails/846b6ccaf22f465dbb850e49f0d296c3/1a0e7360695541829d5ecc389668650b.jpeg",
        "height": 405
      },
      {
        "uid": "be2099038fc641e88251ad29f72c2e4b",
        "size": 3076,
        "width": 256,
        "url": "https://media.sketchfab.com/models/83fa2533e4ac4bf4a557fb363a412c7a/thumbnails/846b6ccaf22f465dbb850e49f0d296c3/049f6d69d64043afadb61a498a1676bb.jpeg",
        "height": 144
      },
      {
        "uid": "fd904bb45f80478483ef74de10da94c1",
        "size": 598,
        "width": 64,
        "url": "https://media.sketchfab.com/models/83fa2533e4ac4bf4a557fb363a412c7a/thumbnails/846b6ccaf22f465dbb850e49f0d296c3/8e28018764f244538aef616eafacffdd.jpeg",
        "height": 36
      }
    ]
  },
  "user": {
    "uid": "1eca203d49a24918a1e876a85b2aa8f2",
    "username": "Koshuke",
    "displayName": "Koshuke",
    "profileUrl": "https://sketchfab.com/Koshuke",
    "account": "pro",
    "avatar": {
      "uri": "https://api.sketchfab.com/v3/avatars/93ac6b385f174cdaa55d9ae7032849d4",
      "images": [
        {
          "size": 579,
          "width": 32,
          "url": "https://media.sketchfab.com/avatars/93ac6b385f174cdaa55d9ae7032849d4/9cb1c5634dca490590ca8d59b79d698d.jpeg",
          "height": 32
        },
        {
          "size": 928,
          "width": 48,
          "url": "https://media.sketchfab.com/avatars/93ac6b385f174cdaa55d9ae7032849d4/892c76b5011f4253aa851cc2dd6c87da.jpeg",
          "height": 48
        },
        {
          "size": 2698,
          "width": 90,
          "url": "https://media.sketchfab.com/avatars/93ac6b385f174cdaa55d9ae7032849d4/db6d1441355646aaab3e991225afba72.jpeg",
          "height": 90
        },
        {
          "size": 3215,
          "width": 100,
          "url": "https://media.sketchfab.com/avatars/93ac6b385f174cdaa55d9ae7032849d4/ab864f1afb2e4e23bd5c13b84c2a5553.jpeg",
          "height": 100
        }
      ]
    },
    "uri": "https://api.sketchfab.com/v3/users/1eca203d49a24918a1e876a85b2aa8f2"
  },
  "description": "Test for Sharp images\n\nMade with [Scaniverse](https://scaniverse.com).",
  "faceCount": 291623,
  "createdAt": "2021-03-07T11:03:03.865734",
  "vertexCount": 150230,
  "isAgeRestricted": false,
  "archives": {
    "glb": {
      "textureCount": 1,
      "size": 17949124,
      "type": "glb",
      "textureMaxResolution": 4096,
      "faceCount": 291621,
      "vertexCount": 184678
    },
    "gltf": {
      "textureCount": 1,
      "size": 13558384,
      "type": "gltf",
      "textureMaxResolution": 4096,
      "faceCount": 291621,
      "vertexCount": 184678
    },
    "source": {
      "textureCount": null,
      "size": 23527878,
      "type": "source",
      "textureMaxResolution": null,
      "faceCount": null,
      "vertexCount": null
    },
    "usdz": {
      "textureCount": null,
      "size": 15150416,
      "type": "usdz",
      "textureMaxResolution": null,
      "faceCount": null,
      "vertexCount": null
    }
  },
  "license": "by-nc-sa"
}