{
  "uri": "https://api.sketchfab.com/v3/models/83fe89a8062041ddadd139a8a17bd991",
  "uid": "83fe89a8062041ddadd139a8a17bd991",
  "name": "Pokeballs",
  "staffpickedAt": null,
  "viewCount": 20,
  "likeCount": 0,
  "animationCount": 0,
  "viewerUrl": "https://sketchfab.com/3d-models/83fe89a8062041ddadd139a8a17bd991",
  "embedUrl": "https://sketchfab.com/models/83fe89a8062041ddadd139a8a17bd991/embed",
  "commentCount": 0,
  "isDownloadable": true,
  "publishedAt": "2017-04-09T14:21:56.279662",
  "tags": [],
  "categories": [
    {
      "name": "electronics-gadgets"
    }
  ],
  "thumbnails": {
    "images": [
      {
        "uid": "b830677659f248baabba458b2b6431ee",
        "size": 11550,
        "width": 720,
        "url": "https://media.sketchfab.com/models/83fe89a8062041ddadd139a8a17bd991/thumbnails/2f4cf6ca799e43129f6365e90ed4e0b3/720x405.jpeg",
        "height": 405
      },
      {
        "uid": "8b28c10e60da4c188ef1e4701a87ea94",
        "size": 19129,
        "width": 1024,
        "url": "https://media.sketchfab.com/models/83fe89a8062041ddadd139a8a17bd991/thumbnails/2f4cf6ca799e43129f6365e90ed4e0b3/1024x576.jpeg",
        "height": 576
      },
      {
        "uid": "03a492b1283241dbb9e4100108535e5b",
        "size": 2936,
        "width": 256,
        "url": "https://media.sketchfab.com/models/83fe89a8062041ddadd139a8a17bd991/thumbnails/2f4cf6ca799e43129f6365e90ed4e0b3/256x144.jpeg",
        "height": 144
      },
      {
        "uid": "267dceb298b943c6bc422d0b77221872",
        "size": 725,
        "width": 64,
        "url": "https://media.sketchfab.com/models/83fe89a8062041ddadd139a8a17bd991/thumbnails/2f4cf6ca799e43129f6365e90ed4e0b3/64x36.jpeg",
        "height": 36
      }
    ]
  },
  "user": {
    "uid": "95ad0e93e4924131a0275084f8cb060e",
    "username": "aaloksarma",
    "displayName": "aaloksarma",
    "profileUrl": "https://sketchfab.com/aaloksarma",
    "account": "basic",
    "avatar": {
      "uri": "https://api.sketchfab.com/v3/avatars/78fa317e46024a5283765aa34df5e508",
      "images": [
        {
          "size": 6421,
          "width": 100,
          "url": "https://media.sketchfab.com/avatars/78fa317e46024a5283765aa34df5e508/aec92fe9a74e499c98d759362cd7f02f.jpeg",
          "height": 100
        },
        {
          "size": 2518,
          "width": 48,
          "url": "https://media.sketchfab.com/avatars/78fa317e46024a5283765aa34df5e508/17fa177ffaa344a2b2fc8e78efd40fbb.jpeg",
          "height": 48
        },
        {
          "size": 5653,
          "width": 90,
          "url": "https://media.sketchfab.com/avatars/78fa317e46024a5283765aa34df5e508/02162695bdc840faa3bcb2d418309c5e.jpeg",
          "height": 90
        },
        {
          "size": 1350,
          "width": 32,
          "url": "https://media.sketchfab.com/avatars/78fa317e46024a5283765aa34df5e508/6fde876cbded4cd48d36a76029e3aa02.jpeg",
          "height": 32
        }
      ]
    },
    "uri": "https://api.sketchfab.com/v3/users/95ad0e93e4924131a0275084f8cb060e"
  },
  "description": "A bunch of pokeballs textured n rendered...Made with blender \nNext time I will post more different pokeballs.\nCheers enjoy:)",
  "faceCount": 555649,
  "createdAt": "2017-04-09T14:18:42.116769",
  "vertexCount": 69884,
  "isAgeRestricted": false,
  "archives": {
    "glb": {
      "textureCount": 0,
      "size": 26971996,
      "type": "glb",
      "textureMaxResolution": 0,
      "faceCount": 1111282,
      "vertexCount": 566812
    },
    "gltf": {
      "textureCount": 0,
      "size": 10817200,
      "type": "gltf",
      "textureMaxResolution": 0,
      "faceCount": 1111282,
      "vertexCount": 566812
    },
    "source": {
      "textureCount": null,
      "size": 2404954,
      "type": "source",
      "textureMaxResolution": null,
      "faceCount": null,
      "vertexCount": null
    },
    "usdz": {
      "textureCount": null,
      "size": 3982870,
      "type": "usdz",
      "textureMaxResolution": null,
      "faceCount": null,
      "vertexCount": null
    }
  },
  "license": "by"
}