{
  "uri": "https://api.sketchfab.com/v3/models/83ff31639f8148cd9d00667801d244e0",
  "uid": "83ff31639f8148cd9d00667801d244e0",
  "name": "AU-39546",
  "staffpickedAt": null,
  "viewCount": 31,
  "likeCount": 2,
  "animationCount": 0,
  "viewerUrl": "https://sketchfab.com/3d-models/83ff31639f8148cd9d00667801d244e0",
  "embedUrl": "https://sketchfab.com/models/83ff31639f8148cd9d00667801d244e0/embed",
  "commentCount": 0,
  "isDownloadable": true,
  "publishedAt": "2021-10-12T15:55:08.728255",
  "tags": [],
  "categories": [],
  "thumbnails": {
    "images": [
      {
        "uid": "0783c818fb364340950aec4b6bfebeec",
        "size": 70167,
        "width": 1920,
        "url": "https://media.sketchfab.com/models/83ff31639f8148cd9d00667801d244e0/thumbnails/47f5d1816cc94102a0000169b3fd2a3c/23eec12d80b349b8bc6f1a95215ca727.jpeg",
        "height": 1080
      },
      {
        "uid": "f62bd513da64444588e600f7e6d3ae39",
        "size": 23197,
        "width": 1024,
        "url": "https://media.sketchfab.com/models/83ff31639f8148cd9d00667801d244e0/thumbnails/47f5d1816cc94102a0000169b3fd2a3c/3f2f9cc99e134492917077375bcee7b1.jpeg",
        "height": 576
      },
      {
        "uid": "6ff10bb25d58473dbd388f81bb00ce7f",
        "size": 13648,
        "width": 720,
        "url": "https://media.sketchfab.com/models/83ff31639f8148cd9d00667801d244e0/thumbnails/47f5d1816cc94102a0000169b3fd2a3c/16b38b18d4c641518432fc73196ccb4b.jpeg",
        "height": 405
      },
      {
        "uid": "d05a1ec08a904f219f8cc4e2c93cc828",
        "size": 2994,
        "width": 256,
        "url": "https://media.sketchfab.com/models/83ff31639f8148cd9d00667801d244e0/thumbnails/47f5d1816cc94102a0000169b3fd2a3c/18fb26c328564a23bd4c60eb668905c5.jpeg",
        "height": 144
      },
      {
        "uid": "faca9d4fae744647ad7c13729d558e61",
        "size": 974,
        "width": 64,
        "url": "https://media.sketchfab.com/models/83ff31639f8148cd9d00667801d244e0/thumbnails/47f5d1816cc94102a0000169b3fd2a3c/8402c1da4eea4a138961720aca9be42e.jpeg",
        "height": 36
      }
    ]
  },
  "user": {
    "uid": "a86190f6b3db4c78b780074325661ddc",
    "username": "automicgoldapril",
    "displayName": "automicgoldapril",
    "profileUrl": "https://sketchfab.com/automicgoldapril",
    "account": "basic",
    "avatar": {
      "uri": "https://api.sketchfab.com/v3/avatars/51af6a870cce449eb75b0345feebaebb",
      "images": [
        {
          "size": 5719,
          "width": 90,
          "url": "https://media.sketchfab.com/avatars/51af6a870cce449eb75b0345feebaebb/2ef0f894055b4bb69123b2a27fa2d379.jpeg",
          "height": 90
        },
        {
          "size": 6496,
          "width": 100,
          "url": "https://media.sketchfab.com/avatars/51af6a870cce449eb75b0345feebaebb/ab11eedf96374486acb544f71a23b165.jpeg",
          "height": 100
        },
        {
          "size": 1359,
          "width": 32,
          "url": "https://media.sketchfab.com/avatars/51af6a870cce449eb75b0345feebaebb/35f6f9b6c9a14a548ce472582d8a9bb5.jpeg",
          "height": 32
        },
        {
          "size": 2584,
          "width": 48,
          "url": "https://media.sketchfab.com/avatars/51af6a870cce449eb75b0345feebaebb/a8072a51447c4d41ab177b357111b420.jpeg",
          "height": 48
        }
      ]
    },
    "uri": "https://api.sketchfab.com/v3/users/a86190f6b3db4c78b780074325661ddc"
  },
  "description": "",
  "faceCount": 210154,
  "createdAt": "2021-10-12T15:54:39.944293",
  "vertexCount": 105056,
  "isAgeRestricted": false,
  "archives": {
    "glb": {
      "textureCount": 0,
      "size": 8330364,
      "type": "glb",
      "textureMaxResolution": 0,
      "faceCount": 210154,
      "vertexCount": 175912
    },
    "gltf": {
      "textureCount": 0,
      "size": 4084256,
      "type": "gltf",
      "textureMaxResolution": 0,
      "faceCount": 210154,
      "vertexCount": 175912
    },
    "source": {
      "textureCount": null,
      "size": 4597674,
      "type": "source",
      "textureMaxResolution": null,
      "faceCount": null,
      "vertexCount": null
    },
    "usdz": {
      "textureCount": null,
      "size": 4701555,
      "type": "usdz",
      "textureMaxResolution": null,
      "faceCount": null,
      "vertexCount": null
    }
  },
  "license": "by"
}