{
  "uri": "https://api.sketchfab.com/v3/models/2d02c30c8a6b425c84115d3eaa622000",
  "uid": "2d02c30c8a6b425c84115d3eaa622000",
  "name": "26033A",
  "staffpickedAt": null,
  "viewCount": 3,
  "likeCount": 1,
  "animationCount": 0,
  "viewerUrl": "https://sketchfab.com/3d-models/2d02c30c8a6b425c84115d3eaa622000",
  "embedUrl": "https://sketchfab.com/models/2d02c30c8a6b425c84115d3eaa622000/embed",
  "commentCount": 0,
  "isDownloadable": true,
  "publishedAt": "2020-01-29T10:04:20.855125",
  "tags": [
    {
      "name": "pamir",
      "slug": "pamir",
      "uri": "https://api.sketchfab.com/v3/tags/pamir"
    }
  ],
  "categories": [],
  "thumbnails": {
    "images": [
      {
        "uid": "5f87416715ab482d89850857c64544d2",
        "size": 126420,
        "width": 1920,
        "url": "https://media.sketchfab.com/models/2d02c30c8a6b425c84115d3eaa622000/thumbnails/75043384fe87420683894afc2588a5f3/97bf1060eed44fa1a0178caadb234f28.jpeg",
        "height": 1080
      },
      {
        "uid": "d9a844430776436e97844cb554530240",
        "size": 43868,
        "width": 1024,
        "url": "https://media.sketchfab.com/models/2d02c30c8a6b425c84115d3eaa622000/thumbnails/75043384fe87420683894afc2588a5f3/d4621566448d4c528b8a2aa049c1f87b.jpeg",
        "height": 576
      },
      {
        "uid": "858c819db60740b69dedc32272df6d4b",
        "size": 24385,
        "width": 720,
        "url": "https://media.sketchfab.com/models/2d02c30c8a6b425c84115d3eaa622000/thumbnails/75043384fe87420683894afc2588a5f3/8a51bc33adf742ffab872480445a4268.jpeg",
        "height": 405
      },
      {
        "uid": "3499d701c91e403cb25c4ea8e13a7001",
        "size": 3845,
        "width": 256,
        "url": "https://media.sketchfab.com/models/2d02c30c8a6b425c84115d3eaa622000/thumbnails/75043384fe87420683894afc2588a5f3/64d928a239244e16b1e7d8f08404cdee.jpeg",
        "height": 144
      },
      {
        "uid": "ec735e653ddd446f9b4ce6a38bf11ca6",
        "size": 614,
        "width": 64,
        "url": "https://media.sketchfab.com/models/2d02c30c8a6b425c84115d3eaa622000/thumbnails/75043384fe87420683894afc2588a5f3/bafde3954bb64788a95b41932a167182.jpeg",
        "height": 36
      }
    ]
  },
  "user": {
    "uid": "ef929dc8caff4090ad46bb7d2346dbf5",
    "username": "sbbeesley20",
    "displayName": "sbbeesley20",
    "profileUrl": "https://sketchfab.com/sbbeesley20",
    "account": "basic",
    "avatar": {
      "uri": "https://api.sketchfab.com/v3/avatars/51af6a870cce449eb75b0345feebaebb",
      "images": [
        {
          "size": 5719,
          "width": 90,
          "url": "https://media.sketchfab.com/avatars/51af6a870cce449eb75b0345feebaebb/2ef0f894055b4bb69123b2a27fa2d379.jpeg",
          "height": 90
        },
        {
          "size": 6496,
          "width": 100,
          "url": "https://media.sketchfab.com/avatars/51af6a870cce449eb75b0345feebaebb/ab11eedf96374486acb544f71a23b165.jpeg",
          "height": 100
        },
        {
          "size": 1359,
          "width": 32,
          "url": "https://media.sketchfab.com/avatars/51af6a870cce449eb75b0345feebaebb/35f6f9b6c9a14a548ce472582d8a9bb5.jpeg",
          "height": 32
        },
        {
          "size": 2584,
          "width": 48,
          "url": "https://media.sketchfab.com/avatars/51af6a870cce449eb75b0345feebaebb/a8072a51447c4d41ab177b357111b420.jpeg",
          "height": 48
        }
      ]
    },
    "uri": "https://api.sketchfab.com/v3/users/ef929dc8caff4090ad46bb7d2346dbf5"
  },
  "description": "Building exported from Pamir.",
  "faceCount": 720,
  "createdAt": "2020-01-29T09:59:08.621234",
  "vertexCount": 558,
  "isAgeRestricted": false,
  "archives": {
    "glb": {
      "textureCount": 6,
      "size": 365956,
      "type": "glb",
      "textureMaxResolution": 512,
      "faceCount": 720,
      "vertexCount": 1426
    },
    "gltf": {
      "textureCount": 6,
      "size": 312185,
      "type": "gltf",
      "textureMaxResolution": 512,
      "faceCount": 720,
      "vertexCount": 1426
    },
    "source": {
      "textureCount": null,
      "size": 654607,
      "type": "source",
      "textureMaxResolution": null,
      "faceCount": null,
      "vertexCount": null
    },
    "usdz": {
      "textureCount": null,
      "size": 355357,
      "type": "usdz",
      "textureMaxResolution": null,
      "faceCount": null,
      "vertexCount": null
    }
  },
  "license": "by"
}