{
  "uri": "https://api.sketchfab.com/v3/models/2d03db0e32c146868b79a26cd14822c6",
  "uid": "2d03db0e32c146868b79a26cd14822c6",
  "name": "Marek M",
  "staffpickedAt": null,
  "viewCount": 0,
  "likeCount": 0,
  "animationCount": 0,
  "viewerUrl": "https://sketchfab.com/3d-models/2d03db0e32c146868b79a26cd14822c6",
  "embedUrl": "https://sketchfab.com/models/2d03db0e32c146868b79a26cd14822c6/embed",
  "commentCount": 0,
  "isDownloadable": true,
  "publishedAt": "2022-09-05T09:28:07.777215",
  "tags": [
    {
      "name": "stair",
      "slug": "stair",
      "uri": "https://api.sketchfab.com/v3/tags/stair"
    },
    {
      "name": "staircase",
      "slug": "staircase",
      "uri": "https://api.sketchfab.com/v3/tags/staircase"
    },
    {
      "name": "staircon",
      "slug": "staircon",
      "uri": "https://api.sketchfab.com/v3/tags/staircon"
    }
  ],
  "categories": [],
  "thumbnails": {
    "images": [
      {
        "uid": "e5d9da0d3c9244d38bbe554c347c77da",
        "size": 210247,
        "width": 1920,
        "url": "https://media.sketchfab.com/models/2d03db0e32c146868b79a26cd14822c6/thumbnails/dad92180981645dc831a649314eb1422/038ed6cf001049d1a8d2c42f78315018.jpeg",
        "height": 1080
      },
      {
        "uid": "e7fa513d67a4493f96e0ef14d85d9d3e",
        "size": 29973,
        "width": 1024,
        "url": "https://media.sketchfab.com/models/2d03db0e32c146868b79a26cd14822c6/thumbnails/dad92180981645dc831a649314eb1422/79a7e8ff186f4a6c9e209cdfeaac38b9.jpeg",
        "height": 576
      },
      {
        "uid": "8f1519b6d3a84699b90a578fbcbcc920",
        "size": 17180,
        "width": 720,
        "url": "https://media.sketchfab.com/models/2d03db0e32c146868b79a26cd14822c6/thumbnails/dad92180981645dc831a649314eb1422/c7d23747f96540ea84d7ba524e7ac1f8.jpeg",
        "height": 405
      },
      {
        "uid": "b38a561682264375b0dbd2b0ef59467f",
        "size": 3825,
        "width": 256,
        "url": "https://media.sketchfab.com/models/2d03db0e32c146868b79a26cd14822c6/thumbnails/dad92180981645dc831a649314eb1422/72e06557911a484a828049d4c3e59eb9.jpeg",
        "height": 144
      },
      {
        "uid": "10d57ec2cc73486c837fc338a5acc746",
        "size": 1107,
        "width": 64,
        "url": "https://media.sketchfab.com/models/2d03db0e32c146868b79a26cd14822c6/thumbnails/dad92180981645dc831a649314eb1422/386e8f9f06004d6d85a9f47dd755df27.jpeg",
        "height": 36
      }
    ]
  },
  "user": {
    "uid": "09c030f8975641b29d9e2b417303abc4",
    "username": "stolmark",
    "displayName": "Stolmark",
    "profileUrl": "https://sketchfab.com/stolmark",
    "account": "basic",
    "avatar": {
      "uri": "https://api.sketchfab.com/v3/avatars/390219bdd009443d82d15f6544d92b8b",
      "images": [
        {
          "size": 1007,
          "width": 32,
          "url": "https://media.sketchfab.com/avatars/390219bdd009443d82d15f6544d92b8b/e0ef1c73a18945ef973a4c7b585a2781.png",
          "height": 32
        },
        {
          "size": 1657,
          "width": 48,
          "url": "https://media.sketchfab.com/avatars/390219bdd009443d82d15f6544d92b8b/8f2262e356814a5596aea05513f63fb6.png",
          "height": 48
        },
        {
          "size": 4324,
          "width": 90,
          "url": "https://media.sketchfab.com/avatars/390219bdd009443d82d15f6544d92b8b/64fc222d201d46c697463bfa8c5e2964.png",
          "height": 90
        },
        {
          "size": 5327,
          "width": 100,
          "url": "https://media.sketchfab.com/avatars/390219bdd009443d82d15f6544d92b8b/3a67a038ff6b4d228809a83554743779.png",
          "height": 100
        }
      ]
    },
    "uri": "https://api.sketchfab.com/v3/users/09c030f8975641b29d9e2b417303abc4"
  },
  "description": "http://staircon.com/ <br>Export by <b>Stolmark Marek Kesy</b> (lic 6599)",
  "faceCount": 15196,
  "createdAt": "2022-09-05T09:26:49.155831",
  "vertexCount": 7743,
  "isAgeRestricted": false,
  "archives": {
    "glb": {
      "textureCount": 4,
      "size": 903264,
      "type": "glb",
      "textureMaxResolution": 512,
      "faceCount": 14851,
      "vertexCount": 15445
    },
    "gltf": {
      "textureCount": 4,
      "size": 414123,
      "type": "gltf",
      "textureMaxResolution": 512,
      "faceCount": 14851,
      "vertexCount": 15445
    },
    "source": {
      "textureCount": null,
      "size": 642872,
      "type": "source",
      "textureMaxResolution": null,
      "faceCount": null,
      "vertexCount": null
    }
  },
  "license": "by"
}