{
  "uri": "https://api.sketchfab.com/v3/models/2d0bb5158ad9432095a33cf336fd063e",
  "uid": "2d0bb5158ad9432095a33cf336fd063e",
  "name": "Thumb Guy from spykids 3",
  "staffpickedAt": null,
  "viewCount": 365,
  "likeCount": 1,
  "animationCount": 0,
  "viewerUrl": "https://sketchfab.com/3d-models/2d0bb5158ad9432095a33cf336fd063e",
  "embedUrl": "https://sketchfab.com/models/2d0bb5158ad9432095a33cf336fd063e/embed",
  "commentCount": 0,
  "isDownloadable": true,
  "publishedAt": "2018-08-15T18:27:50.108782",
  "tags": [],
  "categories": [],
  "thumbnails": {
    "images": [
      {
        "uid": "ed66dc5b97b04b3eb390b17be99ef7a4",
        "size": 698,
        "width": 64,
        "url": "https://media.sketchfab.com/models/2d0bb5158ad9432095a33cf336fd063e/thumbnails/1133fbc976154a14a2275cd6a43a931a/ee797b527f1b4848b34848542c21eb12.jpeg",
        "height": 36
      },
      {
        "uid": "5f1672214ad24a0187fc33520e9ea214",
        "size": 2715,
        "width": 256,
        "url": "https://media.sketchfab.com/models/2d0bb5158ad9432095a33cf336fd063e/thumbnails/1133fbc976154a14a2275cd6a43a931a/725da179792d43a9a0242a6373528f51.jpeg",
        "height": 144
      },
      {
        "uid": "554ba5a0267e4756a50a29f0babbafad",
        "size": 11823,
        "width": 720,
        "url": "https://media.sketchfab.com/models/2d0bb5158ad9432095a33cf336fd063e/thumbnails/1133fbc976154a14a2275cd6a43a931a/44529c751c3c40e5ace52aa8456fe929.jpeg",
        "height": 405
      },
      {
        "uid": "d13c11b5756f4837b0faa09db2e305eb",
        "size": 24996,
        "width": 1024,
        "url": "https://media.sketchfab.com/models/2d0bb5158ad9432095a33cf336fd063e/thumbnails/1133fbc976154a14a2275cd6a43a931a/916191608def4158936f28d943b15059.jpeg",
        "height": 576
      },
      {
        "uid": "d6e3e0d5721e49af90ce9782f8c781fb",
        "size": 388166,
        "width": 1920,
        "url": "https://media.sketchfab.com/models/2d0bb5158ad9432095a33cf336fd063e/thumbnails/1133fbc976154a14a2275cd6a43a931a/6ce876df32c3442da3d3f1c60b346ba5.jpeg",
        "height": 1080
      }
    ]
  },
  "user": {
    "uid": "73a49febb69c415e84b701693fea2c67",
    "username": "funnystuffyt",
    "displayName": "funnystuffyt",
    "profileUrl": "https://sketchfab.com/funnystuffyt",
    "account": "basic",
    "avatar": {
      "uri": "https://api.sketchfab.com/v3/avatars/78fa317e46024a5283765aa34df5e508",
      "images": [
        {
          "size": 6421,
          "width": 100,
          "url": "https://media.sketchfab.com/avatars/78fa317e46024a5283765aa34df5e508/aec92fe9a74e499c98d759362cd7f02f.jpeg",
          "height": 100
        },
        {
          "size": 2518,
          "width": 48,
          "url": "https://media.sketchfab.com/avatars/78fa317e46024a5283765aa34df5e508/17fa177ffaa344a2b2fc8e78efd40fbb.jpeg",
          "height": 48
        },
        {
          "size": 5653,
          "width": 90,
          "url": "https://media.sketchfab.com/avatars/78fa317e46024a5283765aa34df5e508/02162695bdc840faa3bcb2d418309c5e.jpeg",
          "height": 90
        },
        {
          "size": 1350,
          "width": 32,
          "url": "https://media.sketchfab.com/avatars/78fa317e46024a5283765aa34df5e508/6fde876cbded4cd48d36a76029e3aa02.jpeg",
          "height": 32
        }
      ]
    },
    "uri": "https://api.sketchfab.com/v3/users/73a49febb69c415e84b701693fea2c67"
  },
  "description": "yes",
  "faceCount": 34334,
  "createdAt": "2018-08-15T18:27:29.324866",
  "vertexCount": 17169,
  "isAgeRestricted": false,
  "archives": {
    "glb": {
      "textureCount": 0,
      "size": 1102784,
      "type": "glb",
      "textureMaxResolution": 0,
      "faceCount": 34334,
      "vertexCount": 17219
    },
    "gltf": {
      "textureCount": 0,
      "size": 615737,
      "type": "gltf",
      "textureMaxResolution": 0,
      "faceCount": 34334,
      "vertexCount": 17219
    },
    "source": {
      "textureCount": null,
      "size": 1118577,
      "type": "source",
      "textureMaxResolution": null,
      "faceCount": null,
      "vertexCount": null
    },
    "usdz": {
      "textureCount": null,
      "size": 608794,
      "type": "usdz",
      "textureMaxResolution": null,
      "faceCount": null,
      "vertexCount": null
    }
  },
  "license": "by"
}