{
  "uri": "https://api.sketchfab.com/v3/models/2d129adb316540849f03bb43d129a4ff",
  "uid": "2d129adb316540849f03bb43d129a4ff",
  "name": "RICE LADLE (A)",
  "staffpickedAt": null,
  "viewCount": 21,
  "likeCount": 1,
  "animationCount": 0,
  "viewerUrl": "https://sketchfab.com/3d-models/2d129adb316540849f03bb43d129a4ff",
  "embedUrl": "https://sketchfab.com/models/2d129adb316540849f03bb43d129a4ff/embed",
  "commentCount": 0,
  "isDownloadable": true,
  "publishedAt": "2021-04-13T15:29:40.942441",
  "tags": [],
  "categories": [],
  "thumbnails": {
    "images": [
      {
        "uid": "a2b8b21816964ebfa56fcb4b66a29d3d",
        "size": 31763,
        "width": 1920,
        "url": "https://media.sketchfab.com/models/2d129adb316540849f03bb43d129a4ff/thumbnails/d43f414941ab4a2da996388ccfdf9d3a/292f78684cde45dda32413cc69ba0fcd.jpeg",
        "height": 1080
      },
      {
        "uid": "eaf058266f4f48aaaf9e44b2046eae64",
        "size": 11221,
        "width": 1024,
        "url": "https://media.sketchfab.com/models/2d129adb316540849f03bb43d129a4ff/thumbnails/d43f414941ab4a2da996388ccfdf9d3a/2c6396003da2421f91458e53511a0c33.jpeg",
        "height": 576
      },
      {
        "uid": "89c8e3d406a348eba88c0dafc8a34f1e",
        "size": 6952,
        "width": 720,
        "url": "https://media.sketchfab.com/models/2d129adb316540849f03bb43d129a4ff/thumbnails/d43f414941ab4a2da996388ccfdf9d3a/b96cee2273b34b91930febef18d81c41.jpeg",
        "height": 405
      },
      {
        "uid": "25a857852bff42db9ff54f4bb554acf0",
        "size": 1659,
        "width": 256,
        "url": "https://media.sketchfab.com/models/2d129adb316540849f03bb43d129a4ff/thumbnails/d43f414941ab4a2da996388ccfdf9d3a/46285f1ca6fb40719bffaa8ae3b042ea.jpeg",
        "height": 144
      },
      {
        "uid": "9cb509e4eca64027812c9dfe4b4fa1d5",
        "size": 516,
        "width": 64,
        "url": "https://media.sketchfab.com/models/2d129adb316540849f03bb43d129a4ff/thumbnails/d43f414941ab4a2da996388ccfdf9d3a/eb13b68e76ad4a818ff72088fcdc7173.jpeg",
        "height": 36
      }
    ]
  },
  "user": {
    "uid": "ed2658edbbfd46d8ab95b267dc5a28aa",
    "username": "RenderVentures",
    "displayName": "Render Ventura",
    "profileUrl": "https://sketchfab.com/RenderVentures",
    "account": "basic",
    "avatar": {
      "uri": "https://api.sketchfab.com/v3/avatars/34bf38f5d36046dcae130ef2168c30b2",
      "images": [
        {
          "size": 729,
          "width": 32,
          "url": "https://media.sketchfab.com/avatars/34bf38f5d36046dcae130ef2168c30b2/415309059e984ff5aef26e8103d7a037.jpeg",
          "height": 32
        },
        {
          "size": 1172,
          "width": 48,
          "url": "https://media.sketchfab.com/avatars/34bf38f5d36046dcae130ef2168c30b2/f2db7df047ec4cba8d482deb9c63c7a8.jpeg",
          "height": 48
        },
        {
          "size": 3096,
          "width": 90,
          "url": "https://media.sketchfab.com/avatars/34bf38f5d36046dcae130ef2168c30b2/1ad47cbe5bc74e838419b585e3248682.jpeg",
          "height": 90
        },
        {
          "size": 3657,
          "width": 100,
          "url": "https://media.sketchfab.com/avatars/34bf38f5d36046dcae130ef2168c30b2/7f1272e0d2da414d9749aa230bfa4dd2.jpeg",
          "height": 100
        }
      ]
    },
    "uri": "https://api.sketchfab.com/v3/users/ed2658edbbfd46d8ab95b267dc5a28aa"
  },
  "description": "",
  "faceCount": 520,
  "createdAt": "2021-04-13T15:10:24.523332",
  "vertexCount": 294,
  "isAgeRestricted": false,
  "archives": {
    "glb": {
      "textureCount": 2,
      "size": 98164,
      "type": "glb",
      "textureMaxResolution": 512,
      "faceCount": 520,
      "vertexCount": 334
    },
    "gltf": {
      "textureCount": 2,
      "size": 85355,
      "type": "gltf",
      "textureMaxResolution": 512,
      "faceCount": 520,
      "vertexCount": 334
    },
    "source": {
      "textureCount": null,
      "size": 513458,
      "type": "source",
      "textureMaxResolution": null,
      "faceCount": null,
      "vertexCount": null
    },
    "usdz": {
      "textureCount": null,
      "size": 44657,
      "type": "usdz",
      "textureMaxResolution": null,
      "faceCount": null,
      "vertexCount": null
    }
  },
  "license": "by"
}