{
  "uri": "https://api.sketchfab.com/v3/models/2d464b6ee6d74c84b9182f731dc5a6f2",
  "uid": "2d464b6ee6d74c84b9182f731dc5a6f2",
  "name": "Torblevel2turrret+low",
  "staffpickedAt": null,
  "viewCount": 86,
  "likeCount": 0,
  "animationCount": 0,
  "viewerUrl": "https://sketchfab.com/3d-models/2d464b6ee6d74c84b9182f731dc5a6f2",
  "embedUrl": "https://sketchfab.com/models/2d464b6ee6d74c84b9182f731dc5a6f2/embed",
  "commentCount": 0,
  "isDownloadable": true,
  "publishedAt": "2017-11-30T00:49:09.697251",
  "tags": [
    {
      "name": "overwatch",
      "slug": "overwatch",
      "uri": "https://api.sketchfab.com/v3/tags/overwatch"
    }
  ],
  "categories": [
    {
      "name": "architecture"
    },
    {
      "name": "art-abstract"
    }
  ],
  "thumbnails": {
    "images": [
      {
        "uid": "14d5688bdf01484d84e932790a5e3002",
        "size": 30310,
        "width": 1024,
        "url": "https://media.sketchfab.com/models/2d464b6ee6d74c84b9182f731dc5a6f2/thumbnails/4996d570acc5456aa9b7d90db9f2cde6/1aa39b7850c04d248e2c154f88bb6863.jpeg",
        "height": 576
      },
      {
        "uid": "562dde3a25b54988a38fbe8ae62baf53",
        "size": 14614,
        "width": 720,
        "url": "https://media.sketchfab.com/models/2d464b6ee6d74c84b9182f731dc5a6f2/thumbnails/4996d570acc5456aa9b7d90db9f2cde6/06b4e9f2704141b3bc45d0504086788c.jpeg",
        "height": 405
      },
      {
        "uid": "5aac543d33d244e2aab809b92835a298",
        "size": 2886,
        "width": 256,
        "url": "https://media.sketchfab.com/models/2d464b6ee6d74c84b9182f731dc5a6f2/thumbnails/4996d570acc5456aa9b7d90db9f2cde6/282d1b6d93ac4570aab59fcde3d2e445.jpeg",
        "height": 144
      },
      {
        "uid": "3f6cc773ae5747d099c1d77e9cb99ace",
        "size": 618,
        "width": 64,
        "url": "https://media.sketchfab.com/models/2d464b6ee6d74c84b9182f731dc5a6f2/thumbnails/4996d570acc5456aa9b7d90db9f2cde6/e51b9d4935064c98a823e9468e117e3c.jpeg",
        "height": 36
      }
    ]
  },
  "user": {
    "uid": "246f4dd28602449f87ff7758cd69cdce",
    "username": "Brian66y",
    "displayName": "Brian66y",
    "profileUrl": "https://sketchfab.com/Brian66y",
    "account": "basic",
    "avatar": {
      "uri": "https://api.sketchfab.com/v3/avatars/c2bd8c0b448546e3a7d8c9ba581fa9e2",
      "images": [
        {
          "size": 1024,
          "width": 32,
          "url": "https://media.sketchfab.com/avatars/c2bd8c0b448546e3a7d8c9ba581fa9e2/3d6a1784f7734ceb978667c68e201f39.jpeg",
          "height": 32
        },
        {
          "size": 1287,
          "width": 48,
          "url": "https://media.sketchfab.com/avatars/c2bd8c0b448546e3a7d8c9ba581fa9e2/909add1e99504f46b4e7b127622a0778.jpeg",
          "height": 48
        },
        {
          "size": 2386,
          "width": 90,
          "url": "https://media.sketchfab.com/avatars/c2bd8c0b448546e3a7d8c9ba581fa9e2/6d4e59f055534849b746be5fc52a3f4f.jpeg",
          "height": 90
        },
        {
          "size": 2723,
          "width": 100,
          "url": "https://media.sketchfab.com/avatars/c2bd8c0b448546e3a7d8c9ba581fa9e2/74698e1f888146cfbb75cf482c337299.jpeg",
          "height": 100
        }
      ]
    },
    "uri": "https://api.sketchfab.com/v3/users/246f4dd28602449f87ff7758cd69cdce"
  },
  "description": "TORBJORN, READY TO VORK!",
  "faceCount": 5432,
  "createdAt": "2017-11-30T00:47:03.346119",
  "vertexCount": 2768,
  "isAgeRestricted": false,
  "archives": {
    "glb": {
      "textureCount": 2,
      "size": 3728172,
      "type": "glb",
      "textureMaxResolution": 2048,
      "faceCount": 5128,
      "vertexCount": 4987
    },
    "gltf": {
      "textureCount": 2,
      "size": 3527547,
      "type": "gltf",
      "textureMaxResolution": 2048,
      "faceCount": 5128,
      "vertexCount": 4987
    },
    "source": {
      "textureCount": null,
      "size": 4793365,
      "type": "source",
      "textureMaxResolution": null,
      "faceCount": null,
      "vertexCount": null
    },
    "usdz": {
      "textureCount": null,
      "size": 2401324,
      "type": "usdz",
      "textureMaxResolution": null,
      "faceCount": null,
      "vertexCount": null
    }
  },
  "license": "by"
}