{
  "uri": "https://api.sketchfab.com/v3/models/2d53e3cbeafa4b36a005beec2eaee0f5",
  "uid": "2d53e3cbeafa4b36a005beec2eaee0f5",
  "name": "Caixa Jornals 2",
  "staffpickedAt": null,
  "viewCount": 0,
  "likeCount": 0,
  "animationCount": 0,
  "viewerUrl": "https://sketchfab.com/3d-models/2d53e3cbeafa4b36a005beec2eaee0f5",
  "embedUrl": "https://sketchfab.com/models/2d53e3cbeafa4b36a005beec2eaee0f5/embed",
  "commentCount": 0,
  "isDownloadable": true,
  "publishedAt": "2022-07-22T00:34:36.756806",
  "tags": [
    {
      "name": "scanned_by_huawei_ele-l29",
      "slug": "scanned_by_huawei_ele-l29",
      "uri": "https://api.sketchfab.com/v3/tags/scanned_by_huawei_ele-l29"
    },
    {
      "name": "3dlivescanner",
      "slug": "3dlivescanner",
      "uri": "https://api.sketchfab.com/v3/tags/3dlivescanner"
    }
  ],
  "categories": [],
  "thumbnails": {
    "images": [
      {
        "uid": "782029f48be84ddba16fc72dae483f6d",
        "size": 90947,
        "width": 1920,
        "url": "https://media.sketchfab.com/models/2d53e3cbeafa4b36a005beec2eaee0f5/thumbnails/5bc0b133acfd44bc9cf680d9303635cb/cd900042debb4c178c6fed2c342d708c.jpeg",
        "height": 1080
      },
      {
        "uid": "1bbc680d9533435688b4883d8505d897",
        "size": 30033,
        "width": 1024,
        "url": "https://media.sketchfab.com/models/2d53e3cbeafa4b36a005beec2eaee0f5/thumbnails/5bc0b133acfd44bc9cf680d9303635cb/a7c07ebd538f4ff1a9420a8bf2d0e187.jpeg",
        "height": 576
      },
      {
        "uid": "f941c072bf0f4a5392ae8ef267475334",
        "size": 16910,
        "width": 720,
        "url": "https://media.sketchfab.com/models/2d53e3cbeafa4b36a005beec2eaee0f5/thumbnails/5bc0b133acfd44bc9cf680d9303635cb/a5d70b0a9a7540599565934e10e68cb1.jpeg",
        "height": 405
      },
      {
        "uid": "8c7ab535344841b9a6781a8d7c0e017e",
        "size": 3215,
        "width": 256,
        "url": "https://media.sketchfab.com/models/2d53e3cbeafa4b36a005beec2eaee0f5/thumbnails/5bc0b133acfd44bc9cf680d9303635cb/e28005d3a1f5407eb9e46c0433a96120.jpeg",
        "height": 144
      },
      {
        "uid": "e808478bc3c647e8a87673f5f357d049",
        "size": 910,
        "width": 64,
        "url": "https://media.sketchfab.com/models/2d53e3cbeafa4b36a005beec2eaee0f5/thumbnails/5bc0b133acfd44bc9cf680d9303635cb/9d97de230f734ad4877fe48b72a5b2f7.jpeg",
        "height": 36
      }
    ]
  },
  "user": {
    "uid": "8c554c059ec74957a04f42687e75f26c",
    "username": "jordanemery70",
    "displayName": "Emsagroj",
    "profileUrl": "https://sketchfab.com/jordanemery70",
    "account": "basic",
    "avatar": {
      "uri": "https://api.sketchfab.com/v3/avatars/3d42d503f65c486d9733d3940c0fedc0",
      "images": [
        {
          "size": 751,
          "width": 32,
          "url": "https://media.sketchfab.com/avatars/3d42d503f65c486d9733d3940c0fedc0/ca4ec48ba12b438fb7c7ce8cd1f8470d.jpeg",
          "height": 32
        },
        {
          "size": 836,
          "width": 48,
          "url": "https://media.sketchfab.com/avatars/3d42d503f65c486d9733d3940c0fedc0/77d52aea663b4a958cb164d940f3cddf.jpeg",
          "height": 48
        },
        {
          "size": 1157,
          "width": 90,
          "url": "https://media.sketchfab.com/avatars/3d42d503f65c486d9733d3940c0fedc0/1484a510c7ba4fcbb0b46e2a94895737.jpeg",
          "height": 90
        },
        {
          "size": 1280,
          "width": 100,
          "url": "https://media.sketchfab.com/avatars/3d42d503f65c486d9733d3940c0fedc0/8c5e44aa3beb4838ab9070e645fec5fd.jpeg",
          "height": 100
        }
      ]
    },
    "uri": "https://api.sketchfab.com/v3/users/8c554c059ec74957a04f42687e75f26c"
  },
  "description": "Vila Mariana, São Paulo",
  "faceCount": 94513,
  "createdAt": "2022-07-22T00:33:19.320086",
  "vertexCount": 62876,
  "isAgeRestricted": false,
  "archives": {
    "glb": {
      "textureCount": 4,
      "size": 15476400,
      "type": "glb",
      "textureMaxResolution": 2048,
      "faceCount": 94513,
      "vertexCount": 67686
    },
    "gltf": {
      "textureCount": 4,
      "size": 14311475,
      "type": "gltf",
      "textureMaxResolution": 2048,
      "faceCount": 94513,
      "vertexCount": 67686
    },
    "source": {
      "textureCount": null,
      "size": 27741342,
      "type": "source",
      "textureMaxResolution": null,
      "faceCount": null,
      "vertexCount": null
    }
  },
  "license": "by-sa"
}