{
  "uri": "https://api.sketchfab.com/v3/models/2d5726aa58934eb6b6a9b9584b7dfe71",
  "uid": "2d5726aa58934eb6b6a9b9584b7dfe71",
  "name": "Meteorit 2",
  "staffpickedAt": null,
  "viewCount": 17,
  "likeCount": 0,
  "animationCount": 0,
  "viewerUrl": "https://sketchfab.com/3d-models/2d5726aa58934eb6b6a9b9584b7dfe71",
  "embedUrl": "https://sketchfab.com/models/2d5726aa58934eb6b6a9b9584b7dfe71/embed",
  "commentCount": 0,
  "isDownloadable": true,
  "publishedAt": "2019-12-12T16:06:12.012370",
  "tags": [],
  "categories": [],
  "thumbnails": {
    "images": [
      {
        "uid": "fca8708749924efa8063cb97c0cc2dfb",
        "size": 36328,
        "width": 1920,
        "url": "https://media.sketchfab.com/models/2d5726aa58934eb6b6a9b9584b7dfe71/thumbnails/c7b432666b6b47218f3671f3194b2d6b/ed2994a77d5e45139a1a882ad65a62ec.jpeg",
        "height": 1080
      },
      {
        "uid": "28f9ba650632490e827fcd8fef19c492",
        "size": 14098,
        "width": 1024,
        "url": "https://media.sketchfab.com/models/2d5726aa58934eb6b6a9b9584b7dfe71/thumbnails/c7b432666b6b47218f3671f3194b2d6b/073217c16f444eb8b2c4487907fcfd95.jpeg",
        "height": 576
      },
      {
        "uid": "1daa0b071e844cc997a035d6ee804e72",
        "size": 8569,
        "width": 720,
        "url": "https://media.sketchfab.com/models/2d5726aa58934eb6b6a9b9584b7dfe71/thumbnails/c7b432666b6b47218f3671f3194b2d6b/cad4c560e2684f95a12517a5d532b3d8.jpeg",
        "height": 405
      },
      {
        "uid": "bb79fe62d6444575be31959b27697c56",
        "size": 1836,
        "width": 256,
        "url": "https://media.sketchfab.com/models/2d5726aa58934eb6b6a9b9584b7dfe71/thumbnails/c7b432666b6b47218f3671f3194b2d6b/24d6004f947543078596d841f73ceab2.jpeg",
        "height": 144
      },
      {
        "uid": "908cbf4705d64f41bd0adc808bf161eb",
        "size": 391,
        "width": 64,
        "url": "https://media.sketchfab.com/models/2d5726aa58934eb6b6a9b9584b7dfe71/thumbnails/c7b432666b6b47218f3671f3194b2d6b/cdd37cfd080a41ce91469e1b9520ffa1.jpeg",
        "height": 36
      }
    ]
  },
  "user": {
    "uid": "648934e462a24e90bbe0e0124ce02b1c",
    "username": "manja_josefina",
    "displayName": "manja_josefina",
    "profileUrl": "https://sketchfab.com/manja_josefina",
    "account": "basic",
    "avatar": {
      "uri": "https://api.sketchfab.com/v3/avatars/78fa317e46024a5283765aa34df5e508",
      "images": [
        {
          "size": 6421,
          "width": 100,
          "url": "https://media.sketchfab.com/avatars/78fa317e46024a5283765aa34df5e508/aec92fe9a74e499c98d759362cd7f02f.jpeg",
          "height": 100
        },
        {
          "size": 2518,
          "width": 48,
          "url": "https://media.sketchfab.com/avatars/78fa317e46024a5283765aa34df5e508/17fa177ffaa344a2b2fc8e78efd40fbb.jpeg",
          "height": 48
        },
        {
          "size": 5653,
          "width": 90,
          "url": "https://media.sketchfab.com/avatars/78fa317e46024a5283765aa34df5e508/02162695bdc840faa3bcb2d418309c5e.jpeg",
          "height": 90
        },
        {
          "size": 1350,
          "width": 32,
          "url": "https://media.sketchfab.com/avatars/78fa317e46024a5283765aa34df5e508/6fde876cbded4cd48d36a76029e3aa02.jpeg",
          "height": 32
        }
      ]
    },
    "uri": "https://api.sketchfab.com/v3/users/648934e462a24e90bbe0e0124ce02b1c"
  },
  "description": "",
  "faceCount": 32000,
  "createdAt": "2019-12-12T15:34:09.285000",
  "vertexCount": 16800,
  "isAgeRestricted": false,
  "archives": {
    "glb": {
      "textureCount": 0,
      "size": 3120176,
      "type": "glb",
      "textureMaxResolution": 0,
      "faceCount": 32000,
      "vertexCount": 72000
    },
    "gltf": {
      "textureCount": 0,
      "size": 74424,
      "type": "gltf",
      "textureMaxResolution": 0,
      "faceCount": 32000,
      "vertexCount": 72000
    },
    "source": {
      "textureCount": null,
      "size": 2255036,
      "type": "source",
      "textureMaxResolution": null,
      "faceCount": null,
      "vertexCount": null
    },
    "usdz": {
      "textureCount": null,
      "size": 91919,
      "type": "usdz",
      "textureMaxResolution": null,
      "faceCount": null,
      "vertexCount": null
    }
  },
  "license": "by"
}