{
  "uri": "https://api.sketchfab.com/v3/models/2d5f94ef14404c36974040fe104f1ebd",
  "uid": "2d5f94ef14404c36974040fe104f1ebd",
  "name": "Scan Black Lives Matter mural - Seattle 2020",
  "staffpickedAt": "2020-06-17T09:31:49.537730",
  "viewCount": 2165,
  "likeCount": 43,
  "animationCount": 0,
  "viewerUrl": "https://sketchfab.com/3d-models/2d5f94ef14404c36974040fe104f1ebd",
  "embedUrl": "https://sketchfab.com/models/2d5f94ef14404c36974040fe104f1ebd/embed",
  "commentCount": 13,
  "isDownloadable": true,
  "publishedAt": "2020-06-14T18:12:43.988403",
  "tags": [
    {
      "name": "3dscanning",
      "slug": "3dscanning",
      "uri": "https://api.sketchfab.com/v3/tags/3dscanning"
    },
    {
      "name": "seattle",
      "slug": "seattle",
      "uri": "https://api.sketchfab.com/v3/tags/seattle"
    },
    {
      "name": "matter",
      "slug": "matter",
      "uri": "https://api.sketchfab.com/v3/tags/matter"
    },
    {
      "name": "blacklivesmatter",
      "slug": "blacklivesmatter",
      "uri": "https://api.sketchfab.com/v3/tags/blacklivesmatter"
    },
    {
      "name": "lives",
      "slug": "lives",
      "uri": "https://api.sketchfab.com/v3/tags/lives"
    },
    {
      "name": "blm",
      "slug": "blm",
      "uri": "https://api.sketchfab.com/v3/tags/blm"
    },
    {
      "name": "realitycapture",
      "slug": "realitycapture",
      "uri": "https://api.sketchfab.com/v3/tags/realitycapture"
    },
    {
      "name": "black",
      "slug": "black",
      "uri": "https://api.sketchfab.com/v3/tags/black"
    },
    {
      "name": "talekeep",
      "slug": "talekeep",
      "uri": "https://api.sketchfab.com/v3/tags/talekeep"
    }
  ],
  "categories": [
    {
      "name": "art-abstract"
    },
    {
      "name": "cultural-heritage-history"
    }
  ],
  "thumbnails": {
    "images": [
      {
        "uid": "0ac14da74b5f45319fbd98536db57625",
        "size": 330913,
        "width": 1920,
        "url": "https://media.sketchfab.com/models/2d5f94ef14404c36974040fe104f1ebd/thumbnails/6a38e91d24c64c6ea660d622fb703034/2e991192cbfd47ac825e8b4dabf80404.jpeg",
        "height": 1080
      },
      {
        "uid": "5766cc0dac004c5082562c8ef5fb56c8",
        "size": 114304,
        "width": 1024,
        "url": "https://media.sketchfab.com/models/2d5f94ef14404c36974040fe104f1ebd/thumbnails/6a38e91d24c64c6ea660d622fb703034/128dab1b0ca643e3b7e8bd4ca2dbc8d3.jpeg",
        "height": 576
      },
      {
        "uid": "bcd06d94913b453088d23ba3238364dd",
        "size": 65287,
        "width": 720,
        "url": "https://media.sketchfab.com/models/2d5f94ef14404c36974040fe104f1ebd/thumbnails/6a38e91d24c64c6ea660d622fb703034/3bdee1c52f514597b7c27f8b8ea04524.jpeg",
        "height": 405
      },
      {
        "uid": "8c11273632ed4a4c9f19d95c151c1542",
        "size": 11219,
        "width": 256,
        "url": "https://media.sketchfab.com/models/2d5f94ef14404c36974040fe104f1ebd/thumbnails/6a38e91d24c64c6ea660d622fb703034/b8b1fd978cca4ab7be153cd7f61e6864.jpeg",
        "height": 144
      },
      {
        "uid": "590bf055612c47e594f9bfc3d15fda36",
        "size": 1290,
        "width": 64,
        "url": "https://media.sketchfab.com/models/2d5f94ef14404c36974040fe104f1ebd/thumbnails/6a38e91d24c64c6ea660d622fb703034/37c83f3c4999435ea82675257e981795.jpeg",
        "height": 36
      }
    ]
  },
  "user": {
    "uid": "0cece16f3a3246738097cc677a75efb8",
    "username": "talekeep",
    "displayName": "talekeep",
    "profileUrl": "https://sketchfab.com/talekeep",
    "account": "basic",
    "avatar": {
      "uri": "https://api.sketchfab.com/v3/avatars/1e489f5e4d8047a18c0b6968d856e5ae",
      "images": [
        {
          "size": 773,
          "width": 32,
          "url": "https://media.sketchfab.com/avatars/1e489f5e4d8047a18c0b6968d856e5ae/f3b0b6459bc44c2f946a8df668f41fda.png",
          "height": 32
        },
        {
          "size": 889,
          "width": 48,
          "url": "https://media.sketchfab.com/avatars/1e489f5e4d8047a18c0b6968d856e5ae/40aed1b61ab24f949ec7db5c98ff3258.png",
          "height": 48
        },
        {
          "size": 1103,
          "width": 90,
          "url": "https://media.sketchfab.com/avatars/1e489f5e4d8047a18c0b6968d856e5ae/971bb95f9cb440c5af63e3e61b640da4.png",
          "height": 90
        },
        {
          "size": 1140,
          "width": 100,
          "url": "https://media.sketchfab.com/avatars/1e489f5e4d8047a18c0b6968d856e5ae/22644ab678b94343970437fd6b8d4266.png",
          "height": 100
        }
      ]
    },
    "uri": "https://api.sketchfab.com/v3/users/0cece16f3a3246738097cc677a75efb8"
  },
  "description": "If you want to get an email each week when we release new photogrammetry models you can subscribe here: https://talekeep.com/newsletter\n\n\n\nA colorful Black Lives Matters mural on East Pine Street, Seattle, described by one onlooker as a “masterpiece”, was completed by anti-racism protesters on June 11, 2020.\n\nhttps://www.youtube.com/watch?v=NTa0hR590PQ\n\nThe work was carried out by protesters in an area of the city they have occupied and dubbed the Capitol Hill Autonomous Zone (CHAZ). Police have left the area to the protesters, but were still responding to 911 calls there, and seeking to establish dialogue with the protest leaders, the Seattle Times said.\n\nLocal photographer Kyle Kotajarvi captured the completed mural using a drone before posting the footage on Twitter. In a thread accompanying the footage, he said, “A masterpiece was created in the Capitol Hill Autonomous Zone today.”\n\n\nCreated in RealityCapture by Capturing Reality from 69 images in 00h:36m:35s.",
  "faceCount": 400000,
  "createdAt": "2020-06-14T17:58:44.641348",
  "vertexCount": 199898,
  "isAgeRestricted": false,
  "archives": {
    "glb": {
      "textureCount": 1,
      "size": 37481960,
      "type": "glb",
      "textureMaxResolution": 8192,
      "faceCount": 399996,
      "vertexCount": 585318
    },
    "gltf": {
      "textureCount": 1,
      "size": 27285433,
      "type": "gltf",
      "textureMaxResolution": 8192,
      "faceCount": 399996,
      "vertexCount": 585318
    },
    "source": {
      "textureCount": null,
      "size": 25685987,
      "type": "source",
      "textureMaxResolution": null,
      "faceCount": null,
      "vertexCount": null
    },
    "usdz": {
      "textureCount": null,
      "size": 22262317,
      "type": "usdz",
      "textureMaxResolution": null,
      "faceCount": null,
      "vertexCount": null
    }
  },
  "license": "by"
}