{
  "uri": "https://api.sketchfab.com/v3/models/2d90e840b3e84c94a4f1d0fc686f7026",
  "uid": "2d90e840b3e84c94a4f1d0fc686f7026",
  "name": "AOI_164_MW_20200122",
  "staffpickedAt": null,
  "viewCount": 6,
  "likeCount": 0,
  "animationCount": 0,
  "viewerUrl": "https://sketchfab.com/3d-models/2d90e840b3e84c94a4f1d0fc686f7026",
  "embedUrl": "https://sketchfab.com/models/2d90e840b3e84c94a4f1d0fc686f7026/embed",
  "commentCount": 0,
  "isDownloadable": true,
  "publishedAt": "2020-01-23T16:52:13.801321",
  "tags": [
    {
      "name": "solspec",
      "slug": "solspec",
      "uri": "https://api.sketchfab.com/v3/tags/solspec"
    }
  ],
  "categories": [],
  "thumbnails": {
    "images": [
      {
        "uid": "ac1189f39a1b457d96cbfa1df1827f01",
        "size": 39236,
        "width": 1920,
        "url": "https://media.sketchfab.com/models/2d90e840b3e84c94a4f1d0fc686f7026/thumbnails/5d44d52e679e433d9e8c1e4fe226955a/d8cb140464d34cb5aafb53e7752ef1e9.jpeg",
        "height": 1080
      },
      {
        "uid": "38ba5c0e74064b8e9b1676f27954702e",
        "size": 13072,
        "width": 1024,
        "url": "https://media.sketchfab.com/models/2d90e840b3e84c94a4f1d0fc686f7026/thumbnails/5d44d52e679e433d9e8c1e4fe226955a/6c9e7e68ff2e4ffe8acd184741b31304.jpeg",
        "height": 576
      },
      {
        "uid": "7d8be4dfbf714292821280cbe4cf89cc",
        "size": 7539,
        "width": 720,
        "url": "https://media.sketchfab.com/models/2d90e840b3e84c94a4f1d0fc686f7026/thumbnails/5d44d52e679e433d9e8c1e4fe226955a/8f278f399f414f8f9f12a6ec7b2e10bf.jpeg",
        "height": 405
      },
      {
        "uid": "9497992c0ee34ce19103b3a83f0f246c",
        "size": 1656,
        "width": 256,
        "url": "https://media.sketchfab.com/models/2d90e840b3e84c94a4f1d0fc686f7026/thumbnails/5d44d52e679e433d9e8c1e4fe226955a/acb85a6f73f5406db8ecd81be908a366.jpeg",
        "height": 144
      },
      {
        "uid": "2f5ec3171c9f43c9a6faa3f67fab956d",
        "size": 492,
        "width": 64,
        "url": "https://media.sketchfab.com/models/2d90e840b3e84c94a4f1d0fc686f7026/thumbnails/5d44d52e679e433d9e8c1e4fe226955a/237a63bf676f4c8db6fda0a18c4b995c.jpeg",
        "height": 36
      }
    ]
  },
  "user": {
    "uid": "fe8ab7109b364eada62d0abfbec115e4",
    "username": "solspec",
    "displayName": "SolSpec",
    "profileUrl": "https://sketchfab.com/solspec",
    "account": "basic",
    "avatar": {
      "uri": "https://api.sketchfab.com/v3/avatars/ad8e5bba9b144f3c980a85f580f08ff7",
      "images": [
        {
          "size": 985,
          "width": 32,
          "url": "https://media.sketchfab.com/avatars/ad8e5bba9b144f3c980a85f580f08ff7/bfe4a5dfc43c470fb539cb264e766a54.jpeg",
          "height": 32
        },
        {
          "size": 1370,
          "width": 48,
          "url": "https://media.sketchfab.com/avatars/ad8e5bba9b144f3c980a85f580f08ff7/0c32491b71da456f99b5c806e434d31b.jpeg",
          "height": 48
        },
        {
          "size": 2632,
          "width": 90,
          "url": "https://media.sketchfab.com/avatars/ad8e5bba9b144f3c980a85f580f08ff7/0e1e25d332af417184a0459e9641729f.jpeg",
          "height": 90
        },
        {
          "size": 2837,
          "width": 100,
          "url": "https://media.sketchfab.com/avatars/ad8e5bba9b144f3c980a85f580f08ff7/80a703f79b8c4c5aaeb0ba98eae14178.jpeg",
          "height": 100
        }
      ]
    },
    "uri": "https://api.sketchfab.com/v3/users/fe8ab7109b364eada62d0abfbec115e4"
  },
  "description": "this is my test thing",
  "faceCount": 999999,
  "createdAt": "2020-01-23T16:49:40.273909",
  "vertexCount": 500778,
  "isAgeRestricted": false,
  "archives": {
    "glb": {
      "textureCount": 1,
      "size": 75727436,
      "type": "glb",
      "textureMaxResolution": 8192,
      "faceCount": 999999,
      "vertexCount": 780730
    },
    "gltf": {
      "textureCount": 1,
      "size": 62624216,
      "type": "gltf",
      "textureMaxResolution": 8192,
      "faceCount": 999999,
      "vertexCount": 780730
    },
    "source": {
      "textureCount": null,
      "size": 127323421,
      "type": "source",
      "textureMaxResolution": null,
      "faceCount": null,
      "vertexCount": null
    },
    "usdz": {
      "textureCount": null,
      "size": 32351097,
      "type": "usdz",
      "textureMaxResolution": null,
      "faceCount": null,
      "vertexCount": null
    }
  },
  "license": "by"
}