{
  "uri": "https://api.sketchfab.com/v3/models/2d91adef9eb5495baea29acda1b8ef86",
  "uid": "2d91adef9eb5495baea29acda1b8ef86",
  "name": "21_060_A_Sormus",
  "staffpickedAt": null,
  "viewCount": 8,
  "likeCount": 0,
  "animationCount": 0,
  "viewerUrl": "https://sketchfab.com/3d-models/2d91adef9eb5495baea29acda1b8ef86",
  "embedUrl": "https://sketchfab.com/models/2d91adef9eb5495baea29acda1b8ef86/embed",
  "commentCount": 0,
  "isDownloadable": true,
  "publishedAt": "2021-05-14T03:53:38.593983",
  "tags": [
    {
      "name": "stair",
      "slug": "stair",
      "uri": "https://api.sketchfab.com/v3/tags/stair"
    },
    {
      "name": "staircase",
      "slug": "staircase",
      "uri": "https://api.sketchfab.com/v3/tags/staircase"
    },
    {
      "name": "staircon",
      "slug": "staircon",
      "uri": "https://api.sketchfab.com/v3/tags/staircon"
    }
  ],
  "categories": [],
  "thumbnails": {
    "images": [
      {
        "uid": "31b168d117024fed8476062f8e8515de",
        "size": 148254,
        "width": 1920,
        "url": "https://media.sketchfab.com/models/2d91adef9eb5495baea29acda1b8ef86/thumbnails/24a1d2c71c24479fa07f4066c4bf1896/5fe8caae7df6473cb034df5a7b7367da.jpeg",
        "height": 1080
      },
      {
        "uid": "88599817efc14af6891580ca6399dde5",
        "size": 50263,
        "width": 1024,
        "url": "https://media.sketchfab.com/models/2d91adef9eb5495baea29acda1b8ef86/thumbnails/24a1d2c71c24479fa07f4066c4bf1896/9c2366bd090a4cfc91ecfbba0b03b408.jpeg",
        "height": 576
      },
      {
        "uid": "4f6a0fddbdd14b0cb08b67edcfbde842",
        "size": 29758,
        "width": 720,
        "url": "https://media.sketchfab.com/models/2d91adef9eb5495baea29acda1b8ef86/thumbnails/24a1d2c71c24479fa07f4066c4bf1896/6115fc2611a74890a56bd0ee5273f861.jpeg",
        "height": 405
      },
      {
        "uid": "6e4b286334394c34a204fa44f93edb61",
        "size": 6184,
        "width": 256,
        "url": "https://media.sketchfab.com/models/2d91adef9eb5495baea29acda1b8ef86/thumbnails/24a1d2c71c24479fa07f4066c4bf1896/011e249062344e49a8cb6c047efc5c91.jpeg",
        "height": 144
      },
      {
        "uid": "c0434b42ea3247e0adc844da31e5f3d0",
        "size": 1007,
        "width": 64,
        "url": "https://media.sketchfab.com/models/2d91adef9eb5495baea29acda1b8ef86/thumbnails/24a1d2c71c24479fa07f4066c4bf1896/bff5595e22d0448f99765a74dd226035.jpeg",
        "height": 36
      }
    ]
  },
  "user": {
    "uid": "ece00c62f3214d29afbe8281248846fd",
    "username": "andrissild",
    "displayName": "Andris Sild - Andu Trepp",
    "profileUrl": "https://sketchfab.com/andrissild",
    "account": "basic",
    "avatar": {
      "uri": "https://api.sketchfab.com/v3/avatars/78fa317e46024a5283765aa34df5e508",
      "images": [
        {
          "size": 6421,
          "width": 100,
          "url": "https://media.sketchfab.com/avatars/78fa317e46024a5283765aa34df5e508/aec92fe9a74e499c98d759362cd7f02f.jpeg",
          "height": 100
        },
        {
          "size": 2518,
          "width": 48,
          "url": "https://media.sketchfab.com/avatars/78fa317e46024a5283765aa34df5e508/17fa177ffaa344a2b2fc8e78efd40fbb.jpeg",
          "height": 48
        },
        {
          "size": 5653,
          "width": 90,
          "url": "https://media.sketchfab.com/avatars/78fa317e46024a5283765aa34df5e508/02162695bdc840faa3bcb2d418309c5e.jpeg",
          "height": 90
        },
        {
          "size": 1350,
          "width": 32,
          "url": "https://media.sketchfab.com/avatars/78fa317e46024a5283765aa34df5e508/6fde876cbded4cd48d36a76029e3aa02.jpeg",
          "height": 32
        }
      ]
    },
    "uri": "https://api.sketchfab.com/v3/users/ece00c62f3214d29afbe8281248846fd"
  },
  "description": "http://staircon.com/ <br>Export by <b>Andu Trepp O�</b> (lic 1525)",
  "faceCount": 88750,
  "createdAt": "2021-05-14T03:53:16.362029",
  "vertexCount": 43675,
  "isAgeRestricted": false,
  "archives": {
    "glb": {
      "textureCount": 3,
      "size": 3384704,
      "type": "glb",
      "textureMaxResolution": 1024,
      "faceCount": 86842,
      "vertexCount": 61342
    },
    "gltf": {
      "textureCount": 3,
      "size": 1056433,
      "type": "gltf",
      "textureMaxResolution": 1024,
      "faceCount": 86842,
      "vertexCount": 61342
    },
    "source": {
      "textureCount": null,
      "size": 543493,
      "type": "source",
      "textureMaxResolution": null,
      "faceCount": null,
      "vertexCount": null
    },
    "usdz": {
      "textureCount": null,
      "size": 624960,
      "type": "usdz",
      "textureMaxResolution": null,
      "faceCount": null,
      "vertexCount": null
    }
  },
  "license": "by"
}