{
  "uri": "https://api.sketchfab.com/v3/models/2d9b595b2efc4c399f33b835488047ff",
  "uid": "2d9b595b2efc4c399f33b835488047ff",
  "name": "Tim's Pillar",
  "staffpickedAt": null,
  "viewCount": 1074,
  "likeCount": 32,
  "animationCount": 0,
  "viewerUrl": "https://sketchfab.com/3d-models/2d9b595b2efc4c399f33b835488047ff",
  "embedUrl": "https://sketchfab.com/models/2d9b595b2efc4c399f33b835488047ff/embed",
  "commentCount": 0,
  "isDownloadable": true,
  "publishedAt": "2016-03-25T20:36:39.381930",
  "tags": [
    {
      "name": "landscape",
      "slug": "landscape",
      "uri": "https://api.sketchfab.com/v3/tags/landscape"
    },
    {
      "name": "geology",
      "slug": "geology",
      "uri": "https://api.sketchfab.com/v3/tags/geology"
    },
    {
      "name": "geography",
      "slug": "geography",
      "uri": "https://api.sketchfab.com/v3/tags/geography"
    },
    {
      "name": "photoscan",
      "slug": "photoscan",
      "uri": "https://api.sketchfab.com/v3/tags/photoscan"
    },
    {
      "name": "photogrammetry",
      "slug": "photogrammetry",
      "uri": "https://api.sketchfab.com/v3/tags/photogrammetry"
    }
  ],
  "categories": [
    {
      "name": "places-travel"
    },
    {
      "name": "science-technology"
    }
  ],
  "thumbnails": {
    "images": [
      {
        "uid": "31f174f17a3449d7b8df96b136dd6b1b",
        "size": 12022,
        "width": 640,
        "url": "https://media.sketchfab.com/models/2d9b595b2efc4c399f33b835488047ff/thumbnails/bff256a22fa44984bbfed453d17c6516/640x360.jpeg",
        "height": 360
      },
      {
        "uid": "7d996f6d31654641a778064a856e348c",
        "size": 748,
        "width": 50,
        "url": "https://media.sketchfab.com/models/2d9b595b2efc4c399f33b835488047ff/thumbnails/bff256a22fa44984bbfed453d17c6516/50x50.jpeg",
        "height": 50
      },
      {
        "uid": "1a196f65657f410ba1238a97b6208b01",
        "size": 1578,
        "width": 100,
        "url": "https://media.sketchfab.com/models/2d9b595b2efc4c399f33b835488047ff/thumbnails/bff256a22fa44984bbfed453d17c6516/100x100.jpeg",
        "height": 100
      },
      {
        "uid": "408b4be5b1ac4cc8a2d283084aac0bbd",
        "size": 4149,
        "width": 200,
        "url": "https://media.sketchfab.com/models/2d9b595b2efc4c399f33b835488047ff/thumbnails/bff256a22fa44984bbfed453d17c6516/200x200.jpeg",
        "height": 200
      },
      {
        "uid": "09718082d2e14e489993c02aa6ade083",
        "size": 6857,
        "width": 448,
        "url": "https://media.sketchfab.com/models/2d9b595b2efc4c399f33b835488047ff/thumbnails/bff256a22fa44984bbfed453d17c6516/448x252.jpeg",
        "height": 252
      },
      {
        "uid": "4dddeee9fa3948c19d5edf473b9aee37",
        "size": 19037,
        "width": 864,
        "url": "https://media.sketchfab.com/models/2d9b595b2efc4c399f33b835488047ff/thumbnails/bff256a22fa44984bbfed453d17c6516/864x486.jpeg",
        "height": 486
      },
      {
        "uid": "f3da194566fd4ff6a16465ba1e9ed419",
        "size": 24485,
        "width": 1024,
        "url": "https://media.sketchfab.com/models/2d9b595b2efc4c399f33b835488047ff/thumbnails/bff256a22fa44984bbfed453d17c6516/1024x576.jpeg",
        "height": 576
      }
    ]
  },
  "user": {
    "uid": "342f0c84dc0b4ca39af2c2d7164c06a7",
    "username": "uncgimaginglab",
    "displayName": "UNCG Imaging Lab",
    "profileUrl": "https://sketchfab.com/uncgimaginglab",
    "account": "basic",
    "avatar": {
      "uri": "https://api.sketchfab.com/v3/avatars/cf5630ecae2c4003bfcb91a5cab3e31a",
      "images": [
        {
          "size": 916,
          "width": 48,
          "url": "https://media.sketchfab.com/avatars/cf5630ecae2c4003bfcb91a5cab3e31a/4cf0c84f1bd146d784aba90e7f150256.jpeg",
          "height": 48
        },
        {
          "size": 641,
          "width": 32,
          "url": "https://media.sketchfab.com/avatars/cf5630ecae2c4003bfcb91a5cab3e31a/019e39b9dd2849db9ad1a4b38c6e1388.jpeg",
          "height": 32
        },
        {
          "size": 2146,
          "width": 100,
          "url": "https://media.sketchfab.com/avatars/cf5630ecae2c4003bfcb91a5cab3e31a/090fdbeebb3741a4af05e25bcde3c0f4.jpeg",
          "height": 100
        },
        {
          "size": 1883,
          "width": 90,
          "url": "https://media.sketchfab.com/avatars/cf5630ecae2c4003bfcb91a5cab3e31a/ba9fc2f30eaa470799f0a99b7f4f8cb3.jpeg",
          "height": 90
        }
      ]
    },
    "uri": "https://api.sketchfab.com/v3/users/342f0c84dc0b4ca39af2c2d7164c06a7"
  },
  "description": "Great Divide Basin in Wyoming. Modeled with the permission of Dr. Robert Anemone.\n\nCreator: Cory Henderson.\n\nHardware: Nikon D80 Camera.\n\nSoftware: Agisoft PhotoScan Professional and Geomagic Wrap 2014",
  "faceCount": 894944,
  "createdAt": "2016-03-25T20:23:27.649923",
  "vertexCount": 447525,
  "isAgeRestricted": false,
  "archives": {
    "glb": {
      "textureCount": 1,
      "size": 69225860,
      "type": "glb",
      "textureMaxResolution": 4096,
      "faceCount": 894944,
      "vertexCount": 1369521
    },
    "gltf": {
      "textureCount": 1,
      "size": 37752781,
      "type": "gltf",
      "textureMaxResolution": 4096,
      "faceCount": 894944,
      "vertexCount": 1369521
    },
    "source": {
      "textureCount": null,
      "size": 68935778,
      "type": "source",
      "textureMaxResolution": null,
      "faceCount": null,
      "vertexCount": null
    },
    "usdz": {
      "textureCount": null,
      "size": 50494988,
      "type": "usdz",
      "textureMaxResolution": null,
      "faceCount": null,
      "vertexCount": null
    }
  },
  "license": "by"
}