{
  "uri": "https://api.sketchfab.com/v3/models/2da380cb5c874c20a3f6a393a22057aa",
  "uid": "2da380cb5c874c20a3f6a393a22057aa",
  "name": "The Iron Sheet",
  "staffpickedAt": null,
  "viewCount": 13,
  "likeCount": 0,
  "animationCount": 0,
  "viewerUrl": "https://sketchfab.com/3d-models/2da380cb5c874c20a3f6a393a22057aa",
  "embedUrl": "https://sketchfab.com/models/2da380cb5c874c20a3f6a393a22057aa/embed",
  "commentCount": 0,
  "isDownloadable": true,
  "publishedAt": "2021-07-25T08:27:53.004358",
  "tags": [
    {
      "name": "substance-designer",
      "slug": "substance-designer",
      "uri": "https://api.sketchfab.com/v3/tags/substance-designer"
    },
    {
      "name": "blender",
      "slug": "blender",
      "uri": "https://api.sketchfab.com/v3/tags/blender"
    }
  ],
  "categories": [
    {
      "name": "architecture"
    },
    {
      "name": "art-abstract"
    }
  ],
  "thumbnails": {
    "images": [
      {
        "uid": "b003bc6c10f24810a42e028b62b69ee8",
        "size": 199446,
        "width": 1920,
        "url": "https://media.sketchfab.com/models/2da380cb5c874c20a3f6a393a22057aa/thumbnails/d38a00e0b4324237b95b9342a14635eb/b50e09825ff64ee5b6a5383500fd582b.jpeg",
        "height": 1080
      },
      {
        "uid": "f407267bce7745049214c01d8d4c244f",
        "size": 32529,
        "width": 1024,
        "url": "https://media.sketchfab.com/models/2da380cb5c874c20a3f6a393a22057aa/thumbnails/d38a00e0b4324237b95b9342a14635eb/bf84f9c08b254bdf9768f264d9802533.jpeg",
        "height": 576
      },
      {
        "uid": "0ada142931dd4789905127b62078320d",
        "size": 17057,
        "width": 720,
        "url": "https://media.sketchfab.com/models/2da380cb5c874c20a3f6a393a22057aa/thumbnails/d38a00e0b4324237b95b9342a14635eb/ca215196c7164632a42294080dc7aad3.jpeg",
        "height": 405
      },
      {
        "uid": "2a73358b3dd54f1d98f0ae353f920c98",
        "size": 3073,
        "width": 256,
        "url": "https://media.sketchfab.com/models/2da380cb5c874c20a3f6a393a22057aa/thumbnails/d38a00e0b4324237b95b9342a14635eb/1b25cbb94d9c47ebb17353ed63fd502a.jpeg",
        "height": 144
      },
      {
        "uid": "4155912dd8c849eaa152c72f7ae33b79",
        "size": 918,
        "width": 64,
        "url": "https://media.sketchfab.com/models/2da380cb5c874c20a3f6a393a22057aa/thumbnails/d38a00e0b4324237b95b9342a14635eb/155a7e8ab4d746d488f06d55b06ee0b2.jpeg",
        "height": 36
      }
    ]
  },
  "user": {
    "uid": "5c95584064d7439594bfcc4371070f25",
    "username": "henk95",
    "displayName": "henk95",
    "profileUrl": "https://sketchfab.com/henk95",
    "account": "basic",
    "avatar": {
      "uri": "https://api.sketchfab.com/v3/avatars/78fa317e46024a5283765aa34df5e508",
      "images": [
        {
          "size": 6421,
          "width": 100,
          "url": "https://media.sketchfab.com/avatars/78fa317e46024a5283765aa34df5e508/aec92fe9a74e499c98d759362cd7f02f.jpeg",
          "height": 100
        },
        {
          "size": 2518,
          "width": 48,
          "url": "https://media.sketchfab.com/avatars/78fa317e46024a5283765aa34df5e508/17fa177ffaa344a2b2fc8e78efd40fbb.jpeg",
          "height": 48
        },
        {
          "size": 5653,
          "width": 90,
          "url": "https://media.sketchfab.com/avatars/78fa317e46024a5283765aa34df5e508/02162695bdc840faa3bcb2d418309c5e.jpeg",
          "height": 90
        },
        {
          "size": 1350,
          "width": 32,
          "url": "https://media.sketchfab.com/avatars/78fa317e46024a5283765aa34df5e508/6fde876cbded4cd48d36a76029e3aa02.jpeg",
          "height": 32
        }
      ]
    },
    "uri": "https://api.sketchfab.com/v3/users/5c95584064d7439594bfcc4371070f25"
  },
  "description": "An iron sheet of the dragon skin type. Made in Substance Designer",
  "faceCount": 65024,
  "createdAt": "2021-07-25T06:21:00.367467",
  "vertexCount": 32514,
  "isAgeRestricted": false,
  "archives": {
    "glb": {
      "textureCount": 3,
      "size": 14745556,
      "type": "glb",
      "textureMaxResolution": 4096,
      "faceCount": 65024,
      "vertexCount": 33151
    },
    "gltf": {
      "textureCount": 3,
      "size": 13383143,
      "type": "gltf",
      "textureMaxResolution": 4096,
      "faceCount": 65024,
      "vertexCount": 33151
    },
    "source": {
      "textureCount": null,
      "size": 51738557,
      "type": "source",
      "textureMaxResolution": null,
      "faceCount": null,
      "vertexCount": null
    },
    "usdz": {
      "textureCount": null,
      "size": 2896970,
      "type": "usdz",
      "textureMaxResolution": null,
      "faceCount": null,
      "vertexCount": null
    }
  },
  "license": "by-nc-sa"
}