{
  "uri": "https://api.sketchfab.com/v3/models/2da449dda34f4e3783e62509bf977061",
  "uid": "2da449dda34f4e3783e62509bf977061",
  "name": "Tugboat",
  "staffpickedAt": null,
  "viewCount": 58,
  "likeCount": 1,
  "animationCount": 0,
  "viewerUrl": "https://sketchfab.com/3d-models/2da449dda34f4e3783e62509bf977061",
  "embedUrl": "https://sketchfab.com/models/2da449dda34f4e3783e62509bf977061/embed",
  "commentCount": 0,
  "isDownloadable": true,
  "publishedAt": "2017-11-30T14:42:24.358777",
  "tags": [],
  "categories": [],
  "thumbnails": {
    "images": [
      {
        "uid": "f6c99798b3a44f0c8ff540ecf3fda779",
        "size": 31353,
        "width": 1024,
        "url": "https://media.sketchfab.com/models/2da449dda34f4e3783e62509bf977061/thumbnails/694d1c1cf8964e29bbc703c9257b7ca4/dfdef6d3bf4a41d1bdc0b99972d664cf.jpeg",
        "height": 576
      },
      {
        "uid": "8c8993a46f2542feb4ef937162ab5724",
        "size": 14425,
        "width": 720,
        "url": "https://media.sketchfab.com/models/2da449dda34f4e3783e62509bf977061/thumbnails/694d1c1cf8964e29bbc703c9257b7ca4/3161812fb90a404e8f7944bb8729a99c.jpeg",
        "height": 405
      },
      {
        "uid": "3e9d3a2713464385972132fb38a2f0eb",
        "size": 2779,
        "width": 256,
        "url": "https://media.sketchfab.com/models/2da449dda34f4e3783e62509bf977061/thumbnails/694d1c1cf8964e29bbc703c9257b7ca4/605001c3e2fc40aa990b599fa812933a.jpeg",
        "height": 144
      },
      {
        "uid": "5cac0cfd27a3494488818ad76f87bc40",
        "size": 636,
        "width": 64,
        "url": "https://media.sketchfab.com/models/2da449dda34f4e3783e62509bf977061/thumbnails/694d1c1cf8964e29bbc703c9257b7ca4/ad401d32e5a545ff83a9de5fcef17dc3.jpeg",
        "height": 36
      }
    ]
  },
  "user": {
    "uid": "081aa013d1584ca28a9fdb5b39aea905",
    "username": "pdbrozos",
    "displayName": "pdbrozos",
    "profileUrl": "https://sketchfab.com/pdbrozos",
    "account": "basic",
    "avatar": {
      "uri": "https://api.sketchfab.com/v3/avatars/3ef1bd11d3eb4b57a0b353e8f2e5fc3e",
      "images": [
        {
          "size": 680,
          "width": 32,
          "url": "https://media.sketchfab.com/avatars/3ef1bd11d3eb4b57a0b353e8f2e5fc3e/116042a0854e40538adab302b593683d.jpeg",
          "height": 32
        },
        {
          "size": 1253,
          "width": 48,
          "url": "https://media.sketchfab.com/avatars/3ef1bd11d3eb4b57a0b353e8f2e5fc3e/efea16be51d04eb7a00cb9ea0b43b87f.jpeg",
          "height": 48
        },
        {
          "size": 2797,
          "width": 90,
          "url": "https://media.sketchfab.com/avatars/3ef1bd11d3eb4b57a0b353e8f2e5fc3e/ac9b469ccec74caf923a81fb2f0be3ed.jpeg",
          "height": 90
        },
        {
          "size": 3215,
          "width": 100,
          "url": "https://media.sketchfab.com/avatars/3ef1bd11d3eb4b57a0b353e8f2e5fc3e/a075e1d43d2f446c949b5967b470c757.jpeg",
          "height": 100
        }
      ]
    },
    "uri": "https://api.sketchfab.com/v3/users/081aa013d1584ca28a9fdb5b39aea905"
  },
  "description": "",
  "faceCount": 2892,
  "createdAt": "2017-11-30T14:41:37.853730",
  "vertexCount": 1639,
  "isAgeRestricted": false,
  "archives": {
    "glb": {
      "textureCount": 1,
      "size": 2799088,
      "type": "glb",
      "textureMaxResolution": 2048,
      "faceCount": 2892,
      "vertexCount": 5637
    },
    "gltf": {
      "textureCount": 1,
      "size": 2635266,
      "type": "gltf",
      "textureMaxResolution": 2048,
      "faceCount": 2892,
      "vertexCount": 5637
    },
    "source": {
      "textureCount": null,
      "size": 6312155,
      "type": "source",
      "textureMaxResolution": null,
      "faceCount": null,
      "vertexCount": null
    },
    "usdz": {
      "textureCount": null,
      "size": 603137,
      "type": "usdz",
      "textureMaxResolution": null,
      "faceCount": null,
      "vertexCount": null
    }
  },
  "license": "by"
}