{
  "uri": "https://api.sketchfab.com/v3/models/2dc339164cc14ff5bd6f906387ca29ff",
  "uid": "2dc339164cc14ff5bd6f906387ca29ff",
  "name": "Electric Fan",
  "staffpickedAt": null,
  "viewCount": 660,
  "likeCount": 4,
  "animationCount": 0,
  "viewerUrl": "https://sketchfab.com/3d-models/2dc339164cc14ff5bd6f906387ca29ff",
  "embedUrl": "https://sketchfab.com/models/2dc339164cc14ff5bd6f906387ca29ff/embed",
  "commentCount": 0,
  "isDownloadable": true,
  "publishedAt": "2018-07-23T10:36:34.434451",
  "tags": [
    {
      "name": "fan",
      "slug": "fan",
      "uri": "https://api.sketchfab.com/v3/tags/fan"
    },
    {
      "name": "electric-fan",
      "slug": "electric-fan",
      "uri": "https://api.sketchfab.com/v3/tags/electric-fan"
    }
  ],
  "categories": [
    {
      "name": "electronics-gadgets"
    }
  ],
  "thumbnails": {
    "images": [
      {
        "uid": "8b8825ecae824b3a9bb946cace0a66db",
        "size": 107085,
        "width": 1920,
        "url": "https://media.sketchfab.com/models/2dc339164cc14ff5bd6f906387ca29ff/thumbnails/55e94d87f1d54e329a686e6344d0e58a/4b06c085001b4987bf0aaf1725e80936.jpeg",
        "height": 1080
      },
      {
        "uid": "8709e9fa5f5543d29e255b4b964544d0",
        "size": 37811,
        "width": 1024,
        "url": "https://media.sketchfab.com/models/2dc339164cc14ff5bd6f906387ca29ff/thumbnails/55e94d87f1d54e329a686e6344d0e58a/1dbfab5ec0274e15bdbce474fa538f14.jpeg",
        "height": 576
      },
      {
        "uid": "d67ccfa71f1f4bc78e7794dd6cec2941",
        "size": 22099,
        "width": 720,
        "url": "https://media.sketchfab.com/models/2dc339164cc14ff5bd6f906387ca29ff/thumbnails/55e94d87f1d54e329a686e6344d0e58a/bfe2b79996694267a99fa0f762057e05.jpeg",
        "height": 405
      },
      {
        "uid": "50d28400b00a4a8e815ddffbad339eb7",
        "size": 3869,
        "width": 256,
        "url": "https://media.sketchfab.com/models/2dc339164cc14ff5bd6f906387ca29ff/thumbnails/55e94d87f1d54e329a686e6344d0e58a/feb4dc3c2250471f8a7897e25e50a714.jpeg",
        "height": 144
      },
      {
        "uid": "e567765d0f444fedb2711a6da1ff980e",
        "size": 666,
        "width": 64,
        "url": "https://media.sketchfab.com/models/2dc339164cc14ff5bd6f906387ca29ff/thumbnails/55e94d87f1d54e329a686e6344d0e58a/bb9d6313161b45eea08f58cd031938c6.jpeg",
        "height": 36
      }
    ]
  },
  "user": {
    "uid": "8ca85d062a5a40c5b1361cae193297d0",
    "username": "balmsukong",
    "displayName": "balm sukong",
    "profileUrl": "https://sketchfab.com/balmsukong",
    "account": "basic",
    "avatar": {
      "uri": "https://api.sketchfab.com/v3/avatars/30ba71a44ab64df193530a77f5726d41",
      "images": [
        {
          "size": 838,
          "width": 32,
          "url": "https://media.sketchfab.com/avatars/30ba71a44ab64df193530a77f5726d41/a9b6bd2b85b34e3c966fb65eeaf1e5be.jpeg",
          "height": 32
        },
        {
          "size": 1278,
          "width": 48,
          "url": "https://media.sketchfab.com/avatars/30ba71a44ab64df193530a77f5726d41/95a0aeadb83d4cbca8a8b302e38259cc.jpeg",
          "height": 48
        },
        {
          "size": 2846,
          "width": 90,
          "url": "https://media.sketchfab.com/avatars/30ba71a44ab64df193530a77f5726d41/5a05d29861ec4af99072988c19450326.jpeg",
          "height": 90
        },
        {
          "size": 3308,
          "width": 100,
          "url": "https://media.sketchfab.com/avatars/30ba71a44ab64df193530a77f5726d41/5ad7b5b06bbf470aa6db653346321718.jpeg",
          "height": 100
        }
      ]
    },
    "uri": "https://api.sketchfab.com/v3/users/8ca85d062a5a40c5b1361cae193297d0"
  },
  "description": "",
  "faceCount": 105692,
  "createdAt": "2018-07-23T10:26:39.047423",
  "vertexCount": 53053,
  "isAgeRestricted": false,
  "archives": {
    "glb": {
      "textureCount": 3,
      "size": 5605552,
      "type": "glb",
      "textureMaxResolution": 2048,
      "faceCount": 105692,
      "vertexCount": 89168
    },
    "gltf": {
      "textureCount": 3,
      "size": 2799650,
      "type": "gltf",
      "textureMaxResolution": 2048,
      "faceCount": 105692,
      "vertexCount": 89168
    },
    "source": {
      "textureCount": null,
      "size": 3152488,
      "type": "source",
      "textureMaxResolution": null,
      "faceCount": null,
      "vertexCount": null
    },
    "usdz": {
      "textureCount": null,
      "size": 3240690,
      "type": "usdz",
      "textureMaxResolution": null,
      "faceCount": null,
      "vertexCount": null
    }
  },
  "license": "by"
}