{
  "uri": "https://api.sketchfab.com/v3/models/2dcb37f215c94125967b173038c2dc3c",
  "uid": "2dcb37f215c94125967b173038c2dc3c",
  "name": "S1906",
  "staffpickedAt": null,
  "viewCount": 9,
  "likeCount": 0,
  "animationCount": 0,
  "viewerUrl": "https://sketchfab.com/3d-models/2dcb37f215c94125967b173038c2dc3c",
  "embedUrl": "https://sketchfab.com/models/2dcb37f215c94125967b173038c2dc3c/embed",
  "commentCount": 0,
  "isDownloadable": true,
  "publishedAt": "2020-02-26T10:31:01.604147",
  "tags": [
    {
      "name": "pamir",
      "slug": "pamir",
      "uri": "https://api.sketchfab.com/v3/tags/pamir"
    }
  ],
  "categories": [],
  "thumbnails": {
    "images": [
      {
        "uid": "4bb6d4c62de94f22a485fd3889d9cb19",
        "size": 94770,
        "width": 1920,
        "url": "https://media.sketchfab.com/models/2dcb37f215c94125967b173038c2dc3c/thumbnails/de7fe3d7b1d94a90a5b1268984e87b8a/f7e409fd0d434b8fb63988714d0d21ce.jpeg",
        "height": 1080
      },
      {
        "uid": "ed3ef1b2c8f94503be17cdc32d401a42",
        "size": 29174,
        "width": 1024,
        "url": "https://media.sketchfab.com/models/2dcb37f215c94125967b173038c2dc3c/thumbnails/de7fe3d7b1d94a90a5b1268984e87b8a/38922c04dec34b509489912418055847.jpeg",
        "height": 576
      },
      {
        "uid": "682319e9dd6140a494d456e871a2a49c",
        "size": 15431,
        "width": 720,
        "url": "https://media.sketchfab.com/models/2dcb37f215c94125967b173038c2dc3c/thumbnails/de7fe3d7b1d94a90a5b1268984e87b8a/d8556f3ca2014eecbf24a609b47a832d.jpeg",
        "height": 405
      },
      {
        "uid": "280740a0b45342e0a9bee905a253bd6a",
        "size": 2411,
        "width": 256,
        "url": "https://media.sketchfab.com/models/2dcb37f215c94125967b173038c2dc3c/thumbnails/de7fe3d7b1d94a90a5b1268984e87b8a/7272488dd9b4428e889c5c7aa1a55823.jpeg",
        "height": 144
      },
      {
        "uid": "db583daf90894c5cb62c31332c036162",
        "size": 507,
        "width": 64,
        "url": "https://media.sketchfab.com/models/2dcb37f215c94125967b173038c2dc3c/thumbnails/de7fe3d7b1d94a90a5b1268984e87b8a/4e2ebdee241447049e2d032246e5d6b6.jpeg",
        "height": 36
      }
    ]
  },
  "user": {
    "uid": "4a4778ffd3ba485ebcb010ce0696047e",
    "username": "roman_panfilo",
    "displayName": "LYAKHOVICHIDREV EXPORT LTD.",
    "profileUrl": "https://sketchfab.com/roman_panfilo",
    "account": "basic",
    "avatar": {
      "uri": "https://api.sketchfab.com/v3/avatars/3d32af1df97e4916bf78cfcaf31a2baa",
      "images": [
        {
          "size": 535,
          "width": 32,
          "url": "https://media.sketchfab.com/avatars/3d32af1df97e4916bf78cfcaf31a2baa/e823e6debb694671af0776403d552f92.jpeg",
          "height": 32
        },
        {
          "size": 725,
          "width": 48,
          "url": "https://media.sketchfab.com/avatars/3d32af1df97e4916bf78cfcaf31a2baa/ee5ece4438cc4d1996550a08e3472b54.jpeg",
          "height": 48
        },
        {
          "size": 1523,
          "width": 90,
          "url": "https://media.sketchfab.com/avatars/3d32af1df97e4916bf78cfcaf31a2baa/4c0d4ce35d844f9f864052396c1ba011.jpeg",
          "height": 90
        },
        {
          "size": 1747,
          "width": 100,
          "url": "https://media.sketchfab.com/avatars/3d32af1df97e4916bf78cfcaf31a2baa/f12be9a899f94b3c8d83b307e35d0678.jpeg",
          "height": 100
        }
      ]
    },
    "uri": "https://api.sketchfab.com/v3/users/4a4778ffd3ba485ebcb010ce0696047e"
  },
  "description": "Building exported from Pamir.",
  "faceCount": 4718,
  "createdAt": "2020-02-26T10:24:35.292261",
  "vertexCount": 4113,
  "isAgeRestricted": false,
  "archives": {
    "glb": {
      "textureCount": 4,
      "size": 445572,
      "type": "glb",
      "textureMaxResolution": 512,
      "faceCount": 4718,
      "vertexCount": 9425
    },
    "gltf": {
      "textureCount": 4,
      "size": 139012,
      "type": "gltf",
      "textureMaxResolution": 512,
      "faceCount": 4718,
      "vertexCount": 9425
    },
    "source": {
      "textureCount": null,
      "size": 292311,
      "type": "source",
      "textureMaxResolution": null,
      "faceCount": null,
      "vertexCount": null
    },
    "usdz": {
      "textureCount": null,
      "size": 393167,
      "type": "usdz",
      "textureMaxResolution": null,
      "faceCount": null,
      "vertexCount": null
    }
  },
  "license": "by"
}