{
  "uri": "https://api.sketchfab.com/v3/models/2dcee97413ec4202a52c8f06a8f8e37c",
  "uid": "2dcee97413ec4202a52c8f06a8f8e37c",
  "name": "rida sidi ben ali winner 3d",
  "staffpickedAt": null,
  "viewCount": 35,
  "likeCount": 2,
  "animationCount": 2,
  "viewerUrl": "https://sketchfab.com/3d-models/2dcee97413ec4202a52c8f06a8f8e37c",
  "embedUrl": "https://sketchfab.com/models/2dcee97413ec4202a52c8f06a8f8e37c/embed",
  "commentCount": 0,
  "isDownloadable": true,
  "publishedAt": "2021-11-28T19:33:12.998451",
  "tags": [
    {
      "name": "winner",
      "slug": "winner",
      "uri": "https://api.sketchfab.com/v3/tags/winner"
    },
    {
      "name": "naruto",
      "slug": "naruto",
      "uri": "https://api.sketchfab.com/v3/tags/naruto"
    },
    {
      "name": "2021",
      "slug": "2021",
      "uri": "https://api.sketchfab.com/v3/tags/2021"
    },
    {
      "name": "3d",
      "slug": "3d",
      "uri": "https://api.sketchfab.com/v3/tags/3d"
    },
    {
      "name": "ridasidibenali",
      "slug": "ridasidibenali",
      "uri": "https://api.sketchfab.com/v3/tags/ridasidibenali"
    }
  ],
  "categories": [
    {
      "name": "animals-pets"
    },
    {
      "name": "news-politics"
    }
  ],
  "thumbnails": {
    "images": [
      {
        "uid": "49d02014bb3642f59fff0909dd29ccf7",
        "size": 59254,
        "width": 1920,
        "url": "https://media.sketchfab.com/models/2dcee97413ec4202a52c8f06a8f8e37c/thumbnails/219f3488e7224d7dba86f6a8a7e9482c/48e0d15b04c848e8933b729974a76cd2.jpeg",
        "height": 1080
      },
      {
        "uid": "67711de6e9f84b9fbc98519f3a1e0073",
        "size": 20532,
        "width": 1024,
        "url": "https://media.sketchfab.com/models/2dcee97413ec4202a52c8f06a8f8e37c/thumbnails/219f3488e7224d7dba86f6a8a7e9482c/885b526ba4124aea847bacd783b5be72.jpeg",
        "height": 576
      },
      {
        "uid": "94f603b103ac415b89c858727c61b91e",
        "size": 12669,
        "width": 720,
        "url": "https://media.sketchfab.com/models/2dcee97413ec4202a52c8f06a8f8e37c/thumbnails/219f3488e7224d7dba86f6a8a7e9482c/f99effdec08a4a5b88527aae7da70e00.jpeg",
        "height": 405
      },
      {
        "uid": "e017fb6286994124a1de17dc6e22e582",
        "size": 2975,
        "width": 256,
        "url": "https://media.sketchfab.com/models/2dcee97413ec4202a52c8f06a8f8e37c/thumbnails/219f3488e7224d7dba86f6a8a7e9482c/b29cf46674a24cad95bb57481ddd9698.jpeg",
        "height": 144
      },
      {
        "uid": "7d8b788f32a848be9abdd52fb0c5fb43",
        "size": 966,
        "width": 64,
        "url": "https://media.sketchfab.com/models/2dcee97413ec4202a52c8f06a8f8e37c/thumbnails/219f3488e7224d7dba86f6a8a7e9482c/5e82326435404c248746b2f81b8ed34f.jpeg",
        "height": 36
      }
    ]
  },
  "user": {
    "uid": "281d0afd48ef456b900ec368b4583dc1",
    "username": "Rida.Sidi.Ben.Ali",
    "displayName": "Rida.Sidi.Ben.Ali",
    "profileUrl": "https://sketchfab.com/Rida.Sidi.Ben.Ali",
    "account": "basic",
    "avatar": {
      "uri": "https://api.sketchfab.com/v3/avatars/678347044b154b56a5678c866e8d4a00",
      "images": [
        {
          "size": 721,
          "width": 32,
          "url": "https://media.sketchfab.com/avatars/678347044b154b56a5678c866e8d4a00/680ed791d4584ccd94176e27999228b3.jpeg",
          "height": 32
        },
        {
          "size": 1117,
          "width": 48,
          "url": "https://media.sketchfab.com/avatars/678347044b154b56a5678c866e8d4a00/2ddcd71255504ad2992448b5ed8f5a2a.jpeg",
          "height": 48
        },
        {
          "size": 2778,
          "width": 90,
          "url": "https://media.sketchfab.com/avatars/678347044b154b56a5678c866e8d4a00/a46d7bb360664ffc865b44929e9168ae.jpeg",
          "height": 90
        },
        {
          "size": 3261,
          "width": 100,
          "url": "https://media.sketchfab.com/avatars/678347044b154b56a5678c866e8d4a00/5661f88ed51749658107bf299a06d136.jpeg",
          "height": 100
        }
      ]
    },
    "uri": "https://api.sketchfab.com/v3/users/281d0afd48ef456b900ec368b4583dc1"
  },
  "description": "rida sidi ben ali winner 3d",
  "faceCount": 33980,
  "createdAt": "2021-11-28T19:13:34.642239",
  "vertexCount": 16994,
  "isAgeRestricted": false,
  "archives": {
    "glb": {
      "textureCount": 1,
      "size": 2079832,
      "type": "glb",
      "textureMaxResolution": 2048,
      "faceCount": 33980,
      "vertexCount": 18514
    },
    "gltf": {
      "textureCount": 1,
      "size": 1160540,
      "type": "gltf",
      "textureMaxResolution": 2048,
      "faceCount": 33980,
      "vertexCount": 18514
    },
    "source": {
      "textureCount": null,
      "size": 31688121,
      "type": "source",
      "textureMaxResolution": null,
      "faceCount": null,
      "vertexCount": null
    },
    "usdz": {
      "textureCount": null,
      "size": 1825900,
      "type": "usdz",
      "textureMaxResolution": null,
      "faceCount": null,
      "vertexCount": null
    }
  },
  "license": "by"
}