{
  "uri": "https://api.sketchfab.com/v3/models/2dd7c45bf68a4ce3bf63c995b1bf12bf",
  "uid": "2dd7c45bf68a4ce3bf63c995b1bf12bf",
  "name": "Playing Cards",
  "staffpickedAt": null,
  "viewCount": 550,
  "likeCount": 41,
  "animationCount": 0,
  "viewerUrl": "https://sketchfab.com/3d-models/2dd7c45bf68a4ce3bf63c995b1bf12bf",
  "embedUrl": "https://sketchfab.com/models/2dd7c45bf68a4ce3bf63c995b1bf12bf/embed",
  "commentCount": 0,
  "isDownloadable": true,
  "publishedAt": "2022-04-26T16:08:54.884813",
  "tags": [
    {
      "name": "substancepainter",
      "slug": "substancepainter",
      "uri": "https://api.sketchfab.com/v3/tags/substancepainter"
    },
    {
      "name": "substance",
      "slug": "substance",
      "uri": "https://api.sketchfab.com/v3/tags/substance"
    }
  ],
  "categories": [],
  "thumbnails": {
    "images": [
      {
        "uid": "83712c8cc0a146b2a7d83c367e22144e",
        "size": 274266,
        "width": 1920,
        "url": "https://media.sketchfab.com/models/2dd7c45bf68a4ce3bf63c995b1bf12bf/thumbnails/519ffc12c8f84129be2c0adaefe28954/f9e8b9d1171f4b93b967f111d45e6d48.jpeg",
        "height": 1080
      },
      {
        "uid": "1619739ca04a4ba088102550a1594ce0",
        "size": 114513,
        "width": 1024,
        "url": "https://media.sketchfab.com/models/2dd7c45bf68a4ce3bf63c995b1bf12bf/thumbnails/519ffc12c8f84129be2c0adaefe28954/1f4d6f2a0a0c441b92f94f99cc75e70e.jpeg",
        "height": 576
      },
      {
        "uid": "957aae2139224f45964a183df78521a9",
        "size": 69269,
        "width": 720,
        "url": "https://media.sketchfab.com/models/2dd7c45bf68a4ce3bf63c995b1bf12bf/thumbnails/519ffc12c8f84129be2c0adaefe28954/dd1d55c118e04ea9b3c6bb909df55175.jpeg",
        "height": 405
      },
      {
        "uid": "99cb2ca8927141ddbe43dfd4fb0b495c",
        "size": 13674,
        "width": 256,
        "url": "https://media.sketchfab.com/models/2dd7c45bf68a4ce3bf63c995b1bf12bf/thumbnails/519ffc12c8f84129be2c0adaefe28954/8bb63f8635f24346abbed47aef02cc99.jpeg",
        "height": 144
      },
      {
        "uid": "51962bc8085c41518d821540199fe7ee",
        "size": 1445,
        "width": 64,
        "url": "https://media.sketchfab.com/models/2dd7c45bf68a4ce3bf63c995b1bf12bf/thumbnails/519ffc12c8f84129be2c0adaefe28954/85ced3e1e524409abcd5e9f2460cf9d8.jpeg",
        "height": 36
      }
    ]
  },
  "user": {
    "uid": "818c2de875644ca8985715529678f412",
    "username": "jdastine",
    "displayName": "jdastine",
    "profileUrl": "https://sketchfab.com/jdastine",
    "account": "basic",
    "avatar": {
      "uri": "https://api.sketchfab.com/v3/avatars/51af6a870cce449eb75b0345feebaebb",
      "images": [
        {
          "size": 5719,
          "width": 90,
          "url": "https://media.sketchfab.com/avatars/51af6a870cce449eb75b0345feebaebb/2ef0f894055b4bb69123b2a27fa2d379.jpeg",
          "height": 90
        },
        {
          "size": 6496,
          "width": 100,
          "url": "https://media.sketchfab.com/avatars/51af6a870cce449eb75b0345feebaebb/ab11eedf96374486acb544f71a23b165.jpeg",
          "height": 100
        },
        {
          "size": 1359,
          "width": 32,
          "url": "https://media.sketchfab.com/avatars/51af6a870cce449eb75b0345feebaebb/35f6f9b6c9a14a548ce472582d8a9bb5.jpeg",
          "height": 32
        },
        {
          "size": 2584,
          "width": 48,
          "url": "https://media.sketchfab.com/avatars/51af6a870cce449eb75b0345feebaebb/a8072a51447c4d41ab177b357111b420.jpeg",
          "height": 48
        }
      ]
    },
    "uri": "https://api.sketchfab.com/v3/users/818c2de875644ca8985715529678f412"
  },
  "description": "",
  "faceCount": 3120,
  "createdAt": "2022-04-26T15:41:47.742920",
  "vertexCount": 3328,
  "isAgeRestricted": false,
  "archives": {
    "glb": {
      "textureCount": 216,
      "size": 85248352,
      "type": "glb",
      "textureMaxResolution": 2048,
      "faceCount": 3120,
      "vertexCount": 4160
    },
    "gltf": {
      "textureCount": 216,
      "size": 81562170,
      "type": "gltf",
      "textureMaxResolution": 2048,
      "faceCount": 3120,
      "vertexCount": 4160
    },
    "source": {
      "textureCount": null,
      "size": 206169980,
      "type": "source",
      "textureMaxResolution": null,
      "faceCount": null,
      "vertexCount": null
    },
    "usdz": {
      "textureCount": null,
      "size": 1013923,
      "type": "usdz",
      "textureMaxResolution": null,
      "faceCount": null,
      "vertexCount": null
    }
  },
  "license": "by"
}