{
  "uri": "https://api.sketchfab.com/v3/models/2dda16dcd4d34fa493fc0341789f75e7",
  "uid": "2dda16dcd4d34fa493fc0341789f75e7",
  "name": "Hand Of Doom",
  "staffpickedAt": null,
  "viewCount": 230,
  "likeCount": 5,
  "animationCount": 0,
  "viewerUrl": "https://sketchfab.com/3d-models/2dda16dcd4d34fa493fc0341789f75e7",
  "embedUrl": "https://sketchfab.com/models/2dda16dcd4d34fa493fc0341789f75e7/embed",
  "commentCount": 0,
  "isDownloadable": true,
  "publishedAt": "2020-05-08T03:02:45.504197",
  "tags": [
    {
      "name": "comic",
      "slug": "comic",
      "uri": "https://api.sketchfab.com/v3/tags/comic"
    },
    {
      "name": "hellboy",
      "slug": "hellboy",
      "uri": "https://api.sketchfab.com/v3/tags/hellboy"
    },
    {
      "name": "movie",
      "slug": "movie",
      "uri": "https://api.sketchfab.com/v3/tags/movie"
    }
  ],
  "categories": [
    {
      "name": "art-abstract"
    },
    {
      "name": "characters-creatures"
    }
  ],
  "thumbnails": {
    "images": [
      {
        "uid": "cc977a4266054249bb5a91473635d304",
        "size": 40479,
        "width": 1920,
        "url": "https://media.sketchfab.com/models/2dda16dcd4d34fa493fc0341789f75e7/thumbnails/2bd9fc596439480998cae8a96ae96d09/30683e327fdf43359c711be17c6e38a4.jpeg",
        "height": 1080
      },
      {
        "uid": "eec4b454ceaf44a0b154634268560270",
        "size": 14155,
        "width": 1024,
        "url": "https://media.sketchfab.com/models/2dda16dcd4d34fa493fc0341789f75e7/thumbnails/2bd9fc596439480998cae8a96ae96d09/5731479359ef43818356e28589c7578f.jpeg",
        "height": 576
      },
      {
        "uid": "8126acc0b3d8415891e68b9535893255",
        "size": 8570,
        "width": 720,
        "url": "https://media.sketchfab.com/models/2dda16dcd4d34fa493fc0341789f75e7/thumbnails/2bd9fc596439480998cae8a96ae96d09/c5a7d925408c41148e87f392884255fd.jpeg",
        "height": 405
      },
      {
        "uid": "848d128815204b3fae0c19fe055305c4",
        "size": 1979,
        "width": 256,
        "url": "https://media.sketchfab.com/models/2dda16dcd4d34fa493fc0341789f75e7/thumbnails/2bd9fc596439480998cae8a96ae96d09/384181bf168b4952bf2cf39406db2069.jpeg",
        "height": 144
      },
      {
        "uid": "d65c53133ded4b36bb384a7b1d1d1006",
        "size": 563,
        "width": 64,
        "url": "https://media.sketchfab.com/models/2dda16dcd4d34fa493fc0341789f75e7/thumbnails/2bd9fc596439480998cae8a96ae96d09/77da43055aa847d1865f88b9e5eae825.jpeg",
        "height": 36
      }
    ]
  },
  "user": {
    "uid": "3a859423f1d34264b5a7301b50e062b1",
    "username": "cristobalmardoneschl",
    "displayName": "cristobalmardoneschl",
    "profileUrl": "https://sketchfab.com/cristobalmardoneschl",
    "account": "basic",
    "avatar": {
      "uri": "https://api.sketchfab.com/v3/avatars/012759c80f644887a9bc6c9b7ab14d95",
      "images": [
        {
          "size": 2160,
          "width": 32,
          "url": "https://media.sketchfab.com/avatars/012759c80f644887a9bc6c9b7ab14d95/2a84d0df85d14f8c87b162532712cdd6.png",
          "height": 32
        },
        {
          "size": 4000,
          "width": 48,
          "url": "https://media.sketchfab.com/avatars/012759c80f644887a9bc6c9b7ab14d95/cff8276b0b184414bc6a8e6700a82ce9.png",
          "height": 48
        },
        {
          "size": 10972,
          "width": 90,
          "url": "https://media.sketchfab.com/avatars/012759c80f644887a9bc6c9b7ab14d95/b8075d293df54c689dc22fe1d70a4891.png",
          "height": 90
        },
        {
          "size": 12543,
          "width": 100,
          "url": "https://media.sketchfab.com/avatars/012759c80f644887a9bc6c9b7ab14d95/bd52923bbf824c61bf67017ce1223ee7.png",
          "height": 100
        }
      ]
    },
    "uri": "https://api.sketchfab.com/v3/users/3a859423f1d34264b5a7301b50e062b1"
  },
  "description": "This is part of a future proyect for a hellboy sculp series for 3d print. The sculp was base on the Guillermo del Toro Design on his version of the character.",
  "faceCount": 371378,
  "createdAt": "2020-05-08T00:26:38.251425",
  "vertexCount": 186960,
  "isAgeRestricted": false,
  "archives": {
    "glb": {
      "textureCount": 0,
      "size": 9251344,
      "type": "glb",
      "textureMaxResolution": 0,
      "faceCount": 371378,
      "vertexCount": 199569
    },
    "gltf": {
      "textureCount": 0,
      "size": 5463781,
      "type": "gltf",
      "textureMaxResolution": 0,
      "faceCount": 371378,
      "vertexCount": 199569
    },
    "source": {
      "textureCount": null,
      "size": 12835016,
      "type": "source",
      "textureMaxResolution": null,
      "faceCount": null,
      "vertexCount": null
    },
    "usdz": {
      "textureCount": null,
      "size": 5896703,
      "type": "usdz",
      "textureMaxResolution": null,
      "faceCount": null,
      "vertexCount": null
    }
  },
  "license": "by"
}