{
  "uri": "https://api.sketchfab.com/v3/models/2de0317774144d20bbed4d26ad268dda",
  "uid": "2de0317774144d20bbed4d26ad268dda",
  "name": "Sketchfab 3D Scan Composite",
  "staffpickedAt": null,
  "viewCount": 5,
  "likeCount": 0,
  "animationCount": 0,
  "viewerUrl": "https://sketchfab.com/3d-models/2de0317774144d20bbed4d26ad268dda",
  "embedUrl": "https://sketchfab.com/models/2de0317774144d20bbed4d26ad268dda/embed",
  "commentCount": 0,
  "isDownloadable": true,
  "publishedAt": "2020-11-10T05:28:44.892150",
  "tags": [],
  "categories": [],
  "thumbnails": {
    "images": [
      {
        "uid": "b667f4bb9aeb4542a32fd76790f53570",
        "size": 52370,
        "width": 1920,
        "url": "https://media.sketchfab.com/models/2de0317774144d20bbed4d26ad268dda/thumbnails/710d4f77814f430c8944a39398fb2fb1/5bf90a1271704afca6afc6f6b2fbe2a6.jpeg",
        "height": 1080
      },
      {
        "uid": "63d7c41019394d4981537b44c73e2665",
        "size": 18855,
        "width": 1024,
        "url": "https://media.sketchfab.com/models/2de0317774144d20bbed4d26ad268dda/thumbnails/710d4f77814f430c8944a39398fb2fb1/9078e75af0874b39b5612b96d7324ad2.jpeg",
        "height": 576
      },
      {
        "uid": "0ebafef6fa894ebcbc273d197aac0bb5",
        "size": 11103,
        "width": 720,
        "url": "https://media.sketchfab.com/models/2de0317774144d20bbed4d26ad268dda/thumbnails/710d4f77814f430c8944a39398fb2fb1/d51ed3d278c14ba0b2f06fd25bb27658.jpeg",
        "height": 405
      },
      {
        "uid": "bfd5655200804fbbae6b37382a3a2f18",
        "size": 2423,
        "width": 256,
        "url": "https://media.sketchfab.com/models/2de0317774144d20bbed4d26ad268dda/thumbnails/710d4f77814f430c8944a39398fb2fb1/9fac26babe0d426aaf892bf6ec14e226.jpeg",
        "height": 144
      },
      {
        "uid": "531dff927dca4dca9643304da300f23f",
        "size": 584,
        "width": 64,
        "url": "https://media.sketchfab.com/models/2de0317774144d20bbed4d26ad268dda/thumbnails/710d4f77814f430c8944a39398fb2fb1/236096d5023d4d3984f0ddbbdd8b884a.jpeg",
        "height": 36
      }
    ]
  },
  "user": {
    "uid": "15ef7f74e4b34191bb0239be639836f2",
    "username": "Ivan_G",
    "displayName": "Ivan_G",
    "profileUrl": "https://sketchfab.com/Ivan_G",
    "account": "basic",
    "avatar": {
      "uri": "https://api.sketchfab.com/v3/avatars/51af6a870cce449eb75b0345feebaebb",
      "images": [
        {
          "size": 5719,
          "width": 90,
          "url": "https://media.sketchfab.com/avatars/51af6a870cce449eb75b0345feebaebb/2ef0f894055b4bb69123b2a27fa2d379.jpeg",
          "height": 90
        },
        {
          "size": 6496,
          "width": 100,
          "url": "https://media.sketchfab.com/avatars/51af6a870cce449eb75b0345feebaebb/ab11eedf96374486acb544f71a23b165.jpeg",
          "height": 100
        },
        {
          "size": 1359,
          "width": 32,
          "url": "https://media.sketchfab.com/avatars/51af6a870cce449eb75b0345feebaebb/35f6f9b6c9a14a548ce472582d8a9bb5.jpeg",
          "height": 32
        },
        {
          "size": 2584,
          "width": 48,
          "url": "https://media.sketchfab.com/avatars/51af6a870cce449eb75b0345feebaebb/a8072a51447c4d41ab177b357111b420.jpeg",
          "height": 48
        }
      ]
    },
    "uri": "https://api.sketchfab.com/v3/users/15ef7f74e4b34191bb0239be639836f2"
  },
  "description": "",
  "faceCount": 440407,
  "createdAt": "2020-11-10T05:20:45.683739",
  "vertexCount": 220405,
  "isAgeRestricted": false,
  "archives": {
    "glb": {
      "textureCount": 1,
      "size": 38010948,
      "type": "glb",
      "textureMaxResolution": 4096,
      "faceCount": 440407,
      "vertexCount": 269522
    },
    "gltf": {
      "textureCount": 1,
      "size": 21957822,
      "type": "gltf",
      "textureMaxResolution": 4096,
      "faceCount": 440407,
      "vertexCount": 269522
    },
    "source": {
      "textureCount": null,
      "size": 51855436,
      "type": "source",
      "textureMaxResolution": null,
      "faceCount": null,
      "vertexCount": null
    },
    "usdz": {
      "textureCount": null,
      "size": 13420140,
      "type": "usdz",
      "textureMaxResolution": null,
      "faceCount": null,
      "vertexCount": null
    }
  },
  "license": "by"
}