{
  "uri": "https://api.sketchfab.com/v3/models/2de8268b40f74eaaa5b02e277721efcf",
  "uid": "2de8268b40f74eaaa5b02e277721efcf",
  "name": "Lamp",
  "staffpickedAt": null,
  "viewCount": 3,
  "likeCount": 0,
  "animationCount": 0,
  "viewerUrl": "https://sketchfab.com/3d-models/2de8268b40f74eaaa5b02e277721efcf",
  "embedUrl": "https://sketchfab.com/models/2de8268b40f74eaaa5b02e277721efcf/embed",
  "commentCount": 0,
  "isDownloadable": true,
  "publishedAt": "2022-03-20T14:26:43.887249",
  "tags": [
    {
      "name": "3dmodelling",
      "slug": "3dmodelling",
      "uri": "https://api.sketchfab.com/v3/tags/3dmodelling"
    },
    {
      "name": "mayamodelling",
      "slug": "mayamodelling",
      "uri": "https://api.sketchfab.com/v3/tags/mayamodelling"
    },
    {
      "name": "3dtexturing",
      "slug": "3dtexturing",
      "uri": "https://api.sketchfab.com/v3/tags/3dtexturing"
    },
    {
      "name": "substancepainter",
      "slug": "substancepainter",
      "uri": "https://api.sketchfab.com/v3/tags/substancepainter"
    },
    {
      "name": "3d",
      "slug": "3d",
      "uri": "https://api.sketchfab.com/v3/tags/3d"
    },
    {
      "name": "3dmodel",
      "slug": "3dmodel",
      "uri": "https://api.sketchfab.com/v3/tags/3dmodel"
    },
    {
      "name": "modelling",
      "slug": "modelling",
      "uri": "https://api.sketchfab.com/v3/tags/modelling"
    }
  ],
  "categories": [
    {
      "name": "electronics-gadgets"
    }
  ],
  "thumbnails": {
    "images": [
      {
        "uid": "e9b2afcaa4e84eb899c78cfe1f24b1dd",
        "size": 44439,
        "width": 1920,
        "url": "https://media.sketchfab.com/models/2de8268b40f74eaaa5b02e277721efcf/thumbnails/ae3437592cc64232aa2dec3e4d372191/43abaa8a38254903aa693051e0067198.jpeg",
        "height": 1080
      },
      {
        "uid": "fccb857e74b345ceac6d6693e8161a5f",
        "size": 14320,
        "width": 1024,
        "url": "https://media.sketchfab.com/models/2de8268b40f74eaaa5b02e277721efcf/thumbnails/ae3437592cc64232aa2dec3e4d372191/7431513cf679496ca2aabda16eabec69.jpeg",
        "height": 576
      },
      {
        "uid": "3655bc7b30154576920b253bb22bb311",
        "size": 8156,
        "width": 720,
        "url": "https://media.sketchfab.com/models/2de8268b40f74eaaa5b02e277721efcf/thumbnails/ae3437592cc64232aa2dec3e4d372191/3e7d4786b1c149edbe7793fd1c09c180.jpeg",
        "height": 405
      },
      {
        "uid": "9f8ee3c995f045689e50b2c5bcb3c482",
        "size": 1847,
        "width": 256,
        "url": "https://media.sketchfab.com/models/2de8268b40f74eaaa5b02e277721efcf/thumbnails/ae3437592cc64232aa2dec3e4d372191/466396547a8241d590a510582c1b5427.jpeg",
        "height": 144
      },
      {
        "uid": "2e145c1d25de478ca89b290884925bee",
        "size": 764,
        "width": 64,
        "url": "https://media.sketchfab.com/models/2de8268b40f74eaaa5b02e277721efcf/thumbnails/ae3437592cc64232aa2dec3e4d372191/745c9f3fb3934c3687fbcf9b19aa7689.jpeg",
        "height": 36
      }
    ]
  },
  "user": {
    "uid": "5b8e49cff6fe4bf7a08489937ebfc469",
    "username": "ds653687",
    "displayName": "ds653687",
    "profileUrl": "https://sketchfab.com/ds653687",
    "account": "basic",
    "avatar": {
      "uri": "https://api.sketchfab.com/v3/avatars/51af6a870cce449eb75b0345feebaebb",
      "images": [
        {
          "size": 5719,
          "width": 90,
          "url": "https://media.sketchfab.com/avatars/51af6a870cce449eb75b0345feebaebb/2ef0f894055b4bb69123b2a27fa2d379.jpeg",
          "height": 90
        },
        {
          "size": 6496,
          "width": 100,
          "url": "https://media.sketchfab.com/avatars/51af6a870cce449eb75b0345feebaebb/ab11eedf96374486acb544f71a23b165.jpeg",
          "height": 100
        },
        {
          "size": 1359,
          "width": 32,
          "url": "https://media.sketchfab.com/avatars/51af6a870cce449eb75b0345feebaebb/35f6f9b6c9a14a548ce472582d8a9bb5.jpeg",
          "height": 32
        },
        {
          "size": 2584,
          "width": 48,
          "url": "https://media.sketchfab.com/avatars/51af6a870cce449eb75b0345feebaebb/a8072a51447c4d41ab177b357111b420.jpeg",
          "height": 48
        }
      ]
    },
    "uri": "https://api.sketchfab.com/v3/users/5b8e49cff6fe4bf7a08489937ebfc469"
  },
  "description": "",
  "faceCount": 22324,
  "createdAt": "2022-03-20T14:25:00.547230",
  "vertexCount": 11320,
  "isAgeRestricted": false,
  "archives": {
    "glb": {
      "textureCount": 0,
      "size": 684764,
      "type": "glb",
      "textureMaxResolution": 0,
      "faceCount": 22324,
      "vertexCount": 12492
    },
    "gltf": {
      "textureCount": 0,
      "size": 352824,
      "type": "gltf",
      "textureMaxResolution": 0,
      "faceCount": 22324,
      "vertexCount": 12492
    },
    "source": {
      "textureCount": null,
      "size": 654416,
      "type": "source",
      "textureMaxResolution": null,
      "faceCount": null,
      "vertexCount": null
    },
    "usdz": {
      "textureCount": null,
      "size": 298678,
      "type": "usdz",
      "textureMaxResolution": null,
      "faceCount": null,
      "vertexCount": null
    }
  },
  "license": "by"
}