{
  "uri": "https://api.sketchfab.com/v3/models/2de949ea83914119a73070afe7dd3e7e",
  "uid": "2de949ea83914119a73070afe7dd3e7e",
  "name": "Kutek SOR-ZW-5(P)",
  "staffpickedAt": null,
  "viewCount": 1,
  "likeCount": 0,
  "animationCount": 0,
  "viewerUrl": "https://sketchfab.com/3d-models/2de949ea83914119a73070afe7dd3e7e",
  "embedUrl": "https://sketchfab.com/models/2de949ea83914119a73070afe7dd3e7e/embed",
  "commentCount": 0,
  "isDownloadable": true,
  "publishedAt": "2019-10-28T07:02:08.294307",
  "tags": [
    {
      "name": "chandelier",
      "slug": "chandelier",
      "uri": "https://api.sketchfab.com/v3/tags/chandelier"
    }
  ],
  "categories": [
    {
      "name": "furniture-home"
    }
  ],
  "thumbnails": {
    "images": [
      {
        "uid": "bfd3922255d84959905955459882b83e",
        "size": 30253,
        "width": 1920,
        "url": "https://media.sketchfab.com/models/2de949ea83914119a73070afe7dd3e7e/thumbnails/1e0913a3167c4f03aeb407b6b556f34d/9331ddfae0b047039aa7eb1290c4a4ab.jpeg",
        "height": 1080
      },
      {
        "uid": "1a0e810e57314bec9866ba60f129ca3f",
        "size": 10630,
        "width": 1024,
        "url": "https://media.sketchfab.com/models/2de949ea83914119a73070afe7dd3e7e/thumbnails/1e0913a3167c4f03aeb407b6b556f34d/77f04467b09b4b3bae39280702bb4480.jpeg",
        "height": 576
      },
      {
        "uid": "a1db8cd9f7b14773b12cf019562c5b43",
        "size": 6228,
        "width": 720,
        "url": "https://media.sketchfab.com/models/2de949ea83914119a73070afe7dd3e7e/thumbnails/1e0913a3167c4f03aeb407b6b556f34d/3fdf4010d0754fd19379db4867bfe73c.jpeg",
        "height": 405
      },
      {
        "uid": "b577a248c774419bbd9f9e7ce6adf7d3",
        "size": 1446,
        "width": 256,
        "url": "https://media.sketchfab.com/models/2de949ea83914119a73070afe7dd3e7e/thumbnails/1e0913a3167c4f03aeb407b6b556f34d/7eab7d6407624cc9bf41cddcd497fef7.jpeg",
        "height": 144
      },
      {
        "uid": "c2bdebd2d5de46a3bd6604dd62258460",
        "size": 431,
        "width": 64,
        "url": "https://media.sketchfab.com/models/2de949ea83914119a73070afe7dd3e7e/thumbnails/1e0913a3167c4f03aeb407b6b556f34d/383d9d71f0b047ddaae5dbf03381eb53.jpeg",
        "height": 36
      }
    ]
  },
  "user": {
    "uid": "515eaacc64de44e4b2cd928272530294",
    "username": "svetmagaz",
    "displayName": "Lustron.ru",
    "profileUrl": "https://sketchfab.com/svetmagaz",
    "account": "basic",
    "avatar": {
      "uri": "https://api.sketchfab.com/v3/avatars/748f3667e46d49bca50b0eceec3633e4",
      "images": [
        {
          "size": 690,
          "width": 32,
          "url": "https://media.sketchfab.com/avatars/748f3667e46d49bca50b0eceec3633e4/f4b08ac1f4eb4e18bfe8388374d752d3.jpeg",
          "height": 32
        },
        {
          "size": 1174,
          "width": 48,
          "url": "https://media.sketchfab.com/avatars/748f3667e46d49bca50b0eceec3633e4/3372e63b53d049018eba4d089bccf242.jpeg",
          "height": 48
        },
        {
          "size": 3032,
          "width": 90,
          "url": "https://media.sketchfab.com/avatars/748f3667e46d49bca50b0eceec3633e4/a8a42851b37947a7a031505db13b84c2.jpeg",
          "height": 90
        },
        {
          "size": 3495,
          "width": 100,
          "url": "https://media.sketchfab.com/avatars/748f3667e46d49bca50b0eceec3633e4/8fb20dc6888942c29a562ed7a202c5b3.jpeg",
          "height": 100
        }
      ]
    },
    "uri": "https://api.sketchfab.com/v3/users/515eaacc64de44e4b2cd928272530294"
  },
  "description": "Смотреть на сайте lustron.ru<br>\n[Люстра подвесная Kutek SOR-ZW-5(P)](https://lustron.ru/sortament/lyustri/podvesnie/podvesnaya_lyustra_sorrento_sor-zw-5_p/\n)",
  "faceCount": 115680,
  "createdAt": "2019-10-28T06:33:35.482990",
  "vertexCount": 59610,
  "isAgeRestricted": false,
  "archives": {
    "glb": {
      "textureCount": 0,
      "size": 3893548,
      "type": "glb",
      "textureMaxResolution": 0,
      "faceCount": 115680,
      "vertexCount": 78162
    },
    "gltf": {
      "textureCount": 0,
      "size": 1827821,
      "type": "gltf",
      "textureMaxResolution": 0,
      "faceCount": 115680,
      "vertexCount": 78162
    },
    "source": {
      "textureCount": null,
      "size": 9267971,
      "type": "source",
      "textureMaxResolution": null,
      "faceCount": null,
      "vertexCount": null
    },
    "usdz": {
      "textureCount": null,
      "size": 1929622,
      "type": "usdz",
      "textureMaxResolution": null,
      "faceCount": null,
      "vertexCount": null
    }
  },
  "license": "by"
}