{
  "uri": "https://api.sketchfab.com/v3/models/2debf87400d1422e9f66d7ed151620bb",
  "uid": "2debf87400d1422e9f66d7ed151620bb",
  "name": "Cafe",
  "staffpickedAt": null,
  "viewCount": 49,
  "likeCount": 1,
  "animationCount": 0,
  "viewerUrl": "https://sketchfab.com/3d-models/2debf87400d1422e9f66d7ed151620bb",
  "embedUrl": "https://sketchfab.com/models/2debf87400d1422e9f66d7ed151620bb/embed",
  "commentCount": 0,
  "isDownloadable": true,
  "publishedAt": "2020-10-27T16:44:24.985157",
  "tags": [
    {
      "name": "3d",
      "slug": "3d",
      "uri": "https://api.sketchfab.com/v3/tags/3d"
    },
    {
      "name": "design",
      "slug": "design",
      "uri": "https://api.sketchfab.com/v3/tags/design"
    },
    {
      "name": "home",
      "slug": "home",
      "uri": "https://api.sketchfab.com/v3/tags/home"
    }
  ],
  "categories": [],
  "thumbnails": {
    "images": [
      {
        "uid": "d9455947a2534c69b05052b3d2b37c0f",
        "size": 51464,
        "width": 1920,
        "url": "https://media.sketchfab.com/models/2debf87400d1422e9f66d7ed151620bb/thumbnails/072eed796fb84e7e8c861700e9ba5239/88d3dd0277a84800bbd6d05e597593df.jpeg",
        "height": 1080
      },
      {
        "uid": "6e1d4e7eb8f84cd287c476ab0eb92b38",
        "size": 15914,
        "width": 1024,
        "url": "https://media.sketchfab.com/models/2debf87400d1422e9f66d7ed151620bb/thumbnails/072eed796fb84e7e8c861700e9ba5239/7c76b11662764b6c988fa1830ca85f42.jpeg",
        "height": 576
      },
      {
        "uid": "60cb0cb3d13a4c06977800e75f19ba82",
        "size": 9456,
        "width": 720,
        "url": "https://media.sketchfab.com/models/2debf87400d1422e9f66d7ed151620bb/thumbnails/072eed796fb84e7e8c861700e9ba5239/e9198f27bb7a48d68e9f9a17304cd2ec.jpeg",
        "height": 405
      },
      {
        "uid": "f69ef9761a6d4a9c87081a07156dbcca",
        "size": 2206,
        "width": 256,
        "url": "https://media.sketchfab.com/models/2debf87400d1422e9f66d7ed151620bb/thumbnails/072eed796fb84e7e8c861700e9ba5239/30b0a2644ec1444f8a338235ea1f0210.jpeg",
        "height": 144
      },
      {
        "uid": "f1bac81c18764e3996ac1dffa68567d5",
        "size": 604,
        "width": 64,
        "url": "https://media.sketchfab.com/models/2debf87400d1422e9f66d7ed151620bb/thumbnails/072eed796fb84e7e8c861700e9ba5239/19f3d49107ef4c2f89949241f4088e8f.jpeg",
        "height": 36
      }
    ]
  },
  "user": {
    "uid": "690dba639c13453e8f162de87edff67f",
    "username": "homedesign3d",
    "displayName": "Home Design 3D",
    "profileUrl": "https://sketchfab.com/homedesign3d",
    "account": "prem",
    "avatar": {
      "uri": "https://api.sketchfab.com/v3/avatars/a071741bdf9940f4ae18e8040a61faa5",
      "images": [
        {
          "size": 4544,
          "width": 32,
          "url": "https://media.sketchfab.com/avatars/a071741bdf9940f4ae18e8040a61faa5/6f2293831ab94491bf20fa1c17751abd.png",
          "height": 32
        },
        {
          "size": 5982,
          "width": 48,
          "url": "https://media.sketchfab.com/avatars/a071741bdf9940f4ae18e8040a61faa5/32acfb38b1134650ab27e179a9843a0c.png",
          "height": 48
        },
        {
          "size": 10325,
          "width": 90,
          "url": "https://media.sketchfab.com/avatars/a071741bdf9940f4ae18e8040a61faa5/25d5af261a64421a9a264ea6096f3c4c.png",
          "height": 90
        },
        {
          "size": 11374,
          "width": 100,
          "url": "https://media.sketchfab.com/avatars/a071741bdf9940f4ae18e8040a61faa5/de3e5d11ac71483bbb8b70f962bd587f.png",
          "height": 100
        }
      ]
    },
    "uri": "https://api.sketchfab.com/v3/users/690dba639c13453e8f162de87edff67f"
  },
  "description": "Home Design 3D",
  "faceCount": 139673,
  "createdAt": "2020-10-27T16:39:17.726275",
  "vertexCount": 93806,
  "isAgeRestricted": false,
  "archives": {
    "glb": {
      "textureCount": 53,
      "size": 9863032,
      "type": "glb",
      "textureMaxResolution": 1024,
      "faceCount": 139650,
      "vertexCount": 153140
    },
    "gltf": {
      "textureCount": 53,
      "size": 5491813,
      "type": "gltf",
      "textureMaxResolution": 1024,
      "faceCount": 139650,
      "vertexCount": 153140
    },
    "source": {
      "textureCount": null,
      "size": 11331537,
      "type": "source",
      "textureMaxResolution": null,
      "faceCount": null,
      "vertexCount": null
    },
    "usdz": {
      "textureCount": null,
      "size": 8187760,
      "type": "usdz",
      "textureMaxResolution": null,
      "faceCount": null,
      "vertexCount": null
    }
  },
  "license": "by-nc-sa"
}