{
  "uri": "https://api.sketchfab.com/v3/models/2df99c5850cc4e3fbc6d53ead102fe56",
  "uid": "2df99c5850cc4e3fbc6d53ead102fe56",
  "name": "u_Композиция_№9_OBJ.obj",
  "staffpickedAt": null,
  "viewCount": 3,
  "likeCount": 0,
  "animationCount": 0,
  "viewerUrl": "https://sketchfab.com/3d-models/2df99c5850cc4e3fbc6d53ead102fe56",
  "embedUrl": "https://sketchfab.com/models/2df99c5850cc4e3fbc6d53ead102fe56/embed",
  "commentCount": 0,
  "isDownloadable": true,
  "publishedAt": "2019-04-16T17:21:42.300755",
  "tags": [],
  "categories": [],
  "thumbnails": {
    "images": [
      {
        "uid": "899c95e053db402ebc97e3cae7d7b376",
        "size": 704,
        "width": 64,
        "url": "https://media.sketchfab.com/models/2df99c5850cc4e3fbc6d53ead102fe56/thumbnails/ad68b643a12445f9adc621bf8cf726c7/07a3569fd7734ff5ae81c8ee06648798.jpeg",
        "height": 36
      },
      {
        "uid": "23d1386c0e664bb68b1506178642bea9",
        "size": 75795,
        "width": 1920,
        "url": "https://media.sketchfab.com/models/2df99c5850cc4e3fbc6d53ead102fe56/thumbnails/ad68b643a12445f9adc621bf8cf726c7/169ce34036ad44f79771a74a4cb06043.jpeg",
        "height": 1080
      },
      {
        "uid": "131b6a39f9644204a52f6ef2409c29a0",
        "size": 27293,
        "width": 1024,
        "url": "https://media.sketchfab.com/models/2df99c5850cc4e3fbc6d53ead102fe56/thumbnails/ad68b643a12445f9adc621bf8cf726c7/13d85b6ed64d4c7cac6b71cf825f8c0e.jpeg",
        "height": 576
      },
      {
        "uid": "1e1a498b52f148d3b7649ba45dcf1ec7",
        "size": 17392,
        "width": 720,
        "url": "https://media.sketchfab.com/models/2df99c5850cc4e3fbc6d53ead102fe56/thumbnails/ad68b643a12445f9adc621bf8cf726c7/a710827fce80436f8b1e60a8d42dcd03.jpeg",
        "height": 405
      },
      {
        "uid": "c7f3115a9c4749ebb460c613ef750353",
        "size": 4574,
        "width": 256,
        "url": "https://media.sketchfab.com/models/2df99c5850cc4e3fbc6d53ead102fe56/thumbnails/ad68b643a12445f9adc621bf8cf726c7/312461c8ef714b63bc968363a09f2e65.jpeg",
        "height": 144
      }
    ]
  },
  "user": {
    "uid": "1eeccc4cf49c42c88710118ed0b5bf55",
    "username": "avroralepnina",
    "displayName": "AVRORA Group",
    "profileUrl": "https://sketchfab.com/avroralepnina",
    "account": "basic",
    "avatar": {
      "uri": "https://api.sketchfab.com/v3/avatars/78fa317e46024a5283765aa34df5e508",
      "images": [
        {
          "size": 6421,
          "width": 100,
          "url": "https://media.sketchfab.com/avatars/78fa317e46024a5283765aa34df5e508/aec92fe9a74e499c98d759362cd7f02f.jpeg",
          "height": 100
        },
        {
          "size": 2518,
          "width": 48,
          "url": "https://media.sketchfab.com/avatars/78fa317e46024a5283765aa34df5e508/17fa177ffaa344a2b2fc8e78efd40fbb.jpeg",
          "height": 48
        },
        {
          "size": 5653,
          "width": 90,
          "url": "https://media.sketchfab.com/avatars/78fa317e46024a5283765aa34df5e508/02162695bdc840faa3bcb2d418309c5e.jpeg",
          "height": 90
        },
        {
          "size": 1350,
          "width": 32,
          "url": "https://media.sketchfab.com/avatars/78fa317e46024a5283765aa34df5e508/6fde876cbded4cd48d36a76029e3aa02.jpeg",
          "height": 32
        }
      ]
    },
    "uri": "https://api.sketchfab.com/v3/users/1eeccc4cf49c42c88710118ed0b5bf55"
  },
  "description": "3d Model",
  "faceCount": 121352,
  "createdAt": "2019-04-06T05:09:49.802388",
  "vertexCount": 237370,
  "isAgeRestricted": false,
  "archives": {
    "glb": {
      "textureCount": 0,
      "size": 7175232,
      "type": "glb",
      "textureMaxResolution": 0,
      "faceCount": 121352,
      "vertexCount": 237793
    },
    "gltf": {
      "textureCount": 0,
      "size": 3255370,
      "type": "gltf",
      "textureMaxResolution": 0,
      "faceCount": 121352,
      "vertexCount": 237793
    },
    "source": {
      "textureCount": null,
      "size": 9881683,
      "type": "source",
      "textureMaxResolution": null,
      "faceCount": null,
      "vertexCount": null
    },
    "usdz": {
      "textureCount": null,
      "size": 5715473,
      "type": "usdz",
      "textureMaxResolution": null,
      "faceCount": null,
      "vertexCount": null
    }
  },
  "license": "by"
}