{
  "uri": "https://api.sketchfab.com/v3/models/a807dc66e50d4e249f28cb7caacabe8d",
  "uid": "a807dc66e50d4e249f28cb7caacabe8d",
  "name": "Copy Of Castle",
  "staffpickedAt": null,
  "viewCount": 43,
  "likeCount": 0,
  "animationCount": 0,
  "viewerUrl": "https://sketchfab.com/3d-models/a807dc66e50d4e249f28cb7caacabe8d",
  "embedUrl": "https://sketchfab.com/models/a807dc66e50d4e249f28cb7caacabe8d/embed",
  "commentCount": 0,
  "isDownloadable": true,
  "publishedAt": "2017-12-06T18:36:48.292607",
  "tags": [],
  "categories": [],
  "thumbnails": {
    "images": [
      {
        "uid": "9287eb3863ce4b9a856e8d9d4d9b8263",
        "size": 128195,
        "width": 1920,
        "url": "https://media.sketchfab.com/models/a807dc66e50d4e249f28cb7caacabe8d/thumbnails/a2c17f48055d486a9520b8a73614fb42/544cfba55ba148f3b83549164d14e524.jpeg",
        "height": 1080
      },
      {
        "uid": "cb7fdf7eab43477fb6b42718510936f8",
        "size": 22713,
        "width": 1024,
        "url": "https://media.sketchfab.com/models/a807dc66e50d4e249f28cb7caacabe8d/thumbnails/a2c17f48055d486a9520b8a73614fb42/3fc1a1e320214c96bd6ed41ba36e6433.jpeg",
        "height": 576
      },
      {
        "uid": "7f91dc3059ff4ac1b0337a3dde82a248",
        "size": 13431,
        "width": 720,
        "url": "https://media.sketchfab.com/models/a807dc66e50d4e249f28cb7caacabe8d/thumbnails/a2c17f48055d486a9520b8a73614fb42/555524f83196410b9f07bb04f78bc842.jpeg",
        "height": 405
      },
      {
        "uid": "96bf890e056148448e09f0871509e4bf",
        "size": 2969,
        "width": 256,
        "url": "https://media.sketchfab.com/models/a807dc66e50d4e249f28cb7caacabe8d/thumbnails/a2c17f48055d486a9520b8a73614fb42/d84f5b382a324fdcaa9e3cb96b7a6c21.jpeg",
        "height": 144
      },
      {
        "uid": "530d17b3836f44ef87fa1375a2f52b5d",
        "size": 632,
        "width": 64,
        "url": "https://media.sketchfab.com/models/a807dc66e50d4e249f28cb7caacabe8d/thumbnails/a2c17f48055d486a9520b8a73614fb42/3ca3cc8284624fb4af1f7fa33a6399e8.jpeg",
        "height": 36
      }
    ]
  },
  "user": {
    "uid": "8bee5da1b64549debb2c3544e893272f",
    "username": "kikoduran",
    "displayName": "kikoduran",
    "profileUrl": "https://sketchfab.com/kikoduran",
    "account": "basic",
    "avatar": {
      "uri": "https://api.sketchfab.com/v3/avatars/c709dfc602de4b7fb1dfa194c1419e48",
      "images": [
        {
          "size": 676,
          "width": 32,
          "url": "https://media.sketchfab.com/avatars/c709dfc602de4b7fb1dfa194c1419e48/6069464df4df47a0aca3e9afc5e52d69.jpeg",
          "height": 32
        },
        {
          "size": 929,
          "width": 48,
          "url": "https://media.sketchfab.com/avatars/c709dfc602de4b7fb1dfa194c1419e48/8cd5a756f5f14d89bbf19ed6db8e88d6.jpeg",
          "height": 48
        },
        {
          "size": 2097,
          "width": 90,
          "url": "https://media.sketchfab.com/avatars/c709dfc602de4b7fb1dfa194c1419e48/6d4dcd5b53824862b0f30b12982249c5.jpeg",
          "height": 90
        },
        {
          "size": 2410,
          "width": 100,
          "url": "https://media.sketchfab.com/avatars/c709dfc602de4b7fb1dfa194c1419e48/e8dfd9c91d524340915db8fdc1bc7c75.jpeg",
          "height": 100
        }
      ]
    },
    "uri": "https://api.sketchfab.com/v3/users/8bee5da1b64549debb2c3544e893272f"
  },
  "description": "Castillo",
  "faceCount": 36094,
  "createdAt": "2017-12-06T18:34:56.971962",
  "vertexCount": 17331,
  "isAgeRestricted": false,
  "archives": {
    "glb": {
      "textureCount": 0,
      "size": 3226132,
      "type": "glb",
      "textureMaxResolution": 0,
      "faceCount": 36074,
      "vertexCount": 58146
    },
    "gltf": {
      "textureCount": 0,
      "size": 493749,
      "type": "gltf",
      "textureMaxResolution": 0,
      "faceCount": 36074,
      "vertexCount": 58146
    },
    "source": {
      "textureCount": null,
      "size": 3043091,
      "type": "source",
      "textureMaxResolution": null,
      "faceCount": null,
      "vertexCount": null
    },
    "usdz": {
      "textureCount": null,
      "size": 1511891,
      "type": "usdz",
      "textureMaxResolution": null,
      "faceCount": null,
      "vertexCount": null
    }
  },
  "license": "by"
}