{
  "uri": "https://api.sketchfab.com/v3/models/a8080d3482dd4073b0833e5740f1e772",
  "uid": "a8080d3482dd4073b0833e5740f1e772",
  "name": "عبد الكريم",
  "staffpickedAt": null,
  "viewCount": 16,
  "likeCount": 0,
  "animationCount": 0,
  "viewerUrl": "https://sketchfab.com/3d-models/a8080d3482dd4073b0833e5740f1e772",
  "embedUrl": "https://sketchfab.com/models/a8080d3482dd4073b0833e5740f1e772/embed",
  "commentCount": 0,
  "isDownloadable": true,
  "publishedAt": "2018-04-08T18:54:48.979296",
  "tags": [],
  "categories": [],
  "thumbnails": {
    "images": [
      {
        "uid": "877cf961adc14239bd3a11883747e431",
        "size": 89510,
        "width": 1920,
        "url": "https://media.sketchfab.com/models/a8080d3482dd4073b0833e5740f1e772/thumbnails/e40424b6e6bb4e648892643c100143be/eaddc3271b2c4d0d9d701c3b155b0637.jpeg",
        "height": 1080
      },
      {
        "uid": "bfed740e4df14de3a2eba5c247ed9cf1",
        "size": 21560,
        "width": 1024,
        "url": "https://media.sketchfab.com/models/a8080d3482dd4073b0833e5740f1e772/thumbnails/e40424b6e6bb4e648892643c100143be/f52cdc0f5bca484db8cb2f726c404f98.jpeg",
        "height": 576
      },
      {
        "uid": "966ab05537d248218ec17ac6b7faf972",
        "size": 12842,
        "width": 720,
        "url": "https://media.sketchfab.com/models/a8080d3482dd4073b0833e5740f1e772/thumbnails/e40424b6e6bb4e648892643c100143be/8f1698a303234926a08bb93ed51b131a.jpeg",
        "height": 405
      },
      {
        "uid": "33385c34df754da1b981a81a4cf7fb73",
        "size": 2727,
        "width": 256,
        "url": "https://media.sketchfab.com/models/a8080d3482dd4073b0833e5740f1e772/thumbnails/e40424b6e6bb4e648892643c100143be/ff721046a1ba4cf58c561bcf30f5e939.jpeg",
        "height": 144
      },
      {
        "uid": "5a10466071284c70a790a4d6b085cc6d",
        "size": 579,
        "width": 64,
        "url": "https://media.sketchfab.com/models/a8080d3482dd4073b0833e5740f1e772/thumbnails/e40424b6e6bb4e648892643c100143be/f1eb08af52cc40b6b26ca874f79c82c6.jpeg",
        "height": 36
      }
    ]
  },
  "user": {
    "uid": "6a881b31866c46239ce0aa9311506514",
    "username": "afkary_sell",
    "displayName": "afkary_sell",
    "profileUrl": "https://sketchfab.com/afkary_sell",
    "account": "basic",
    "avatar": {
      "uri": "https://api.sketchfab.com/v3/avatars/1db8cbf9939c4b2b8942cab00a2a6ef0",
      "images": [
        {
          "size": 802,
          "width": 32,
          "url": "https://media.sketchfab.com/avatars/1db8cbf9939c4b2b8942cab00a2a6ef0/3d5c3aa58b8f4603b786a6829b74fe92.jpeg",
          "height": 32
        },
        {
          "size": 1178,
          "width": 48,
          "url": "https://media.sketchfab.com/avatars/1db8cbf9939c4b2b8942cab00a2a6ef0/3e85a91603874c68872c8564b2469f36.jpeg",
          "height": 48
        },
        {
          "size": 2350,
          "width": 90,
          "url": "https://media.sketchfab.com/avatars/1db8cbf9939c4b2b8942cab00a2a6ef0/2dfb1e27b8e24a74a1ea162afdab5ce2.jpeg",
          "height": 90
        },
        {
          "size": 2693,
          "width": 100,
          "url": "https://media.sketchfab.com/avatars/1db8cbf9939c4b2b8942cab00a2a6ef0/8750a6ec3fab442e952f45ad5d5689b1.jpeg",
          "height": 100
        }
      ]
    },
    "uri": "https://api.sketchfab.com/v3/users/6a881b31866c46239ce0aa9311506514"
  },
  "description": "",
  "faceCount": 749984,
  "createdAt": "2018-04-08T17:54:59.366167",
  "vertexCount": 359064,
  "isAgeRestricted": false,
  "archives": {
    "glb": {
      "textureCount": 0,
      "size": 26096572,
      "type": "glb",
      "textureMaxResolution": 0,
      "faceCount": 748493,
      "vertexCount": 712813
    },
    "gltf": {
      "textureCount": 0,
      "size": 6868924,
      "type": "gltf",
      "textureMaxResolution": 0,
      "faceCount": 748493,
      "vertexCount": 712813
    },
    "source": {
      "textureCount": null,
      "size": 228738297,
      "type": "source",
      "textureMaxResolution": null,
      "faceCount": null,
      "vertexCount": null
    },
    "usdz": {
      "textureCount": null,
      "size": 17601564,
      "type": "usdz",
      "textureMaxResolution": null,
      "faceCount": null,
      "vertexCount": null
    }
  },
  "license": "by-sa"
}