{
  "uri": "https://api.sketchfab.com/v3/models/a80a7a309b92480fb28d0fd51d137f32",
  "uid": "a80a7a309b92480fb28d0fd51d137f32",
  "name": "venkata 2",
  "staffpickedAt": null,
  "viewCount": 8,
  "likeCount": 2,
  "animationCount": 0,
  "viewerUrl": "https://sketchfab.com/3d-models/a80a7a309b92480fb28d0fd51d137f32",
  "embedUrl": "https://sketchfab.com/models/a80a7a309b92480fb28d0fd51d137f32/embed",
  "commentCount": 0,
  "isDownloadable": true,
  "publishedAt": "2021-10-16T11:35:34.199789",
  "tags": [
    {
      "name": "3dsmax",
      "slug": "3dsmax",
      "uri": "https://api.sketchfab.com/v3/tags/3dsmax"
    },
    {
      "name": "3dsmaxpublisher",
      "slug": "3dsmaxpublisher",
      "uri": "https://api.sketchfab.com/v3/tags/3dsmaxpublisher"
    }
  ],
  "categories": [],
  "thumbnails": {
    "images": [
      {
        "uid": "eb0f13fb3e0545b284e2901d65eab09a",
        "size": 76724,
        "width": 1920,
        "url": "https://media.sketchfab.com/models/a80a7a309b92480fb28d0fd51d137f32/thumbnails/cae387cbe8c04b1c996a4d0e0c57b968/9d9e8048710d4825888a97387fab9f60.jpeg",
        "height": 1080
      },
      {
        "uid": "2626dd9343c94a2ba667a8f82ceb588d",
        "size": 26131,
        "width": 1024,
        "url": "https://media.sketchfab.com/models/a80a7a309b92480fb28d0fd51d137f32/thumbnails/cae387cbe8c04b1c996a4d0e0c57b968/7588265d9a7b45f0a694bce8faaa593c.jpeg",
        "height": 576
      },
      {
        "uid": "2b6a8d93cbcd4d6fbbce285de4f65d34",
        "size": 15864,
        "width": 720,
        "url": "https://media.sketchfab.com/models/a80a7a309b92480fb28d0fd51d137f32/thumbnails/cae387cbe8c04b1c996a4d0e0c57b968/43426e0a65484f1c89cd30717e4cf6cf.jpeg",
        "height": 405
      },
      {
        "uid": "1f70a0ab6ff64c4eaff503298eccf286",
        "size": 3670,
        "width": 256,
        "url": "https://media.sketchfab.com/models/a80a7a309b92480fb28d0fd51d137f32/thumbnails/cae387cbe8c04b1c996a4d0e0c57b968/f0796948bb154c9b99a95380c8e87a29.jpeg",
        "height": 144
      },
      {
        "uid": "694315092a2748d88de2a99469396b75",
        "size": 974,
        "width": 64,
        "url": "https://media.sketchfab.com/models/a80a7a309b92480fb28d0fd51d137f32/thumbnails/cae387cbe8c04b1c996a4d0e0c57b968/3b68b9eeadc340148c71dcd4f2144f0f.jpeg",
        "height": 36
      }
    ]
  },
  "user": {
    "uid": "327edc766a22451d82354db3a8d4617b",
    "username": "mudu85",
    "displayName": "mdmudasir17",
    "profileUrl": "https://sketchfab.com/mudu85",
    "account": "basic",
    "avatar": {
      "uri": "https://api.sketchfab.com/v3/avatars/43bae091fc4941b5a7fa4cff9980e786",
      "images": [
        {
          "size": 663,
          "width": 32,
          "url": "https://media.sketchfab.com/avatars/43bae091fc4941b5a7fa4cff9980e786/9e223baf76aa4253a3152852f8d6b810.png",
          "height": 32
        },
        {
          "size": 996,
          "width": 48,
          "url": "https://media.sketchfab.com/avatars/43bae091fc4941b5a7fa4cff9980e786/697d70321e5b45a5b8932d0568eebae6.png",
          "height": 48
        },
        {
          "size": 2492,
          "width": 90,
          "url": "https://media.sketchfab.com/avatars/43bae091fc4941b5a7fa4cff9980e786/21635a8b36cf49a38841bc49a6340224.png",
          "height": 90
        },
        {
          "size": 2911,
          "width": 100,
          "url": "https://media.sketchfab.com/avatars/43bae091fc4941b5a7fa4cff9980e786/ea7b568e1b124d779e692ec96da8b478.png",
          "height": 100
        }
      ]
    },
    "uri": "https://api.sketchfab.com/v3/users/327edc766a22451d82354db3a8d4617b"
  },
  "description": "Published by 3ds Max",
  "faceCount": 100287,
  "createdAt": "2021-10-16T11:33:17.813215",
  "vertexCount": 50746,
  "isAgeRestricted": false,
  "archives": {
    "glb": {
      "textureCount": 7,
      "size": 11524668,
      "type": "glb",
      "textureMaxResolution": 2048,
      "faceCount": 100281,
      "vertexCount": 93565
    },
    "gltf": {
      "textureCount": 7,
      "size": 8674476,
      "type": "gltf",
      "textureMaxResolution": 2048,
      "faceCount": 100281,
      "vertexCount": 93565
    },
    "source": {
      "textureCount": null,
      "size": 18786936,
      "type": "source",
      "textureMaxResolution": null,
      "faceCount": null,
      "vertexCount": null
    },
    "usdz": {
      "textureCount": null,
      "size": 9714823,
      "type": "usdz",
      "textureMaxResolution": null,
      "faceCount": null,
      "vertexCount": null
    }
  },
  "license": "by"
}