{
  "uri": "https://api.sketchfab.com/v3/models/a80bd429f88544408a374c07fb230769",
  "uid": "a80bd429f88544408a374c07fb230769",
  "name": "UMT_01",
  "staffpickedAt": null,
  "viewCount": 72,
  "likeCount": 2,
  "animationCount": 0,
  "viewerUrl": "https://sketchfab.com/3d-models/a80bd429f88544408a374c07fb230769",
  "embedUrl": "https://sketchfab.com/models/a80bd429f88544408a374c07fb230769/embed",
  "commentCount": 0,
  "isDownloadable": true,
  "publishedAt": "2020-10-28T10:28:19.917206",
  "tags": [
    {
      "name": "stair",
      "slug": "stair",
      "uri": "https://api.sketchfab.com/v3/tags/stair"
    },
    {
      "name": "staircase",
      "slug": "staircase",
      "uri": "https://api.sketchfab.com/v3/tags/staircase"
    },
    {
      "name": "staircon",
      "slug": "staircon",
      "uri": "https://api.sketchfab.com/v3/tags/staircon"
    }
  ],
  "categories": [],
  "thumbnails": {
    "images": [
      {
        "uid": "92bbce2761bb4b24b12d7292e0d74f77",
        "size": 115644,
        "width": 1920,
        "url": "https://media.sketchfab.com/models/a80bd429f88544408a374c07fb230769/thumbnails/665bbbb0b5de483aa96de7cd20300085/9a9c36d5f3f64917a607da8f69c51a7c.jpeg",
        "height": 1080
      },
      {
        "uid": "257e7b2a554642c0be0277c224077b7d",
        "size": 38888,
        "width": 1024,
        "url": "https://media.sketchfab.com/models/a80bd429f88544408a374c07fb230769/thumbnails/665bbbb0b5de483aa96de7cd20300085/14d4414e462b47aea9d902dc5eeca521.jpeg",
        "height": 576
      },
      {
        "uid": "929aab6083fe4a7d8d5e0c480d4e3e43",
        "size": 23589,
        "width": 720,
        "url": "https://media.sketchfab.com/models/a80bd429f88544408a374c07fb230769/thumbnails/665bbbb0b5de483aa96de7cd20300085/b895e17299e649ceb3ba9e1c0a362faf.jpeg",
        "height": 405
      },
      {
        "uid": "c700b35eaf9741278942ac17c4b164eb",
        "size": 5262,
        "width": 256,
        "url": "https://media.sketchfab.com/models/a80bd429f88544408a374c07fb230769/thumbnails/665bbbb0b5de483aa96de7cd20300085/e5c62d6c0b224b01b4281edb9c93ddc9.jpeg",
        "height": 144
      },
      {
        "uid": "ff4247d89be24ffc902361e8c91b7149",
        "size": 1022,
        "width": 64,
        "url": "https://media.sketchfab.com/models/a80bd429f88544408a374c07fb230769/thumbnails/665bbbb0b5de483aa96de7cd20300085/24d33ef384204c3897f880281a00cd33.jpeg",
        "height": 36
      }
    ]
  },
  "user": {
    "uid": "0e0b03fb2dbc48a1b6c93117b6dc3f3d",
    "username": "cad4wood",
    "displayName": "CAD4Wood - Alari",
    "profileUrl": "https://sketchfab.com/cad4wood",
    "account": "basic",
    "avatar": {
      "uri": "https://api.sketchfab.com/v3/avatars/95d314a16ebd45fc97e05f122cdb4f4a",
      "images": [
        {
          "size": 3229,
          "width": 100,
          "url": "https://media.sketchfab.com/avatars/95d314a16ebd45fc97e05f122cdb4f4a/226c19db94a34671a59ea7ad186087ed.jpeg",
          "height": 100
        },
        {
          "size": 2815,
          "width": 90,
          "url": "https://media.sketchfab.com/avatars/95d314a16ebd45fc97e05f122cdb4f4a/e7f37d83d928494b9eff2a94fb549048.jpeg",
          "height": 90
        },
        {
          "size": 1140,
          "width": 48,
          "url": "https://media.sketchfab.com/avatars/95d314a16ebd45fc97e05f122cdb4f4a/12440c1c04d543e8873f00da3c22b534.jpeg",
          "height": 48
        },
        {
          "size": 753,
          "width": 32,
          "url": "https://media.sketchfab.com/avatars/95d314a16ebd45fc97e05f122cdb4f4a/a14faec90c2c49a691d8fec7f4ea0d60.jpeg",
          "height": 32
        }
      ]
    },
    "uri": "https://api.sketchfab.com/v3/users/0e0b03fb2dbc48a1b6c93117b6dc3f3d"
  },
  "description": "http://staircon.com/ <br>Export by <b>CAD4Wood</b> (lic 950)",
  "faceCount": 8141,
  "createdAt": "2020-10-28T10:27:49.168209",
  "vertexCount": 4484,
  "isAgeRestricted": false,
  "archives": {
    "glb": {
      "textureCount": 5,
      "size": 466664,
      "type": "glb",
      "textureMaxResolution": 256,
      "faceCount": 8069,
      "vertexCount": 7762
    },
    "gltf": {
      "textureCount": 5,
      "size": 174408,
      "type": "gltf",
      "textureMaxResolution": 256,
      "faceCount": 8069,
      "vertexCount": 7762
    },
    "source": {
      "textureCount": null,
      "size": 235995,
      "type": "source",
      "textureMaxResolution": null,
      "faceCount": null,
      "vertexCount": null
    },
    "usdz": {
      "textureCount": null,
      "size": 271336,
      "type": "usdz",
      "textureMaxResolution": null,
      "faceCount": null,
      "vertexCount": null
    }
  },
  "license": "by"
}