{
  "uri": "https://api.sketchfab.com/v3/models/a811462f9c3640588258f6ce02ad0ebb",
  "uid": "a811462f9c3640588258f6ce02ad0ebb",
  "name": "Google Tilt Brush Experiment",
  "staffpickedAt": null,
  "viewCount": 27,
  "likeCount": 1,
  "animationCount": 0,
  "viewerUrl": "https://sketchfab.com/3d-models/a811462f9c3640588258f6ce02ad0ebb",
  "embedUrl": "https://sketchfab.com/models/a811462f9c3640588258f6ce02ad0ebb/embed",
  "commentCount": 0,
  "isDownloadable": true,
  "publishedAt": "2020-04-26T21:13:41.436437",
  "tags": [
    {
      "name": "tiltbrush",
      "slug": "tiltbrush",
      "uri": "https://api.sketchfab.com/v3/tags/tiltbrush"
    }
  ],
  "categories": [],
  "thumbnails": {
    "images": [
      {
        "uid": "6ebf43c042894071a8fd4a4d43c851a2",
        "size": 101913,
        "width": 1920,
        "url": "https://media.sketchfab.com/models/a811462f9c3640588258f6ce02ad0ebb/thumbnails/cfb34b10f98f45b395a3da6631901ed2/9eff49317a9843cba25b5f2fd589e252.jpeg",
        "height": 1080
      },
      {
        "uid": "c7ffa5127322453eb07fd2fc5b3a7df6",
        "size": 42050,
        "width": 1024,
        "url": "https://media.sketchfab.com/models/a811462f9c3640588258f6ce02ad0ebb/thumbnails/cfb34b10f98f45b395a3da6631901ed2/19a05ede9a8f43fba7042df06057adb4.jpeg",
        "height": 576
      },
      {
        "uid": "9c1de9d4a53f4bd897e604078cf7dc51",
        "size": 25175,
        "width": 720,
        "url": "https://media.sketchfab.com/models/a811462f9c3640588258f6ce02ad0ebb/thumbnails/cfb34b10f98f45b395a3da6631901ed2/ccaa503da5884501a9e35ac9126fa3a4.jpeg",
        "height": 405
      },
      {
        "uid": "8869cb4bc6e14880b8ea55321e676ece",
        "size": 5364,
        "width": 256,
        "url": "https://media.sketchfab.com/models/a811462f9c3640588258f6ce02ad0ebb/thumbnails/cfb34b10f98f45b395a3da6631901ed2/a4c58d23e9a046f597167979acdff5ea.jpeg",
        "height": 144
      },
      {
        "uid": "b5900827465a48dba558fb846c75ff07",
        "size": 910,
        "width": 64,
        "url": "https://media.sketchfab.com/models/a811462f9c3640588258f6ce02ad0ebb/thumbnails/cfb34b10f98f45b395a3da6631901ed2/2bc6771eb6f44293b895ca54fe11b010.jpeg",
        "height": 36
      }
    ]
  },
  "user": {
    "uid": "9346ff835d724f8bb6c44a22e7226865",
    "username": "kibbycabbit",
    "displayName": "kibbycabbit",
    "profileUrl": "https://sketchfab.com/kibbycabbit",
    "account": "basic",
    "avatar": {
      "uri": "https://api.sketchfab.com/v3/avatars/78f7429f945a4955a612f82208c5baee",
      "images": [
        {
          "size": 791,
          "width": 32,
          "url": "https://media.sketchfab.com/avatars/78f7429f945a4955a612f82208c5baee/70691e51403e4b829f8e232cac71ed23.jpeg",
          "height": 32
        },
        {
          "size": 4059,
          "width": 100,
          "url": "https://media.sketchfab.com/avatars/78f7429f945a4955a612f82208c5baee/f1e55513eb94455bbba12854ba4407eb.jpeg",
          "height": 100
        },
        {
          "size": 3399,
          "width": 90,
          "url": "https://media.sketchfab.com/avatars/78f7429f945a4955a612f82208c5baee/8cd0afc302ec497fa23908efb5d6de49.jpeg",
          "height": 90
        },
        {
          "size": 1285,
          "width": 48,
          "url": "https://media.sketchfab.com/avatars/78f7429f945a4955a612f82208c5baee/81d9f0cd40c1437fbb79df2b3df68e24.jpeg",
          "height": 48
        }
      ]
    },
    "uri": "https://api.sketchfab.com/v3/users/9346ff835d724f8bb6c44a22e7226865"
  },
  "description": "My first attempt. Understanding all the basics. Undo, redo, tilt, brushs and everything.",
  "faceCount": 70558,
  "createdAt": "2020-04-26T20:35:01.831810",
  "vertexCount": 49690,
  "isAgeRestricted": false,
  "archives": {
    "glb": {
      "textureCount": 13,
      "size": 5973328,
      "type": "glb",
      "textureMaxResolution": 2048,
      "faceCount": 69571,
      "vertexCount": 59072
    },
    "gltf": {
      "textureCount": 13,
      "size": 3211222,
      "type": "gltf",
      "textureMaxResolution": 2048,
      "faceCount": 69571,
      "vertexCount": 59072
    },
    "source": {
      "textureCount": null,
      "size": 7693422,
      "type": "source",
      "textureMaxResolution": null,
      "faceCount": null,
      "vertexCount": null
    },
    "usdz": {
      "textureCount": null,
      "size": 2830208,
      "type": "usdz",
      "textureMaxResolution": null,
      "faceCount": null,
      "vertexCount": null
    }
  },
  "license": "by-sa"
}