{
  "uri": "https://api.sketchfab.com/v3/models/a814ea981e4c4495a76ed12ad997d33b",
  "uid": "a814ea981e4c4495a76ed12ad997d33b",
  "name": "Tomasz Kaczmarek_szklo_v4",
  "staffpickedAt": null,
  "viewCount": 20,
  "likeCount": 0,
  "animationCount": 0,
  "viewerUrl": "https://sketchfab.com/3d-models/a814ea981e4c4495a76ed12ad997d33b",
  "embedUrl": "https://sketchfab.com/models/a814ea981e4c4495a76ed12ad997d33b/embed",
  "commentCount": 0,
  "isDownloadable": true,
  "publishedAt": "2021-04-02T06:23:53.926324",
  "tags": [
    {
      "name": "stair",
      "slug": "stair",
      "uri": "https://api.sketchfab.com/v3/tags/stair"
    },
    {
      "name": "staircase",
      "slug": "staircase",
      "uri": "https://api.sketchfab.com/v3/tags/staircase"
    },
    {
      "name": "staircon",
      "slug": "staircon",
      "uri": "https://api.sketchfab.com/v3/tags/staircon"
    }
  ],
  "categories": [],
  "thumbnails": {
    "images": [
      {
        "uid": "1a60a25ccee047c69bb0592fe8a48c87",
        "size": 162341,
        "width": 1920,
        "url": "https://media.sketchfab.com/models/a814ea981e4c4495a76ed12ad997d33b/thumbnails/3a3de0b15ec6465e84dad3c5bf9d5a5a/cd47d6b217f645c4829a4aebc48af323.jpeg",
        "height": 1080
      },
      {
        "uid": "fd642eeaab6043a391a774f2d7113104",
        "size": 25988,
        "width": 1024,
        "url": "https://media.sketchfab.com/models/a814ea981e4c4495a76ed12ad997d33b/thumbnails/3a3de0b15ec6465e84dad3c5bf9d5a5a/920d166565a34e648ac954dffb8204a2.jpeg",
        "height": 576
      },
      {
        "uid": "69a6ef516e7f40d69274ed729dd7dafc",
        "size": 14923,
        "width": 720,
        "url": "https://media.sketchfab.com/models/a814ea981e4c4495a76ed12ad997d33b/thumbnails/3a3de0b15ec6465e84dad3c5bf9d5a5a/1170ff7c1ea5454b8e7f0f0d631be660.jpeg",
        "height": 405
      },
      {
        "uid": "a22009a8557e4c7286be7c7ca9b99279",
        "size": 3403,
        "width": 256,
        "url": "https://media.sketchfab.com/models/a814ea981e4c4495a76ed12ad997d33b/thumbnails/3a3de0b15ec6465e84dad3c5bf9d5a5a/a05c2937b15d4bb3960c1a8512fe33f6.jpeg",
        "height": 144
      },
      {
        "uid": "5cb9a8ad6baf428da1b634c9e99c81bb",
        "size": 798,
        "width": 64,
        "url": "https://media.sketchfab.com/models/a814ea981e4c4495a76ed12ad997d33b/thumbnails/3a3de0b15ec6465e84dad3c5bf9d5a5a/00f7c123f8fc41cb822557e08008832d.jpeg",
        "height": 36
      }
    ]
  },
  "user": {
    "uid": "09c030f8975641b29d9e2b417303abc4",
    "username": "stolmark",
    "displayName": "Stolmark",
    "profileUrl": "https://sketchfab.com/stolmark",
    "account": "basic",
    "avatar": {
      "uri": "https://api.sketchfab.com/v3/avatars/390219bdd009443d82d15f6544d92b8b",
      "images": [
        {
          "size": 1007,
          "width": 32,
          "url": "https://media.sketchfab.com/avatars/390219bdd009443d82d15f6544d92b8b/e0ef1c73a18945ef973a4c7b585a2781.png",
          "height": 32
        },
        {
          "size": 1657,
          "width": 48,
          "url": "https://media.sketchfab.com/avatars/390219bdd009443d82d15f6544d92b8b/8f2262e356814a5596aea05513f63fb6.png",
          "height": 48
        },
        {
          "size": 4324,
          "width": 90,
          "url": "https://media.sketchfab.com/avatars/390219bdd009443d82d15f6544d92b8b/64fc222d201d46c697463bfa8c5e2964.png",
          "height": 90
        },
        {
          "size": 5327,
          "width": 100,
          "url": "https://media.sketchfab.com/avatars/390219bdd009443d82d15f6544d92b8b/3a67a038ff6b4d228809a83554743779.png",
          "height": 100
        }
      ]
    },
    "uri": "https://api.sketchfab.com/v3/users/09c030f8975641b29d9e2b417303abc4"
  },
  "description": "http://staircon.com/ <br>Export by <b>Stolmark Marek Kesy</b> (lic 6613)",
  "faceCount": 5375,
  "createdAt": "2021-04-02T06:21:31.557792",
  "vertexCount": 2804,
  "isAgeRestricted": false,
  "archives": {
    "glb": {
      "textureCount": 5,
      "size": 988128,
      "type": "glb",
      "textureMaxResolution": 1024,
      "faceCount": 5155,
      "vertexCount": 8701
    },
    "gltf": {
      "textureCount": 5,
      "size": 721492,
      "type": "gltf",
      "textureMaxResolution": 1024,
      "faceCount": 5155,
      "vertexCount": 8701
    },
    "source": {
      "textureCount": null,
      "size": 1048233,
      "type": "source",
      "textureMaxResolution": null,
      "faceCount": null,
      "vertexCount": null
    },
    "usdz": {
      "textureCount": null,
      "size": 892973,
      "type": "usdz",
      "textureMaxResolution": null,
      "faceCount": null,
      "vertexCount": null
    }
  },
  "license": "by"
}