{
  "uri": "https://api.sketchfab.com/v3/models/a817458babf743d282a71caeb44fccf2",
  "uid": "a817458babf743d282a71caeb44fccf2",
  "name": "27606674",
  "staffpickedAt": null,
  "viewCount": 1,
  "likeCount": 0,
  "animationCount": 0,
  "viewerUrl": "https://sketchfab.com/3d-models/a817458babf743d282a71caeb44fccf2",
  "embedUrl": "https://sketchfab.com/models/a817458babf743d282a71caeb44fccf2/embed",
  "commentCount": 0,
  "isDownloadable": true,
  "publishedAt": "2022-06-17T14:51:03.526819",
  "tags": [],
  "categories": [],
  "thumbnails": {
    "images": [
      {
        "uid": "d537fab5474d4415b365a4b3846538f3",
        "size": 113963,
        "width": 1920,
        "url": "https://media.sketchfab.com/models/a817458babf743d282a71caeb44fccf2/thumbnails/14f2dc04697846a2b387bbabc878d419/f36821cdc0604498b6c88ac6c7ca81fe.jpeg",
        "height": 1080
      },
      {
        "uid": "0a491091c2764686a0aa44759e220935",
        "size": 36910,
        "width": 1024,
        "url": "https://media.sketchfab.com/models/a817458babf743d282a71caeb44fccf2/thumbnails/14f2dc04697846a2b387bbabc878d419/b030cacb831b4d9788af8eaec820474c.jpeg",
        "height": 576
      },
      {
        "uid": "8fb919ef758f42d9a58a3ba555c7c251",
        "size": 21566,
        "width": 720,
        "url": "https://media.sketchfab.com/models/a817458babf743d282a71caeb44fccf2/thumbnails/14f2dc04697846a2b387bbabc878d419/f89074e4e355493c96bb57a7e3f0fbf9.jpeg",
        "height": 405
      },
      {
        "uid": "a3dea867e753485b9c9971bd01c1770f",
        "size": 4386,
        "width": 256,
        "url": "https://media.sketchfab.com/models/a817458babf743d282a71caeb44fccf2/thumbnails/14f2dc04697846a2b387bbabc878d419/014bcd581acc4b87beba525897d29488.jpeg",
        "height": 144
      },
      {
        "uid": "2ae03f67bd014d559dc688de00ca833a",
        "size": 1060,
        "width": 64,
        "url": "https://media.sketchfab.com/models/a817458babf743d282a71caeb44fccf2/thumbnails/14f2dc04697846a2b387bbabc878d419/47fe3abe879944298d70d344fc3f2eae.jpeg",
        "height": 36
      }
    ]
  },
  "user": {
    "uid": "b1e3b9d6654d488f8d492b8f81f0bb2f",
    "username": "GeneralCreed",
    "displayName": "GeneralCreed",
    "profileUrl": "https://sketchfab.com/GeneralCreed",
    "account": "basic",
    "avatar": {
      "uri": "https://api.sketchfab.com/v3/avatars/aaeb57fa33df4d26bd24d5f28b3f259a",
      "images": [
        {
          "size": 789,
          "width": 32,
          "url": "https://media.sketchfab.com/avatars/aaeb57fa33df4d26bd24d5f28b3f259a/977a207e3e404c058392c2bf951efef8.jpeg",
          "height": 32
        },
        {
          "size": 924,
          "width": 48,
          "url": "https://media.sketchfab.com/avatars/aaeb57fa33df4d26bd24d5f28b3f259a/733a3ddcb2114819ae1a87578bb6b2dd.jpeg",
          "height": 48
        },
        {
          "size": 1449,
          "width": 90,
          "url": "https://media.sketchfab.com/avatars/aaeb57fa33df4d26bd24d5f28b3f259a/fc13ab94ecfd47fb8a8305ac52d063da.jpeg",
          "height": 90
        },
        {
          "size": 1633,
          "width": 100,
          "url": "https://media.sketchfab.com/avatars/aaeb57fa33df4d26bd24d5f28b3f259a/0bd661ce58184d609a221829742adda4.jpeg",
          "height": 100
        }
      ]
    },
    "uri": "https://api.sketchfab.com/v3/users/b1e3b9d6654d488f8d492b8f81f0bb2f"
  },
  "description": "",
  "faceCount": 764,
  "createdAt": "2022-06-17T14:50:54.395278",
  "vertexCount": 396,
  "isAgeRestricted": false,
  "archives": {
    "glb": {
      "textureCount": 4,
      "size": 7364972,
      "type": "glb",
      "textureMaxResolution": 2048,
      "faceCount": 764,
      "vertexCount": 788
    },
    "gltf": {
      "textureCount": 4,
      "size": 7604598,
      "type": "gltf",
      "textureMaxResolution": 2048,
      "faceCount": 764,
      "vertexCount": 788
    },
    "gltf-ar": {
      "textureCount": null,
      "size": 9167,
      "type": "gltf-ar",
      "textureMaxResolution": null,
      "faceCount": null,
      "vertexCount": null
    },
    "source": {
      "textureCount": null,
      "size": 12687855,
      "type": "source",
      "textureMaxResolution": null,
      "faceCount": null,
      "vertexCount": null
    },
    "usdz": {
      "textureCount": null,
      "size": 2269953,
      "type": "usdz",
      "textureMaxResolution": null,
      "faceCount": null,
      "vertexCount": null
    }
  },
  "license": "by"
}