{
  "uri": "https://api.sketchfab.com/v3/models/a8171717c3554620b2df328e77929f7a",
  "uid": "a8171717c3554620b2df328e77929f7a",
  "name": "Clay spindle whorl, Alarcos, Ciudad Real",
  "staffpickedAt": null,
  "viewCount": 1,
  "likeCount": 0,
  "animationCount": 0,
  "viewerUrl": "https://sketchfab.com/3d-models/a8171717c3554620b2df328e77929f7a",
  "embedUrl": "https://sketchfab.com/models/a8171717c3554620b2df328e77929f7a/embed",
  "commentCount": 0,
  "isDownloadable": true,
  "publishedAt": "2022-06-01T15:25:31.477513",
  "tags": [
    {
      "name": "iron-age",
      "slug": "iron-age",
      "uri": "https://api.sketchfab.com/v3/tags/iron-age"
    },
    {
      "name": "alarcos",
      "slug": "alarcos",
      "uri": "https://api.sketchfab.com/v3/tags/alarcos"
    },
    {
      "name": "gdh",
      "slug": "gdh",
      "uri": "https://api.sketchfab.com/v3/tags/gdh"
    },
    {
      "name": "realitycapture",
      "slug": "realitycapture",
      "uri": "https://api.sketchfab.com/v3/tags/realitycapture"
    },
    {
      "name": "globaldigitalheritage",
      "slug": "globaldigitalheritage",
      "uri": "https://api.sketchfab.com/v3/tags/globaldigitalheritage"
    },
    {
      "name": "castilla-la-mancha",
      "slug": "castilla-la-mancha",
      "uri": "https://api.sketchfab.com/v3/tags/castilla-la-mancha"
    }
  ],
  "categories": [
    {
      "name": "cultural-heritage-history"
    }
  ],
  "thumbnails": {
    "images": [
      {
        "uid": "c227f778a0874115a2bfd6e2cdfe6719",
        "size": 130189,
        "width": 1920,
        "url": "https://media.sketchfab.com/models/a8171717c3554620b2df328e77929f7a/thumbnails/2086f05fabb24e2788aa3c779e0e5a5a/f02aad07be0648ebbb3cda7431613554.jpeg",
        "height": 1080
      },
      {
        "uid": "5c4aa12c466e429b977fecb449a9e9a8",
        "size": 39327,
        "width": 1024,
        "url": "https://media.sketchfab.com/models/a8171717c3554620b2df328e77929f7a/thumbnails/2086f05fabb24e2788aa3c779e0e5a5a/93544e85553d445cab710d975a7d7a6c.jpeg",
        "height": 576
      },
      {
        "uid": "606bb89b0415466ca4158f752ea8ad25",
        "size": 21161,
        "width": 720,
        "url": "https://media.sketchfab.com/models/a8171717c3554620b2df328e77929f7a/thumbnails/2086f05fabb24e2788aa3c779e0e5a5a/146f22586969490d868aa6a8b49e6f3e.jpeg",
        "height": 405
      },
      {
        "uid": "09e84e3e51274d888578735b1aa0bfee",
        "size": 3871,
        "width": 256,
        "url": "https://media.sketchfab.com/models/a8171717c3554620b2df328e77929f7a/thumbnails/2086f05fabb24e2788aa3c779e0e5a5a/645d2ed00b514c20a3b2f1c58b94af2b.jpeg",
        "height": 144
      },
      {
        "uid": "3404a60231da4d148dfdb1c0d6301bb0",
        "size": 1038,
        "width": 64,
        "url": "https://media.sketchfab.com/models/a8171717c3554620b2df328e77929f7a/thumbnails/2086f05fabb24e2788aa3c779e0e5a5a/144103f6bc9740a9aa44cd3ee6d3334c.jpeg",
        "height": 36
      }
    ]
  },
  "user": {
    "uid": "c6c27d4322fe41c4a157d96f56c47fd3",
    "username": "GlobalDigitalHeritage",
    "displayName": "Global Digital Heritage",
    "profileUrl": "https://sketchfab.com/GlobalDigitalHeritage",
    "account": "prem",
    "avatar": {
      "uri": "https://api.sketchfab.com/v3/avatars/358d54e8dad0427aaf8ed7196a5f7118",
      "images": [
        {
          "size": 890,
          "width": 32,
          "url": "https://media.sketchfab.com/avatars/358d54e8dad0427aaf8ed7196a5f7118/a4640be7458748cea890b13446041eeb.jpeg",
          "height": 32
        },
        {
          "size": 1534,
          "width": 48,
          "url": "https://media.sketchfab.com/avatars/358d54e8dad0427aaf8ed7196a5f7118/1d5cf1e8df3a47ba83d1f46592d5a401.jpeg",
          "height": 48
        },
        {
          "size": 4199,
          "width": 90,
          "url": "https://media.sketchfab.com/avatars/358d54e8dad0427aaf8ed7196a5f7118/de8ec49daa924b35a43384e26331a233.jpeg",
          "height": 90
        },
        {
          "size": 5059,
          "width": 100,
          "url": "https://media.sketchfab.com/avatars/358d54e8dad0427aaf8ed7196a5f7118/d6f35c2e71da4ccd8ca2b37ef7c4cd8e.jpeg",
          "height": 100
        }
      ]
    },
    "uri": "https://api.sketchfab.com/v3/users/c6c27d4322fe41c4a157d96f56c47fd3"
  },
  "description": "\"Clay spindle whorl from the  site of  Alarcos, Ciudad Real,  Castilla-La Mancha, Spain.  Iron Age. In the collection of the Ciudad Real Museum.  Catalog number DO000454. Processed in Reality Capture from 396 images. \n\nAlarcos 87\nsector IV, cuadrícula 18\nNº 1766.\n\nThis work is part of the collaboration agreement signed in 2020 between the Junta de Comunidades de Castilla-La Mancha and Global Digital Heritage for the digitization of the Cultural Heritage of Castilla-La Mancha region. We want to publicly thank the collaboration of the Museum of Ciudad Real, especially by its director José Ignacio de la Torre.",
  "faceCount": 117626,
  "createdAt": "2022-05-30T17:13:11.105744",
  "vertexCount": 58813,
  "isAgeRestricted": false,
  "archives": {
    "glb": {
      "textureCount": 1,
      "size": 15950800,
      "type": "glb",
      "textureMaxResolution": 8192,
      "faceCount": 117626,
      "vertexCount": 70965
    },
    "gltf": {
      "textureCount": 1,
      "size": 14361249,
      "type": "gltf",
      "textureMaxResolution": 8192,
      "faceCount": 117626,
      "vertexCount": 70965
    },
    "gltf-ar": {
      "textureCount": null,
      "size": 5100,
      "type": "gltf-ar",
      "textureMaxResolution": null,
      "faceCount": null,
      "vertexCount": null
    },
    "source": {
      "textureCount": null,
      "size": 29479411,
      "type": "source",
      "textureMaxResolution": null,
      "faceCount": null,
      "vertexCount": null
    },
    "usdz": {
      "textureCount": null,
      "size": 4896287,
      "type": "usdz",
      "textureMaxResolution": null,
      "faceCount": null,
      "vertexCount": null
    }
  },
  "license": "by-nc"
}