{
  "uri": "https://api.sketchfab.com/v3/models/a8186c7abcea47719908adb86d31de03",
  "uid": "a8186c7abcea47719908adb86d31de03",
  "name": "My sister's purse",
  "staffpickedAt": null,
  "viewCount": 408,
  "likeCount": 5,
  "animationCount": 0,
  "viewerUrl": "https://sketchfab.com/3d-models/a8186c7abcea47719908adb86d31de03",
  "embedUrl": "https://sketchfab.com/models/a8186c7abcea47719908adb86d31de03/embed",
  "commentCount": 2,
  "isDownloadable": true,
  "publishedAt": "2015-01-10T07:44:14",
  "tags": [
    {
      "name": "trnio",
      "slug": "trnio",
      "uri": "https://api.sketchfab.com/v3/tags/trnio"
    }
  ],
  "categories": [
    {
      "name": "electronics-gadgets"
    }
  ],
  "thumbnails": {
    "images": [
      {
        "uid": "965e51e15f7a411d8bc18cb3ea571b31",
        "size": 155650,
        "width": 1920,
        "url": "https://media.sketchfab.com/models/a8186c7abcea47719908adb86d31de03/thumbnails/b47b28eea5cb4f189332af832ee54feb/a7924ec3ca8d4bccb5dbcdf40c42c460.jpeg",
        "height": 1080
      },
      {
        "uid": "a449776a7066498788e8116d314b0f57",
        "size": 42257,
        "width": 1024,
        "url": "https://media.sketchfab.com/models/a8186c7abcea47719908adb86d31de03/thumbnails/b47b28eea5cb4f189332af832ee54feb/8ef29dd2fecf43c693a258d9d065cecb.jpeg",
        "height": 576
      },
      {
        "uid": "a5fb344bab5c45249987a9fba93f018b",
        "size": 23311,
        "width": 720,
        "url": "https://media.sketchfab.com/models/a8186c7abcea47719908adb86d31de03/thumbnails/b47b28eea5cb4f189332af832ee54feb/a01816c7a4484608b55223d8432aebf4.jpeg",
        "height": 405
      },
      {
        "uid": "1fc58b3daaf94d65a129012d418e6fc3",
        "size": 4866,
        "width": 256,
        "url": "https://media.sketchfab.com/models/a8186c7abcea47719908adb86d31de03/thumbnails/b47b28eea5cb4f189332af832ee54feb/d65cc7b92d7a439f805d934d14917924.jpeg",
        "height": 144
      },
      {
        "uid": "fab327ae7eb649bc8b6edd8c26b92b9a",
        "size": 882,
        "width": 64,
        "url": "https://media.sketchfab.com/models/a8186c7abcea47719908adb86d31de03/thumbnails/b47b28eea5cb4f189332af832ee54feb/5772340c986c4d2b9d2d68cddf605a7d.jpeg",
        "height": 36
      }
    ]
  },
  "user": {
    "uid": "a2d1bd9e7f1943cb85b328df5e8efbad",
    "username": "jtressle",
    "displayName": "jtressle",
    "profileUrl": "https://sketchfab.com/jtressle",
    "account": "basic",
    "avatar": {
      "uri": "https://api.sketchfab.com/v3/avatars/abaecc8366d540cea201e78ac88cc1a8",
      "images": [
        {
          "size": 944,
          "width": 32,
          "url": "https://media.sketchfab.com/avatars/abaecc8366d540cea201e78ac88cc1a8/f0ce5f4a523b44da99d8a8bb7be97656.jpeg",
          "height": 32
        },
        {
          "size": 1160,
          "width": 48,
          "url": "https://media.sketchfab.com/avatars/abaecc8366d540cea201e78ac88cc1a8/dd85bef5f3df4693958bbc68f87ea902.jpeg",
          "height": 48
        },
        {
          "size": 2139,
          "width": 90,
          "url": "https://media.sketchfab.com/avatars/abaecc8366d540cea201e78ac88cc1a8/08d896a8342f477d9e18b3058848c09a.jpeg",
          "height": 90
        },
        {
          "size": 2441,
          "width": 100,
          "url": "https://media.sketchfab.com/avatars/abaecc8366d540cea201e78ac88cc1a8/77953ee6b9ed4c4f800892c5322406c1.jpeg",
          "height": 100
        }
      ]
    },
    "uri": "https://api.sketchfab.com/v3/users/a2d1bd9e7f1943cb85b328df5e8efbad"
  },
  "description": "A TRNIO generated model.",
  "faceCount": 199960,
  "createdAt": "2015-01-10T07:44:13",
  "vertexCount": 100193,
  "isAgeRestricted": false,
  "archives": {
    "glb": {
      "textureCount": 1,
      "size": 8971788,
      "type": "glb",
      "textureMaxResolution": 4096,
      "faceCount": 199960,
      "vertexCount": 111514
    },
    "gltf": {
      "textureCount": 1,
      "size": 6062856,
      "type": "gltf",
      "textureMaxResolution": 4096,
      "faceCount": 199960,
      "vertexCount": 111514
    },
    "source": {
      "textureCount": null,
      "size": 8319786,
      "type": "source",
      "textureMaxResolution": null,
      "faceCount": null,
      "vertexCount": null
    },
    "usdz": {
      "textureCount": null,
      "size": 7198325,
      "type": "usdz",
      "textureMaxResolution": null,
      "faceCount": null,
      "vertexCount": null
    }
  },
  "license": "by"
}