{
  "uri": "https://api.sketchfab.com/v3/models/a81b29e8ab1f4e91ba2d8c36d611b94a",
  "uid": "a81b29e8ab1f4e91ba2d8c36d611b94a",
  "name": "Do-194: Kirk Corner Notched Cluster",
  "staffpickedAt": null,
  "viewCount": 17,
  "likeCount": 1,
  "animationCount": 0,
  "viewerUrl": "https://sketchfab.com/3d-models/a81b29e8ab1f4e91ba2d8c36d611b94a",
  "embedUrl": "https://sketchfab.com/models/a81b29e8ab1f4e91ba2d8c36d611b94a/embed",
  "commentCount": 0,
  "isDownloadable": true,
  "publishedAt": "2018-04-19T17:07:41.931219",
  "tags": [],
  "categories": [],
  "thumbnails": {
    "images": [
      {
        "uid": "c29b428821334de08ddb0840dd9c6ece",
        "size": 86503,
        "width": 1920,
        "url": "https://media.sketchfab.com/models/a81b29e8ab1f4e91ba2d8c36d611b94a/thumbnails/41e3fcbefec9429fa32ed37caec620ca/705f0ae1cf46485ba722826c5b20d459.jpeg",
        "height": 1080
      },
      {
        "uid": "c85fc073ea244b57adeb9750128df361",
        "size": 26395,
        "width": 1024,
        "url": "https://media.sketchfab.com/models/a81b29e8ab1f4e91ba2d8c36d611b94a/thumbnails/41e3fcbefec9429fa32ed37caec620ca/eb5c57ef29a54f6b88da5468ff911c11.jpeg",
        "height": 576
      },
      {
        "uid": "9961e980599c4217aada5bc386abf18a",
        "size": 14654,
        "width": 720,
        "url": "https://media.sketchfab.com/models/a81b29e8ab1f4e91ba2d8c36d611b94a/thumbnails/41e3fcbefec9429fa32ed37caec620ca/5c14f3699bf3443b97ae5e1893fafec7.jpeg",
        "height": 405
      },
      {
        "uid": "0cbcd8c44c4e42e09e1b8b7989f18af5",
        "size": 2545,
        "width": 256,
        "url": "https://media.sketchfab.com/models/a81b29e8ab1f4e91ba2d8c36d611b94a/thumbnails/41e3fcbefec9429fa32ed37caec620ca/81c2dde65cca4d64932fc5b23da1eef9.jpeg",
        "height": 144
      },
      {
        "uid": "4bf65d93919444019fe56674c0570bf6",
        "size": 548,
        "width": 64,
        "url": "https://media.sketchfab.com/models/a81b29e8ab1f4e91ba2d8c36d611b94a/thumbnails/41e3fcbefec9429fa32ed37caec620ca/d92f997c5ed1450bad671567d92c1378.jpeg",
        "height": 36
      }
    ]
  },
  "user": {
    "uid": "92679c86a28d4518989a69d67c57a1e1",
    "username": "bsu_aal",
    "displayName": "bsu_aal",
    "profileUrl": "https://sketchfab.com/bsu_aal",
    "account": "pro",
    "avatar": {
      "uri": "https://api.sketchfab.com/v3/avatars/0db8db7f4c9c4efb9cadcad60c54fcff",
      "images": [
        {
          "size": 4941,
          "width": 100,
          "url": "https://media.sketchfab.com/avatars/0db8db7f4c9c4efb9cadcad60c54fcff/13e1711352fe4220bf8f00e08ea9d52c.jpeg",
          "height": 100
        },
        {
          "size": 4116,
          "width": 90,
          "url": "https://media.sketchfab.com/avatars/0db8db7f4c9c4efb9cadcad60c54fcff/442034ef71bc4030afc31ddc575b9b2d.jpeg",
          "height": 90
        },
        {
          "size": 1529,
          "width": 48,
          "url": "https://media.sketchfab.com/avatars/0db8db7f4c9c4efb9cadcad60c54fcff/c9b2b153ed414e5285f5db32edb25b1f.jpeg",
          "height": 48
        },
        {
          "size": 886,
          "width": 32,
          "url": "https://media.sketchfab.com/avatars/0db8db7f4c9c4efb9cadcad60c54fcff/caaf56af168f4306babf53ec562cbe3f.jpeg",
          "height": 32
        }
      ]
    },
    "uri": "https://api.sketchfab.com/v3/users/92679c86a28d4518989a69d67c57a1e1"
  },
  "description": "A Virtual Window on the Dawn of Indiana Archaeology: \n\nDigitizing the Dolan Collection\n\nSyracuse-Wawasee Historical Museum\n\nType: Kirk Corner Notched Cluster\n\nMarterial: Unidentified \n\nPeriod: Early Archaic\n\nUploaded by: Dana Northam\n\nSuggested Data Citation: Northam, Dana, Hunter Davis, Matthew P. Purtill, and Kevin C. Nolan, 2018. A Virtual Window on the Dawn of Indiana Archaeology: Digitizing the Dolan Collection, The Syracuse-Wawasee Historical Museum, Inc. (SWHM) [Funded by an Indiana Heritage Support Grant], Applied Anthropology Laboratories, Department of Anthropology, Ball State University.",
  "faceCount": 3070453,
  "createdAt": "2018-04-19T17:00:33.298749",
  "vertexCount": 1913514,
  "isAgeRestricted": false,
  "archives": {
    "glb": {
      "textureCount": 0,
      "size": 126103204,
      "type": "glb",
      "textureMaxResolution": 0,
      "faceCount": 3070453,
      "vertexCount": 2230679
    },
    "gltf": {
      "textureCount": 0,
      "size": 55678181,
      "type": "gltf",
      "textureMaxResolution": 0,
      "faceCount": 3070453,
      "vertexCount": 2230679
    },
    "source": {
      "textureCount": null,
      "size": 160263832,
      "type": "source",
      "textureMaxResolution": null,
      "faceCount": null,
      "vertexCount": null
    },
    "usdz": {
      "textureCount": null,
      "size": 61133859,
      "type": "usdz",
      "textureMaxResolution": null,
      "faceCount": null,
      "vertexCount": null
    }
  },
  "license": "by"
}