{
  "uri": "https://api.sketchfab.com/v3/models/a81cdf837b2444a7982d67c256be8c44",
  "uid": "a81cdf837b2444a7982d67c256be8c44",
  "name": "Batman",
  "staffpickedAt": null,
  "viewCount": 10,
  "likeCount": 0,
  "animationCount": 0,
  "viewerUrl": "https://sketchfab.com/3d-models/a81cdf837b2444a7982d67c256be8c44",
  "embedUrl": "https://sketchfab.com/models/a81cdf837b2444a7982d67c256be8c44/embed",
  "commentCount": 0,
  "isDownloadable": true,
  "publishedAt": "2021-07-05T19:22:21.203636",
  "tags": [
    {
      "name": "3df-zephyr",
      "slug": "3df-zephyr",
      "uri": "https://api.sketchfab.com/v3/tags/3df-zephyr"
    }
  ],
  "categories": [],
  "thumbnails": {
    "images": [
      {
        "uid": "8bc54c8618dc4dad967074f426e81ba1",
        "size": 55099,
        "width": 1920,
        "url": "https://media.sketchfab.com/models/a81cdf837b2444a7982d67c256be8c44/thumbnails/035133014ceb411b859128ef843b546a/3b8fa5eeee6d40059c781f2f8fc75925.jpeg",
        "height": 1080
      },
      {
        "uid": "063e67e9d5c743069e3d6f920beec046",
        "size": 18281,
        "width": 1024,
        "url": "https://media.sketchfab.com/models/a81cdf837b2444a7982d67c256be8c44/thumbnails/035133014ceb411b859128ef843b546a/f176afb5557a4d20a025d0e3060981e5.jpeg",
        "height": 576
      },
      {
        "uid": "4b04a66948004ab99597d1b50420e2b0",
        "size": 10647,
        "width": 720,
        "url": "https://media.sketchfab.com/models/a81cdf837b2444a7982d67c256be8c44/thumbnails/035133014ceb411b859128ef843b546a/18e03aacd05c4a39bcdd4457d0ec5f5e.jpeg",
        "height": 405
      },
      {
        "uid": "57e3f9addc6648c181dadab9b5fda32f",
        "size": 2463,
        "width": 256,
        "url": "https://media.sketchfab.com/models/a81cdf837b2444a7982d67c256be8c44/thumbnails/035133014ceb411b859128ef843b546a/de9431dbfa3e40bdb5ff192835460eb7.jpeg",
        "height": 144
      },
      {
        "uid": "4e4cf8936a65481c9ce1fed8a44b1292",
        "size": 841,
        "width": 64,
        "url": "https://media.sketchfab.com/models/a81cdf837b2444a7982d67c256be8c44/thumbnails/035133014ceb411b859128ef843b546a/22c116878822443295172e3fbaee84b1.jpeg",
        "height": 36
      }
    ]
  },
  "user": {
    "uid": "50b77e64d4ce4abca42dde6c100e7d6b",
    "username": "violetagillert",
    "displayName": "violetagillert",
    "profileUrl": "https://sketchfab.com/violetagillert",
    "account": "basic",
    "avatar": {
      "uri": "https://api.sketchfab.com/v3/avatars/cb1868ca3d874c399db92a0d30be1a72",
      "images": [
        {
          "size": 1117,
          "width": 32,
          "url": "https://media.sketchfab.com/avatars/cb1868ca3d874c399db92a0d30be1a72/a38d38d8f8834fa981d91c59337b6e07.jpeg",
          "height": 32
        },
        {
          "size": 1551,
          "width": 48,
          "url": "https://media.sketchfab.com/avatars/cb1868ca3d874c399db92a0d30be1a72/1ab496d655ae4d2fb466ca9265cbd349.jpeg",
          "height": 48
        },
        {
          "size": 3324,
          "width": 90,
          "url": "https://media.sketchfab.com/avatars/cb1868ca3d874c399db92a0d30be1a72/ad32118d77094088aef8a888b0b5cc83.jpeg",
          "height": 90
        },
        {
          "size": 3841,
          "width": 100,
          "url": "https://media.sketchfab.com/avatars/cb1868ca3d874c399db92a0d30be1a72/57219bbcac4a4ccfa93d86b3177bb0dc.jpeg",
          "height": 100
        }
      ]
    },
    "uri": "https://api.sketchfab.com/v3/users/50b77e64d4ce4abca42dde6c100e7d6b"
  },
  "description": "Mimodelo 3D generado con el software de fotogrametría 3DF Zephyr v6.004 processing 39 images",
  "faceCount": 47576,
  "createdAt": "2021-07-05T19:21:06.241528",
  "vertexCount": 23819,
  "isAgeRestricted": false,
  "archives": {
    "glb": {
      "textureCount": 1,
      "size": 7924948,
      "type": "glb",
      "textureMaxResolution": 8192,
      "faceCount": 47576,
      "vertexCount": 28397
    },
    "gltf": {
      "textureCount": 1,
      "size": 6663901,
      "type": "gltf",
      "textureMaxResolution": 8192,
      "faceCount": 47576,
      "vertexCount": 28397
    },
    "source": {
      "textureCount": null,
      "size": 6159553,
      "type": "source",
      "textureMaxResolution": null,
      "faceCount": null,
      "vertexCount": null
    },
    "usdz": {
      "textureCount": null,
      "size": 2460749,
      "type": "usdz",
      "textureMaxResolution": null,
      "faceCount": null,
      "vertexCount": null
    }
  },
  "license": "by"
}