{
  "uri": "https://api.sketchfab.com/v3/models/a81c2a83134d440f96eb9df52d64dba8",
  "uid": "a81c2a83134d440f96eb9df52d64dba8",
  "name": "Export4",
  "staffpickedAt": null,
  "viewCount": 7,
  "likeCount": 0,
  "animationCount": 0,
  "viewerUrl": "https://sketchfab.com/3d-models/a81c2a83134d440f96eb9df52d64dba8",
  "embedUrl": "https://sketchfab.com/models/a81c2a83134d440f96eb9df52d64dba8/embed",
  "commentCount": 0,
  "isDownloadable": true,
  "publishedAt": "2019-03-04T10:39:52.200436",
  "tags": [],
  "categories": [],
  "thumbnails": {
    "images": [
      {
        "uid": "9d05c9bf5ce449e0beff7edefabebbd1",
        "size": 80458,
        "width": 1920,
        "url": "https://media.sketchfab.com/models/a81c2a83134d440f96eb9df52d64dba8/thumbnails/19242a8ec9eb4b4e80a383ce2f79ba2f/736d94f99b91455c936c3dd4b0d33c88.jpeg",
        "height": 1080
      },
      {
        "uid": "09a79662ab90442c8f51b66ea981cb47",
        "size": 24988,
        "width": 1024,
        "url": "https://media.sketchfab.com/models/a81c2a83134d440f96eb9df52d64dba8/thumbnails/19242a8ec9eb4b4e80a383ce2f79ba2f/7cfe2e0f1c1244d9b98133d8560f6631.jpeg",
        "height": 576
      },
      {
        "uid": "945fa4bb82ea4303b93797602524cda3",
        "size": 13846,
        "width": 720,
        "url": "https://media.sketchfab.com/models/a81c2a83134d440f96eb9df52d64dba8/thumbnails/19242a8ec9eb4b4e80a383ce2f79ba2f/d7d2b094c68e4624bb2e16dc7502970a.jpeg",
        "height": 405
      },
      {
        "uid": "1be06cb97992468ba6fc24e06c9ce0ad",
        "size": 2956,
        "width": 256,
        "url": "https://media.sketchfab.com/models/a81c2a83134d440f96eb9df52d64dba8/thumbnails/19242a8ec9eb4b4e80a383ce2f79ba2f/13f2210df4064214b10379cd3525a9c0.jpeg",
        "height": 144
      },
      {
        "uid": "190e028ca6de46a9a681078633aa8e90",
        "size": 698,
        "width": 64,
        "url": "https://media.sketchfab.com/models/a81c2a83134d440f96eb9df52d64dba8/thumbnails/19242a8ec9eb4b4e80a383ce2f79ba2f/0b7163f8573f4820850eb9545b44eb79.jpeg",
        "height": 36
      }
    ]
  },
  "user": {
    "uid": "957d06fb76fe4b8db79ac4418699b979",
    "username": "martinavisseau",
    "displayName": "martinavisseau",
    "profileUrl": "https://sketchfab.com/martinavisseau",
    "account": "basic",
    "avatar": {
      "uri": "https://api.sketchfab.com/v3/avatars/7c2d04e1c19445e4844a744c36609813",
      "images": [
        {
          "size": 1207,
          "width": 32,
          "url": "https://media.sketchfab.com/avatars/7c2d04e1c19445e4844a744c36609813/0afa88bd47d94ccabcebfa2d24fab608.jpeg",
          "height": 32
        },
        {
          "size": 1207,
          "width": 32,
          "url": "https://media.sketchfab.com/avatars/7c2d04e1c19445e4844a744c36609813/8aa9379d56574f32b3147c2793d9c48e.jpeg",
          "height": 32
        },
        {
          "size": 1788,
          "width": 48,
          "url": "https://media.sketchfab.com/avatars/7c2d04e1c19445e4844a744c36609813/0949d65cb3814af280a9da0eca6145ce.jpeg",
          "height": 48
        },
        {
          "size": 1788,
          "width": 48,
          "url": "https://media.sketchfab.com/avatars/7c2d04e1c19445e4844a744c36609813/b5bb04ecfb1d4d9e9b6285df43fdc40e.jpeg",
          "height": 48
        },
        {
          "size": 4399,
          "width": 90,
          "url": "https://media.sketchfab.com/avatars/7c2d04e1c19445e4844a744c36609813/4e889e4aa58342ecb70ef2a8400c4ae5.jpeg",
          "height": 90
        },
        {
          "size": 4399,
          "width": 90,
          "url": "https://media.sketchfab.com/avatars/7c2d04e1c19445e4844a744c36609813/0c8c89dc98844219b10c326d41888042.jpeg",
          "height": 90
        },
        {
          "size": 5206,
          "width": 100,
          "url": "https://media.sketchfab.com/avatars/7c2d04e1c19445e4844a744c36609813/a30ce062eab540a3bb36266209a32fe3.jpeg",
          "height": 100
        },
        {
          "size": 5206,
          "width": 100,
          "url": "https://media.sketchfab.com/avatars/7c2d04e1c19445e4844a744c36609813/81662209c8b9484bb5bba258a9c62974.jpeg",
          "height": 100
        }
      ]
    },
    "uri": "https://api.sketchfab.com/v3/users/957d06fb76fe4b8db79ac4418699b979"
  },
  "description": "",
  "faceCount": 2321,
  "createdAt": "2019-03-04T10:37:20.260486",
  "vertexCount": 1286,
  "isAgeRestricted": false,
  "archives": {
    "glb": {
      "textureCount": 2,
      "size": 16736356,
      "type": "glb",
      "textureMaxResolution": 4096,
      "faceCount": 2321,
      "vertexCount": 1294
    },
    "gltf": {
      "textureCount": 2,
      "size": 16713533,
      "type": "gltf",
      "textureMaxResolution": 4096,
      "faceCount": 2321,
      "vertexCount": 1294
    },
    "source": {
      "textureCount": null,
      "size": 11621449,
      "type": "source",
      "textureMaxResolution": null,
      "faceCount": null,
      "vertexCount": null
    },
    "usdz": {
      "textureCount": null,
      "size": 16721733,
      "type": "usdz",
      "textureMaxResolution": null,
      "faceCount": null,
      "vertexCount": null
    }
  },
  "license": "by"
}