{
  "uri": "https://api.sketchfab.com/v3/models/a81d561ab3ef4427843665bd442d3d69",
  "uid": "a81d561ab3ef4427843665bd442d3d69",
  "name": "AU-23835",
  "staffpickedAt": null,
  "viewCount": 16,
  "likeCount": 0,
  "animationCount": 0,
  "viewerUrl": "https://sketchfab.com/3d-models/a81d561ab3ef4427843665bd442d3d69",
  "embedUrl": "https://sketchfab.com/models/a81d561ab3ef4427843665bd442d3d69/embed",
  "commentCount": 0,
  "isDownloadable": true,
  "publishedAt": "2021-02-05T15:28:23.722036",
  "tags": [],
  "categories": [],
  "thumbnails": {
    "images": [
      {
        "uid": "6e6fa33ae57c45a7a8c5f381d7c1228d",
        "size": 55559,
        "width": 1920,
        "url": "https://media.sketchfab.com/models/a81d561ab3ef4427843665bd442d3d69/thumbnails/fb2211dd14194b3094abf1344c1c0406/63c4a4e951d941fba54caca0608b747e.jpeg",
        "height": 1080
      },
      {
        "uid": "f9e41623fd864458844780e9eefaf1f0",
        "size": 18608,
        "width": 1024,
        "url": "https://media.sketchfab.com/models/a81d561ab3ef4427843665bd442d3d69/thumbnails/fb2211dd14194b3094abf1344c1c0406/a0f787e92cf54484a325510369eabbb7.jpeg",
        "height": 576
      },
      {
        "uid": "f205975927db40278bf9eaf3c891cb6d",
        "size": 11133,
        "width": 720,
        "url": "https://media.sketchfab.com/models/a81d561ab3ef4427843665bd442d3d69/thumbnails/fb2211dd14194b3094abf1344c1c0406/bfa31a6bbfa5405baf6ffeea2e6b9ef5.jpeg",
        "height": 405
      },
      {
        "uid": "75fe257ccbd846d4b6a70165d551ddb9",
        "size": 2567,
        "width": 256,
        "url": "https://media.sketchfab.com/models/a81d561ab3ef4427843665bd442d3d69/thumbnails/fb2211dd14194b3094abf1344c1c0406/57ed9ac998e64d039e5df77e3cd2c376.jpeg",
        "height": 144
      },
      {
        "uid": "ebb06410303c468699428fc27b00ae77",
        "size": 650,
        "width": 64,
        "url": "https://media.sketchfab.com/models/a81d561ab3ef4427843665bd442d3d69/thumbnails/fb2211dd14194b3094abf1344c1c0406/9e1fc691293a4c34b3287faa3ef8178f.jpeg",
        "height": 36
      }
    ]
  },
  "user": {
    "uid": "a86190f6b3db4c78b780074325661ddc",
    "username": "automicgoldapril",
    "displayName": "automicgoldapril",
    "profileUrl": "https://sketchfab.com/automicgoldapril",
    "account": "basic",
    "avatar": {
      "uri": "https://api.sketchfab.com/v3/avatars/51af6a870cce449eb75b0345feebaebb",
      "images": [
        {
          "size": 5719,
          "width": 90,
          "url": "https://media.sketchfab.com/avatars/51af6a870cce449eb75b0345feebaebb/2ef0f894055b4bb69123b2a27fa2d379.jpeg",
          "height": 90
        },
        {
          "size": 6496,
          "width": 100,
          "url": "https://media.sketchfab.com/avatars/51af6a870cce449eb75b0345feebaebb/ab11eedf96374486acb544f71a23b165.jpeg",
          "height": 100
        },
        {
          "size": 1359,
          "width": 32,
          "url": "https://media.sketchfab.com/avatars/51af6a870cce449eb75b0345feebaebb/35f6f9b6c9a14a548ce472582d8a9bb5.jpeg",
          "height": 32
        },
        {
          "size": 2584,
          "width": 48,
          "url": "https://media.sketchfab.com/avatars/51af6a870cce449eb75b0345feebaebb/a8072a51447c4d41ab177b357111b420.jpeg",
          "height": 48
        }
      ]
    },
    "uri": "https://api.sketchfab.com/v3/users/a86190f6b3db4c78b780074325661ddc"
  },
  "description": "",
  "faceCount": 15138,
  "createdAt": "2021-02-05T15:21:18.835657",
  "vertexCount": 7619,
  "isAgeRestricted": false,
  "archives": {
    "glb": {
      "textureCount": 0,
      "size": 1533728,
      "type": "glb",
      "textureMaxResolution": 0,
      "faceCount": 15138,
      "vertexCount": 12607
    },
    "gltf": {
      "textureCount": 0,
      "size": 631324,
      "type": "gltf",
      "textureMaxResolution": 0,
      "faceCount": 15138,
      "vertexCount": 12607
    },
    "source": {
      "textureCount": null,
      "size": 456182,
      "type": "source",
      "textureMaxResolution": null,
      "faceCount": null,
      "vertexCount": null
    },
    "usdz": {
      "textureCount": null,
      "size": 345174,
      "type": "usdz",
      "textureMaxResolution": null,
      "faceCount": null,
      "vertexCount": null
    }
  },
  "license": "by"
}