{
  "uri": "https://api.sketchfab.com/v3/models/a81e788ebf864caa87a678cb49f97744",
  "uid": "a81e788ebf864caa87a678cb49f97744",
  "name": "Commando Droid BX Series",
  "staffpickedAt": null,
  "viewCount": 2424,
  "likeCount": 15,
  "animationCount": 1,
  "viewerUrl": "https://sketchfab.com/3d-models/a81e788ebf864caa87a678cb49f97744",
  "embedUrl": "https://sketchfab.com/models/a81e788ebf864caa87a678cb49f97744/embed",
  "commentCount": 0,
  "isDownloadable": true,
  "publishedAt": "2018-05-28T19:29:13.991724",
  "tags": [
    {
      "name": "droid",
      "slug": "droid",
      "uri": "https://api.sketchfab.com/v3/tags/droid"
    },
    {
      "name": "commando",
      "slug": "commando",
      "uri": "https://api.sketchfab.com/v3/tags/commando"
    },
    {
      "name": "wars",
      "slug": "wars",
      "uri": "https://api.sketchfab.com/v3/tags/wars"
    },
    {
      "name": "star",
      "slug": "star",
      "uri": "https://api.sketchfab.com/v3/tags/star"
    },
    {
      "name": "galactic",
      "slug": "galactic",
      "uri": "https://api.sketchfab.com/v3/tags/galactic"
    },
    {
      "name": "separatist",
      "slug": "separatist",
      "uri": "https://api.sketchfab.com/v3/tags/separatist"
    },
    {
      "name": "characters",
      "slug": "characters",
      "uri": "https://api.sketchfab.com/v3/tags/characters"
    }
  ],
  "categories": [
    {
      "name": "characters-creatures"
    }
  ],
  "thumbnails": {
    "images": [
      {
        "uid": "1da85a6694d54f9793a9c71df8bc2ac4",
        "size": 27919,
        "width": 720,
        "url": "https://media.sketchfab.com/models/a81e788ebf864caa87a678cb49f97744/thumbnails/4bc9f496ccef4bdba412e22e84a7abf0/176220c533854235a4a475ce0aed6742.jpeg",
        "height": 405
      },
      {
        "uid": "798689859c7a42c1850d3e7c42d7d247",
        "size": 243622,
        "width": 1920,
        "url": "https://media.sketchfab.com/models/a81e788ebf864caa87a678cb49f97744/thumbnails/4bc9f496ccef4bdba412e22e84a7abf0/e71837aeece1420489d38a0ad7f7ef75.jpeg",
        "height": 1080
      },
      {
        "uid": "02801f0dd7c54474b829686cb2e92d5f",
        "size": 62528,
        "width": 1024,
        "url": "https://media.sketchfab.com/models/a81e788ebf864caa87a678cb49f97744/thumbnails/4bc9f496ccef4bdba412e22e84a7abf0/461ad4d7ba194427a0457fdffb426363.jpeg",
        "height": 576
      },
      {
        "uid": "990b9f2354664793a36e43575d399576",
        "size": 3473,
        "width": 256,
        "url": "https://media.sketchfab.com/models/a81e788ebf864caa87a678cb49f97744/thumbnails/4bc9f496ccef4bdba412e22e84a7abf0/2979df032d6c489e9a92e77c701d0791.jpeg",
        "height": 144
      },
      {
        "uid": "19de2cb730fb464da5208e29fb073dc2",
        "size": 603,
        "width": 64,
        "url": "https://media.sketchfab.com/models/a81e788ebf864caa87a678cb49f97744/thumbnails/4bc9f496ccef4bdba412e22e84a7abf0/86d3138c464647598ae180fa47b35461.jpeg",
        "height": 36
      }
    ]
  },
  "user": {
    "uid": "4508f49bdd0749879c414e3d9e5a94f9",
    "username": "TheGuayeah",
    "displayName": "DimitriDev",
    "profileUrl": "https://sketchfab.com/TheGuayeah",
    "account": "basic",
    "avatar": {
      "uri": "https://api.sketchfab.com/v3/avatars/7ebcbb2e783e4707b3611680c1c9dd3e",
      "images": [
        {
          "size": 951,
          "width": 32,
          "url": "https://media.sketchfab.com/avatars/7ebcbb2e783e4707b3611680c1c9dd3e/4855cbcea76c4ae683681bd2dbffb98a.jpeg",
          "height": 32
        },
        {
          "size": 1531,
          "width": 48,
          "url": "https://media.sketchfab.com/avatars/7ebcbb2e783e4707b3611680c1c9dd3e/c436dfb6793844eca85de729eb9a01e3.jpeg",
          "height": 48
        },
        {
          "size": 3451,
          "width": 90,
          "url": "https://media.sketchfab.com/avatars/7ebcbb2e783e4707b3611680c1c9dd3e/3fab30613eb745ce9d88ef2536a78e3e.jpeg",
          "height": 90
        },
        {
          "size": 3951,
          "width": 100,
          "url": "https://media.sketchfab.com/avatars/7ebcbb2e783e4707b3611680c1c9dd3e/c866471ff41446e6a7d3d2f1d2cfd170.jpeg",
          "height": 100
        }
      ]
    },
    "uri": "https://api.sketchfab.com/v3/users/4508f49bdd0749879c414e3d9e5a94f9"
  },
  "description": "This is my first character I upload to Sketchfab, hope you enjoy it",
  "faceCount": 22986,
  "createdAt": "2018-05-28T19:27:46.139785",
  "vertexCount": 11682,
  "isAgeRestricted": false,
  "archives": {
    "glb": {
      "textureCount": 10,
      "size": 38108772,
      "type": "glb",
      "textureMaxResolution": 2048,
      "faceCount": 22984,
      "vertexCount": 27099
    },
    "gltf": {
      "textureCount": 10,
      "size": 36752660,
      "type": "gltf",
      "textureMaxResolution": 2048,
      "faceCount": 22984,
      "vertexCount": 27099
    },
    "source": {
      "textureCount": null,
      "size": 56047178,
      "type": "source",
      "textureMaxResolution": null,
      "faceCount": null,
      "vertexCount": null
    },
    "usdz": {
      "textureCount": null,
      "size": 4851982,
      "type": "usdz",
      "textureMaxResolution": null,
      "faceCount": null,
      "vertexCount": null
    }
  },
  "license": "by"
}