{
  "uri": "https://api.sketchfab.com/v3/models/a8218396ea71479db348be37259ba36b",
  "uid": "a8218396ea71479db348be37259ba36b",
  "name": "New project ( 10 )",
  "staffpickedAt": null,
  "viewCount": 10,
  "likeCount": 0,
  "animationCount": 0,
  "viewerUrl": "https://sketchfab.com/3d-models/a8218396ea71479db348be37259ba36b",
  "embedUrl": "https://sketchfab.com/models/a8218396ea71479db348be37259ba36b/embed",
  "commentCount": 0,
  "isDownloadable": true,
  "publishedAt": "2020-11-28T18:18:27.495326",
  "tags": [
    {
      "name": "3d",
      "slug": "3d",
      "uri": "https://api.sketchfab.com/v3/tags/3d"
    },
    {
      "name": "design",
      "slug": "design",
      "uri": "https://api.sketchfab.com/v3/tags/design"
    },
    {
      "name": "home",
      "slug": "home",
      "uri": "https://api.sketchfab.com/v3/tags/home"
    }
  ],
  "categories": [],
  "thumbnails": {
    "images": [
      {
        "uid": "e6e9fd2b88d94c58a7e63ad190f01829",
        "size": 88379,
        "width": 1920,
        "url": "https://media.sketchfab.com/models/a8218396ea71479db348be37259ba36b/thumbnails/6f9d647dd65845e2b58e370da5994c98/d8ee54ae150f482dad17c5561d451f25.jpeg",
        "height": 1080
      },
      {
        "uid": "5138f5cadc0441e2b2cd76486bf34d25",
        "size": 26837,
        "width": 1024,
        "url": "https://media.sketchfab.com/models/a8218396ea71479db348be37259ba36b/thumbnails/6f9d647dd65845e2b58e370da5994c98/e99ec15caae04b12883093e7bd5045a4.jpeg",
        "height": 576
      },
      {
        "uid": "3134bcea6db04704ae43fd2ca44a3475",
        "size": 14862,
        "width": 720,
        "url": "https://media.sketchfab.com/models/a8218396ea71479db348be37259ba36b/thumbnails/6f9d647dd65845e2b58e370da5994c98/50ed1d8ee077429bb7c23a3604a89347.jpeg",
        "height": 405
      },
      {
        "uid": "a19bfe23beda4dd9a618f0e42f66e662",
        "size": 2749,
        "width": 256,
        "url": "https://media.sketchfab.com/models/a8218396ea71479db348be37259ba36b/thumbnails/6f9d647dd65845e2b58e370da5994c98/72e63621ec124ccdb6c6c84c4f283078.jpeg",
        "height": 144
      },
      {
        "uid": "dfa07437d4b946b7b378523ca4f1ea74",
        "size": 590,
        "width": 64,
        "url": "https://media.sketchfab.com/models/a8218396ea71479db348be37259ba36b/thumbnails/6f9d647dd65845e2b58e370da5994c98/583b99dbc8184bdeb6d5fbf387e46585.jpeg",
        "height": 36
      }
    ]
  },
  "user": {
    "uid": "690dba639c13453e8f162de87edff67f",
    "username": "homedesign3d",
    "displayName": "Home Design 3D",
    "profileUrl": "https://sketchfab.com/homedesign3d",
    "account": "prem",
    "avatar": {
      "uri": "https://api.sketchfab.com/v3/avatars/a071741bdf9940f4ae18e8040a61faa5",
      "images": [
        {
          "size": 4544,
          "width": 32,
          "url": "https://media.sketchfab.com/avatars/a071741bdf9940f4ae18e8040a61faa5/6f2293831ab94491bf20fa1c17751abd.png",
          "height": 32
        },
        {
          "size": 5982,
          "width": 48,
          "url": "https://media.sketchfab.com/avatars/a071741bdf9940f4ae18e8040a61faa5/32acfb38b1134650ab27e179a9843a0c.png",
          "height": 48
        },
        {
          "size": 10325,
          "width": 90,
          "url": "https://media.sketchfab.com/avatars/a071741bdf9940f4ae18e8040a61faa5/25d5af261a64421a9a264ea6096f3c4c.png",
          "height": 90
        },
        {
          "size": 11374,
          "width": 100,
          "url": "https://media.sketchfab.com/avatars/a071741bdf9940f4ae18e8040a61faa5/de3e5d11ac71483bbb8b70f962bd587f.png",
          "height": 100
        }
      ]
    },
    "uri": "https://api.sketchfab.com/v3/users/690dba639c13453e8f162de87edff67f"
  },
  "description": "Home Design 3D",
  "faceCount": 309170,
  "createdAt": "2020-11-28T18:14:19.279304",
  "vertexCount": 243277,
  "isAgeRestricted": false,
  "archives": {
    "glb": {
      "textureCount": 69,
      "size": 19783024,
      "type": "glb",
      "textureMaxResolution": 512,
      "faceCount": 309127,
      "vertexCount": 375990
    },
    "gltf": {
      "textureCount": 69,
      "size": 8387149,
      "type": "gltf",
      "textureMaxResolution": 512,
      "faceCount": 309127,
      "vertexCount": 375990
    },
    "source": {
      "textureCount": null,
      "size": 16372713,
      "type": "source",
      "textureMaxResolution": null,
      "faceCount": null,
      "vertexCount": null
    },
    "usdz": {
      "textureCount": null,
      "size": 16059083,
      "type": "usdz",
      "textureMaxResolution": null,
      "faceCount": null,
      "vertexCount": null
    }
  },
  "license": "by-nc-sa"
}