{
  "uri": "https://api.sketchfab.com/v3/models/a8258027f8f8472b90cb0072dad38b04",
  "uid": "a8258027f8f8472b90cb0072dad38b04",
  "name": "P MANGATRAM 1.5BHK F 2 R2",
  "staffpickedAt": null,
  "viewCount": 0,
  "likeCount": 0,
  "animationCount": 0,
  "viewerUrl": "https://sketchfab.com/3d-models/a8258027f8f8472b90cb0072dad38b04",
  "embedUrl": "https://sketchfab.com/models/a8258027f8f8472b90cb0072dad38b04/embed",
  "commentCount": 0,
  "isDownloadable": true,
  "publishedAt": "2021-12-21T12:49:29.475381",
  "tags": [
    {
      "name": "3dsmax",
      "slug": "3dsmax",
      "uri": "https://api.sketchfab.com/v3/tags/3dsmax"
    },
    {
      "name": "3dsmaxpublisher",
      "slug": "3dsmaxpublisher",
      "uri": "https://api.sketchfab.com/v3/tags/3dsmaxpublisher"
    }
  ],
  "categories": [],
  "thumbnails": {
    "images": [
      {
        "uid": "19fbee480717464d91587c6b11017e9c",
        "size": 45259,
        "width": 1920,
        "url": "https://media.sketchfab.com/models/a8258027f8f8472b90cb0072dad38b04/thumbnails/456b0f357df04ddc912099111c256154/a299a71a513342259d50451c7d1850f1.jpeg",
        "height": 1080
      },
      {
        "uid": "e86c12befd734fbbbc5a66b9312297a5",
        "size": 15074,
        "width": 1024,
        "url": "https://media.sketchfab.com/models/a8258027f8f8472b90cb0072dad38b04/thumbnails/456b0f357df04ddc912099111c256154/524ae5df6c9b493e84bb6fe93b5d1be6.jpeg",
        "height": 576
      },
      {
        "uid": "f581a0c5f9184324a4d3b68dfd291db0",
        "size": 8649,
        "width": 720,
        "url": "https://media.sketchfab.com/models/a8258027f8f8472b90cb0072dad38b04/thumbnails/456b0f357df04ddc912099111c256154/9fbb9caceb2b4bfc83acd8ce80f0cabb.jpeg",
        "height": 405
      },
      {
        "uid": "706b03cd6b35485c8eaea26a849d1959",
        "size": 2208,
        "width": 256,
        "url": "https://media.sketchfab.com/models/a8258027f8f8472b90cb0072dad38b04/thumbnails/456b0f357df04ddc912099111c256154/cf68a18dd68a458b9eb20df125922bef.jpeg",
        "height": 144
      },
      {
        "uid": "a6c5bde6522f467680f9700217a6474f",
        "size": 841,
        "width": 64,
        "url": "https://media.sketchfab.com/models/a8258027f8f8472b90cb0072dad38b04/thumbnails/456b0f357df04ddc912099111c256154/bea09f89601e434b8dca6a5635b03178.jpeg",
        "height": 36
      }
    ]
  },
  "user": {
    "uid": "49d54b72ca91475a93e9410f978b5e17",
    "username": "mudasir.fmp",
    "displayName": "mudasir.fmp",
    "profileUrl": "https://sketchfab.com/mudasir.fmp",
    "account": "basic",
    "avatar": {
      "uri": "https://api.sketchfab.com/v3/avatars/3ef1bd11d3eb4b57a0b353e8f2e5fc3e",
      "images": [
        {
          "size": 680,
          "width": 32,
          "url": "https://media.sketchfab.com/avatars/3ef1bd11d3eb4b57a0b353e8f2e5fc3e/116042a0854e40538adab302b593683d.jpeg",
          "height": 32
        },
        {
          "size": 1253,
          "width": 48,
          "url": "https://media.sketchfab.com/avatars/3ef1bd11d3eb4b57a0b353e8f2e5fc3e/efea16be51d04eb7a00cb9ea0b43b87f.jpeg",
          "height": 48
        },
        {
          "size": 2797,
          "width": 90,
          "url": "https://media.sketchfab.com/avatars/3ef1bd11d3eb4b57a0b353e8f2e5fc3e/ac9b469ccec74caf923a81fb2f0be3ed.jpeg",
          "height": 90
        },
        {
          "size": 3215,
          "width": 100,
          "url": "https://media.sketchfab.com/avatars/3ef1bd11d3eb4b57a0b353e8f2e5fc3e/a075e1d43d2f446c949b5967b470c757.jpeg",
          "height": 100
        }
      ]
    },
    "uri": "https://api.sketchfab.com/v3/users/49d54b72ca91475a93e9410f978b5e17"
  },
  "description": "Published by 3ds Max",
  "faceCount": 328,
  "createdAt": "2021-12-21T12:45:41.626992",
  "vertexCount": 164,
  "isAgeRestricted": false,
  "archives": {
    "glb": {
      "textureCount": 0,
      "size": 17940,
      "type": "glb",
      "textureMaxResolution": 0,
      "faceCount": 328,
      "vertexCount": 492
    },
    "gltf": {
      "textureCount": 0,
      "size": 4837,
      "type": "gltf",
      "textureMaxResolution": 0,
      "faceCount": 328,
      "vertexCount": 492
    },
    "source": {
      "textureCount": null,
      "size": 486881,
      "type": "source",
      "textureMaxResolution": null,
      "faceCount": null,
      "vertexCount": null
    },
    "usdz": {
      "textureCount": null,
      "size": 15682,
      "type": "usdz",
      "textureMaxResolution": null,
      "faceCount": null,
      "vertexCount": null
    }
  },
  "license": "by"
}