{
  "uri": "https://api.sketchfab.com/v3/models/a8257e19ae1f4492a7f1a9c641ebbdbb",
  "uid": "a8257e19ae1f4492a7f1a9c641ebbdbb",
  "name": "Post apocalyptic car",
  "staffpickedAt": null,
  "viewCount": 722,
  "likeCount": 26,
  "animationCount": 0,
  "viewerUrl": "https://sketchfab.com/3d-models/a8257e19ae1f4492a7f1a9c641ebbdbb",
  "embedUrl": "https://sketchfab.com/models/a8257e19ae1f4492a7f1a9c641ebbdbb/embed",
  "commentCount": 0,
  "isDownloadable": true,
  "publishedAt": "2021-05-24T20:34:33.448437",
  "tags": [
    {
      "name": "post-apocalyptic",
      "slug": "post-apocalyptic",
      "uri": "https://api.sketchfab.com/v3/tags/post-apocalyptic"
    },
    {
      "name": "minigun",
      "slug": "minigun",
      "uri": "https://api.sketchfab.com/v3/tags/minigun"
    },
    {
      "name": "apocalypse",
      "slug": "apocalypse",
      "uri": "https://api.sketchfab.com/v3/tags/apocalypse"
    },
    {
      "name": "car",
      "slug": "car",
      "uri": "https://api.sketchfab.com/v3/tags/car"
    }
  ],
  "categories": [
    {
      "name": "cars-vehicles"
    },
    {
      "name": "weapons-military"
    }
  ],
  "thumbnails": {
    "images": [
      {
        "uid": "36d1ffa6381b4acf8a50f24aac4bc58d",
        "size": 198324,
        "width": 1920,
        "url": "https://media.sketchfab.com/models/a8257e19ae1f4492a7f1a9c641ebbdbb/thumbnails/a416ab8a50fb44febca3e35289261ea7/e118b25dd4c54e5fb495b19ad5fa59ba.jpeg",
        "height": 1080
      },
      {
        "uid": "576d2ae7288c4d628c88963d94fb7101",
        "size": 57508,
        "width": 1024,
        "url": "https://media.sketchfab.com/models/a8257e19ae1f4492a7f1a9c641ebbdbb/thumbnails/a416ab8a50fb44febca3e35289261ea7/abe4649f52e1496dbb2f21fce67fc330.jpeg",
        "height": 576
      },
      {
        "uid": "1b3b714928354e6a9e171337df70e56c",
        "size": 31605,
        "width": 720,
        "url": "https://media.sketchfab.com/models/a8257e19ae1f4492a7f1a9c641ebbdbb/thumbnails/a416ab8a50fb44febca3e35289261ea7/80ece4a0742c479f8f26853a8cb035b8.jpeg",
        "height": 405
      },
      {
        "uid": "a2169867524143f085aaa03191d5f266",
        "size": 6106,
        "width": 256,
        "url": "https://media.sketchfab.com/models/a8257e19ae1f4492a7f1a9c641ebbdbb/thumbnails/a416ab8a50fb44febca3e35289261ea7/3b24d258c2fa428bbb1e30f0f702ac58.jpeg",
        "height": 144
      },
      {
        "uid": "96c6615811b94331a0ad0a17da179e18",
        "size": 1024,
        "width": 64,
        "url": "https://media.sketchfab.com/models/a8257e19ae1f4492a7f1a9c641ebbdbb/thumbnails/a416ab8a50fb44febca3e35289261ea7/6a4e7f3b8cc14638ad7de64d71298ea6.jpeg",
        "height": 36
      }
    ]
  },
  "user": {
    "uid": "2560aa7e5a0745899580d1c739d577b9",
    "username": "jesamabin",
    "displayName": "jesamabin",
    "profileUrl": "https://sketchfab.com/jesamabin",
    "account": "basic",
    "avatar": {
      "uri": "https://api.sketchfab.com/v3/avatars/51af6a870cce449eb75b0345feebaebb",
      "images": [
        {
          "size": 5719,
          "width": 90,
          "url": "https://media.sketchfab.com/avatars/51af6a870cce449eb75b0345feebaebb/2ef0f894055b4bb69123b2a27fa2d379.jpeg",
          "height": 90
        },
        {
          "size": 6496,
          "width": 100,
          "url": "https://media.sketchfab.com/avatars/51af6a870cce449eb75b0345feebaebb/ab11eedf96374486acb544f71a23b165.jpeg",
          "height": 100
        },
        {
          "size": 1359,
          "width": 32,
          "url": "https://media.sketchfab.com/avatars/51af6a870cce449eb75b0345feebaebb/35f6f9b6c9a14a548ce472582d8a9bb5.jpeg",
          "height": 32
        },
        {
          "size": 2584,
          "width": 48,
          "url": "https://media.sketchfab.com/avatars/51af6a870cce449eb75b0345feebaebb/a8072a51447c4d41ab177b357111b420.jpeg",
          "height": 48
        }
      ]
    },
    "uri": "https://api.sketchfab.com/v3/users/2560aa7e5a0745899580d1c739d577b9"
  },
  "description": "Just a car I made while practicing making cars. I got a little carried away with it. It's not really practical, and wouldn't fit in anywhere, but here it is anyway.",
  "faceCount": 108867,
  "createdAt": "2021-05-24T20:14:38.137280",
  "vertexCount": 54871,
  "isAgeRestricted": false,
  "archives": {
    "glb": {
      "textureCount": 14,
      "size": 228589992,
      "type": "glb",
      "textureMaxResolution": 4096,
      "faceCount": 108727,
      "vertexCount": 108485
    },
    "gltf": {
      "textureCount": 14,
      "size": 224314462,
      "type": "gltf",
      "textureMaxResolution": 4096,
      "faceCount": 108727,
      "vertexCount": 108485
    },
    "source": {
      "textureCount": null,
      "size": 234903492,
      "type": "source",
      "textureMaxResolution": null,
      "faceCount": null,
      "vertexCount": null
    },
    "usdz": {
      "textureCount": null,
      "size": 10117310,
      "type": "usdz",
      "textureMaxResolution": null,
      "faceCount": null,
      "vertexCount": null
    }
  },
  "license": "by"
}