{
  "uri": "https://api.sketchfab.com/v3/models/a826581d489246ad9eed6e7ca6f8121f",
  "uid": "a826581d489246ad9eed6e7ca6f8121f",
  "name": "CGT116-A1-nickolas Guo",
  "staffpickedAt": null,
  "viewCount": 0,
  "likeCount": 0,
  "animationCount": 0,
  "viewerUrl": "https://sketchfab.com/3d-models/a826581d489246ad9eed6e7ca6f8121f",
  "embedUrl": "https://sketchfab.com/models/a826581d489246ad9eed6e7ca6f8121f/embed",
  "commentCount": 0,
  "isDownloadable": true,
  "publishedAt": "2022-08-27T21:04:37.231088",
  "tags": [],
  "categories": [],
  "thumbnails": {
    "images": [
      {
        "uid": "934e2e14773940cfa8290d80be64d32c",
        "size": 60324,
        "width": 1920,
        "url": "https://media.sketchfab.com/models/a826581d489246ad9eed6e7ca6f8121f/thumbnails/dd904824776645688e644e069ba4d5cf/d965a0b3265d4e2e9b9a053b7aee78d0.jpeg",
        "height": 1080
      },
      {
        "uid": "274797c91ded470489af10cf6e3913bb",
        "size": 21852,
        "width": 1024,
        "url": "https://media.sketchfab.com/models/a826581d489246ad9eed6e7ca6f8121f/thumbnails/dd904824776645688e644e069ba4d5cf/65bc3b0f5b7041fb8932b06ca006c56d.jpeg",
        "height": 576
      },
      {
        "uid": "ba35186bf7324491b9c6efefefb6671a",
        "size": 13140,
        "width": 720,
        "url": "https://media.sketchfab.com/models/a826581d489246ad9eed6e7ca6f8121f/thumbnails/dd904824776645688e644e069ba4d5cf/a812e0a6f82f4ed2821df1d0b632faf6.jpeg",
        "height": 405
      },
      {
        "uid": "bde5072c7b4141c5884e1c909d50ea3c",
        "size": 3031,
        "width": 256,
        "url": "https://media.sketchfab.com/models/a826581d489246ad9eed6e7ca6f8121f/thumbnails/dd904824776645688e644e069ba4d5cf/88dfd64da98f47fb9b4bfd907baa8941.jpeg",
        "height": 144
      },
      {
        "uid": "e385413d2a32415db87c5ffbb636ba33",
        "size": 951,
        "width": 64,
        "url": "https://media.sketchfab.com/models/a826581d489246ad9eed6e7ca6f8121f/thumbnails/dd904824776645688e644e069ba4d5cf/93a43aa0dd814a89b3f47524221e6c2a.jpeg",
        "height": 36
      }
    ]
  },
  "user": {
    "uid": "9bb6989edc3d48ee8af8459d91a35e72",
    "username": "nickolasguo",
    "displayName": "nickolasguo",
    "profileUrl": "https://sketchfab.com/nickolasguo",
    "account": "basic",
    "avatar": {
      "uri": "https://api.sketchfab.com/v3/avatars/3ef1bd11d3eb4b57a0b353e8f2e5fc3e",
      "images": [
        {
          "size": 680,
          "width": 32,
          "url": "https://media.sketchfab.com/avatars/3ef1bd11d3eb4b57a0b353e8f2e5fc3e/116042a0854e40538adab302b593683d.jpeg",
          "height": 32
        },
        {
          "size": 1253,
          "width": 48,
          "url": "https://media.sketchfab.com/avatars/3ef1bd11d3eb4b57a0b353e8f2e5fc3e/efea16be51d04eb7a00cb9ea0b43b87f.jpeg",
          "height": 48
        },
        {
          "size": 2797,
          "width": 90,
          "url": "https://media.sketchfab.com/avatars/3ef1bd11d3eb4b57a0b353e8f2e5fc3e/ac9b469ccec74caf923a81fb2f0be3ed.jpeg",
          "height": 90
        },
        {
          "size": 3215,
          "width": 100,
          "url": "https://media.sketchfab.com/avatars/3ef1bd11d3eb4b57a0b353e8f2e5fc3e/a075e1d43d2f446c949b5967b470c757.jpeg",
          "height": 100
        }
      ]
    },
    "uri": "https://api.sketchfab.com/v3/users/9bb6989edc3d48ee8af8459d91a35e72"
  },
  "description": "",
  "faceCount": 4988,
  "createdAt": "2022-08-27T20:56:46.513750",
  "vertexCount": 2512,
  "isAgeRestricted": false,
  "archives": {
    "glb": {
      "textureCount": 0,
      "size": 191920,
      "type": "glb",
      "textureMaxResolution": 0,
      "faceCount": 4986,
      "vertexCount": 4061
    },
    "gltf": {
      "textureCount": 0,
      "size": 94272,
      "type": "gltf",
      "textureMaxResolution": 0,
      "faceCount": 4986,
      "vertexCount": 4061
    },
    "source": {
      "textureCount": null,
      "size": 180468,
      "type": "source",
      "textureMaxResolution": null,
      "faceCount": null,
      "vertexCount": null
    },
    "usdz": {
      "textureCount": null,
      "size": 106707,
      "type": "usdz",
      "textureMaxResolution": null,
      "faceCount": null,
      "vertexCount": null
    }
  },
  "license": "by"
}