{
  "uri": "https://api.sketchfab.com/v3/models/a82ac66d8999474c986dc01d285c6be2",
  "uid": "a82ac66d8999474c986dc01d285c6be2",
  "name": "Carl_Brown_Maghull_Short_Flight",
  "staffpickedAt": null,
  "viewCount": 4,
  "likeCount": 0,
  "animationCount": 0,
  "viewerUrl": "https://sketchfab.com/3d-models/a82ac66d8999474c986dc01d285c6be2",
  "embedUrl": "https://sketchfab.com/models/a82ac66d8999474c986dc01d285c6be2/embed",
  "commentCount": 0,
  "isDownloadable": true,
  "publishedAt": "2022-06-21T13:26:17.081203",
  "tags": [
    {
      "name": "stair",
      "slug": "stair",
      "uri": "https://api.sketchfab.com/v3/tags/stair"
    },
    {
      "name": "staircase",
      "slug": "staircase",
      "uri": "https://api.sketchfab.com/v3/tags/staircase"
    },
    {
      "name": "staircon",
      "slug": "staircon",
      "uri": "https://api.sketchfab.com/v3/tags/staircon"
    }
  ],
  "categories": [],
  "thumbnails": {
    "images": [
      {
        "uid": "0d84903d0256412d8a14e821c379be76",
        "size": 45718,
        "width": 1920,
        "url": "https://media.sketchfab.com/models/a82ac66d8999474c986dc01d285c6be2/thumbnails/d37a53f17cf24efca1e353443425ce86/b69b33f8c4e54f47a4bf8792c889d829.jpeg",
        "height": 1080
      },
      {
        "uid": "017fd47f6acb4bcd8f88c0da067a0819",
        "size": 13296,
        "width": 1024,
        "url": "https://media.sketchfab.com/models/a82ac66d8999474c986dc01d285c6be2/thumbnails/d37a53f17cf24efca1e353443425ce86/1fe375b18bda47e980ce97e2931e990f.jpeg",
        "height": 576
      },
      {
        "uid": "24cd8a4c5b564219b51708167db0290c",
        "size": 7547,
        "width": 720,
        "url": "https://media.sketchfab.com/models/a82ac66d8999474c986dc01d285c6be2/thumbnails/d37a53f17cf24efca1e353443425ce86/defd7b9e4f1c46c3b82a9b09abfef1d1.jpeg",
        "height": 405
      },
      {
        "uid": "f74af07f066240b5bacb9ae40aca5c7d",
        "size": 1863,
        "width": 256,
        "url": "https://media.sketchfab.com/models/a82ac66d8999474c986dc01d285c6be2/thumbnails/d37a53f17cf24efca1e353443425ce86/0ad21a6467ff4fcfb7fb4efed7c3faef.jpeg",
        "height": 144
      },
      {
        "uid": "f52e0535cbeb461e937bb594f06c55d4",
        "size": 796,
        "width": 64,
        "url": "https://media.sketchfab.com/models/a82ac66d8999474c986dc01d285c6be2/thumbnails/d37a53f17cf24efca1e353443425ce86/7baa807502fd4aec8e5f7a57e0e42d9c.jpeg",
        "height": 36
      }
    ]
  },
  "user": {
    "uid": "b50b409d636f4a8e9af2111d370786bf",
    "username": "agrice",
    "displayName": "Alan Grice Staircase Co Ltd",
    "profileUrl": "https://sketchfab.com/agrice",
    "account": "basic",
    "avatar": {
      "uri": "https://api.sketchfab.com/v3/avatars/d17386e905724bd7a5384abd5d2f21e3",
      "images": [
        {
          "size": 746,
          "width": 32,
          "url": "https://media.sketchfab.com/avatars/d17386e905724bd7a5384abd5d2f21e3/339f3f93942b46b5a6ac44217789e298.jpeg",
          "height": 32
        },
        {
          "size": 1197,
          "width": 48,
          "url": "https://media.sketchfab.com/avatars/d17386e905724bd7a5384abd5d2f21e3/6c1955e500b147298447f01354b1a0de.jpeg",
          "height": 48
        },
        {
          "size": 3174,
          "width": 90,
          "url": "https://media.sketchfab.com/avatars/d17386e905724bd7a5384abd5d2f21e3/48fd73eced234a9ba6f94a251d53ad9b.jpeg",
          "height": 90
        },
        {
          "size": 3699,
          "width": 100,
          "url": "https://media.sketchfab.com/avatars/d17386e905724bd7a5384abd5d2f21e3/9d25068a140f4c60b7e55cb63bd7860f.jpeg",
          "height": 100
        }
      ]
    },
    "uri": "https://api.sketchfab.com/v3/users/b50b409d636f4a8e9af2111d370786bf"
  },
  "description": "http://staircon.com/ <br>Export by <b>Alan Grice Staircase Co. Ltd</b> (lic 6391)",
  "faceCount": 4740,
  "createdAt": "2022-06-21T13:25:56.527095",
  "vertexCount": 2130,
  "isAgeRestricted": false,
  "archives": {
    "glb": {
      "textureCount": 4,
      "size": 695456,
      "type": "glb",
      "textureMaxResolution": 1024,
      "faceCount": 4692,
      "vertexCount": 4506
    },
    "gltf": {
      "textureCount": 4,
      "size": 549924,
      "type": "gltf",
      "textureMaxResolution": 1024,
      "faceCount": 4692,
      "vertexCount": 4506
    },
    "source": {
      "textureCount": null,
      "size": 595316,
      "type": "source",
      "textureMaxResolution": null,
      "faceCount": null,
      "vertexCount": null
    },
    "usdz": {
      "textureCount": null,
      "size": 643142,
      "type": "usdz",
      "textureMaxResolution": null,
      "faceCount": null,
      "vertexCount": null
    }
  },
  "license": "by"
}