{
  "uri": "https://api.sketchfab.com/v3/models/a82af3a384a04ec5b2322166ca980f22",
  "uid": "a82af3a384a04ec5b2322166ca980f22",
  "name": "Gyroid",
  "staffpickedAt": null,
  "viewCount": 104,
  "likeCount": 0,
  "animationCount": 0,
  "viewerUrl": "https://sketchfab.com/3d-models/a82af3a384a04ec5b2322166ca980f22",
  "embedUrl": "https://sketchfab.com/models/a82af3a384a04ec5b2322166ca980f22/embed",
  "commentCount": 0,
  "isDownloadable": true,
  "publishedAt": "2019-02-26T12:04:22.565728",
  "tags": [],
  "categories": [],
  "thumbnails": {
    "images": [
      {
        "uid": "555779ea19eb4b33ab7684a9bfc869e4",
        "size": 76884,
        "width": 1920,
        "url": "https://media.sketchfab.com/models/a82af3a384a04ec5b2322166ca980f22/thumbnails/ae82e9d8910e4312bd498809bd6d7c10/8d905edf622b4221985e8290cb1f832e.jpeg",
        "height": 1080
      },
      {
        "uid": "d3c8292cf90f4a6387dc8f8fa99ac3cb",
        "size": 30120,
        "width": 1024,
        "url": "https://media.sketchfab.com/models/a82af3a384a04ec5b2322166ca980f22/thumbnails/ae82e9d8910e4312bd498809bd6d7c10/ce14b2fbdf7643f1a4f72f90cf5dedbf.jpeg",
        "height": 576
      },
      {
        "uid": "8e95ae6ffd6e4b46b336b424a3558fcb",
        "size": 18803,
        "width": 720,
        "url": "https://media.sketchfab.com/models/a82af3a384a04ec5b2322166ca980f22/thumbnails/ae82e9d8910e4312bd498809bd6d7c10/51a9c8ecf3f24675a603cd402057ef2f.jpeg",
        "height": 405
      },
      {
        "uid": "6f99402dd1be4d3f8a7459b9add708b2",
        "size": 4586,
        "width": 256,
        "url": "https://media.sketchfab.com/models/a82af3a384a04ec5b2322166ca980f22/thumbnails/ae82e9d8910e4312bd498809bd6d7c10/0f1a66432e664392b6e6dd9cc7acaed8.jpeg",
        "height": 144
      },
      {
        "uid": "43d4366e0c564572a64cf1ad0e7fa861",
        "size": 823,
        "width": 64,
        "url": "https://media.sketchfab.com/models/a82af3a384a04ec5b2322166ca980f22/thumbnails/ae82e9d8910e4312bd498809bd6d7c10/0122f0e0a00e47e9b3c6991a65afc700.jpeg",
        "height": 36
      }
    ]
  },
  "user": {
    "uid": "d3b3fad559e9452190865daa4fb70624",
    "username": "lhermitteleo",
    "displayName": "leo",
    "profileUrl": "https://sketchfab.com/lhermitteleo",
    "account": "basic",
    "avatar": {
      "uri": "https://api.sketchfab.com/v3/avatars/d4700bd17d8e4c9391beff3566198a09",
      "images": [
        {
          "size": 574,
          "width": 32,
          "url": "https://media.sketchfab.com/avatars/d4700bd17d8e4c9391beff3566198a09/2ee83702759b40d4847baf9b310076ef.jpeg",
          "height": 32
        },
        {
          "size": 796,
          "width": 48,
          "url": "https://media.sketchfab.com/avatars/d4700bd17d8e4c9391beff3566198a09/44c1c50e54544e61898b5fab8031945e.jpeg",
          "height": 48
        },
        {
          "size": 1501,
          "width": 90,
          "url": "https://media.sketchfab.com/avatars/d4700bd17d8e4c9391beff3566198a09/71f8b06c16674304b08ea61897b0ca08.jpeg",
          "height": 90
        },
        {
          "size": 1787,
          "width": 100,
          "url": "https://media.sketchfab.com/avatars/d4700bd17d8e4c9391beff3566198a09/a206f1bafd0745379c164b9da278608b.jpeg",
          "height": 100
        }
      ]
    },
    "uri": "https://api.sketchfab.com/v3/users/d3b3fad559e9452190865daa4fb70624"
  },
  "description": "",
  "faceCount": 59696,
  "createdAt": "2019-02-26T12:03:38.626607",
  "vertexCount": 29770,
  "isAgeRestricted": false,
  "archives": {
    "glb": {
      "textureCount": 0,
      "size": 1503260,
      "type": "glb",
      "textureMaxResolution": 0,
      "faceCount": 59696,
      "vertexCount": 32716
    },
    "gltf": {
      "textureCount": 0,
      "size": 953544,
      "type": "gltf",
      "textureMaxResolution": 0,
      "faceCount": 59696,
      "vertexCount": 32716
    },
    "source": {
      "textureCount": null,
      "size": 2985077,
      "type": "source",
      "textureMaxResolution": null,
      "faceCount": null,
      "vertexCount": null
    },
    "usdz": {
      "textureCount": null,
      "size": 944136,
      "type": "usdz",
      "textureMaxResolution": null,
      "faceCount": null,
      "vertexCount": null
    }
  },
  "license": "by-nc-sa"
}