{
  "uri": "https://api.sketchfab.com/v3/models/a82cf2f38ca549ed87982f422b9fb092",
  "uid": "a82cf2f38ca549ed87982f422b9fb092",
  "name": "th owl couch grey",
  "staffpickedAt": null,
  "viewCount": 32,
  "likeCount": 1,
  "animationCount": 0,
  "viewerUrl": "https://sketchfab.com/3d-models/a82cf2f38ca549ed87982f422b9fb092",
  "embedUrl": "https://sketchfab.com/models/a82cf2f38ca549ed87982f422b9fb092/embed",
  "commentCount": 0,
  "isDownloadable": true,
  "publishedAt": "2021-05-25T08:57:50.384114",
  "tags": [],
  "categories": [],
  "thumbnails": {
    "images": [
      {
        "uid": "64df1694f1494785836d428aca00a395",
        "size": 70072,
        "width": 1920,
        "url": "https://media.sketchfab.com/models/a82cf2f38ca549ed87982f422b9fb092/thumbnails/8ff2b1b0b29b45deb4695577ecacf1f9/a0786dba56f14e12910f56c68a973eed.jpeg",
        "height": 1080
      },
      {
        "uid": "cdd3442af584428c8bfb36426fc30cf2",
        "size": 18771,
        "width": 1024,
        "url": "https://media.sketchfab.com/models/a82cf2f38ca549ed87982f422b9fb092/thumbnails/8ff2b1b0b29b45deb4695577ecacf1f9/ff08aa3a63544940ad3826b19b5c42b7.jpeg",
        "height": 576
      },
      {
        "uid": "9376cb935fcf4803b60f65ec770339eb",
        "size": 9723,
        "width": 720,
        "url": "https://media.sketchfab.com/models/a82cf2f38ca549ed87982f422b9fb092/thumbnails/8ff2b1b0b29b45deb4695577ecacf1f9/2d45a19430ee4e2c8b521b4104148fcd.jpeg",
        "height": 405
      },
      {
        "uid": "015b70f4594a4f23bb492e0640e634ae",
        "size": 2055,
        "width": 256,
        "url": "https://media.sketchfab.com/models/a82cf2f38ca549ed87982f422b9fb092/thumbnails/8ff2b1b0b29b45deb4695577ecacf1f9/39474b3074824966a471b698f7f0c96f.jpeg",
        "height": 144
      },
      {
        "uid": "79a89edcd8c24512a72c82c1e67f3c8b",
        "size": 563,
        "width": 64,
        "url": "https://media.sketchfab.com/models/a82cf2f38ca549ed87982f422b9fb092/thumbnails/8ff2b1b0b29b45deb4695577ecacf1f9/945e8304db214690b4ccb03eaf11e994.jpeg",
        "height": 36
      }
    ]
  },
  "user": {
    "uid": "447e9e55fc19481abcaa955f9e857554",
    "username": "janandresre",
    "displayName": "janandresre",
    "profileUrl": "https://sketchfab.com/janandresre",
    "account": "basic",
    "avatar": {
      "uri": "https://api.sketchfab.com/v3/avatars/78fa317e46024a5283765aa34df5e508",
      "images": [
        {
          "size": 6421,
          "width": 100,
          "url": "https://media.sketchfab.com/avatars/78fa317e46024a5283765aa34df5e508/aec92fe9a74e499c98d759362cd7f02f.jpeg",
          "height": 100
        },
        {
          "size": 2518,
          "width": 48,
          "url": "https://media.sketchfab.com/avatars/78fa317e46024a5283765aa34df5e508/17fa177ffaa344a2b2fc8e78efd40fbb.jpeg",
          "height": 48
        },
        {
          "size": 5653,
          "width": 90,
          "url": "https://media.sketchfab.com/avatars/78fa317e46024a5283765aa34df5e508/02162695bdc840faa3bcb2d418309c5e.jpeg",
          "height": 90
        },
        {
          "size": 1350,
          "width": 32,
          "url": "https://media.sketchfab.com/avatars/78fa317e46024a5283765aa34df5e508/6fde876cbded4cd48d36a76029e3aa02.jpeg",
          "height": 32
        }
      ]
    },
    "uri": "https://api.sketchfab.com/v3/users/447e9e55fc19481abcaa955f9e857554"
  },
  "description": "",
  "faceCount": 282,
  "createdAt": "2021-05-25T08:52:38.751634",
  "vertexCount": 184,
  "isAgeRestricted": false,
  "archives": {
    "glb": {
      "textureCount": 1,
      "size": 409920,
      "type": "glb",
      "textureMaxResolution": 1024,
      "faceCount": 282,
      "vertexCount": 664
    },
    "gltf": {
      "textureCount": 1,
      "size": 384013,
      "type": "gltf",
      "textureMaxResolution": 1024,
      "faceCount": 282,
      "vertexCount": 664
    },
    "source": {
      "textureCount": null,
      "size": 498428,
      "type": "source",
      "textureMaxResolution": null,
      "faceCount": null,
      "vertexCount": null
    },
    "usdz": {
      "textureCount": null,
      "size": 408391,
      "type": "usdz",
      "textureMaxResolution": null,
      "faceCount": null,
      "vertexCount": null
    }
  },
  "license": "by"
}