{
  "uri": "https://api.sketchfab.com/v3/models/a82e7412024649168144e543ec783ce4",
  "uid": "a82e7412024649168144e543ec783ce4",
  "name": "VeggieTales Weed Test 2",
  "staffpickedAt": null,
  "viewCount": 325,
  "likeCount": 8,
  "animationCount": 1,
  "viewerUrl": "https://sketchfab.com/3d-models/a82e7412024649168144e543ec783ce4",
  "embedUrl": "https://sketchfab.com/models/a82e7412024649168144e543ec783ce4/embed",
  "commentCount": 2,
  "isDownloadable": true,
  "publishedAt": "2021-12-27T20:42:15.944209",
  "tags": [],
  "categories": [
    {
      "name": "characters-creatures"
    },
    {
      "name": "nature-plants"
    }
  ],
  "thumbnails": {
    "images": [
      {
        "uid": "bfe69486a36948448735bd11f5942e5c",
        "size": 49861,
        "width": 1920,
        "url": "https://media.sketchfab.com/models/a82e7412024649168144e543ec783ce4/thumbnails/cbb4856ea9794b6b8a79ac9e6ef26a99/5d14c31ed3fb4a8d9208e8f5c25a3bee.jpeg",
        "height": 1080
      },
      {
        "uid": "bf9c75d09eb24aae9cab66c756dbd77d",
        "size": 17205,
        "width": 1024,
        "url": "https://media.sketchfab.com/models/a82e7412024649168144e543ec783ce4/thumbnails/cbb4856ea9794b6b8a79ac9e6ef26a99/cf5d0ddd7b9b4aed8b1c6def97c9384c.jpeg",
        "height": 576
      },
      {
        "uid": "1e088bef430e49cdacd085e7f2430337",
        "size": 10052,
        "width": 720,
        "url": "https://media.sketchfab.com/models/a82e7412024649168144e543ec783ce4/thumbnails/cbb4856ea9794b6b8a79ac9e6ef26a99/e8efcb8e6496437bafb99530c7c99264.jpeg",
        "height": 405
      },
      {
        "uid": "f9c3778983174403b97ca7e025a7b2b2",
        "size": 2537,
        "width": 256,
        "url": "https://media.sketchfab.com/models/a82e7412024649168144e543ec783ce4/thumbnails/cbb4856ea9794b6b8a79ac9e6ef26a99/cd0802885a334c5c83cd7a4eb2af1372.jpeg",
        "height": 144
      },
      {
        "uid": "0c4c60c2f83d4bf5b6702a6e49f38eac",
        "size": 900,
        "width": 64,
        "url": "https://media.sketchfab.com/models/a82e7412024649168144e543ec783ce4/thumbnails/cbb4856ea9794b6b8a79ac9e6ef26a99/e831083c11654101a09908b8d2a2988b.jpeg",
        "height": 36
      }
    ]
  },
  "user": {
    "uid": "1080813fab9e48a8b7c9e38346371580",
    "username": "gospeljunkie1",
    "displayName": "gospeljunkie1",
    "profileUrl": "https://sketchfab.com/gospeljunkie1",
    "account": "basic",
    "avatar": {
      "uri": "https://api.sketchfab.com/v3/avatars/42541dee22d8409483d06cbb9e88a114",
      "images": [
        {
          "size": 872,
          "width": 32,
          "url": "https://media.sketchfab.com/avatars/42541dee22d8409483d06cbb9e88a114/e4f3b663fa85465087c703512077f6cf.png",
          "height": 32
        },
        {
          "size": 1004,
          "width": 48,
          "url": "https://media.sketchfab.com/avatars/42541dee22d8409483d06cbb9e88a114/096c9941f83a4f7ebbffbc1aab5b53c0.png",
          "height": 48
        },
        {
          "size": 2629,
          "width": 90,
          "url": "https://media.sketchfab.com/avatars/42541dee22d8409483d06cbb9e88a114/e0707aa5d0b54ae8bdc0a398a4034188.png",
          "height": 90
        },
        {
          "size": 3064,
          "width": 100,
          "url": "https://media.sketchfab.com/avatars/42541dee22d8409483d06cbb9e88a114/9f23ba0b18b04157bbe1938813ed4b6d.png",
          "height": 100
        }
      ]
    },
    "uri": "https://api.sketchfab.com/v3/users/1080813fab9e48a8b7c9e38346371580"
  },
  "description": "Edited out from the same weed model I used for, \"12 Stories in One.\"\nIt can be transformed using shape keys to make it grow if anyone would like to pull that off.\nSorry about the lack of roots in the model. I was inexperienced with CGI back then, and even now, I'm still learning how to make good looking 3D characters, sets, and props.",
  "faceCount": 710,
  "createdAt": "2021-12-09T14:30:01.009616",
  "vertexCount": 435,
  "isAgeRestricted": false,
  "archives": {
    "glb": {
      "textureCount": 0,
      "size": 32104,
      "type": "glb",
      "textureMaxResolution": 0,
      "faceCount": 710,
      "vertexCount": 585
    },
    "gltf": {
      "textureCount": 0,
      "size": 14521,
      "type": "gltf",
      "textureMaxResolution": 0,
      "faceCount": 710,
      "vertexCount": 585
    },
    "source": {
      "textureCount": null,
      "size": 564098,
      "type": "source",
      "textureMaxResolution": null,
      "faceCount": null,
      "vertexCount": null
    },
    "usdz": {
      "textureCount": null,
      "size": 20381,
      "type": "usdz",
      "textureMaxResolution": null,
      "faceCount": null,
      "vertexCount": null
    }
  },
  "license": "by"
}