{
  "uri": "https://api.sketchfab.com/v3/models/a830db05ff374f8aa20b162766beb8a1",
  "uid": "a830db05ff374f8aa20b162766beb8a1",
  "name": "Bannana Low Poly",
  "staffpickedAt": null,
  "viewCount": 32,
  "likeCount": 1,
  "animationCount": 0,
  "viewerUrl": "https://sketchfab.com/3d-models/a830db05ff374f8aa20b162766beb8a1",
  "embedUrl": "https://sketchfab.com/models/a830db05ff374f8aa20b162766beb8a1/embed",
  "commentCount": 0,
  "isDownloadable": true,
  "publishedAt": "2021-07-16T18:56:41.960763",
  "tags": [],
  "categories": [
    {
      "name": "food-drink"
    }
  ],
  "thumbnails": {
    "images": [
      {
        "uid": "42f2dd39aa214f198360783c5fb46634",
        "size": 46336,
        "width": 1920,
        "url": "https://media.sketchfab.com/models/a830db05ff374f8aa20b162766beb8a1/thumbnails/e820e6410ae9471a862314a9c9639a36/72f8a644d5844787a544421bd43a4b81.jpeg",
        "height": 1080
      },
      {
        "uid": "c3be37f7ad694ce0a0fb783d8c6e31c0",
        "size": 15806,
        "width": 1024,
        "url": "https://media.sketchfab.com/models/a830db05ff374f8aa20b162766beb8a1/thumbnails/e820e6410ae9471a862314a9c9639a36/7a2847d8f274451cb7fae274a6d501d9.jpeg",
        "height": 576
      },
      {
        "uid": "431198c3c63d4c4fb436756632af496d",
        "size": 9312,
        "width": 720,
        "url": "https://media.sketchfab.com/models/a830db05ff374f8aa20b162766beb8a1/thumbnails/e820e6410ae9471a862314a9c9639a36/048b98d9cb3a4cb6a27d75fb49935478.jpeg",
        "height": 405
      },
      {
        "uid": "bd2856bb67ed424d83bf9fe5234e2972",
        "size": 2271,
        "width": 256,
        "url": "https://media.sketchfab.com/models/a830db05ff374f8aa20b162766beb8a1/thumbnails/e820e6410ae9471a862314a9c9639a36/87c7d0e19323474db4af27172d962022.jpeg",
        "height": 144
      },
      {
        "uid": "7b1768f121a34e22a1730c6fa2c07f01",
        "size": 850,
        "width": 64,
        "url": "https://media.sketchfab.com/models/a830db05ff374f8aa20b162766beb8a1/thumbnails/e820e6410ae9471a862314a9c9639a36/04bef7b00c3c4088b59f15f2eca56eb7.jpeg",
        "height": 36
      }
    ]
  },
  "user": {
    "uid": "d625aec6b646492084c8dda2901e2129",
    "username": "imlcbaylor",
    "displayName": "imlcbaylor",
    "profileUrl": "https://sketchfab.com/imlcbaylor",
    "account": "basic",
    "avatar": {
      "uri": "https://api.sketchfab.com/v3/avatars/3ef1bd11d3eb4b57a0b353e8f2e5fc3e",
      "images": [
        {
          "size": 680,
          "width": 32,
          "url": "https://media.sketchfab.com/avatars/3ef1bd11d3eb4b57a0b353e8f2e5fc3e/116042a0854e40538adab302b593683d.jpeg",
          "height": 32
        },
        {
          "size": 1253,
          "width": 48,
          "url": "https://media.sketchfab.com/avatars/3ef1bd11d3eb4b57a0b353e8f2e5fc3e/efea16be51d04eb7a00cb9ea0b43b87f.jpeg",
          "height": 48
        },
        {
          "size": 2797,
          "width": 90,
          "url": "https://media.sketchfab.com/avatars/3ef1bd11d3eb4b57a0b353e8f2e5fc3e/ac9b469ccec74caf923a81fb2f0be3ed.jpeg",
          "height": 90
        },
        {
          "size": 3215,
          "width": 100,
          "url": "https://media.sketchfab.com/avatars/3ef1bd11d3eb4b57a0b353e8f2e5fc3e/a075e1d43d2f446c949b5967b470c757.jpeg",
          "height": 100
        }
      ]
    },
    "uri": "https://api.sketchfab.com/v3/users/d625aec6b646492084c8dda2901e2129"
  },
  "description": "",
  "faceCount": 596,
  "createdAt": "2021-07-16T18:54:52.688898",
  "vertexCount": 288,
  "isAgeRestricted": false,
  "archives": {
    "glb": {
      "textureCount": 1,
      "size": 60472,
      "type": "glb",
      "textureMaxResolution": 1024,
      "faceCount": 572,
      "vertexCount": 1128
    },
    "gltf": {
      "textureCount": 1,
      "size": 29319,
      "type": "gltf",
      "textureMaxResolution": 1024,
      "faceCount": 572,
      "vertexCount": 1128
    },
    "source": {
      "textureCount": null,
      "size": 95324,
      "type": "source",
      "textureMaxResolution": null,
      "faceCount": null,
      "vertexCount": null
    },
    "usdz": {
      "textureCount": null,
      "size": 75180,
      "type": "usdz",
      "textureMaxResolution": null,
      "faceCount": null,
      "vertexCount": null
    }
  },
  "license": "by"
}