{
  "uri": "https://api.sketchfab.com/v3/models/a831d06324084522961c0e5d4b33803f",
  "uid": "a831d06324084522961c0e5d4b33803f",
  "name": "931_21",
  "staffpickedAt": null,
  "viewCount": 2,
  "likeCount": 1,
  "animationCount": 0,
  "viewerUrl": "https://sketchfab.com/3d-models/a831d06324084522961c0e5d4b33803f",
  "embedUrl": "https://sketchfab.com/models/a831d06324084522961c0e5d4b33803f/embed",
  "commentCount": 0,
  "isDownloadable": true,
  "publishedAt": "2021-08-20T04:57:23.458093",
  "tags": [
    {
      "name": "pamir",
      "slug": "pamir",
      "uri": "https://api.sketchfab.com/v3/tags/pamir"
    }
  ],
  "categories": [],
  "thumbnails": {
    "images": [
      {
        "uid": "5426b8fbb1ee473faa9badf8b60ba466",
        "size": 89860,
        "width": 1920,
        "url": "https://media.sketchfab.com/models/a831d06324084522961c0e5d4b33803f/thumbnails/3c44db47cfb546168869b8ce2d1290e0/3d2425ffc966428c9efb449d903d31b1.jpeg",
        "height": 1080
      },
      {
        "uid": "7bae7883f1ec4cbfb47c2dc7a91e3c6c",
        "size": 25961,
        "width": 1024,
        "url": "https://media.sketchfab.com/models/a831d06324084522961c0e5d4b33803f/thumbnails/3c44db47cfb546168869b8ce2d1290e0/900d9d74998a4e729a7ed6c08fd6f632.jpeg",
        "height": 576
      },
      {
        "uid": "bb9610d63ccb494ab09ae22970e128d9",
        "size": 14020,
        "width": 720,
        "url": "https://media.sketchfab.com/models/a831d06324084522961c0e5d4b33803f/thumbnails/3c44db47cfb546168869b8ce2d1290e0/4cd1dd5944584cf8a20b319d7387a223.jpeg",
        "height": 405
      },
      {
        "uid": "fd9494469e544ffb8d59aa4cd41ca4b5",
        "size": 2365,
        "width": 256,
        "url": "https://media.sketchfab.com/models/a831d06324084522961c0e5d4b33803f/thumbnails/3c44db47cfb546168869b8ce2d1290e0/aa48cbf30ccd46aa8bcd6e88a9656062.jpeg",
        "height": 144
      },
      {
        "uid": "3a8fecd81b06436f84c756ed25dab2b9",
        "size": 869,
        "width": 64,
        "url": "https://media.sketchfab.com/models/a831d06324084522961c0e5d4b33803f/thumbnails/3c44db47cfb546168869b8ce2d1290e0/119606222adf4b61852214da075ca07e.jpeg",
        "height": 36
      }
    ]
  },
  "user": {
    "uid": "94d7bd8117f845b48cf56cd9835dc07b",
    "username": "annamariahorvathova",
    "displayName": "AH",
    "profileUrl": "https://sketchfab.com/annamariahorvathova",
    "account": "basic",
    "avatar": {
      "uri": "https://api.sketchfab.com/v3/avatars/3ef1bd11d3eb4b57a0b353e8f2e5fc3e",
      "images": [
        {
          "size": 680,
          "width": 32,
          "url": "https://media.sketchfab.com/avatars/3ef1bd11d3eb4b57a0b353e8f2e5fc3e/116042a0854e40538adab302b593683d.jpeg",
          "height": 32
        },
        {
          "size": 1253,
          "width": 48,
          "url": "https://media.sketchfab.com/avatars/3ef1bd11d3eb4b57a0b353e8f2e5fc3e/efea16be51d04eb7a00cb9ea0b43b87f.jpeg",
          "height": 48
        },
        {
          "size": 2797,
          "width": 90,
          "url": "https://media.sketchfab.com/avatars/3ef1bd11d3eb4b57a0b353e8f2e5fc3e/ac9b469ccec74caf923a81fb2f0be3ed.jpeg",
          "height": 90
        },
        {
          "size": 3215,
          "width": 100,
          "url": "https://media.sketchfab.com/avatars/3ef1bd11d3eb4b57a0b353e8f2e5fc3e/a075e1d43d2f446c949b5967b470c757.jpeg",
          "height": 100
        }
      ]
    },
    "uri": "https://api.sketchfab.com/v3/users/94d7bd8117f845b48cf56cd9835dc07b"
  },
  "description": "Building exported from MiTek Pamir.",
  "faceCount": 100,
  "createdAt": "2021-08-20T04:57:03.981028",
  "vertexCount": 46,
  "isAgeRestricted": false,
  "archives": {
    "glb": {
      "textureCount": 3,
      "size": 171132,
      "type": "glb",
      "textureMaxResolution": 512,
      "faceCount": 100,
      "vertexCount": 200
    },
    "gltf": {
      "textureCount": 3,
      "size": 162342,
      "type": "gltf",
      "textureMaxResolution": 512,
      "faceCount": 100,
      "vertexCount": 200
    },
    "source": {
      "textureCount": null,
      "size": 449069,
      "type": "source",
      "textureMaxResolution": null,
      "faceCount": null,
      "vertexCount": null
    },
    "usdz": {
      "textureCount": null,
      "size": 170900,
      "type": "usdz",
      "textureMaxResolution": null,
      "faceCount": null,
      "vertexCount": null
    }
  },
  "license": "by"
}