{
  "uri": "https://api.sketchfab.com/v3/models/a83421158484488896d08c8cc205bb0e",
  "uid": "a83421158484488896d08c8cc205bb0e",
  "name": "Hollyfrontier Tulsa FCC alleyway-poly",
  "staffpickedAt": null,
  "viewCount": 15,
  "likeCount": 0,
  "animationCount": 0,
  "viewerUrl": "https://sketchfab.com/3d-models/a83421158484488896d08c8cc205bb0e",
  "embedUrl": "https://sketchfab.com/models/a83421158484488896d08c8cc205bb0e/embed",
  "commentCount": 0,
  "isDownloadable": true,
  "publishedAt": "2021-07-19T18:55:21.891236",
  "tags": [
    {
      "name": "polycam",
      "slug": "polycam",
      "uri": "https://api.sketchfab.com/v3/tags/polycam"
    }
  ],
  "categories": [],
  "thumbnails": {
    "images": [
      {
        "uid": "5c8b60fa296a4e9b98a28a43745398a8",
        "size": 52202,
        "width": 1920,
        "url": "https://media.sketchfab.com/models/a83421158484488896d08c8cc205bb0e/thumbnails/2b001623a4784abaa37e8aa72f9f20eb/e3ab6ea428cd4a5b9ac9776d7c0cdd20.jpeg",
        "height": 1080
      },
      {
        "uid": "7809db6dcd0f49e09b71bc16d0839f11",
        "size": 16506,
        "width": 1024,
        "url": "https://media.sketchfab.com/models/a83421158484488896d08c8cc205bb0e/thumbnails/2b001623a4784abaa37e8aa72f9f20eb/e602cd1578154aafa60bd27875f587c9.jpeg",
        "height": 576
      },
      {
        "uid": "fdcf6af30d5a42c3adcae5f70d376244",
        "size": 9401,
        "width": 720,
        "url": "https://media.sketchfab.com/models/a83421158484488896d08c8cc205bb0e/thumbnails/2b001623a4784abaa37e8aa72f9f20eb/3683585f27ae4ab197bebc34fab4b66b.jpeg",
        "height": 405
      },
      {
        "uid": "36118de13a264f9c8d16e494ff9b5c35",
        "size": 1976,
        "width": 256,
        "url": "https://media.sketchfab.com/models/a83421158484488896d08c8cc205bb0e/thumbnails/2b001623a4784abaa37e8aa72f9f20eb/0c3733506a9043148bfea5a02a09e928.jpeg",
        "height": 144
      },
      {
        "uid": "293280ac64494ee1a72735631f3a3153",
        "size": 769,
        "width": 64,
        "url": "https://media.sketchfab.com/models/a83421158484488896d08c8cc205bb0e/thumbnails/2b001623a4784abaa37e8aa72f9f20eb/d424f32124c341c7b2dbbd3d63800d2d.jpeg",
        "height": 36
      }
    ]
  },
  "user": {
    "uid": "bb89cdf6f9ab43218ae2863d2f2a1a44",
    "username": "Kvann",
    "displayName": "Kvann",
    "profileUrl": "https://sketchfab.com/Kvann",
    "account": "basic",
    "avatar": {
      "uri": "https://api.sketchfab.com/v3/avatars/51af6a870cce449eb75b0345feebaebb",
      "images": [
        {
          "size": 5719,
          "width": 90,
          "url": "https://media.sketchfab.com/avatars/51af6a870cce449eb75b0345feebaebb/2ef0f894055b4bb69123b2a27fa2d379.jpeg",
          "height": 90
        },
        {
          "size": 6496,
          "width": 100,
          "url": "https://media.sketchfab.com/avatars/51af6a870cce449eb75b0345feebaebb/ab11eedf96374486acb544f71a23b165.jpeg",
          "height": 100
        },
        {
          "size": 1359,
          "width": 32,
          "url": "https://media.sketchfab.com/avatars/51af6a870cce449eb75b0345feebaebb/35f6f9b6c9a14a548ce472582d8a9bb5.jpeg",
          "height": 32
        },
        {
          "size": 2584,
          "width": 48,
          "url": "https://media.sketchfab.com/avatars/51af6a870cce449eb75b0345feebaebb/a8072a51447c4d41ab177b357111b420.jpeg",
          "height": 48
        }
      ]
    },
    "uri": "https://api.sketchfab.com/v3/users/bb89cdf6f9ab43218ae2863d2f2a1a44"
  },
  "description": "Created with Polycam",
  "faceCount": 539149,
  "createdAt": "2021-07-19T18:54:28.523076",
  "vertexCount": 338976,
  "isAgeRestricted": false,
  "archives": {
    "glb": {
      "textureCount": 8,
      "size": 47137044,
      "type": "glb",
      "textureMaxResolution": 4096,
      "faceCount": 539147,
      "vertexCount": 420556
    },
    "gltf": {
      "textureCount": 8,
      "size": 39852576,
      "type": "gltf",
      "textureMaxResolution": 4096,
      "faceCount": 539147,
      "vertexCount": 420556
    },
    "source": {
      "textureCount": null,
      "size": 44190672,
      "type": "source",
      "textureMaxResolution": null,
      "faceCount": null,
      "vertexCount": null
    },
    "usdz": {
      "textureCount": null,
      "size": 19933700,
      "type": "usdz",
      "textureMaxResolution": null,
      "faceCount": null,
      "vertexCount": null
    }
  },
  "license": "by-nc-sa"
}