{
  "uri": "https://api.sketchfab.com/v3/models/a835b5723b194f3a966fd9b8d55509f8",
  "uid": "a835b5723b194f3a966fd9b8d55509f8",
  "name": "Przód Płytka Ver 4 V1",
  "staffpickedAt": null,
  "viewCount": 20,
  "likeCount": 0,
  "animationCount": 0,
  "viewerUrl": "https://sketchfab.com/3d-models/a835b5723b194f3a966fd9b8d55509f8",
  "embedUrl": "https://sketchfab.com/models/a835b5723b194f3a966fd9b8d55509f8/embed",
  "commentCount": 0,
  "isDownloadable": true,
  "publishedAt": "2017-12-18T13:58:34.916296",
  "tags": [],
  "categories": [],
  "thumbnails": {
    "images": [
      {
        "uid": "29a56e9740234900b01b06372b0a7a32",
        "size": 57874,
        "width": 1920,
        "url": "https://media.sketchfab.com/models/a835b5723b194f3a966fd9b8d55509f8/thumbnails/9e5deb1b3e274b37a00d624afbcb71a1/ce39413a79ce446aa8e4ce7d8ea4ea20.jpeg",
        "height": 1080
      },
      {
        "uid": "26808474a389425b86b16646609b1276",
        "size": 13606,
        "width": 1024,
        "url": "https://media.sketchfab.com/models/a835b5723b194f3a966fd9b8d55509f8/thumbnails/9e5deb1b3e274b37a00d624afbcb71a1/30652b28efd44643a546f37a067e7f83.jpeg",
        "height": 576
      },
      {
        "uid": "888325dfca454003926fe4e7f9eeab53",
        "size": 8393,
        "width": 720,
        "url": "https://media.sketchfab.com/models/a835b5723b194f3a966fd9b8d55509f8/thumbnails/9e5deb1b3e274b37a00d624afbcb71a1/b81855188bbc46e89906668e104ce9fb.jpeg",
        "height": 405
      },
      {
        "uid": "fbd74c52820c4fff992d9ceab06ed985",
        "size": 2214,
        "width": 256,
        "url": "https://media.sketchfab.com/models/a835b5723b194f3a966fd9b8d55509f8/thumbnails/9e5deb1b3e274b37a00d624afbcb71a1/223f080cae95484986f724d3cb2ef8b4.jpeg",
        "height": 144
      },
      {
        "uid": "27ba8bb79e1142c8aa943fd8fd198a85",
        "size": 544,
        "width": 64,
        "url": "https://media.sketchfab.com/models/a835b5723b194f3a966fd9b8d55509f8/thumbnails/9e5deb1b3e274b37a00d624afbcb71a1/41fc06a2534b48609419d9a5a41b32cb.jpeg",
        "height": 36
      }
    ]
  },
  "user": {
    "uid": "ae3b1ce830b04c8dabd09d4b559c61e2",
    "username": "Baggy",
    "displayName": "Baggy",
    "profileUrl": "https://sketchfab.com/Baggy",
    "account": "basic",
    "avatar": {
      "uri": "https://api.sketchfab.com/v3/avatars/51af6a870cce449eb75b0345feebaebb",
      "images": [
        {
          "size": 5719,
          "width": 90,
          "url": "https://media.sketchfab.com/avatars/51af6a870cce449eb75b0345feebaebb/2ef0f894055b4bb69123b2a27fa2d379.jpeg",
          "height": 90
        },
        {
          "size": 6496,
          "width": 100,
          "url": "https://media.sketchfab.com/avatars/51af6a870cce449eb75b0345feebaebb/ab11eedf96374486acb544f71a23b165.jpeg",
          "height": 100
        },
        {
          "size": 1359,
          "width": 32,
          "url": "https://media.sketchfab.com/avatars/51af6a870cce449eb75b0345feebaebb/35f6f9b6c9a14a548ce472582d8a9bb5.jpeg",
          "height": 32
        },
        {
          "size": 2584,
          "width": 48,
          "url": "https://media.sketchfab.com/avatars/51af6a870cce449eb75b0345feebaebb/a8072a51447c4d41ab177b357111b420.jpeg",
          "height": 48
        }
      ]
    },
    "uri": "https://api.sketchfab.com/v3/users/ae3b1ce830b04c8dabd09d4b559c61e2"
  },
  "description": "",
  "faceCount": 16652,
  "createdAt": "2017-12-18T13:58:09.045768",
  "vertexCount": 8309,
  "isAgeRestricted": false,
  "archives": {
    "glb": {
      "textureCount": 0,
      "size": 630808,
      "type": "glb",
      "textureMaxResolution": 0,
      "faceCount": 16652,
      "vertexCount": 11900
    },
    "gltf": {
      "textureCount": 0,
      "size": 209251,
      "type": "gltf",
      "textureMaxResolution": 0,
      "faceCount": 16652,
      "vertexCount": 11900
    },
    "source": {
      "textureCount": null,
      "size": 501188,
      "type": "source",
      "textureMaxResolution": null,
      "faceCount": null,
      "vertexCount": null
    },
    "usdz": {
      "textureCount": null,
      "size": 353338,
      "type": "usdz",
      "textureMaxResolution": null,
      "faceCount": null,
      "vertexCount": null
    }
  },
  "license": "by"
}