{
  "uri": "https://api.sketchfab.com/v3/models/a83688fc50c04823a62d31d997bef746",
  "uid": "a83688fc50c04823a62d31d997bef746",
  "name": "Janacek0403rocketthruster",
  "staffpickedAt": null,
  "viewCount": 16,
  "likeCount": 0,
  "animationCount": 0,
  "viewerUrl": "https://sketchfab.com/3d-models/a83688fc50c04823a62d31d997bef746",
  "embedUrl": "https://sketchfab.com/models/a83688fc50c04823a62d31d997bef746/embed",
  "commentCount": 0,
  "isDownloadable": true,
  "publishedAt": "2022-03-03T16:04:07.855444",
  "tags": [],
  "categories": [],
  "thumbnails": {
    "images": [
      {
        "uid": "95e6bf8fd08c4294b12bc9bfa14348c2",
        "size": 40785,
        "width": 1920,
        "url": "https://media.sketchfab.com/models/a83688fc50c04823a62d31d997bef746/thumbnails/bc42321283c54da588a5e02fc35659b0/e59d69236912474090ab12bd5f9e3f99.jpeg",
        "height": 1080
      },
      {
        "uid": "20324450879b448ca7452eed90c1abc8",
        "size": 13036,
        "width": 1024,
        "url": "https://media.sketchfab.com/models/a83688fc50c04823a62d31d997bef746/thumbnails/bc42321283c54da588a5e02fc35659b0/ed9d356df2ec4508a153fa60d566b8e7.jpeg",
        "height": 576
      },
      {
        "uid": "019cfc273fb74f4396f69a56d3c34d67",
        "size": 7424,
        "width": 720,
        "url": "https://media.sketchfab.com/models/a83688fc50c04823a62d31d997bef746/thumbnails/bc42321283c54da588a5e02fc35659b0/8802af85da9541838a614c7dbae30c56.jpeg",
        "height": 405
      },
      {
        "uid": "e582870afd1145b898a7102e9a0e2be1",
        "size": 1769,
        "width": 256,
        "url": "https://media.sketchfab.com/models/a83688fc50c04823a62d31d997bef746/thumbnails/bc42321283c54da588a5e02fc35659b0/c7c00e50340a43e0a50311555e449b1d.jpeg",
        "height": 144
      },
      {
        "uid": "5307905684634cb68292d9ff8c68ac69",
        "size": 776,
        "width": 64,
        "url": "https://media.sketchfab.com/models/a83688fc50c04823a62d31d997bef746/thumbnails/bc42321283c54da588a5e02fc35659b0/e13038c99196413aa0db43f9f9b3f2ed.jpeg",
        "height": 36
      }
    ]
  },
  "user": {
    "uid": "7e1631ba4db5423c8c4327183405ede7",
    "username": "kyjanacek",
    "displayName": "kyjanacek",
    "profileUrl": "https://sketchfab.com/kyjanacek",
    "account": "basic",
    "avatar": {
      "uri": "https://api.sketchfab.com/v3/avatars/3ef1bd11d3eb4b57a0b353e8f2e5fc3e",
      "images": [
        {
          "size": 680,
          "width": 32,
          "url": "https://media.sketchfab.com/avatars/3ef1bd11d3eb4b57a0b353e8f2e5fc3e/116042a0854e40538adab302b593683d.jpeg",
          "height": 32
        },
        {
          "size": 1253,
          "width": 48,
          "url": "https://media.sketchfab.com/avatars/3ef1bd11d3eb4b57a0b353e8f2e5fc3e/efea16be51d04eb7a00cb9ea0b43b87f.jpeg",
          "height": 48
        },
        {
          "size": 2797,
          "width": 90,
          "url": "https://media.sketchfab.com/avatars/3ef1bd11d3eb4b57a0b353e8f2e5fc3e/ac9b469ccec74caf923a81fb2f0be3ed.jpeg",
          "height": 90
        },
        {
          "size": 3215,
          "width": 100,
          "url": "https://media.sketchfab.com/avatars/3ef1bd11d3eb4b57a0b353e8f2e5fc3e/a075e1d43d2f446c949b5967b470c757.jpeg",
          "height": 100
        }
      ]
    },
    "uri": "https://api.sketchfab.com/v3/users/7e1631ba4db5423c8c4327183405ede7"
  },
  "description": "",
  "faceCount": 11776,
  "createdAt": "2022-03-03T16:02:36.502610",
  "vertexCount": 5924,
  "isAgeRestricted": false,
  "archives": {
    "glb": {
      "textureCount": 0,
      "size": 336952,
      "type": "glb",
      "textureMaxResolution": 0,
      "faceCount": 11776,
      "vertexCount": 6057
    },
    "gltf": {
      "textureCount": 0,
      "size": 131878,
      "type": "gltf",
      "textureMaxResolution": 0,
      "faceCount": 11776,
      "vertexCount": 6057
    },
    "source": {
      "textureCount": null,
      "size": 795526,
      "type": "source",
      "textureMaxResolution": null,
      "faceCount": null,
      "vertexCount": null
    },
    "usdz": {
      "textureCount": null,
      "size": 157912,
      "type": "usdz",
      "textureMaxResolution": null,
      "faceCount": null,
      "vertexCount": null
    }
  },
  "license": "by"
}