{
  "uri": "https://api.sketchfab.com/v3/models/a8370febaba3408c8af94f18ac56401f",
  "uid": "a8370febaba3408c8af94f18ac56401f",
  "name": "✰ house twenty one",
  "staffpickedAt": null,
  "viewCount": 15,
  "likeCount": 2,
  "animationCount": 0,
  "viewerUrl": "https://sketchfab.com/3d-models/a8370febaba3408c8af94f18ac56401f",
  "embedUrl": "https://sketchfab.com/models/a8370febaba3408c8af94f18ac56401f/embed",
  "commentCount": 0,
  "isDownloadable": true,
  "publishedAt": "2020-11-03T21:47:29.648797",
  "tags": [
    {
      "name": "3d",
      "slug": "3d",
      "uri": "https://api.sketchfab.com/v3/tags/3d"
    },
    {
      "name": "design",
      "slug": "design",
      "uri": "https://api.sketchfab.com/v3/tags/design"
    },
    {
      "name": "home",
      "slug": "home",
      "uri": "https://api.sketchfab.com/v3/tags/home"
    }
  ],
  "categories": [],
  "thumbnails": {
    "images": [
      {
        "uid": "0b3accde6be8486a8bbaf0b992f8dded",
        "size": 51964,
        "width": 1920,
        "url": "https://media.sketchfab.com/models/a8370febaba3408c8af94f18ac56401f/thumbnails/1cc9c4d7f296452c8720bfe62f7f05c0/c9e98dc4a5d94d73a134e60b27f2c151.jpeg",
        "height": 1080
      },
      {
        "uid": "854abd0b8fb14209806f46f62be8ca97",
        "size": 16897,
        "width": 1024,
        "url": "https://media.sketchfab.com/models/a8370febaba3408c8af94f18ac56401f/thumbnails/1cc9c4d7f296452c8720bfe62f7f05c0/1e42ac2feda642108a6c26ca7fc435b7.jpeg",
        "height": 576
      },
      {
        "uid": "f83a7bb95cd94e79af0b2ac8032be5d2",
        "size": 9842,
        "width": 720,
        "url": "https://media.sketchfab.com/models/a8370febaba3408c8af94f18ac56401f/thumbnails/1cc9c4d7f296452c8720bfe62f7f05c0/79cf4557d5dc49f097b9c717959e9a19.jpeg",
        "height": 405
      },
      {
        "uid": "f98a6b354ab049c8bd4d49e48388ed77",
        "size": 2080,
        "width": 256,
        "url": "https://media.sketchfab.com/models/a8370febaba3408c8af94f18ac56401f/thumbnails/1cc9c4d7f296452c8720bfe62f7f05c0/a97e9d32ded441cbbf8284273dc9b953.jpeg",
        "height": 144
      },
      {
        "uid": "66b7d412cf914c47b89b61eeb2f23872",
        "size": 507,
        "width": 64,
        "url": "https://media.sketchfab.com/models/a8370febaba3408c8af94f18ac56401f/thumbnails/1cc9c4d7f296452c8720bfe62f7f05c0/1becd18c228d4954b00e0417d16d8428.jpeg",
        "height": 36
      }
    ]
  },
  "user": {
    "uid": "690dba639c13453e8f162de87edff67f",
    "username": "homedesign3d",
    "displayName": "Home Design 3D",
    "profileUrl": "https://sketchfab.com/homedesign3d",
    "account": "prem",
    "avatar": {
      "uri": "https://api.sketchfab.com/v3/avatars/a071741bdf9940f4ae18e8040a61faa5",
      "images": [
        {
          "size": 4544,
          "width": 32,
          "url": "https://media.sketchfab.com/avatars/a071741bdf9940f4ae18e8040a61faa5/6f2293831ab94491bf20fa1c17751abd.png",
          "height": 32
        },
        {
          "size": 5982,
          "width": 48,
          "url": "https://media.sketchfab.com/avatars/a071741bdf9940f4ae18e8040a61faa5/32acfb38b1134650ab27e179a9843a0c.png",
          "height": 48
        },
        {
          "size": 10325,
          "width": 90,
          "url": "https://media.sketchfab.com/avatars/a071741bdf9940f4ae18e8040a61faa5/25d5af261a64421a9a264ea6096f3c4c.png",
          "height": 90
        },
        {
          "size": 11374,
          "width": 100,
          "url": "https://media.sketchfab.com/avatars/a071741bdf9940f4ae18e8040a61faa5/de3e5d11ac71483bbb8b70f962bd587f.png",
          "height": 100
        }
      ]
    },
    "uri": "https://api.sketchfab.com/v3/users/690dba639c13453e8f162de87edff67f"
  },
  "description": "Home Design 3D",
  "faceCount": 623404,
  "createdAt": "2020-11-03T21:43:31.147505",
  "vertexCount": 489503,
  "isAgeRestricted": false,
  "archives": {
    "glb": {
      "textureCount": 56,
      "size": 34591168,
      "type": "glb",
      "textureMaxResolution": 512,
      "faceCount": 623341,
      "vertexCount": 807780
    },
    "gltf": {
      "textureCount": 56,
      "size": 12446905,
      "type": "gltf",
      "textureMaxResolution": 512,
      "faceCount": 623341,
      "vertexCount": 807780
    },
    "source": {
      "textureCount": null,
      "size": 25070788,
      "type": "source",
      "textureMaxResolution": null,
      "faceCount": null,
      "vertexCount": null
    },
    "usdz": {
      "textureCount": null,
      "size": 26599668,
      "type": "usdz",
      "textureMaxResolution": null,
      "faceCount": null,
      "vertexCount": null
    }
  },
  "license": "by-nc-sa"
}