{
  "uri": "https://api.sketchfab.com/v3/models/a838293cef914dc587e04b6a7d827c8b",
  "uid": "a838293cef914dc587e04b6a7d827c8b",
  "name": "Wooden Hurdle - Fence",
  "staffpickedAt": null,
  "viewCount": 76,
  "likeCount": 0,
  "animationCount": 0,
  "viewerUrl": "https://sketchfab.com/3d-models/a838293cef914dc587e04b6a7d827c8b",
  "embedUrl": "https://sketchfab.com/models/a838293cef914dc587e04b6a7d827c8b/embed",
  "commentCount": 0,
  "isDownloadable": true,
  "publishedAt": "2017-06-20T18:45:19.320650",
  "tags": [
    {
      "name": "fence",
      "slug": "fence",
      "uri": "https://api.sketchfab.com/v3/tags/fence"
    },
    {
      "name": "wooden",
      "slug": "wooden",
      "uri": "https://api.sketchfab.com/v3/tags/wooden"
    },
    {
      "name": "studio",
      "slug": "studio",
      "uri": "https://api.sketchfab.com/v3/tags/studio"
    },
    {
      "name": "hurdle",
      "slug": "hurdle",
      "uri": "https://api.sketchfab.com/v3/tags/hurdle"
    },
    {
      "name": "trebu",
      "slug": "trebu",
      "uri": "https://api.sketchfab.com/v3/tags/trebu"
    },
    {
      "name": "game",
      "slug": "game",
      "uri": "https://api.sketchfab.com/v3/tags/game"
    },
    {
      "name": "lowpoly",
      "slug": "lowpoly",
      "uri": "https://api.sketchfab.com/v3/tags/lowpoly"
    },
    {
      "name": "wood",
      "slug": "wood",
      "uri": "https://api.sketchfab.com/v3/tags/wood"
    },
    {
      "name": "decoration",
      "slug": "decoration",
      "uri": "https://api.sketchfab.com/v3/tags/decoration"
    }
  ],
  "categories": [
    {
      "name": "architecture"
    }
  ],
  "thumbnails": {
    "images": [
      {
        "uid": "ed3235bb12404d469c6138fcd9ec5df8",
        "size": 11569,
        "width": 1024,
        "url": "https://media.sketchfab.com/models/a838293cef914dc587e04b6a7d827c8b/thumbnails/cc1510ad3a7f43609c2c429bf6e3f9b0/1024x576.jpeg",
        "height": 576
      },
      {
        "uid": "fe63a0b83ae74b2f817ae266a8ecea91",
        "size": 6760,
        "width": 720,
        "url": "https://media.sketchfab.com/models/a838293cef914dc587e04b6a7d827c8b/thumbnails/cc1510ad3a7f43609c2c429bf6e3f9b0/720x405.jpeg",
        "height": 405
      },
      {
        "uid": "ea2826ef08c040c788850a0c0da83b21",
        "size": 2284,
        "width": 256,
        "url": "https://media.sketchfab.com/models/a838293cef914dc587e04b6a7d827c8b/thumbnails/cc1510ad3a7f43609c2c429bf6e3f9b0/256x144.jpeg",
        "height": 144
      },
      {
        "uid": "b67407dee2d64362b046631938eea0c5",
        "size": 871,
        "width": 64,
        "url": "https://media.sketchfab.com/models/a838293cef914dc587e04b6a7d827c8b/thumbnails/cc1510ad3a7f43609c2c429bf6e3f9b0/64x36.jpeg",
        "height": 36
      }
    ]
  },
  "user": {
    "uid": "05ca932181b04bd5aec1aa8432883634",
    "username": "Trebu",
    "displayName": "Trebu",
    "profileUrl": "https://sketchfab.com/Trebu",
    "account": "basic",
    "avatar": {
      "uri": "https://api.sketchfab.com/v3/avatars/8ec93817dbff40edbd71ad2f0ca6c538",
      "images": [
        {
          "size": 729,
          "width": 32,
          "url": "https://media.sketchfab.com/avatars/8ec93817dbff40edbd71ad2f0ca6c538/8be48cc746034630a6d98ddfa1e6eb5b.jpeg",
          "height": 32
        },
        {
          "size": 1092,
          "width": 48,
          "url": "https://media.sketchfab.com/avatars/8ec93817dbff40edbd71ad2f0ca6c538/9ce670fd2fd74e39a9ca034b74d2a484.jpeg",
          "height": 48
        },
        {
          "size": 2620,
          "width": 90,
          "url": "https://media.sketchfab.com/avatars/8ec93817dbff40edbd71ad2f0ca6c538/8567522d302b4f3093cfa1dcf4a8e62f.jpeg",
          "height": 90
        },
        {
          "size": 3027,
          "width": 100,
          "url": "https://media.sketchfab.com/avatars/8ec93817dbff40edbd71ad2f0ca6c538/618f91d639224ccd9215cd82df065866.jpeg",
          "height": 100
        }
      ]
    },
    "uri": "https://api.sketchfab.com/v3/users/05ca932181b04bd5aec1aa8432883634"
  },
  "description": "",
  "faceCount": 672,
  "createdAt": "2017-06-20T18:23:59.969310",
  "vertexCount": 624,
  "isAgeRestricted": false,
  "archives": {
    "glb": {
      "textureCount": 0,
      "size": 52048,
      "type": "glb",
      "textureMaxResolution": 0,
      "faceCount": 1200,
      "vertexCount": 1118
    },
    "gltf": {
      "textureCount": 0,
      "size": 23354,
      "type": "gltf",
      "textureMaxResolution": 0,
      "faceCount": 1200,
      "vertexCount": 1118
    },
    "source": {
      "textureCount": null,
      "size": 79874,
      "type": "source",
      "textureMaxResolution": null,
      "faceCount": null,
      "vertexCount": null
    },
    "usdz": {
      "textureCount": null,
      "size": 31679,
      "type": "usdz",
      "textureMaxResolution": null,
      "faceCount": null,
      "vertexCount": null
    }
  },
  "license": "by"
}