{
  "uri": "https://api.sketchfab.com/v3/models/a83d698fb5c64685badd36fedeb1cb21",
  "uid": "a83d698fb5c64685badd36fedeb1cb21",
  "name": "92609447",
  "staffpickedAt": null,
  "viewCount": 1,
  "likeCount": 0,
  "animationCount": 0,
  "viewerUrl": "https://sketchfab.com/3d-models/a83d698fb5c64685badd36fedeb1cb21",
  "embedUrl": "https://sketchfab.com/models/a83d698fb5c64685badd36fedeb1cb21/embed",
  "commentCount": 0,
  "isDownloadable": true,
  "publishedAt": "2022-07-11T15:53:15.298891",
  "tags": [],
  "categories": [],
  "thumbnails": {
    "images": [
      {
        "uid": "5d539ddf494b4b9db0521a7e9ad16e47",
        "size": 124621,
        "width": 1920,
        "url": "https://media.sketchfab.com/models/a83d698fb5c64685badd36fedeb1cb21/thumbnails/b0abdc23f7b146efa137b9c5f1f32fbd/bd38c36647814ba4bb9b9a7eb40a3af2.jpeg",
        "height": 1080
      },
      {
        "uid": "0ba2f085299d4f20a3f9f9fd2e65a31a",
        "size": 42968,
        "width": 1024,
        "url": "https://media.sketchfab.com/models/a83d698fb5c64685badd36fedeb1cb21/thumbnails/b0abdc23f7b146efa137b9c5f1f32fbd/b344633903a043179bd4fc3857877337.jpeg",
        "height": 576
      },
      {
        "uid": "2ce8fbd23e73444e808b017a606c935f",
        "size": 24825,
        "width": 720,
        "url": "https://media.sketchfab.com/models/a83d698fb5c64685badd36fedeb1cb21/thumbnails/b0abdc23f7b146efa137b9c5f1f32fbd/8993d711511c4bd887b2e6f3afa9564c.jpeg",
        "height": 405
      },
      {
        "uid": "d120bdd90baf4319b5ebd70e40dfb676",
        "size": 4560,
        "width": 256,
        "url": "https://media.sketchfab.com/models/a83d698fb5c64685badd36fedeb1cb21/thumbnails/b0abdc23f7b146efa137b9c5f1f32fbd/358706cdf3d8498989427b53efd19992.jpeg",
        "height": 144
      },
      {
        "uid": "32c61d49a2f843efbbb7b0d75296525f",
        "size": 1052,
        "width": 64,
        "url": "https://media.sketchfab.com/models/a83d698fb5c64685badd36fedeb1cb21/thumbnails/b0abdc23f7b146efa137b9c5f1f32fbd/f368186901c74cf985cadb5329a457ce.jpeg",
        "height": 36
      }
    ]
  },
  "user": {
    "uid": "b1e3b9d6654d488f8d492b8f81f0bb2f",
    "username": "GeneralCreed",
    "displayName": "GeneralCreed",
    "profileUrl": "https://sketchfab.com/GeneralCreed",
    "account": "basic",
    "avatar": {
      "uri": "https://api.sketchfab.com/v3/avatars/aaeb57fa33df4d26bd24d5f28b3f259a",
      "images": [
        {
          "size": 789,
          "width": 32,
          "url": "https://media.sketchfab.com/avatars/aaeb57fa33df4d26bd24d5f28b3f259a/977a207e3e404c058392c2bf951efef8.jpeg",
          "height": 32
        },
        {
          "size": 924,
          "width": 48,
          "url": "https://media.sketchfab.com/avatars/aaeb57fa33df4d26bd24d5f28b3f259a/733a3ddcb2114819ae1a87578bb6b2dd.jpeg",
          "height": 48
        },
        {
          "size": 1449,
          "width": 90,
          "url": "https://media.sketchfab.com/avatars/aaeb57fa33df4d26bd24d5f28b3f259a/fc13ab94ecfd47fb8a8305ac52d063da.jpeg",
          "height": 90
        },
        {
          "size": 1633,
          "width": 100,
          "url": "https://media.sketchfab.com/avatars/aaeb57fa33df4d26bd24d5f28b3f259a/0bd661ce58184d609a221829742adda4.jpeg",
          "height": 100
        }
      ]
    },
    "uri": "https://api.sketchfab.com/v3/users/b1e3b9d6654d488f8d492b8f81f0bb2f"
  },
  "description": "",
  "faceCount": 764,
  "createdAt": "2022-07-11T15:53:05.683070",
  "vertexCount": 396,
  "isAgeRestricted": false,
  "archives": {
    "glb": {
      "textureCount": 4,
      "size": 5842532,
      "type": "glb",
      "textureMaxResolution": 2048,
      "faceCount": 764,
      "vertexCount": 788
    },
    "gltf": {
      "textureCount": 4,
      "size": 5794765,
      "type": "gltf",
      "textureMaxResolution": 2048,
      "faceCount": 764,
      "vertexCount": 788
    },
    "gltf-ar": {
      "textureCount": null,
      "size": 9136,
      "type": "gltf-ar",
      "textureMaxResolution": null,
      "faceCount": null,
      "vertexCount": null
    },
    "source": {
      "textureCount": null,
      "size": 11384635,
      "type": "source",
      "textureMaxResolution": null,
      "faceCount": null,
      "vertexCount": null
    },
    "usdz": {
      "textureCount": null,
      "size": 1950615,
      "type": "usdz",
      "textureMaxResolution": null,
      "faceCount": null,
      "vertexCount": null
    }
  },
  "license": "by"
}