{
  "uri": "https://api.sketchfab.com/v3/models/a840b7071add43afa92d3692ca4cde41",
  "uid": "a840b7071add43afa92d3692ca4cde41",
  "name": "Surrealist Head WdB",
  "staffpickedAt": null,
  "viewCount": 25,
  "likeCount": 0,
  "animationCount": 0,
  "viewerUrl": "https://sketchfab.com/3d-models/a840b7071add43afa92d3692ca4cde41",
  "embedUrl": "https://sketchfab.com/models/a840b7071add43afa92d3692ca4cde41/embed",
  "commentCount": 0,
  "isDownloadable": true,
  "publishedAt": "2021-11-05T19:41:24.942253",
  "tags": [
    {
      "name": "surrealism",
      "slug": "surrealism",
      "uri": "https://api.sketchfab.com/v3/tags/surrealism"
    },
    {
      "name": "schiedam",
      "slug": "schiedam",
      "uri": "https://api.sketchfab.com/v3/tags/schiedam"
    },
    {
      "name": "surrealisme",
      "slug": "surrealisme",
      "uri": "https://api.sketchfab.com/v3/tags/surrealisme"
    },
    {
      "name": "willemdenbroeder",
      "slug": "willemdenbroeder",
      "uri": "https://api.sketchfab.com/v3/tags/willemdenbroeder"
    }
  ],
  "categories": [
    {
      "name": "art-abstract"
    }
  ],
  "thumbnails": {
    "images": [
      {
        "uid": "1c08070f2761466aa1187f504b22fd0f",
        "size": 111585,
        "width": 1920,
        "url": "https://media.sketchfab.com/models/a840b7071add43afa92d3692ca4cde41/thumbnails/601ace06aadb41638852b01b0fc78462/7c9cc4a8a7df44cda154b56486879f34.jpeg",
        "height": 1080
      },
      {
        "uid": "7ecfea732b4c4ad9934c38e4e9a98427",
        "size": 37402,
        "width": 1024,
        "url": "https://media.sketchfab.com/models/a840b7071add43afa92d3692ca4cde41/thumbnails/601ace06aadb41638852b01b0fc78462/09be17dbf9e64ff8aafc98a1465f9c37.jpeg",
        "height": 576
      },
      {
        "uid": "89bfe7d826c34dc6813851921487da75",
        "size": 21705,
        "width": 720,
        "url": "https://media.sketchfab.com/models/a840b7071add43afa92d3692ca4cde41/thumbnails/601ace06aadb41638852b01b0fc78462/ec9b0c8c4e004e848292b267950f4c6c.jpeg",
        "height": 405
      },
      {
        "uid": "eae86dbafd6c4a72b6b9a0b929ad1bd5",
        "size": 4537,
        "width": 256,
        "url": "https://media.sketchfab.com/models/a840b7071add43afa92d3692ca4cde41/thumbnails/601ace06aadb41638852b01b0fc78462/3191d9950d2942afbce76470f3261fda.jpeg",
        "height": 144
      },
      {
        "uid": "5774a97666cc4f2395f8609425622cef",
        "size": 1113,
        "width": 64,
        "url": "https://media.sketchfab.com/models/a840b7071add43afa92d3692ca4cde41/thumbnails/601ace06aadb41638852b01b0fc78462/13b4b8d60b9c4e11adc59c1f56c230ca.jpeg",
        "height": 36
      }
    ]
  },
  "user": {
    "uid": "882b9526a6c04a37aad0f0e733d28bf4",
    "username": "surwdb",
    "displayName": "SurWdB",
    "profileUrl": "https://sketchfab.com/surwdb",
    "account": "basic",
    "avatar": {
      "uri": "https://api.sketchfab.com/v3/avatars/1fd73f41726d4655b69383f26e106930",
      "images": [
        {
          "size": 1243,
          "width": 32,
          "url": "https://media.sketchfab.com/avatars/1fd73f41726d4655b69383f26e106930/01a921b8572742619d67114a64c1ce5c.jpeg",
          "height": 32
        },
        {
          "size": 1872,
          "width": 48,
          "url": "https://media.sketchfab.com/avatars/1fd73f41726d4655b69383f26e106930/78ab99fb6192448787b566bef3d67aca.jpeg",
          "height": 48
        },
        {
          "size": 4532,
          "width": 90,
          "url": "https://media.sketchfab.com/avatars/1fd73f41726d4655b69383f26e106930/a37837dae5ed4a1f8b00824880e4a204.jpeg",
          "height": 90
        },
        {
          "size": 5225,
          "width": 100,
          "url": "https://media.sketchfab.com/avatars/1fd73f41726d4655b69383f26e106930/bd846c30d5744f8db9207520263992b8.jpeg",
          "height": 100
        }
      ]
    },
    "uri": "https://api.sketchfab.com/v3/users/882b9526a6c04a37aad0f0e733d28bf4"
  },
  "description": "For downloading contact me",
  "faceCount": 260120,
  "createdAt": "2021-11-05T19:24:25.559913",
  "vertexCount": 130062,
  "isAgeRestricted": false,
  "archives": {
    "glb": {
      "textureCount": 2,
      "size": 12834544,
      "type": "glb",
      "textureMaxResolution": 2048,
      "faceCount": 260120,
      "vertexCount": 137336
    },
    "gltf": {
      "textureCount": 2,
      "size": 9686130,
      "type": "gltf",
      "textureMaxResolution": 2048,
      "faceCount": 260120,
      "vertexCount": 137336
    },
    "source": {
      "textureCount": null,
      "size": 11510521,
      "type": "source",
      "textureMaxResolution": null,
      "faceCount": null,
      "vertexCount": null
    },
    "usdz": {
      "textureCount": null,
      "size": 6283656,
      "type": "usdz",
      "textureMaxResolution": null,
      "faceCount": null,
      "vertexCount": null
    }
  },
  "license": "by-nc"
}