{
  "uri": "https://api.sketchfab.com/v3/models/a845e7d7a72d4c07a27754a20ba43c11",
  "uid": "a845e7d7a72d4c07a27754a20ba43c11",
  "name": "dinossaur xurulei",
  "staffpickedAt": null,
  "viewCount": 114,
  "likeCount": 1,
  "animationCount": 0,
  "viewerUrl": "https://sketchfab.com/3d-models/a845e7d7a72d4c07a27754a20ba43c11",
  "embedUrl": "https://sketchfab.com/models/a845e7d7a72d4c07a27754a20ba43c11/embed",
  "commentCount": 2,
  "isDownloadable": true,
  "publishedAt": "2016-08-05T16:45:32.951556",
  "tags": [
    {
      "name": "dinossaur",
      "slug": "dinossaur",
      "uri": "https://api.sketchfab.com/v3/tags/dinossaur"
    },
    {
      "name": "rezendeevil",
      "slug": "rezendeevil",
      "uri": "https://api.sketchfab.com/v3/tags/rezendeevil"
    },
    {
      "name": "venomextreme",
      "slug": "venomextreme",
      "uri": "https://api.sketchfab.com/v3/tags/venomextreme"
    },
    {
      "name": "juliococielo",
      "slug": "juliococielo",
      "uri": "https://api.sketchfab.com/v3/tags/juliococielo"
    }
  ],
  "categories": [],
  "thumbnails": {
    "images": [
      {
        "uid": "13b6de0ae3094eb1970e484ef6b70e73",
        "size": 13540,
        "width": 1024,
        "url": "https://media.sketchfab.com/models/a845e7d7a72d4c07a27754a20ba43c11/thumbnails/437e31b39139436eb729b64d6ffb2bff/1024x576.jpeg",
        "height": 576
      },
      {
        "uid": "2e4c69572f1342b0bf30bb53a5a0fdf1",
        "size": 10728,
        "width": 864,
        "url": "https://media.sketchfab.com/models/a845e7d7a72d4c07a27754a20ba43c11/thumbnails/437e31b39139436eb729b64d6ffb2bff/864x486.jpeg",
        "height": 486
      },
      {
        "uid": "a72a024add3148c6b6f7915beb085f14",
        "size": 4589,
        "width": 448,
        "url": "https://media.sketchfab.com/models/a845e7d7a72d4c07a27754a20ba43c11/thumbnails/437e31b39139436eb729b64d6ffb2bff/448x252.jpeg",
        "height": 252
      },
      {
        "uid": "6a9ff7f66f3c4304bedd08ae187b867a",
        "size": 674,
        "width": 50,
        "url": "https://media.sketchfab.com/models/a845e7d7a72d4c07a27754a20ba43c11/thumbnails/437e31b39139436eb729b64d6ffb2bff/50x50.jpeg",
        "height": 50
      },
      {
        "uid": "baaf7ca4abea453190a30472bd3c8357",
        "size": 1242,
        "width": 100,
        "url": "https://media.sketchfab.com/models/a845e7d7a72d4c07a27754a20ba43c11/thumbnails/437e31b39139436eb729b64d6ffb2bff/100x100.jpeg",
        "height": 100
      },
      {
        "uid": "ea269d705ff7467cafaa2155724021bb",
        "size": 2579,
        "width": 200,
        "url": "https://media.sketchfab.com/models/a845e7d7a72d4c07a27754a20ba43c11/thumbnails/437e31b39139436eb729b64d6ffb2bff/200x200.jpeg",
        "height": 200
      },
      {
        "uid": "329c2566e53f47968aa9636fac74f6f9",
        "size": 7439,
        "width": 640,
        "url": "https://media.sketchfab.com/models/a845e7d7a72d4c07a27754a20ba43c11/thumbnails/437e31b39139436eb729b64d6ffb2bff/640x360.jpeg",
        "height": 360
      }
    ]
  },
  "user": {
    "uid": "c6dba4f82ff74e579d703aea1393c779",
    "username": "paidobandoch",
    "displayName": "paidobandoch",
    "profileUrl": "https://sketchfab.com/paidobandoch",
    "account": "basic",
    "avatar": {
      "uri": "https://api.sketchfab.com/v3/avatars/a0d61b08eef74b389b3e57c456579568",
      "images": [
        {
          "size": 3820,
          "width": 100,
          "url": "https://media.sketchfab.com/avatars/a0d61b08eef74b389b3e57c456579568/041296d6b2334dcebfe699fc1f88b324.jpeg",
          "height": 100
        },
        {
          "size": 3240,
          "width": 90,
          "url": "https://media.sketchfab.com/avatars/a0d61b08eef74b389b3e57c456579568/1265332638e84b0bafb1800ef5878114.jpeg",
          "height": 90
        },
        {
          "size": 1183,
          "width": 48,
          "url": "https://media.sketchfab.com/avatars/a0d61b08eef74b389b3e57c456579568/ea4545f191ce4e21acdba12f2afff46d.jpeg",
          "height": 48
        },
        {
          "size": 744,
          "width": 32,
          "url": "https://media.sketchfab.com/avatars/a0d61b08eef74b389b3e57c456579568/a39e5058713849bf8b75bcb8d1b7c8ce.jpeg",
          "height": 32
        }
      ]
    },
    "uri": "https://api.sketchfab.com/v3/users/c6dba4f82ff74e579d703aea1393c779"
  },
  "description": "xurulei teu pai é gay",
  "faceCount": 842,
  "createdAt": "2016-08-05T16:38:14.117218",
  "vertexCount": 820,
  "isAgeRestricted": false,
  "archives": {
    "glb": {
      "textureCount": 0,
      "size": 55580,
      "type": "glb",
      "textureMaxResolution": 0,
      "faceCount": 1604,
      "vertexCount": 1046
    },
    "gltf": {
      "textureCount": 0,
      "size": 19017,
      "type": "gltf",
      "textureMaxResolution": 0,
      "faceCount": 1604,
      "vertexCount": 1046
    },
    "source": {
      "textureCount": null,
      "size": 85120,
      "type": "source",
      "textureMaxResolution": null,
      "faceCount": null,
      "vertexCount": null
    },
    "usdz": {
      "textureCount": null,
      "size": 29494,
      "type": "usdz",
      "textureMaxResolution": null,
      "faceCount": null,
      "vertexCount": null
    }
  },
  "license": "by"
}