{
  "uri": "https://api.sketchfab.com/v3/models/a845a84b295c4f60a2bd8cf7c9e61d69",
  "uid": "a845a84b295c4f60a2bd8cf7c9e61d69",
  "name": "Two Side-Scrolling Level Prototypes",
  "staffpickedAt": null,
  "viewCount": 267,
  "likeCount": 7,
  "animationCount": 0,
  "viewerUrl": "https://sketchfab.com/3d-models/a845a84b295c4f60a2bd8cf7c9e61d69",
  "embedUrl": "https://sketchfab.com/models/a845a84b295c4f60a2bd8cf7c9e61d69/embed",
  "commentCount": 1,
  "isDownloadable": true,
  "publishedAt": "2018-08-26T00:12:48.782448",
  "tags": [],
  "categories": [],
  "thumbnails": {
    "images": [
      {
        "uid": "7f754ecba2a84733b66ce3d2a465327b",
        "size": 183261,
        "width": 1920,
        "url": "https://media.sketchfab.com/models/a845a84b295c4f60a2bd8cf7c9e61d69/thumbnails/f270fabbb46e427b84dfc6d9db385222/921dedf73ed74d1fb10741756a43bf6b.jpeg",
        "height": 1080
      },
      {
        "uid": "0bdc6eb57b374951805ce96889122624",
        "size": 34430,
        "width": 1024,
        "url": "https://media.sketchfab.com/models/a845a84b295c4f60a2bd8cf7c9e61d69/thumbnails/f270fabbb46e427b84dfc6d9db385222/9eb7a0afc0df4a8897dc8e7308722b59.jpeg",
        "height": 576
      },
      {
        "uid": "724492f6a5694b9bb3805bb3151ce322",
        "size": 22715,
        "width": 720,
        "url": "https://media.sketchfab.com/models/a845a84b295c4f60a2bd8cf7c9e61d69/thumbnails/f270fabbb46e427b84dfc6d9db385222/7bfe5c31309e40eebe0d1fc43bc98b19.jpeg",
        "height": 405
      },
      {
        "uid": "dc91fe68179e4b85993e452e45970973",
        "size": 6454,
        "width": 256,
        "url": "https://media.sketchfab.com/models/a845a84b295c4f60a2bd8cf7c9e61d69/thumbnails/f270fabbb46e427b84dfc6d9db385222/2df8f829ffe745209a104ce176edaad4.jpeg",
        "height": 144
      },
      {
        "uid": "8b386bbff4804dfd836e05893789932c",
        "size": 1240,
        "width": 64,
        "url": "https://media.sketchfab.com/models/a845a84b295c4f60a2bd8cf7c9e61d69/thumbnails/f270fabbb46e427b84dfc6d9db385222/7a1dcf6628ce42fab0ac3602fa6d46ba.jpeg",
        "height": 36
      }
    ]
  },
  "user": {
    "uid": "6d8e2bc733db40cdad06a0874a87aa2f",
    "username": "EDIIIC",
    "displayName": "Ethan Cragun",
    "profileUrl": "https://sketchfab.com/EDIIIC",
    "account": "basic",
    "avatar": {
      "uri": "https://api.sketchfab.com/v3/avatars/fa76b928768546b39536e828ceb676fd",
      "images": [
        {
          "size": 5833,
          "width": 32,
          "url": "https://media.sketchfab.com/avatars/fa76b928768546b39536e828ceb676fd/b336473fc511440caea38d2b2eba527c.png",
          "height": 32
        },
        {
          "size": 8672,
          "width": 48,
          "url": "https://media.sketchfab.com/avatars/fa76b928768546b39536e828ceb676fd/b694d10adee745fc871e1fefb5a4d8ef.png",
          "height": 48
        },
        {
          "size": 20410,
          "width": 90,
          "url": "https://media.sketchfab.com/avatars/fa76b928768546b39536e828ceb676fd/85fc40d459654c30a1228f2cb6909127.png",
          "height": 90
        },
        {
          "size": 24214,
          "width": 100,
          "url": "https://media.sketchfab.com/avatars/fa76b928768546b39536e828ceb676fd/2e29d16b61094f2d8765987cf6c6b176.png",
          "height": 100
        }
      ]
    },
    "uri": "https://api.sketchfab.com/v3/users/6d8e2bc733db40cdad06a0874a87aa2f"
  },
  "description": "Roughly based off of Super Mario Brothers 3, levels 1-1 and 2-5, but with a slightly spookier twist because \"tis the season\".",
  "faceCount": 8700,
  "createdAt": "2018-08-26T00:05:27.106029",
  "vertexCount": 4498,
  "isAgeRestricted": false,
  "archives": {
    "glb": {
      "textureCount": 0,
      "size": 551452,
      "type": "glb",
      "textureMaxResolution": 0,
      "faceCount": 8700,
      "vertexCount": 13888
    },
    "gltf": {
      "textureCount": 0,
      "size": 154346,
      "type": "gltf",
      "textureMaxResolution": 0,
      "faceCount": 8700,
      "vertexCount": 13888
    },
    "source": {
      "textureCount": null,
      "size": 1625226,
      "type": "source",
      "textureMaxResolution": null,
      "faceCount": null,
      "vertexCount": null
    },
    "usdz": {
      "textureCount": null,
      "size": 343231,
      "type": "usdz",
      "textureMaxResolution": null,
      "faceCount": null,
      "vertexCount": null
    }
  },
  "license": "by"
}