{
  "uri": "https://api.sketchfab.com/v3/models/a846c978fad34ab3944acbde93dadaec",
  "uid": "a846c978fad34ab3944acbde93dadaec",
  "name": "Front And Rear Bumper 3d",
  "staffpickedAt": null,
  "viewCount": 30,
  "likeCount": 0,
  "animationCount": 0,
  "viewerUrl": "https://sketchfab.com/3d-models/a846c978fad34ab3944acbde93dadaec",
  "embedUrl": "https://sketchfab.com/models/a846c978fad34ab3944acbde93dadaec/embed",
  "commentCount": 0,
  "isDownloadable": true,
  "publishedAt": "2022-04-30T23:16:34.939191",
  "tags": [],
  "categories": [],
  "thumbnails": {
    "images": [
      {
        "uid": "86f7bf5275c143449b265f3e98402e8b",
        "size": 50218,
        "width": 1920,
        "url": "https://media.sketchfab.com/models/a846c978fad34ab3944acbde93dadaec/thumbnails/404effa5fccc4b24ac2f815713402348/85384a43bfc249a8ac6307a93155cb56.jpeg",
        "height": 1080
      },
      {
        "uid": "ba5d7def12bd4e5ba537999d19b23305",
        "size": 17925,
        "width": 1024,
        "url": "https://media.sketchfab.com/models/a846c978fad34ab3944acbde93dadaec/thumbnails/404effa5fccc4b24ac2f815713402348/02ebf15692be4f6e8cfa5b45e2a50e64.jpeg",
        "height": 576
      },
      {
        "uid": "7f993378246d45f187d80d18f54ef52b",
        "size": 10156,
        "width": 720,
        "url": "https://media.sketchfab.com/models/a846c978fad34ab3944acbde93dadaec/thumbnails/404effa5fccc4b24ac2f815713402348/c63467fd2d6b4c3a827b11504a5e1b81.jpeg",
        "height": 405
      },
      {
        "uid": "2b8aa36541a44246bb300ca5555b8ad7",
        "size": 2236,
        "width": 256,
        "url": "https://media.sketchfab.com/models/a846c978fad34ab3944acbde93dadaec/thumbnails/404effa5fccc4b24ac2f815713402348/0c723e580009400ba4e38e93578c2378.jpeg",
        "height": 144
      },
      {
        "uid": "a3725f9cc3b84797adbf88ed9374d7db",
        "size": 783,
        "width": 64,
        "url": "https://media.sketchfab.com/models/a846c978fad34ab3944acbde93dadaec/thumbnails/404effa5fccc4b24ac2f815713402348/09f8c61f04734c8c99b3df633e1f7787.jpeg",
        "height": 36
      }
    ]
  },
  "user": {
    "uid": "ce6385cf9c84452081223eea06de5782",
    "username": "rice129",
    "displayName": "rice129",
    "profileUrl": "https://sketchfab.com/rice129",
    "account": "basic",
    "avatar": {
      "uri": "https://api.sketchfab.com/v3/avatars/78fa317e46024a5283765aa34df5e508",
      "images": [
        {
          "size": 6421,
          "width": 100,
          "url": "https://media.sketchfab.com/avatars/78fa317e46024a5283765aa34df5e508/aec92fe9a74e499c98d759362cd7f02f.jpeg",
          "height": 100
        },
        {
          "size": 2518,
          "width": 48,
          "url": "https://media.sketchfab.com/avatars/78fa317e46024a5283765aa34df5e508/17fa177ffaa344a2b2fc8e78efd40fbb.jpeg",
          "height": 48
        },
        {
          "size": 5653,
          "width": 90,
          "url": "https://media.sketchfab.com/avatars/78fa317e46024a5283765aa34df5e508/02162695bdc840faa3bcb2d418309c5e.jpeg",
          "height": 90
        },
        {
          "size": 1350,
          "width": 32,
          "url": "https://media.sketchfab.com/avatars/78fa317e46024a5283765aa34df5e508/6fde876cbded4cd48d36a76029e3aa02.jpeg",
          "height": 32
        }
      ]
    },
    "uri": "https://api.sketchfab.com/v3/users/ce6385cf9c84452081223eea06de5782"
  },
  "description": "",
  "faceCount": 1696,
  "createdAt": "2022-04-30T23:15:49.048110",
  "vertexCount": 904,
  "isAgeRestricted": false,
  "archives": {
    "glb": {
      "textureCount": 0,
      "size": 82892,
      "type": "glb",
      "textureMaxResolution": 0,
      "faceCount": 1696,
      "vertexCount": 1872
    },
    "gltf": {
      "textureCount": 0,
      "size": 15913,
      "type": "gltf",
      "textureMaxResolution": 0,
      "faceCount": 1696,
      "vertexCount": 1872
    },
    "source": {
      "textureCount": null,
      "size": 181197,
      "type": "source",
      "textureMaxResolution": null,
      "faceCount": null,
      "vertexCount": null
    },
    "usdz": {
      "textureCount": null,
      "size": 48595,
      "type": "usdz",
      "textureMaxResolution": null,
      "faceCount": null,
      "vertexCount": null
    }
  },
  "license": "by"
}