{
  "uri": "https://api.sketchfab.com/v3/models/a84707fb5424451aa76801d42eb43405",
  "uid": "a84707fb5424451aa76801d42eb43405",
  "name": "DAKOTA_IV",
  "staffpickedAt": null,
  "viewCount": 3,
  "likeCount": 0,
  "animationCount": 0,
  "viewerUrl": "https://sketchfab.com/3d-models/a84707fb5424451aa76801d42eb43405",
  "embedUrl": "https://sketchfab.com/models/a84707fb5424451aa76801d42eb43405/embed",
  "commentCount": 0,
  "isDownloadable": true,
  "publishedAt": "2020-11-16T10:59:28.939171",
  "tags": [
    {
      "name": "pamir",
      "slug": "pamir",
      "uri": "https://api.sketchfab.com/v3/tags/pamir"
    }
  ],
  "categories": [],
  "thumbnails": {
    "images": [
      {
        "uid": "08e049d2721f47a38f5037bc9ee03634",
        "size": 74934,
        "width": 1920,
        "url": "https://media.sketchfab.com/models/a84707fb5424451aa76801d42eb43405/thumbnails/65aa8eb3a68d426d8b22f878ba9be01f/6c625dcab8ef41f1b06bebba81daee17.jpeg",
        "height": 1080
      },
      {
        "uid": "4e5fc5301da943b987119a9f9a8632e1",
        "size": 21894,
        "width": 1024,
        "url": "https://media.sketchfab.com/models/a84707fb5424451aa76801d42eb43405/thumbnails/65aa8eb3a68d426d8b22f878ba9be01f/db009995f87448e588bf7c9ee3cc9993.jpeg",
        "height": 576
      },
      {
        "uid": "62ae75124fa44ed19f26b3c8c7c5e28e",
        "size": 11369,
        "width": 720,
        "url": "https://media.sketchfab.com/models/a84707fb5424451aa76801d42eb43405/thumbnails/65aa8eb3a68d426d8b22f878ba9be01f/3a85b8dd45ad4031a0b233d7048add59.jpeg",
        "height": 405
      },
      {
        "uid": "0111fa899dcc4acbbd0055e7210e7dee",
        "size": 2060,
        "width": 256,
        "url": "https://media.sketchfab.com/models/a84707fb5424451aa76801d42eb43405/thumbnails/65aa8eb3a68d426d8b22f878ba9be01f/818840ea09d54cea9080ff831bd8c5fa.jpeg",
        "height": 144
      },
      {
        "uid": "435057b843a74b27bd6f9f1e121106cf",
        "size": 518,
        "width": 64,
        "url": "https://media.sketchfab.com/models/a84707fb5424451aa76801d42eb43405/thumbnails/65aa8eb3a68d426d8b22f878ba9be01f/95abe9a0195d4dd3af5cbe514d4b8424.jpeg",
        "height": 36
      }
    ]
  },
  "user": {
    "uid": "d9db7cceb3b249aab78171db48b4ea00",
    "username": "WiazaryGorski",
    "displayName": "WiazaryGorski",
    "profileUrl": "https://sketchfab.com/WiazaryGorski",
    "account": "basic",
    "avatar": {
      "uri": "https://api.sketchfab.com/v3/avatars/78fa317e46024a5283765aa34df5e508",
      "images": [
        {
          "size": 6421,
          "width": 100,
          "url": "https://media.sketchfab.com/avatars/78fa317e46024a5283765aa34df5e508/aec92fe9a74e499c98d759362cd7f02f.jpeg",
          "height": 100
        },
        {
          "size": 2518,
          "width": 48,
          "url": "https://media.sketchfab.com/avatars/78fa317e46024a5283765aa34df5e508/17fa177ffaa344a2b2fc8e78efd40fbb.jpeg",
          "height": 48
        },
        {
          "size": 5653,
          "width": 90,
          "url": "https://media.sketchfab.com/avatars/78fa317e46024a5283765aa34df5e508/02162695bdc840faa3bcb2d418309c5e.jpeg",
          "height": 90
        },
        {
          "size": 1350,
          "width": 32,
          "url": "https://media.sketchfab.com/avatars/78fa317e46024a5283765aa34df5e508/6fde876cbded4cd48d36a76029e3aa02.jpeg",
          "height": 32
        }
      ]
    },
    "uri": "https://api.sketchfab.com/v3/users/d9db7cceb3b249aab78171db48b4ea00"
  },
  "description": "Building exported from Pamir.",
  "faceCount": 9243,
  "createdAt": "2020-11-16T10:52:30.547422",
  "vertexCount": 6848,
  "isAgeRestricted": false,
  "archives": {
    "glb": {
      "textureCount": 8,
      "size": 1034508,
      "type": "glb",
      "textureMaxResolution": 512,
      "faceCount": 9227,
      "vertexCount": 17559
    },
    "gltf": {
      "textureCount": 8,
      "size": 468057,
      "type": "gltf",
      "textureMaxResolution": 512,
      "faceCount": 9227,
      "vertexCount": 17559
    },
    "source": {
      "textureCount": null,
      "size": 968430,
      "type": "source",
      "textureMaxResolution": null,
      "faceCount": null,
      "vertexCount": null
    },
    "usdz": {
      "textureCount": null,
      "size": 927607,
      "type": "usdz",
      "textureMaxResolution": null,
      "faceCount": null,
      "vertexCount": null
    }
  },
  "license": "by"
}