{
  "uri": "https://api.sketchfab.com/v3/models/a8472400cdb6424c86ffeb93701320fb",
  "uid": "a8472400cdb6424c86ffeb93701320fb",
  "name": "CityPlace Schooner Caulking Iron 1",
  "staffpickedAt": null,
  "viewCount": 6,
  "likeCount": 2,
  "animationCount": 0,
  "viewerUrl": "https://sketchfab.com/3d-models/a8472400cdb6424c86ffeb93701320fb",
  "embedUrl": "https://sketchfab.com/models/a8472400cdb6424c86ffeb93701320fb/embed",
  "commentCount": 0,
  "isDownloadable": true,
  "publishedAt": "2020-01-19T21:33:37.361989",
  "tags": [
    {
      "name": "nautical",
      "slug": "nautical",
      "uri": "https://api.sketchfab.com/v3/tags/nautical"
    },
    {
      "name": "tamu",
      "slug": "tamu",
      "uri": "https://api.sketchfab.com/v3/tags/tamu"
    },
    {
      "name": "fortyork",
      "slug": "fortyork",
      "uri": "https://api.sketchfab.com/v3/tags/fortyork"
    },
    {
      "name": "cityplaceschooner",
      "slug": "cityplaceschooner",
      "uri": "https://api.sketchfab.com/v3/tags/cityplaceschooner"
    },
    {
      "name": "archaeology",
      "slug": "archaeology",
      "uri": "https://api.sketchfab.com/v3/tags/archaeology"
    }
  ],
  "categories": [
    {
      "name": "cultural-heritage-history"
    }
  ],
  "thumbnails": {
    "images": [
      {
        "uid": "2bc02fa589854c94a9533869406c542f",
        "size": 32073,
        "width": 1920,
        "url": "https://media.sketchfab.com/models/a8472400cdb6424c86ffeb93701320fb/thumbnails/b3510233c4b24b31a1173ebbb3fd6202/31f238805288493199e8e24480ca0402.jpeg",
        "height": 1080
      },
      {
        "uid": "51839f30ba98420dbc00bca0f5db4cf4",
        "size": 11009,
        "width": 1024,
        "url": "https://media.sketchfab.com/models/a8472400cdb6424c86ffeb93701320fb/thumbnails/b3510233c4b24b31a1173ebbb3fd6202/01566021c4eb46dda4b5339829265802.jpeg",
        "height": 576
      },
      {
        "uid": "37b8807bda67411b8ef326f00a0c384d",
        "size": 6648,
        "width": 720,
        "url": "https://media.sketchfab.com/models/a8472400cdb6424c86ffeb93701320fb/thumbnails/b3510233c4b24b31a1173ebbb3fd6202/fb93ee48bfd044febce6cb2f5112534b.jpeg",
        "height": 405
      },
      {
        "uid": "f12ebe4a6b6144bcb0fd5f164fe2bc35",
        "size": 1681,
        "width": 256,
        "url": "https://media.sketchfab.com/models/a8472400cdb6424c86ffeb93701320fb/thumbnails/b3510233c4b24b31a1173ebbb3fd6202/eb2dba095cea4495bf0ce2a5f8fcc052.jpeg",
        "height": 144
      },
      {
        "uid": "8cd332e0322746f89e4eabe797c5a142",
        "size": 549,
        "width": 64,
        "url": "https://media.sketchfab.com/models/a8472400cdb6424c86ffeb93701320fb/thumbnails/b3510233c4b24b31a1173ebbb3fd6202/01201cdcd5dd47078d29f69a44fc3397.jpeg",
        "height": 36
      }
    ]
  },
  "user": {
    "uid": "c02ac5b0f0a54eba8b700d3b27c10e01",
    "username": "jherbst",
    "displayName": "jherbst",
    "profileUrl": "https://sketchfab.com/jherbst",
    "account": "basic",
    "avatar": {
      "uri": "https://api.sketchfab.com/v3/avatars/3ef1bd11d3eb4b57a0b353e8f2e5fc3e",
      "images": [
        {
          "size": 680,
          "width": 32,
          "url": "https://media.sketchfab.com/avatars/3ef1bd11d3eb4b57a0b353e8f2e5fc3e/116042a0854e40538adab302b593683d.jpeg",
          "height": 32
        },
        {
          "size": 1253,
          "width": 48,
          "url": "https://media.sketchfab.com/avatars/3ef1bd11d3eb4b57a0b353e8f2e5fc3e/efea16be51d04eb7a00cb9ea0b43b87f.jpeg",
          "height": 48
        },
        {
          "size": 2797,
          "width": 90,
          "url": "https://media.sketchfab.com/avatars/3ef1bd11d3eb4b57a0b353e8f2e5fc3e/ac9b469ccec74caf923a81fb2f0be3ed.jpeg",
          "height": 90
        },
        {
          "size": 3215,
          "width": 100,
          "url": "https://media.sketchfab.com/avatars/3ef1bd11d3eb4b57a0b353e8f2e5fc3e/a075e1d43d2f446c949b5967b470c757.jpeg",
          "height": 100
        }
      ]
    },
    "uri": "https://api.sketchfab.com/v3/users/c02ac5b0f0a54eba8b700d3b27c10e01"
  },
  "description": "This is a photogrammetric model of a caulking iron found in 2015 in downtown Toronto by Archaeological Services, Inc. during its excavation of the CityPlace schooner, an early 19th-century merchant vessel. It was discovered near the keel towards the stern of the wreck. It would have been used to drive caulking into the seams of the vessel. The wreck is currently located at the Fort York National Historic Site and is the subject of an archaeological study by scholars from the Nautical Archaeology Program at Texas A&M University.",
  "faceCount": 553281,
  "createdAt": "2020-01-19T21:32:10.688249",
  "vertexCount": 291544,
  "isAgeRestricted": false,
  "archives": {
    "glb": {
      "textureCount": 2,
      "size": 22064520,
      "type": "glb",
      "textureMaxResolution": 4096,
      "faceCount": 553255,
      "vertexCount": 338387
    },
    "gltf": {
      "textureCount": 2,
      "size": 15637821,
      "type": "gltf",
      "textureMaxResolution": 4096,
      "faceCount": 553255,
      "vertexCount": 338387
    },
    "source": {
      "textureCount": null,
      "size": 13437320,
      "type": "source",
      "textureMaxResolution": null,
      "faceCount": null,
      "vertexCount": null
    },
    "usdz": {
      "textureCount": null,
      "size": 13278884,
      "type": "usdz",
      "textureMaxResolution": null,
      "faceCount": null,
      "vertexCount": null
    }
  },
  "license": "by"
}