{
  "uri": "https://api.sketchfab.com/v3/models/a84b6b412fd844878a8c834a4c9bfd50",
  "uid": "a84b6b412fd844878a8c834a4c9bfd50",
  "name": "81279800",
  "staffpickedAt": null,
  "viewCount": 1,
  "likeCount": 0,
  "animationCount": 0,
  "viewerUrl": "https://sketchfab.com/3d-models/a84b6b412fd844878a8c834a4c9bfd50",
  "embedUrl": "https://sketchfab.com/models/a84b6b412fd844878a8c834a4c9bfd50/embed",
  "commentCount": 0,
  "isDownloadable": true,
  "publishedAt": "2022-01-09T19:38:50.079352",
  "tags": [],
  "categories": [],
  "thumbnails": {
    "images": [
      {
        "uid": "d2c89a9637264b2e9494f3a5911943d2",
        "size": 106658,
        "width": 1920,
        "url": "https://media.sketchfab.com/models/a84b6b412fd844878a8c834a4c9bfd50/thumbnails/5ce7561f6cee4ebd902fd5cae5cc732d/26c3684b4a0e45fab6916822eb515c78.jpeg",
        "height": 1080
      },
      {
        "uid": "1d478086515c42bdb72dd8caf2ec0423",
        "size": 35904,
        "width": 1024,
        "url": "https://media.sketchfab.com/models/a84b6b412fd844878a8c834a4c9bfd50/thumbnails/5ce7561f6cee4ebd902fd5cae5cc732d/439fcc1329ea4ec89a895d86b979bef1.jpeg",
        "height": 576
      },
      {
        "uid": "a8fed28abdc2441b8d1a48767fe33730",
        "size": 20636,
        "width": 720,
        "url": "https://media.sketchfab.com/models/a84b6b412fd844878a8c834a4c9bfd50/thumbnails/5ce7561f6cee4ebd902fd5cae5cc732d/20daf83ad43d4492ab9bf039e90a5216.jpeg",
        "height": 405
      },
      {
        "uid": "be12bef15ef142baa056b22b727ab85a",
        "size": 4047,
        "width": 256,
        "url": "https://media.sketchfab.com/models/a84b6b412fd844878a8c834a4c9bfd50/thumbnails/5ce7561f6cee4ebd902fd5cae5cc732d/0f1ff3f4e8b54687aaf83fda54c7ea5a.jpeg",
        "height": 144
      },
      {
        "uid": "a481800d5a944181acc845df9dbe6af0",
        "size": 1049,
        "width": 64,
        "url": "https://media.sketchfab.com/models/a84b6b412fd844878a8c834a4c9bfd50/thumbnails/5ce7561f6cee4ebd902fd5cae5cc732d/4eedb22d68f24aa2ad776f834d214653.jpeg",
        "height": 36
      }
    ]
  },
  "user": {
    "uid": "b1e3b9d6654d488f8d492b8f81f0bb2f",
    "username": "GeneralCreed",
    "displayName": "GeneralCreed",
    "profileUrl": "https://sketchfab.com/GeneralCreed",
    "account": "basic",
    "avatar": {
      "uri": "https://api.sketchfab.com/v3/avatars/aaeb57fa33df4d26bd24d5f28b3f259a",
      "images": [
        {
          "size": 789,
          "width": 32,
          "url": "https://media.sketchfab.com/avatars/aaeb57fa33df4d26bd24d5f28b3f259a/977a207e3e404c058392c2bf951efef8.jpeg",
          "height": 32
        },
        {
          "size": 924,
          "width": 48,
          "url": "https://media.sketchfab.com/avatars/aaeb57fa33df4d26bd24d5f28b3f259a/733a3ddcb2114819ae1a87578bb6b2dd.jpeg",
          "height": 48
        },
        {
          "size": 1449,
          "width": 90,
          "url": "https://media.sketchfab.com/avatars/aaeb57fa33df4d26bd24d5f28b3f259a/fc13ab94ecfd47fb8a8305ac52d063da.jpeg",
          "height": 90
        },
        {
          "size": 1633,
          "width": 100,
          "url": "https://media.sketchfab.com/avatars/aaeb57fa33df4d26bd24d5f28b3f259a/0bd661ce58184d609a221829742adda4.jpeg",
          "height": 100
        }
      ]
    },
    "uri": "https://api.sketchfab.com/v3/users/b1e3b9d6654d488f8d492b8f81f0bb2f"
  },
  "description": "",
  "faceCount": 764,
  "createdAt": "2022-01-09T19:38:40.911450",
  "vertexCount": 396,
  "isAgeRestricted": false,
  "archives": {
    "glb": {
      "textureCount": 4,
      "size": 6060024,
      "type": "glb",
      "textureMaxResolution": 2048,
      "faceCount": 764,
      "vertexCount": 788
    },
    "gltf": {
      "textureCount": 4,
      "size": 6008982,
      "type": "gltf",
      "textureMaxResolution": 2048,
      "faceCount": 764,
      "vertexCount": 788
    },
    "gltf-ar": {
      "textureCount": null,
      "size": 9193,
      "type": "gltf-ar",
      "textureMaxResolution": null,
      "faceCount": null,
      "vertexCount": null
    },
    "source": {
      "textureCount": null,
      "size": 10974793,
      "type": "source",
      "textureMaxResolution": null,
      "faceCount": null,
      "vertexCount": null
    },
    "usdz": {
      "textureCount": null,
      "size": 1950220,
      "type": "usdz",
      "textureMaxResolution": null,
      "faceCount": null,
      "vertexCount": null
    }
  },
  "license": "by"
}