{
  "uri": "https://api.sketchfab.com/v3/models/a8521120ed6d414faacc13987fab8bb8",
  "uid": "a8521120ed6d414faacc13987fab8bb8",
  "name": "Harrell0314 Body",
  "staffpickedAt": null,
  "viewCount": 12,
  "likeCount": 0,
  "animationCount": 0,
  "viewerUrl": "https://sketchfab.com/3d-models/a8521120ed6d414faacc13987fab8bb8",
  "embedUrl": "https://sketchfab.com/models/a8521120ed6d414faacc13987fab8bb8/embed",
  "commentCount": 0,
  "isDownloadable": true,
  "publishedAt": "2022-02-16T13:41:03.014581",
  "tags": [],
  "categories": [],
  "thumbnails": {
    "images": [
      {
        "uid": "06910bfe8aba44a2a5208dcc1aab75db",
        "size": 45001,
        "width": 1920,
        "url": "https://media.sketchfab.com/models/a8521120ed6d414faacc13987fab8bb8/thumbnails/e7952159790846b08eb4aa582e54aad2/f086642aa66f4b21b1c71e754a558735.jpeg",
        "height": 1080
      },
      {
        "uid": "de4dd191dcdb47d8838a354a1cf344f8",
        "size": 14820,
        "width": 1024,
        "url": "https://media.sketchfab.com/models/a8521120ed6d414faacc13987fab8bb8/thumbnails/e7952159790846b08eb4aa582e54aad2/ed78f2e362d14e148d1ba3aa732f84c6.jpeg",
        "height": 576
      },
      {
        "uid": "eadcfd40bf104d3ab6dbd5a9452ed57c",
        "size": 8557,
        "width": 720,
        "url": "https://media.sketchfab.com/models/a8521120ed6d414faacc13987fab8bb8/thumbnails/e7952159790846b08eb4aa582e54aad2/ce36d2b7ac394beaa2d14f5c08d025e7.jpeg",
        "height": 405
      },
      {
        "uid": "a9aebc36ca0a4887ab62c0f7bcf2a507",
        "size": 2062,
        "width": 256,
        "url": "https://media.sketchfab.com/models/a8521120ed6d414faacc13987fab8bb8/thumbnails/e7952159790846b08eb4aa582e54aad2/312c5b816a334ad1866709e8df903b30.jpeg",
        "height": 144
      },
      {
        "uid": "ffcd5612c33f4976ae8fd956b7a849b8",
        "size": 813,
        "width": 64,
        "url": "https://media.sketchfab.com/models/a8521120ed6d414faacc13987fab8bb8/thumbnails/e7952159790846b08eb4aa582e54aad2/fbd2119b67254a16b41b04ab1c271fdb.jpeg",
        "height": 36
      }
    ]
  },
  "user": {
    "uid": "568e63cdbb7b4ffb8f0bfc9bc039f84c",
    "username": "304326",
    "displayName": "304326",
    "profileUrl": "https://sketchfab.com/304326",
    "account": "basic",
    "avatar": {
      "uri": "https://api.sketchfab.com/v3/avatars/3ef1bd11d3eb4b57a0b353e8f2e5fc3e",
      "images": [
        {
          "size": 680,
          "width": 32,
          "url": "https://media.sketchfab.com/avatars/3ef1bd11d3eb4b57a0b353e8f2e5fc3e/116042a0854e40538adab302b593683d.jpeg",
          "height": 32
        },
        {
          "size": 1253,
          "width": 48,
          "url": "https://media.sketchfab.com/avatars/3ef1bd11d3eb4b57a0b353e8f2e5fc3e/efea16be51d04eb7a00cb9ea0b43b87f.jpeg",
          "height": 48
        },
        {
          "size": 2797,
          "width": 90,
          "url": "https://media.sketchfab.com/avatars/3ef1bd11d3eb4b57a0b353e8f2e5fc3e/ac9b469ccec74caf923a81fb2f0be3ed.jpeg",
          "height": 90
        },
        {
          "size": 3215,
          "width": 100,
          "url": "https://media.sketchfab.com/avatars/3ef1bd11d3eb4b57a0b353e8f2e5fc3e/a075e1d43d2f446c949b5967b470c757.jpeg",
          "height": 100
        }
      ]
    },
    "uri": "https://api.sketchfab.com/v3/users/568e63cdbb7b4ffb8f0bfc9bc039f84c"
  },
  "description": "",
  "faceCount": 256826,
  "createdAt": "2022-02-16T13:40:12.321313",
  "vertexCount": 128420,
  "isAgeRestricted": false,
  "archives": {
    "glb": {
      "textureCount": 0,
      "size": 15400540,
      "type": "glb",
      "textureMaxResolution": 0,
      "faceCount": 256826,
      "vertexCount": 512585
    },
    "gltf": {
      "textureCount": 0,
      "size": 4506454,
      "type": "gltf",
      "textureMaxResolution": 0,
      "faceCount": 256826,
      "vertexCount": 512585
    },
    "source": {
      "textureCount": null,
      "size": 12329118,
      "type": "source",
      "textureMaxResolution": null,
      "faceCount": null,
      "vertexCount": null
    },
    "usdz": {
      "textureCount": null,
      "size": 12312837,
      "type": "usdz",
      "textureMaxResolution": null,
      "faceCount": null,
      "vertexCount": null
    }
  },
  "license": "by"
}