{
  "uri": "https://api.sketchfab.com/v3/models/a856d89ec2214643885ae81077eb34ec",
  "uid": "a856d89ec2214643885ae81077eb34ec",
  "name": "Growbox",
  "staffpickedAt": null,
  "viewCount": 75,
  "likeCount": 0,
  "animationCount": 0,
  "viewerUrl": "https://sketchfab.com/3d-models/a856d89ec2214643885ae81077eb34ec",
  "embedUrl": "https://sketchfab.com/models/a856d89ec2214643885ae81077eb34ec/embed",
  "commentCount": 0,
  "isDownloadable": true,
  "publishedAt": "2020-01-20T09:16:03.236504",
  "tags": [
    {
      "name": "box",
      "slug": "box",
      "uri": "https://api.sketchfab.com/v3/tags/box"
    }
  ],
  "categories": [
    {
      "name": "nature-plants"
    }
  ],
  "thumbnails": {
    "images": [
      {
        "uid": "5a43414bfec24fbd944014ebe6b0439f",
        "size": 27739,
        "width": 1920,
        "url": "https://media.sketchfab.com/models/a856d89ec2214643885ae81077eb34ec/thumbnails/271cd190fea14c999a18471ecb6636e7/02873ca6b928443d80a6142cfbd49431.jpeg",
        "height": 1080
      },
      {
        "uid": "88ce0439f94d414ea08e2f7033ca01b3",
        "size": 10212,
        "width": 1024,
        "url": "https://media.sketchfab.com/models/a856d89ec2214643885ae81077eb34ec/thumbnails/271cd190fea14c999a18471ecb6636e7/4fd07f54e969407e977942171f365e92.jpeg",
        "height": 576
      },
      {
        "uid": "5e14f27a814f4702a035aa5da64d5a95",
        "size": 6315,
        "width": 720,
        "url": "https://media.sketchfab.com/models/a856d89ec2214643885ae81077eb34ec/thumbnails/271cd190fea14c999a18471ecb6636e7/bcbc1ac9b2774b00a2021a9db353c497.jpeg",
        "height": 405
      },
      {
        "uid": "2a792a2a33a64faebf3b9bd46467a06d",
        "size": 1810,
        "width": 256,
        "url": "https://media.sketchfab.com/models/a856d89ec2214643885ae81077eb34ec/thumbnails/271cd190fea14c999a18471ecb6636e7/3c92a19d30d044a184af1df1f404d04a.jpeg",
        "height": 144
      },
      {
        "uid": "c916863131064b038d3e67f8df42e4d7",
        "size": 532,
        "width": 64,
        "url": "https://media.sketchfab.com/models/a856d89ec2214643885ae81077eb34ec/thumbnails/271cd190fea14c999a18471ecb6636e7/e72a40197c3747c4983033fb693976a3.jpeg",
        "height": 36
      }
    ]
  },
  "user": {
    "uid": "537ca26ebc4a4ba3a647435df4a1f885",
    "username": "aryadovoy",
    "displayName": "aryadovoy",
    "profileUrl": "https://sketchfab.com/aryadovoy",
    "account": "basic",
    "avatar": {
      "uri": "https://api.sketchfab.com/v3/avatars/3ef1bd11d3eb4b57a0b353e8f2e5fc3e",
      "images": [
        {
          "size": 680,
          "width": 32,
          "url": "https://media.sketchfab.com/avatars/3ef1bd11d3eb4b57a0b353e8f2e5fc3e/116042a0854e40538adab302b593683d.jpeg",
          "height": 32
        },
        {
          "size": 1253,
          "width": 48,
          "url": "https://media.sketchfab.com/avatars/3ef1bd11d3eb4b57a0b353e8f2e5fc3e/efea16be51d04eb7a00cb9ea0b43b87f.jpeg",
          "height": 48
        },
        {
          "size": 2797,
          "width": 90,
          "url": "https://media.sketchfab.com/avatars/3ef1bd11d3eb4b57a0b353e8f2e5fc3e/ac9b469ccec74caf923a81fb2f0be3ed.jpeg",
          "height": 90
        },
        {
          "size": 3215,
          "width": 100,
          "url": "https://media.sketchfab.com/avatars/3ef1bd11d3eb4b57a0b353e8f2e5fc3e/a075e1d43d2f446c949b5967b470c757.jpeg",
          "height": 100
        }
      ]
    },
    "uri": "https://api.sketchfab.com/v3/users/537ca26ebc4a4ba3a647435df4a1f885"
  },
  "description": "",
  "faceCount": 444,
  "createdAt": "2020-01-20T09:12:28.460166",
  "vertexCount": 236,
  "isAgeRestricted": false,
  "archives": {
    "glb": {
      "textureCount": 0,
      "size": 103860,
      "type": "glb",
      "textureMaxResolution": 0,
      "faceCount": 444,
      "vertexCount": 708
    },
    "gltf": {
      "textureCount": 0,
      "size": 9465,
      "type": "gltf",
      "textureMaxResolution": 0,
      "faceCount": 444,
      "vertexCount": 708
    },
    "source": {
      "textureCount": null,
      "size": 76862,
      "type": "source",
      "textureMaxResolution": null,
      "faceCount": null,
      "vertexCount": null
    },
    "usdz": {
      "textureCount": null,
      "size": 22431,
      "type": "usdz",
      "textureMaxResolution": null,
      "faceCount": null,
      "vertexCount": null
    }
  },
  "license": "by"
}