{
  "uri": "https://api.sketchfab.com/v3/models/a85c5f651cd446f68121ed0f00993ec5",
  "uid": "a85c5f651cd446f68121ed0f00993ec5",
  "name": "Game of Thrones Tormunds Falchion",
  "staffpickedAt": null,
  "viewCount": 397,
  "likeCount": 20,
  "animationCount": 0,
  "viewerUrl": "https://sketchfab.com/3d-models/a85c5f651cd446f68121ed0f00993ec5",
  "embedUrl": "https://sketchfab.com/models/a85c5f651cd446f68121ed0f00993ec5/embed",
  "commentCount": 1,
  "isDownloadable": true,
  "publishedAt": "2019-02-07T19:34:06.802610",
  "tags": [
    {
      "name": "gameofthrones",
      "slug": "gameofthrones",
      "uri": "https://api.sketchfab.com/v3/tags/gameofthrones"
    },
    {
      "name": "warband",
      "slug": "warband",
      "uri": "https://api.sketchfab.com/v3/tags/warband"
    },
    {
      "name": "wildlife",
      "slug": "wildlife",
      "uri": "https://api.sketchfab.com/v3/tags/wildlife"
    },
    {
      "name": "falchion",
      "slug": "falchion",
      "uri": "https://api.sketchfab.com/v3/tags/falchion"
    },
    {
      "name": "mountandblade",
      "slug": "mountandblade",
      "uri": "https://api.sketchfab.com/v3/tags/mountandblade"
    },
    {
      "name": "tormund",
      "slug": "tormund",
      "uri": "https://api.sketchfab.com/v3/tags/tormund"
    },
    {
      "name": "lowpoly",
      "slug": "lowpoly",
      "uri": "https://api.sketchfab.com/v3/tags/lowpoly"
    },
    {
      "name": "free",
      "slug": "free",
      "uri": "https://api.sketchfab.com/v3/tags/free"
    },
    {
      "name": "acok",
      "slug": "acok",
      "uri": "https://api.sketchfab.com/v3/tags/acok"
    }
  ],
  "categories": [
    {
      "name": "weapons-military"
    }
  ],
  "thumbnails": {
    "images": [
      {
        "uid": "62afa9f511c647e4b9914625bdace43d",
        "size": 126660,
        "width": 1920,
        "url": "https://media.sketchfab.com/models/a85c5f651cd446f68121ed0f00993ec5/thumbnails/a27916f29c324382816f1270bab7031a/97ce64503b1d4632a5d23233e17dcab7.jpeg",
        "height": 1080
      },
      {
        "uid": "ae6b263ab3de40e58145bbf801d168bf",
        "size": 26731,
        "width": 1024,
        "url": "https://media.sketchfab.com/models/a85c5f651cd446f68121ed0f00993ec5/thumbnails/a27916f29c324382816f1270bab7031a/7226021b4bce46e9a9e8e26696049568.jpeg",
        "height": 576
      },
      {
        "uid": "92260de87112424c8dc8241dc1e9fb68",
        "size": 12986,
        "width": 720,
        "url": "https://media.sketchfab.com/models/a85c5f651cd446f68121ed0f00993ec5/thumbnails/a27916f29c324382816f1270bab7031a/c843c40b00f24804a83ec29240aea451.jpeg",
        "height": 405
      },
      {
        "uid": "71a44401b23a474bb14a85bc12862a1e",
        "size": 2335,
        "width": 256,
        "url": "https://media.sketchfab.com/models/a85c5f651cd446f68121ed0f00993ec5/thumbnails/a27916f29c324382816f1270bab7031a/008b89b709a84fa591bdc0e5c2523946.jpeg",
        "height": 144
      },
      {
        "uid": "3f4597c0628047de96cf226929da8977",
        "size": 546,
        "width": 64,
        "url": "https://media.sketchfab.com/models/a85c5f651cd446f68121ed0f00993ec5/thumbnails/a27916f29c324382816f1270bab7031a/a52b46f3e64a41ef80973ef763c59e0b.jpeg",
        "height": 36
      }
    ]
  },
  "user": {
    "uid": "79b4998fcdd844dbabb76a556bc02342",
    "username": "avelium",
    "displayName": "avelium",
    "profileUrl": "https://sketchfab.com/avelium",
    "account": "basic",
    "avatar": {
      "uri": "https://api.sketchfab.com/v3/avatars/f5e178f6669f43368a611904733982dd",
      "images": [
        {
          "size": 613,
          "width": 32,
          "url": "https://media.sketchfab.com/avatars/f5e178f6669f43368a611904733982dd/bd67bed9962742a78c31891c74b35362.jpeg",
          "height": 32
        },
        {
          "size": 872,
          "width": 48,
          "url": "https://media.sketchfab.com/avatars/f5e178f6669f43368a611904733982dd/d10ac56012e34145b4935a7d35ae0e1b.jpeg",
          "height": 48
        },
        {
          "size": 1831,
          "width": 90,
          "url": "https://media.sketchfab.com/avatars/f5e178f6669f43368a611904733982dd/5a3e3cd865fb48ad82d5883e4cc8cce1.jpeg",
          "height": 90
        },
        {
          "size": 2081,
          "width": 100,
          "url": "https://media.sketchfab.com/avatars/f5e178f6669f43368a611904733982dd/5ef39d868a35488daae28613c0d2590d.jpeg",
          "height": 100
        }
      ]
    },
    "uri": "https://api.sketchfab.com/v3/users/79b4998fcdd844dbabb76a556bc02342"
  },
  "description": "Game of Thrones Tormund's Falchion. Made for a M&B Warband mod A Clash of Kings\nhttps://www.moddb.com/mods/a-clash-of-kings",
  "faceCount": 1810,
  "createdAt": "2019-02-07T19:22:28.839451",
  "vertexCount": 913,
  "isAgeRestricted": false,
  "archives": {
    "glb": {
      "textureCount": 3,
      "size": 47887592,
      "type": "glb",
      "textureMaxResolution": 4096,
      "faceCount": 1810,
      "vertexCount": 1082
    },
    "gltf": {
      "textureCount": 3,
      "size": 47820981,
      "type": "gltf",
      "textureMaxResolution": 4096,
      "faceCount": 1810,
      "vertexCount": 1082
    },
    "source": {
      "textureCount": null,
      "size": 73092168,
      "type": "source",
      "textureMaxResolution": null,
      "faceCount": null,
      "vertexCount": null
    },
    "usdz": {
      "textureCount": null,
      "size": 6141002,
      "type": "usdz",
      "textureMaxResolution": null,
      "faceCount": null,
      "vertexCount": null
    }
  },
  "license": "by"
}