{
  "uri": "https://api.sketchfab.com/v3/models/a864a382370642669028bdc399b498b5",
  "uid": "a864a382370642669028bdc399b498b5",
  "name": "T19WG",
  "staffpickedAt": null,
  "viewCount": 27,
  "likeCount": 0,
  "animationCount": 0,
  "viewerUrl": "https://sketchfab.com/3d-models/a864a382370642669028bdc399b498b5",
  "embedUrl": "https://sketchfab.com/models/a864a382370642669028bdc399b498b5/embed",
  "commentCount": 0,
  "isDownloadable": true,
  "publishedAt": "2020-05-06T10:28:46.092200",
  "tags": [
    {
      "name": "stair",
      "slug": "stair",
      "uri": "https://api.sketchfab.com/v3/tags/stair"
    },
    {
      "name": "staircase",
      "slug": "staircase",
      "uri": "https://api.sketchfab.com/v3/tags/staircase"
    },
    {
      "name": "staircon",
      "slug": "staircon",
      "uri": "https://api.sketchfab.com/v3/tags/staircon"
    }
  ],
  "categories": [],
  "thumbnails": {
    "images": [
      {
        "uid": "510cf218a2a7465fac2b89d643f0c6e4",
        "size": 80361,
        "width": 1920,
        "url": "https://media.sketchfab.com/models/a864a382370642669028bdc399b498b5/thumbnails/28bc703189134ddcb6d74a94eab86731/66a60a1ea2fb402e8257be179d1c08cb.jpeg",
        "height": 1080
      },
      {
        "uid": "747e6b65816043c58abb8951a7da45c8",
        "size": 24203,
        "width": 1024,
        "url": "https://media.sketchfab.com/models/a864a382370642669028bdc399b498b5/thumbnails/28bc703189134ddcb6d74a94eab86731/15626d378e9d41f8a15649f2e8ca4979.jpeg",
        "height": 576
      },
      {
        "uid": "596c4520fd3647dc98e8ca1873bf41c2",
        "size": 13280,
        "width": 720,
        "url": "https://media.sketchfab.com/models/a864a382370642669028bdc399b498b5/thumbnails/28bc703189134ddcb6d74a94eab86731/d2d5d228c037413fa3fdef7a80e522b6.jpeg",
        "height": 405
      },
      {
        "uid": "372a1d08a66844abaf42c7debd206b2d",
        "size": 2095,
        "width": 256,
        "url": "https://media.sketchfab.com/models/a864a382370642669028bdc399b498b5/thumbnails/28bc703189134ddcb6d74a94eab86731/26cd53dd66a84fa69a7f29e822597773.jpeg",
        "height": 144
      },
      {
        "uid": "ca3545fa26d34bf18a9383f8b9e4df7b",
        "size": 532,
        "width": 64,
        "url": "https://media.sketchfab.com/models/a864a382370642669028bdc399b498b5/thumbnails/28bc703189134ddcb6d74a94eab86731/052f3457215e42bea340531c82064226.jpeg",
        "height": 36
      }
    ]
  },
  "user": {
    "uid": "d8b51b953c984874a7ec00ca591af042",
    "username": "paul7732",
    "displayName": "Excel Stairs Ltd",
    "profileUrl": "https://sketchfab.com/paul7732",
    "account": "pro",
    "avatar": {
      "uri": "https://api.sketchfab.com/v3/avatars/eee34b95422246e79c58edc9d8732fc0",
      "images": [
        {
          "size": 727,
          "width": 32,
          "url": "https://media.sketchfab.com/avatars/eee34b95422246e79c58edc9d8732fc0/df67064dede5474d930ceee952d62ea9.jpeg",
          "height": 32
        },
        {
          "size": 1168,
          "width": 48,
          "url": "https://media.sketchfab.com/avatars/eee34b95422246e79c58edc9d8732fc0/697049e3e52e41298204eeb00d03941b.jpeg",
          "height": 48
        },
        {
          "size": 2844,
          "width": 90,
          "url": "https://media.sketchfab.com/avatars/eee34b95422246e79c58edc9d8732fc0/edc0effeb6474f14a579d3b9ef8f886d.jpeg",
          "height": 90
        },
        {
          "size": 3376,
          "width": 100,
          "url": "https://media.sketchfab.com/avatars/eee34b95422246e79c58edc9d8732fc0/fe57bcfc75eb45e4b47b08170a47bd96.jpeg",
          "height": 100
        }
      ]
    },
    "uri": "https://api.sketchfab.com/v3/users/d8b51b953c984874a7ec00ca591af042"
  },
  "description": "http://staircon.com/ <br>Export by <b>Excel Stairs Ltd</b> (lic 6268)",
  "faceCount": 50662,
  "createdAt": "2020-05-06T10:23:43.926632",
  "vertexCount": 19720,
  "isAgeRestricted": false,
  "archives": {
    "glb": {
      "textureCount": 3,
      "size": 2253444,
      "type": "glb",
      "textureMaxResolution": 256,
      "faceCount": 49214,
      "vertexCount": 48255
    },
    "gltf": {
      "textureCount": 3,
      "size": 733361,
      "type": "gltf",
      "textureMaxResolution": 256,
      "faceCount": 49214,
      "vertexCount": 48255
    },
    "source": {
      "textureCount": null,
      "size": 1094814,
      "type": "source",
      "textureMaxResolution": null,
      "faceCount": null,
      "vertexCount": null
    },
    "usdz": {
      "textureCount": null,
      "size": 1535701,
      "type": "usdz",
      "textureMaxResolution": null,
      "faceCount": null,
      "vertexCount": null
    }
  },
  "license": "by"
}