{
  "uri": "https://api.sketchfab.com/v3/models/a8654f95c4204dd48ce606b8d612c7fb",
  "uid": "a8654f95c4204dd48ce606b8d612c7fb",
  "name": "C4 Board",
  "staffpickedAt": null,
  "viewCount": 199,
  "likeCount": 6,
  "animationCount": 0,
  "viewerUrl": "https://sketchfab.com/3d-models/a8654f95c4204dd48ce606b8d612c7fb",
  "embedUrl": "https://sketchfab.com/models/a8654f95c4204dd48ce606b8d612c7fb/embed",
  "commentCount": 0,
  "isDownloadable": true,
  "publishedAt": "2016-10-03T20:00:33.331454",
  "tags": [
    {
      "name": "skateboard",
      "slug": "skateboard",
      "uri": "https://api.sketchfab.com/v3/tags/skateboard"
    },
    {
      "name": "c4",
      "slug": "c4",
      "uri": "https://api.sketchfab.com/v3/tags/c4"
    },
    {
      "name": "explosive",
      "slug": "explosive",
      "uri": "https://api.sketchfab.com/v3/tags/explosive"
    }
  ],
  "categories": [],
  "thumbnails": {
    "images": [
      {
        "uid": "7e1fe208a2414d7ca5364ae98b678eb2",
        "size": 1003,
        "width": 64,
        "url": "https://media.sketchfab.com/models/a8654f95c4204dd48ce606b8d612c7fb/thumbnails/9b2ec5bd017e483bafb7901a8bfbd09b/64x36.jpeg",
        "height": 36
      },
      {
        "uid": "53d34c20148f4843b6315a47cf5c09e6",
        "size": 6901,
        "width": 256,
        "url": "https://media.sketchfab.com/models/a8654f95c4204dd48ce606b8d612c7fb/thumbnails/9b2ec5bd017e483bafb7901a8bfbd09b/256x144.jpeg",
        "height": 144
      },
      {
        "uid": "d908cf0a210245c19004ba1fda518caf",
        "size": 67191,
        "width": 1024,
        "url": "https://media.sketchfab.com/models/a8654f95c4204dd48ce606b8d612c7fb/thumbnails/9b2ec5bd017e483bafb7901a8bfbd09b/1024x576.jpeg",
        "height": 576
      },
      {
        "uid": "1f6c2753470a46688f6aa25b22cfc109",
        "size": 37576,
        "width": 720,
        "url": "https://media.sketchfab.com/models/a8654f95c4204dd48ce606b8d612c7fb/thumbnails/9b2ec5bd017e483bafb7901a8bfbd09b/720x405.jpeg",
        "height": 405
      }
    ]
  },
  "user": {
    "uid": "90df8e8ff4b64e859ff161a40ac4d1b7",
    "username": "RenoScarfone",
    "displayName": "RenoScarfone",
    "profileUrl": "https://sketchfab.com/RenoScarfone",
    "account": "basic",
    "avatar": {
      "uri": "https://api.sketchfab.com/v3/avatars/ece95d6f212045c5a096673b42f02109",
      "images": [
        {
          "size": 4366,
          "width": 100,
          "url": "https://media.sketchfab.com/avatars/ece95d6f212045c5a096673b42f02109/8c82828d8e5e4e69b19360d4cdebf4b0.jpeg",
          "height": 100
        },
        {
          "size": 3720,
          "width": 90,
          "url": "https://media.sketchfab.com/avatars/ece95d6f212045c5a096673b42f02109/dd17d51ee89847a0972860f50b972cbc.jpeg",
          "height": 90
        },
        {
          "size": 1346,
          "width": 48,
          "url": "https://media.sketchfab.com/avatars/ece95d6f212045c5a096673b42f02109/5f00c404e4a149dab0710839fb362bf0.jpeg",
          "height": 48
        },
        {
          "size": 799,
          "width": 32,
          "url": "https://media.sketchfab.com/avatars/ece95d6f212045c5a096673b42f02109/69428922058341ff81262f30110d68f8.jpeg",
          "height": 32
        }
      ]
    },
    "uri": "https://api.sketchfab.com/v3/users/90df8e8ff4b64e859ff161a40ac4d1b7"
  },
  "description": "",
  "faceCount": 26402,
  "createdAt": "2016-10-03T18:54:24.365189",
  "vertexCount": 25356,
  "isAgeRestricted": false,
  "archives": {
    "glb": {
      "textureCount": 12,
      "size": 120295628,
      "type": "glb",
      "textureMaxResolution": 4096,
      "faceCount": 50284,
      "vertexCount": 35341
    },
    "gltf": {
      "textureCount": 12,
      "size": 118976552,
      "type": "gltf",
      "textureMaxResolution": 4096,
      "faceCount": 50284,
      "vertexCount": 35341
    },
    "source": {
      "textureCount": null,
      "size": 118271214,
      "type": "source",
      "textureMaxResolution": null,
      "faceCount": null,
      "vertexCount": null
    },
    "usdz": {
      "textureCount": null,
      "size": 4537493,
      "type": "usdz",
      "textureMaxResolution": null,
      "faceCount": null,
      "vertexCount": null
    }
  },
  "license": "by"
}