{
  "uri": "https://api.sketchfab.com/v3/models/a8651edeb00547aba9f11a24641324d4",
  "uid": "a8651edeb00547aba9f11a24641324d4",
  "name": "Para el interior I",
  "staffpickedAt": null,
  "viewCount": 2,
  "likeCount": 0,
  "animationCount": 0,
  "viewerUrl": "https://sketchfab.com/3d-models/a8651edeb00547aba9f11a24641324d4",
  "embedUrl": "https://sketchfab.com/models/a8651edeb00547aba9f11a24641324d4/embed",
  "commentCount": 0,
  "isDownloadable": true,
  "publishedAt": "2021-06-04T23:13:49.628324",
  "tags": [],
  "categories": [],
  "thumbnails": {
    "images": [
      {
        "uid": "f64af54f6d554fe390e8831857282c84",
        "size": 25484,
        "width": 1920,
        "url": "https://media.sketchfab.com/models/a8651edeb00547aba9f11a24641324d4/thumbnails/47cec95aa47d4bcbb37baea61fac87c5/d71ea66464614848b885dfc216d0b401.jpeg",
        "height": 1080
      },
      {
        "uid": "fb40295aa2ba4c93bfd1e71f3e4374c8",
        "size": 9424,
        "width": 1024,
        "url": "https://media.sketchfab.com/models/a8651edeb00547aba9f11a24641324d4/thumbnails/47cec95aa47d4bcbb37baea61fac87c5/f0c6dd51a2534cfebfd782d2abdd90d2.jpeg",
        "height": 576
      },
      {
        "uid": "f0ed2f3e035e4d61a29d83eb2b518a82",
        "size": 5676,
        "width": 720,
        "url": "https://media.sketchfab.com/models/a8651edeb00547aba9f11a24641324d4/thumbnails/47cec95aa47d4bcbb37baea61fac87c5/e8b76704f3604880a83d141d6bc13d3d.jpeg",
        "height": 405
      },
      {
        "uid": "1d051f2dabc045aeb614322c3010da4b",
        "size": 1516,
        "width": 256,
        "url": "https://media.sketchfab.com/models/a8651edeb00547aba9f11a24641324d4/thumbnails/47cec95aa47d4bcbb37baea61fac87c5/8f6c994e9b9643898fcab841e6fc405b.jpeg",
        "height": 144
      },
      {
        "uid": "5e28743043d145368f635a1437368f49",
        "size": 444,
        "width": 64,
        "url": "https://media.sketchfab.com/models/a8651edeb00547aba9f11a24641324d4/thumbnails/47cec95aa47d4bcbb37baea61fac87c5/58c327b729f543afa024ca5767802c9b.jpeg",
        "height": 36
      }
    ]
  },
  "user": {
    "uid": "10e36bdf0d4c41d4a83353f00203b86e",
    "username": "isabel.angulo.florez",
    "displayName": "isabel.angulo.florez",
    "profileUrl": "https://sketchfab.com/isabel.angulo.florez",
    "account": "basic",
    "avatar": {
      "uri": "https://api.sketchfab.com/v3/avatars/c295dfdedd0f44a291a426d5c56bfdcb",
      "images": [
        {
          "size": 892,
          "width": 32,
          "url": "https://media.sketchfab.com/avatars/c295dfdedd0f44a291a426d5c56bfdcb/7efeaec1a2624bb0887bf3f86e6b2e4f.jpeg",
          "height": 32
        },
        {
          "size": 1464,
          "width": 48,
          "url": "https://media.sketchfab.com/avatars/c295dfdedd0f44a291a426d5c56bfdcb/d2c8576957784f558bbf538a020d1f83.jpeg",
          "height": 48
        },
        {
          "size": 3570,
          "width": 90,
          "url": "https://media.sketchfab.com/avatars/c295dfdedd0f44a291a426d5c56bfdcb/bc0954cd6e9f47af9a018566f0e40d10.jpeg",
          "height": 90
        },
        {
          "size": 4131,
          "width": 100,
          "url": "https://media.sketchfab.com/avatars/c295dfdedd0f44a291a426d5c56bfdcb/361612480fb34330959e22d374d3a82b.jpeg",
          "height": 100
        }
      ]
    },
    "uri": "https://api.sketchfab.com/v3/users/10e36bdf0d4c41d4a83353f00203b86e"
  },
  "description": "",
  "faceCount": 6458,
  "createdAt": "2021-06-04T22:29:52.796179",
  "vertexCount": 3263,
  "isAgeRestricted": false,
  "archives": {
    "glb": {
      "textureCount": 0,
      "size": 167304,
      "type": "glb",
      "textureMaxResolution": 0,
      "faceCount": 6458,
      "vertexCount": 3673
    },
    "gltf": {
      "textureCount": 0,
      "size": 96369,
      "type": "gltf",
      "textureMaxResolution": 0,
      "faceCount": 6458,
      "vertexCount": 3673
    },
    "source": {
      "textureCount": null,
      "size": 1407350,
      "type": "source",
      "textureMaxResolution": null,
      "faceCount": null,
      "vertexCount": null
    },
    "usdz": {
      "textureCount": null,
      "size": 114382,
      "type": "usdz",
      "textureMaxResolution": null,
      "faceCount": null,
      "vertexCount": null
    }
  },
  "license": "by"
}