{
  "uri": "https://api.sketchfab.com/v3/models/a868e0d715f8421eb3d1e9106365bc1a",
  "uid": "a868e0d715f8421eb3d1e9106365bc1a",
  "name": "Fire hydrant",
  "staffpickedAt": null,
  "viewCount": 3,
  "likeCount": 0,
  "animationCount": 0,
  "viewerUrl": "https://sketchfab.com/3d-models/a868e0d715f8421eb3d1e9106365bc1a",
  "embedUrl": "https://sketchfab.com/models/a868e0d715f8421eb3d1e9106365bc1a/embed",
  "commentCount": 0,
  "isDownloadable": true,
  "publishedAt": "2022-04-10T17:58:54.340724",
  "tags": [
    {
      "name": "realityscan",
      "slug": "realityscan",
      "uri": "https://api.sketchfab.com/v3/tags/realityscan"
    }
  ],
  "categories": [],
  "thumbnails": {
    "images": [
      {
        "uid": "9bf6e67726424349b397152596689e01",
        "size": 103565,
        "width": 1920,
        "url": "https://media.sketchfab.com/models/a868e0d715f8421eb3d1e9106365bc1a/thumbnails/941c5531c3f940ffb739520139a244b9/b9b35c8b101346ef80cce0711c9e8d8b.jpeg",
        "height": 1080
      },
      {
        "uid": "0fe58a125675485a81b768e67deb3b05",
        "size": 32151,
        "width": 1024,
        "url": "https://media.sketchfab.com/models/a868e0d715f8421eb3d1e9106365bc1a/thumbnails/941c5531c3f940ffb739520139a244b9/a088fd498a3a41a187c2859f9b9fdff6.jpeg",
        "height": 576
      },
      {
        "uid": "89297e866db346f3a5260c3236c97aa9",
        "size": 18100,
        "width": 720,
        "url": "https://media.sketchfab.com/models/a868e0d715f8421eb3d1e9106365bc1a/thumbnails/941c5531c3f940ffb739520139a244b9/be5fe9d9f08c41d3a6adc28509489d9b.jpeg",
        "height": 405
      },
      {
        "uid": "2503fe1fd4cb4a05ac1e92a9daf32d67",
        "size": 3742,
        "width": 256,
        "url": "https://media.sketchfab.com/models/a868e0d715f8421eb3d1e9106365bc1a/thumbnails/941c5531c3f940ffb739520139a244b9/2d63eb0b4ba14d7886b468ee8437308a.jpeg",
        "height": 144
      },
      {
        "uid": "42db1a0caa104de79e486d7604cb9794",
        "size": 1025,
        "width": 64,
        "url": "https://media.sketchfab.com/models/a868e0d715f8421eb3d1e9106365bc1a/thumbnails/941c5531c3f940ffb739520139a244b9/881618dcbf2a489dbd31dc18d92832e9.jpeg",
        "height": 36
      }
    ]
  },
  "user": {
    "uid": "e053a68369124c7a99f83c75f10c52c7",
    "username": "Frank_3D",
    "displayName": "Frank_3D",
    "profileUrl": "https://sketchfab.com/Frank_3D",
    "account": "pro",
    "avatar": {
      "uri": "https://api.sketchfab.com/v3/avatars/78fa317e46024a5283765aa34df5e508",
      "images": [
        {
          "size": 6421,
          "width": 100,
          "url": "https://media.sketchfab.com/avatars/78fa317e46024a5283765aa34df5e508/aec92fe9a74e499c98d759362cd7f02f.jpeg",
          "height": 100
        },
        {
          "size": 2518,
          "width": 48,
          "url": "https://media.sketchfab.com/avatars/78fa317e46024a5283765aa34df5e508/17fa177ffaa344a2b2fc8e78efd40fbb.jpeg",
          "height": 48
        },
        {
          "size": 5653,
          "width": 90,
          "url": "https://media.sketchfab.com/avatars/78fa317e46024a5283765aa34df5e508/02162695bdc840faa3bcb2d418309c5e.jpeg",
          "height": 90
        },
        {
          "size": 1350,
          "width": 32,
          "url": "https://media.sketchfab.com/avatars/78fa317e46024a5283765aa34df5e508/6fde876cbded4cd48d36a76029e3aa02.jpeg",
          "height": 32
        }
      ]
    },
    "uri": "https://api.sketchfab.com/v3/users/e053a68369124c7a99f83c75f10c52c7"
  },
  "description": "Fire hydrant.",
  "faceCount": 535010,
  "createdAt": "2022-04-10T17:36:02.152281",
  "vertexCount": 267513,
  "isAgeRestricted": false,
  "archives": {
    "glb": {
      "textureCount": 1,
      "size": 45325524,
      "type": "glb",
      "textureMaxResolution": 8192,
      "faceCount": 535010,
      "vertexCount": 525514
    },
    "gltf": {
      "textureCount": 1,
      "size": 36249522,
      "type": "gltf",
      "textureMaxResolution": 8192,
      "faceCount": 535010,
      "vertexCount": 525514
    },
    "source": {
      "textureCount": null,
      "size": 56589643,
      "type": "source",
      "textureMaxResolution": null,
      "faceCount": null,
      "vertexCount": null
    },
    "usdz": {
      "textureCount": null,
      "size": 21870788,
      "type": "usdz",
      "textureMaxResolution": null,
      "faceCount": null,
      "vertexCount": null
    }
  },
  "license": "by"
}