{
  "uri": "https://api.sketchfab.com/v3/models/a86804d73d1d4d4c9ebef6acb4de0381",
  "uid": "a86804d73d1d4d4c9ebef6acb4de0381",
  "name": "Barrel",
  "staffpickedAt": null,
  "viewCount": 1,
  "likeCount": 0,
  "animationCount": 0,
  "viewerUrl": "https://sketchfab.com/3d-models/a86804d73d1d4d4c9ebef6acb4de0381",
  "embedUrl": "https://sketchfab.com/models/a86804d73d1d4d4c9ebef6acb4de0381/embed",
  "commentCount": 0,
  "isDownloadable": true,
  "publishedAt": "2020-09-21T14:27:45.949990",
  "tags": [],
  "categories": [],
  "thumbnails": {
    "images": [
      {
        "uid": "fbfd4797f3b44563a5448546af6ed5e1",
        "size": 49381,
        "width": 1920,
        "url": "https://media.sketchfab.com/models/a86804d73d1d4d4c9ebef6acb4de0381/thumbnails/13b731477d1f4a1ba7423fb4b55214e8/f9136605b21547408c10bf533057a7c2.jpeg",
        "height": 1080
      },
      {
        "uid": "14551ff26239425f8386b81e004a8e49",
        "size": 17377,
        "width": 1024,
        "url": "https://media.sketchfab.com/models/a86804d73d1d4d4c9ebef6acb4de0381/thumbnails/13b731477d1f4a1ba7423fb4b55214e8/8655954b7b1644c9b4b8d77166d38c6f.jpeg",
        "height": 576
      },
      {
        "uid": "802368d4fd7b4e7da86bc6b24046173f",
        "size": 10524,
        "width": 720,
        "url": "https://media.sketchfab.com/models/a86804d73d1d4d4c9ebef6acb4de0381/thumbnails/13b731477d1f4a1ba7423fb4b55214e8/e8da3aeac5a14dfd82ba4807c972fd4d.jpeg",
        "height": 405
      },
      {
        "uid": "da75b013d0fa48d5b48114dd7cd4dc2d",
        "size": 2224,
        "width": 256,
        "url": "https://media.sketchfab.com/models/a86804d73d1d4d4c9ebef6acb4de0381/thumbnails/13b731477d1f4a1ba7423fb4b55214e8/462f5b0c95b743efa170cf18f197ad66.jpeg",
        "height": 144
      },
      {
        "uid": "85d8bcc8a6fa4060ab0e864260028025",
        "size": 543,
        "width": 64,
        "url": "https://media.sketchfab.com/models/a86804d73d1d4d4c9ebef6acb4de0381/thumbnails/13b731477d1f4a1ba7423fb4b55214e8/5bf478bc5f18421da8cfb5dfb3472eeb.jpeg",
        "height": 36
      }
    ]
  },
  "user": {
    "uid": "4677ee5ef9604fe5b197574311fc1918",
    "username": "s.c.m.r.tv",
    "displayName": "s.c.m.r.tv",
    "profileUrl": "https://sketchfab.com/s.c.m.r.tv",
    "account": "basic",
    "avatar": {
      "uri": "https://api.sketchfab.com/v3/avatars/7ceac3adba8e43aea800df36dd960734",
      "images": [
        {
          "size": 731,
          "width": 32,
          "url": "https://media.sketchfab.com/avatars/7ceac3adba8e43aea800df36dd960734/d92965de15804ae3bbdf94807d0cb3e8.png",
          "height": 32
        },
        {
          "size": 1185,
          "width": 48,
          "url": "https://media.sketchfab.com/avatars/7ceac3adba8e43aea800df36dd960734/bbc6e65d3f144ce18c1010316957d69b.png",
          "height": 48
        },
        {
          "size": 2572,
          "width": 90,
          "url": "https://media.sketchfab.com/avatars/7ceac3adba8e43aea800df36dd960734/e9ce3034b24f40419c3218e3c4cde59c.png",
          "height": 90
        },
        {
          "size": 2952,
          "width": 100,
          "url": "https://media.sketchfab.com/avatars/7ceac3adba8e43aea800df36dd960734/949c5ce1d115453a9047d2b0dffb4942.png",
          "height": 100
        }
      ]
    },
    "uri": "https://api.sketchfab.com/v3/users/4677ee5ef9604fe5b197574311fc1918"
  },
  "description": "",
  "faceCount": 523680,
  "createdAt": "2020-09-21T14:26:13.564436",
  "vertexCount": 252522,
  "isAgeRestricted": false,
  "archives": {
    "glb": {
      "textureCount": 0,
      "size": 15682444,
      "type": "glb",
      "textureMaxResolution": 0,
      "faceCount": 523680,
      "vertexCount": 293537
    },
    "gltf": {
      "textureCount": 0,
      "size": 5165337,
      "type": "gltf",
      "textureMaxResolution": 0,
      "faceCount": 523680,
      "vertexCount": 293537
    },
    "source": {
      "textureCount": null,
      "size": 11959956,
      "type": "source",
      "textureMaxResolution": null,
      "faceCount": null,
      "vertexCount": null
    },
    "usdz": {
      "textureCount": null,
      "size": 7078601,
      "type": "usdz",
      "textureMaxResolution": null,
      "faceCount": null,
      "vertexCount": null
    }
  },
  "license": "by"
}