{
  "uri": "https://api.sketchfab.com/v3/models/a86a1928f4c54cada792255d80956590",
  "uid": "a86a1928f4c54cada792255d80956590",
  "name": "Mysketchfabtestupload",
  "staffpickedAt": null,
  "viewCount": 0,
  "likeCount": 0,
  "animationCount": 0,
  "viewerUrl": "https://sketchfab.com/3d-models/a86a1928f4c54cada792255d80956590",
  "embedUrl": "https://sketchfab.com/models/a86a1928f4c54cada792255d80956590/embed",
  "commentCount": 0,
  "isDownloadable": true,
  "publishedAt": "2020-08-04T23:39:38.390938",
  "tags": [
    {
      "name": "mysketchfabtestupload",
      "slug": "mysketchfabtestupload",
      "uri": "https://api.sketchfab.com/v3/tags/mysketchfabtestupload"
    },
    {
      "name": "itzzbrownbrown",
      "slug": "itzzbrownbrown",
      "uri": "https://api.sketchfab.com/v3/tags/itzzbrownbrown"
    }
  ],
  "categories": [],
  "thumbnails": {
    "images": [
      {
        "uid": "f9a6a7b00a70430187c431786d40532e",
        "size": 20194,
        "width": 1920,
        "url": "https://media.sketchfab.com/models/a86a1928f4c54cada792255d80956590/thumbnails/f18ebe38ae2d45e7ad4695ab775b50dd/3829243b935143399a0557f63a6ec4f2.jpeg",
        "height": 1080
      },
      {
        "uid": "edb81b3b374d42f9aab6e3cd78127fed",
        "size": 7923,
        "width": 1024,
        "url": "https://media.sketchfab.com/models/a86a1928f4c54cada792255d80956590/thumbnails/f18ebe38ae2d45e7ad4695ab775b50dd/94cc35d639bf4415ae5afd1502902328.jpeg",
        "height": 576
      },
      {
        "uid": "574a9a760a90402595aa96513078c75e",
        "size": 4915,
        "width": 720,
        "url": "https://media.sketchfab.com/models/a86a1928f4c54cada792255d80956590/thumbnails/f18ebe38ae2d45e7ad4695ab775b50dd/ca34b97714d14891a8436b2ea7acbd9a.jpeg",
        "height": 405
      },
      {
        "uid": "8a41a87fe2164f909b5e8ecb5dc65dd4",
        "size": 1609,
        "width": 256,
        "url": "https://media.sketchfab.com/models/a86a1928f4c54cada792255d80956590/thumbnails/f18ebe38ae2d45e7ad4695ab775b50dd/edd97d2c09be459f9ac7a0bf388ea1b3.jpeg",
        "height": 144
      },
      {
        "uid": "6ebe359aa89b4f49a3d65e6417dd09d5",
        "size": 565,
        "width": 64,
        "url": "https://media.sketchfab.com/models/a86a1928f4c54cada792255d80956590/thumbnails/f18ebe38ae2d45e7ad4695ab775b50dd/d5bba9e616984e999866239a504fdcef.jpeg",
        "height": 36
      }
    ]
  },
  "user": {
    "uid": "9507b61b66584cb4b03c592ca8f26f00",
    "username": "itzzbrownbrown",
    "displayName": "itzzbrownbrown",
    "profileUrl": "https://sketchfab.com/itzzbrownbrown",
    "account": "basic",
    "avatar": {
      "uri": "https://api.sketchfab.com/v3/avatars/51af6a870cce449eb75b0345feebaebb",
      "images": [
        {
          "size": 5719,
          "width": 90,
          "url": "https://media.sketchfab.com/avatars/51af6a870cce449eb75b0345feebaebb/2ef0f894055b4bb69123b2a27fa2d379.jpeg",
          "height": 90
        },
        {
          "size": 6496,
          "width": 100,
          "url": "https://media.sketchfab.com/avatars/51af6a870cce449eb75b0345feebaebb/ab11eedf96374486acb544f71a23b165.jpeg",
          "height": 100
        },
        {
          "size": 1359,
          "width": 32,
          "url": "https://media.sketchfab.com/avatars/51af6a870cce449eb75b0345feebaebb/35f6f9b6c9a14a548ce472582d8a9bb5.jpeg",
          "height": 32
        },
        {
          "size": 2584,
          "width": 48,
          "url": "https://media.sketchfab.com/avatars/51af6a870cce449eb75b0345feebaebb/a8072a51447c4d41ab177b357111b420.jpeg",
          "height": 48
        }
      ]
    },
    "uri": "https://api.sketchfab.com/v3/users/9507b61b66584cb4b03c592ca8f26f00"
  },
  "description": "",
  "faceCount": 12,
  "createdAt": "2020-08-04T23:39:16.289764",
  "vertexCount": 8,
  "isAgeRestricted": false,
  "archives": {
    "glb": {
      "textureCount": 0,
      "size": 3116,
      "type": "glb",
      "textureMaxResolution": 0,
      "faceCount": 12,
      "vertexCount": 24
    },
    "gltf": {
      "textureCount": 0,
      "size": 1813,
      "type": "gltf",
      "textureMaxResolution": 0,
      "faceCount": 12,
      "vertexCount": 24
    },
    "source": {
      "textureCount": null,
      "size": 32850,
      "type": "source",
      "textureMaxResolution": null,
      "faceCount": null,
      "vertexCount": null
    },
    "usdz": {
      "textureCount": null,
      "size": 3712,
      "type": "usdz",
      "textureMaxResolution": null,
      "faceCount": null,
      "vertexCount": null
    }
  },
  "license": "by"
}