{
  "uri": "https://api.sketchfab.com/v3/models/a86bfcc7f74c4e109afbde8072c87608",
  "uid": "a86bfcc7f74c4e109afbde8072c87608",
  "name": "RawlsLS",
  "staffpickedAt": null,
  "viewCount": 7,
  "likeCount": 0,
  "animationCount": 0,
  "viewerUrl": "https://sketchfab.com/3d-models/a86bfcc7f74c4e109afbde8072c87608",
  "embedUrl": "https://sketchfab.com/models/a86bfcc7f74c4e109afbde8072c87608/embed",
  "commentCount": 0,
  "isDownloadable": true,
  "publishedAt": "2022-07-13T02:37:25.372185",
  "tags": [
    {
      "name": "substancepainter",
      "slug": "substancepainter",
      "uri": "https://api.sketchfab.com/v3/tags/substancepainter"
    },
    {
      "name": "substance",
      "slug": "substance",
      "uri": "https://api.sketchfab.com/v3/tags/substance"
    }
  ],
  "categories": [],
  "thumbnails": {
    "images": [
      {
        "uid": "d45372e61cb34a2cbc0f6aaa329d22bc",
        "size": 68985,
        "width": 1920,
        "url": "https://media.sketchfab.com/models/a86bfcc7f74c4e109afbde8072c87608/thumbnails/49fe50747b13401b907cb2bcf35bba47/b8604b72358045a599dcefabaef51b45.jpeg",
        "height": 1080
      },
      {
        "uid": "0c9ffb7a93fc46d29b1de69099f9e68a",
        "size": 24350,
        "width": 1024,
        "url": "https://media.sketchfab.com/models/a86bfcc7f74c4e109afbde8072c87608/thumbnails/49fe50747b13401b907cb2bcf35bba47/104a622cebb0425eaf328ae3b712cd28.jpeg",
        "height": 576
      },
      {
        "uid": "def65ee35b06428e9f24d9c4df6f742c",
        "size": 14189,
        "width": 720,
        "url": "https://media.sketchfab.com/models/a86bfcc7f74c4e109afbde8072c87608/thumbnails/49fe50747b13401b907cb2bcf35bba47/a56b4915b37040469003d46395fb8477.jpeg",
        "height": 405
      },
      {
        "uid": "05000d51e9fb4538ba58da0b0ec312ce",
        "size": 3328,
        "width": 256,
        "url": "https://media.sketchfab.com/models/a86bfcc7f74c4e109afbde8072c87608/thumbnails/49fe50747b13401b907cb2bcf35bba47/c5eb14408c6f4c258ef1e2cd405f0647.jpeg",
        "height": 144
      },
      {
        "uid": "2a0f1c7d79a24d3c943ad9ee4b06f38a",
        "size": 977,
        "width": 64,
        "url": "https://media.sketchfab.com/models/a86bfcc7f74c4e109afbde8072c87608/thumbnails/49fe50747b13401b907cb2bcf35bba47/daa92027352a46478e42523694b3b2d4.jpeg",
        "height": 36
      }
    ]
  },
  "user": {
    "uid": "3e90a6b99fe545eebf465ef901afb1f1",
    "username": "drawls01",
    "displayName": "drawls01",
    "profileUrl": "https://sketchfab.com/drawls01",
    "account": "pro",
    "avatar": {
      "uri": "https://api.sketchfab.com/v3/avatars/51af6a870cce449eb75b0345feebaebb",
      "images": [
        {
          "size": 5719,
          "width": 90,
          "url": "https://media.sketchfab.com/avatars/51af6a870cce449eb75b0345feebaebb/2ef0f894055b4bb69123b2a27fa2d379.jpeg",
          "height": 90
        },
        {
          "size": 6496,
          "width": 100,
          "url": "https://media.sketchfab.com/avatars/51af6a870cce449eb75b0345feebaebb/ab11eedf96374486acb544f71a23b165.jpeg",
          "height": 100
        },
        {
          "size": 1359,
          "width": 32,
          "url": "https://media.sketchfab.com/avatars/51af6a870cce449eb75b0345feebaebb/35f6f9b6c9a14a548ce472582d8a9bb5.jpeg",
          "height": 32
        },
        {
          "size": 2584,
          "width": 48,
          "url": "https://media.sketchfab.com/avatars/51af6a870cce449eb75b0345feebaebb/a8072a51447c4d41ab177b357111b420.jpeg",
          "height": 48
        }
      ]
    },
    "uri": "https://api.sketchfab.com/v3/users/3e90a6b99fe545eebf465ef901afb1f1"
  },
  "description": "",
  "faceCount": 21788,
  "createdAt": "2022-07-13T02:34:42.998411",
  "vertexCount": 11120,
  "isAgeRestricted": false,
  "archives": {
    "glb": {
      "textureCount": 18,
      "size": 10292828,
      "type": "glb",
      "textureMaxResolution": 2048,
      "faceCount": 21788,
      "vertexCount": 11474
    },
    "gltf": {
      "textureCount": 18,
      "size": 9653160,
      "type": "gltf",
      "textureMaxResolution": 2048,
      "faceCount": 21788,
      "vertexCount": 11474
    },
    "source": {
      "textureCount": null,
      "size": 23489998,
      "type": "source",
      "textureMaxResolution": null,
      "faceCount": null,
      "vertexCount": null
    },
    "usdz": {
      "textureCount": null,
      "size": 1275698,
      "type": "usdz",
      "textureMaxResolution": null,
      "faceCount": null,
      "vertexCount": null
    }
  },
  "license": "by"
}