{
  "uri": "https://api.sketchfab.com/v3/models/a86ca6eb074c4d36a30d75f17d5fcae1",
  "uid": "a86ca6eb074c4d36a30d75f17d5fcae1",
  "name": "PROJETOELÉTRICOANDERSONCARECA",
  "staffpickedAt": null,
  "viewCount": 3,
  "likeCount": 0,
  "animationCount": 0,
  "viewerUrl": "https://sketchfab.com/3d-models/a86ca6eb074c4d36a30d75f17d5fcae1",
  "embedUrl": "https://sketchfab.com/models/a86ca6eb074c4d36a30d75f17d5fcae1/embed",
  "commentCount": 0,
  "isDownloadable": true,
  "publishedAt": "2022-04-06T18:51:38.629844",
  "tags": [],
  "categories": [],
  "thumbnails": {
    "images": [
      {
        "uid": "20e708d073114819ac2e86871ecfee9b",
        "size": 39333,
        "width": 1920,
        "url": "https://media.sketchfab.com/models/a86ca6eb074c4d36a30d75f17d5fcae1/thumbnails/c1630756394b4ed9b968c266ab182c35/78a3854e1d0e4922851089d26dbba706.jpeg",
        "height": 1080
      },
      {
        "uid": "be3a0ea24f4e4242bf14af7ad09a4523",
        "size": 12440,
        "width": 1024,
        "url": "https://media.sketchfab.com/models/a86ca6eb074c4d36a30d75f17d5fcae1/thumbnails/c1630756394b4ed9b968c266ab182c35/0c0c668c7b7f4a5b9f22a193bea9a826.jpeg",
        "height": 576
      },
      {
        "uid": "519dedc593b04c318700698b0c05c138",
        "size": 7006,
        "width": 720,
        "url": "https://media.sketchfab.com/models/a86ca6eb074c4d36a30d75f17d5fcae1/thumbnails/c1630756394b4ed9b968c266ab182c35/8d022e3e47784753bc4f8d2e52caf51f.jpeg",
        "height": 405
      },
      {
        "uid": "f9d5595e5ad74e539354f9c75d81ba12",
        "size": 1651,
        "width": 256,
        "url": "https://media.sketchfab.com/models/a86ca6eb074c4d36a30d75f17d5fcae1/thumbnails/c1630756394b4ed9b968c266ab182c35/ccb23111ac764da3ac76198dfd7b98fa.jpeg",
        "height": 144
      },
      {
        "uid": "5b36a30fc21e43f1b81b85f973e208db",
        "size": 761,
        "width": 64,
        "url": "https://media.sketchfab.com/models/a86ca6eb074c4d36a30d75f17d5fcae1/thumbnails/c1630756394b4ed9b968c266ab182c35/5d69ffe85bf642a7a354ea509a864a64.jpeg",
        "height": 36
      }
    ]
  },
  "user": {
    "uid": "e626e5d275e845028a17db1d2cb0aa21",
    "username": "ctmengenharia",
    "displayName": "ctmengenharia",
    "profileUrl": "https://sketchfab.com/ctmengenharia",
    "account": "basic",
    "avatar": {
      "uri": "https://api.sketchfab.com/v3/avatars/51af6a870cce449eb75b0345feebaebb",
      "images": [
        {
          "size": 5719,
          "width": 90,
          "url": "https://media.sketchfab.com/avatars/51af6a870cce449eb75b0345feebaebb/2ef0f894055b4bb69123b2a27fa2d379.jpeg",
          "height": 90
        },
        {
          "size": 6496,
          "width": 100,
          "url": "https://media.sketchfab.com/avatars/51af6a870cce449eb75b0345feebaebb/ab11eedf96374486acb544f71a23b165.jpeg",
          "height": 100
        },
        {
          "size": 1359,
          "width": 32,
          "url": "https://media.sketchfab.com/avatars/51af6a870cce449eb75b0345feebaebb/35f6f9b6c9a14a548ce472582d8a9bb5.jpeg",
          "height": 32
        },
        {
          "size": 2584,
          "width": 48,
          "url": "https://media.sketchfab.com/avatars/51af6a870cce449eb75b0345feebaebb/a8072a51447c4d41ab177b357111b420.jpeg",
          "height": 48
        }
      ]
    },
    "uri": "https://api.sketchfab.com/v3/users/e626e5d275e845028a17db1d2cb0aa21"
  },
  "description": "",
  "faceCount": 917487,
  "createdAt": "2022-04-06T18:48:59.132690",
  "vertexCount": 501068,
  "isAgeRestricted": false,
  "archives": {
    "glb": {
      "textureCount": 0,
      "size": 43504016,
      "type": "glb",
      "textureMaxResolution": 0,
      "faceCount": 917487,
      "vertexCount": 942322
    },
    "gltf": {
      "textureCount": 0,
      "size": 7870564,
      "type": "gltf",
      "textureMaxResolution": 0,
      "faceCount": 917487,
      "vertexCount": 942322
    },
    "source": {
      "textureCount": null,
      "size": 18523338,
      "type": "source",
      "textureMaxResolution": null,
      "faceCount": null,
      "vertexCount": null
    },
    "usdz": {
      "textureCount": null,
      "size": 8393075,
      "type": "usdz",
      "textureMaxResolution": null,
      "faceCount": null,
      "vertexCount": null
    }
  },
  "license": "by"
}