{
  "uri": "https://api.sketchfab.com/v3/models/a86f119417d74253ae08e666bb5f60fb",
  "uid": "a86f119417d74253ae08e666bb5f60fb",
  "name": "Petroglyph H18 Khatm Al Melaha, Kalba, Sharjah",
  "staffpickedAt": null,
  "viewCount": 10,
  "likeCount": 0,
  "animationCount": 0,
  "viewerUrl": "https://sketchfab.com/3d-models/a86f119417d74253ae08e666bb5f60fb",
  "embedUrl": "https://sketchfab.com/models/a86f119417d74253ae08e666bb5f60fb/embed",
  "commentCount": 0,
  "isDownloadable": true,
  "publishedAt": "2020-08-12T17:57:31.835159",
  "tags": [
    {
      "name": "petroglyphs",
      "slug": "petroglyphs",
      "uri": "https://api.sketchfab.com/v3/tags/petroglyphs"
    },
    {
      "name": "sharjah",
      "slug": "sharjah",
      "uri": "https://api.sketchfab.com/v3/tags/sharjah"
    },
    {
      "name": "gdh",
      "slug": "gdh",
      "uri": "https://api.sketchfab.com/v3/tags/gdh"
    },
    {
      "name": "photogrammetry",
      "slug": "photogrammetry",
      "uri": "https://api.sketchfab.com/v3/tags/photogrammetry"
    },
    {
      "name": "archaeology",
      "slug": "archaeology",
      "uri": "https://api.sketchfab.com/v3/tags/archaeology"
    },
    {
      "name": "globaldigitalheritage",
      "slug": "globaldigitalheritage",
      "uri": "https://api.sketchfab.com/v3/tags/globaldigitalheritage"
    },
    {
      "name": "kalba",
      "slug": "kalba",
      "uri": "https://api.sketchfab.com/v3/tags/kalba"
    }
  ],
  "categories": [
    {
      "name": "cultural-heritage-history"
    }
  ],
  "thumbnails": {
    "images": [
      {
        "uid": "60c560f5ca724a57b5adc25c6ff4a40d",
        "size": 269644,
        "width": 1920,
        "url": "https://media.sketchfab.com/models/a86f119417d74253ae08e666bb5f60fb/thumbnails/ab42f66c3e7743a0a9c34ab74eced577/cb7e154e09164916abf468ae717ea8da.jpeg",
        "height": 1080
      },
      {
        "uid": "61aefe37e79844f0ac2a2fde54702553",
        "size": 83482,
        "width": 1024,
        "url": "https://media.sketchfab.com/models/a86f119417d74253ae08e666bb5f60fb/thumbnails/ab42f66c3e7743a0a9c34ab74eced577/f670eb42e29a464e8271066d38140755.jpeg",
        "height": 576
      },
      {
        "uid": "dafb7ef973d14a37afa38045a1480c94",
        "size": 43362,
        "width": 720,
        "url": "https://media.sketchfab.com/models/a86f119417d74253ae08e666bb5f60fb/thumbnails/ab42f66c3e7743a0a9c34ab74eced577/87eda5f51ab042778b07682bbfab435b.jpeg",
        "height": 405
      },
      {
        "uid": "5ce96be7775f45099a3b3f308185579e",
        "size": 6195,
        "width": 256,
        "url": "https://media.sketchfab.com/models/a86f119417d74253ae08e666bb5f60fb/thumbnails/ab42f66c3e7743a0a9c34ab74eced577/50c2199fd44d4b7c9b6bce6c4f629f31.jpeg",
        "height": 144
      },
      {
        "uid": "f1235ee2c8734dffa0ddb29412294b60",
        "size": 932,
        "width": 64,
        "url": "https://media.sketchfab.com/models/a86f119417d74253ae08e666bb5f60fb/thumbnails/ab42f66c3e7743a0a9c34ab74eced577/c4a818ae051b4f4ab4419d0ed13dddc2.jpeg",
        "height": 36
      }
    ]
  },
  "user": {
    "uid": "c6c27d4322fe41c4a157d96f56c47fd3",
    "username": "GlobalDigitalHeritage",
    "displayName": "Global Digital Heritage",
    "profileUrl": "https://sketchfab.com/GlobalDigitalHeritage",
    "account": "prem",
    "avatar": {
      "uri": "https://api.sketchfab.com/v3/avatars/358d54e8dad0427aaf8ed7196a5f7118",
      "images": [
        {
          "size": 890,
          "width": 32,
          "url": "https://media.sketchfab.com/avatars/358d54e8dad0427aaf8ed7196a5f7118/a4640be7458748cea890b13446041eeb.jpeg",
          "height": 32
        },
        {
          "size": 1534,
          "width": 48,
          "url": "https://media.sketchfab.com/avatars/358d54e8dad0427aaf8ed7196a5f7118/1d5cf1e8df3a47ba83d1f46592d5a401.jpeg",
          "height": 48
        },
        {
          "size": 4199,
          "width": 90,
          "url": "https://media.sketchfab.com/avatars/358d54e8dad0427aaf8ed7196a5f7118/de8ec49daa924b35a43384e26331a233.jpeg",
          "height": 90
        },
        {
          "size": 5059,
          "width": 100,
          "url": "https://media.sketchfab.com/avatars/358d54e8dad0427aaf8ed7196a5f7118/d6f35c2e71da4ccd8ca2b37ef7c4cd8e.jpeg",
          "height": 100
        }
      ]
    },
    "uri": "https://api.sketchfab.com/v3/users/c6c27d4322fe41c4a157d96f56c47fd3"
  },
  "description": "DStretch  Version, Petroglyph H18 Khatm Al Melaha, Kalba, Sharjah. Two panels of Syrian Wild Asses, but in two different styles. Likely Neolithic or earlier. [Fossati 2019 Messages from the Past: Rock Art of the Al-Hajar Mountains (Oman)].\n\nKhatm Al Melaha is an archaeological site on the coast of the Oman Sea near Kalba in Sharjah, UAE. It is one of the largest rock art sites in the UAE.\n\nOver 175 stones with petroglyphs were documented and close to 400 motifs were identified. Every rock with a glyph was given an ID number and a GPS coordinate. In total 25455 terrestrial photographs, 5244 drone photographs, 44 drone videos, and 182 GPS points (+/- 1cm) were done in a single day.\n\nPetroglyphs were identified using Radiance Scaling in Meshlab, materials lighting in Substance Painter, and by changing conditions in Sketchfab. Some carvings were completely invisible when viewing. Drawings were done only when a line could be identified using one of these techniques.\n\nReality Capture and DStretch",
  "faceCount": 627457,
  "createdAt": "2020-08-11T14:57:19.314647",
  "vertexCount": 314961,
  "isAgeRestricted": false,
  "archives": {
    "glb": {
      "textureCount": 1,
      "size": 33616140,
      "type": "glb",
      "textureMaxResolution": 4096,
      "faceCount": 627457,
      "vertexCount": 453133
    },
    "gltf": {
      "textureCount": 1,
      "size": 25691725,
      "type": "gltf",
      "textureMaxResolution": 4096,
      "faceCount": 627457,
      "vertexCount": 453133
    },
    "source": {
      "textureCount": null,
      "size": 74135291,
      "type": "source",
      "textureMaxResolution": null,
      "faceCount": null,
      "vertexCount": null
    },
    "usdz": {
      "textureCount": null,
      "size": 27906010,
      "type": "usdz",
      "textureMaxResolution": null,
      "faceCount": null,
      "vertexCount": null
    }
  },
  "license": "by-nc"
}