{
  "uri": "https://api.sketchfab.com/v3/models/a86fa0b544a9460394dfb77524621826",
  "uid": "a86fa0b544a9460394dfb77524621826",
  "name": "Survey Scan #81",
  "staffpickedAt": null,
  "viewCount": 2,
  "likeCount": 0,
  "animationCount": 0,
  "viewerUrl": "https://sketchfab.com/3d-models/a86fa0b544a9460394dfb77524621826",
  "embedUrl": "https://sketchfab.com/models/a86fa0b544a9460394dfb77524621826/embed",
  "commentCount": 0,
  "isDownloadable": true,
  "publishedAt": "2021-12-13T21:03:56.356333",
  "tags": [],
  "categories": [
    {
      "name": "architecture"
    }
  ],
  "thumbnails": {
    "images": [
      {
        "uid": "50a5e08a0ea54fd2bb98d7a6ca2451fe",
        "size": 148749,
        "width": 1920,
        "url": "https://media.sketchfab.com/models/a86fa0b544a9460394dfb77524621826/thumbnails/3bd0ca2c29ae43d3a39c46fee1c1c224/7491d05aee734b65bf47b54f286116a3.jpeg",
        "height": 1080
      },
      {
        "uid": "8be62bbd217e48c7a644b3e89ce88091",
        "size": 43144,
        "width": 1024,
        "url": "https://media.sketchfab.com/models/a86fa0b544a9460394dfb77524621826/thumbnails/3bd0ca2c29ae43d3a39c46fee1c1c224/877c66797b6045ceb0711e7fe620b384.jpeg",
        "height": 576
      },
      {
        "uid": "bc37b096e3334195874f1189a7556498",
        "size": 23614,
        "width": 720,
        "url": "https://media.sketchfab.com/models/a86fa0b544a9460394dfb77524621826/thumbnails/3bd0ca2c29ae43d3a39c46fee1c1c224/bbb7b53216234e07b1651c009bb62f42.jpeg",
        "height": 405
      },
      {
        "uid": "211c105260a743c59f56be08e1cba550",
        "size": 4650,
        "width": 256,
        "url": "https://media.sketchfab.com/models/a86fa0b544a9460394dfb77524621826/thumbnails/3bd0ca2c29ae43d3a39c46fee1c1c224/ed308b7a2dca4f01aab85e6b99f99dbe.jpeg",
        "height": 144
      },
      {
        "uid": "cdb7ac0e89e645889ee6449a0846ced2",
        "size": 1043,
        "width": 64,
        "url": "https://media.sketchfab.com/models/a86fa0b544a9460394dfb77524621826/thumbnails/3bd0ca2c29ae43d3a39c46fee1c1c224/dfbf32bbcc63413993d0a0626f145321.jpeg",
        "height": 36
      }
    ]
  },
  "user": {
    "uid": "f550bf27379b45aca4c7f27bac003c0b",
    "username": "SYR_ARCH_Florence",
    "displayName": "Borgo Digitale | SUF",
    "profileUrl": "https://sketchfab.com/SYR_ARCH_Florence",
    "account": "pro",
    "avatar": {
      "uri": "https://api.sketchfab.com/v3/avatars/78fa317e46024a5283765aa34df5e508",
      "images": [
        {
          "size": 6421,
          "width": 100,
          "url": "https://media.sketchfab.com/avatars/78fa317e46024a5283765aa34df5e508/aec92fe9a74e499c98d759362cd7f02f.jpeg",
          "height": 100
        },
        {
          "size": 2518,
          "width": 48,
          "url": "https://media.sketchfab.com/avatars/78fa317e46024a5283765aa34df5e508/17fa177ffaa344a2b2fc8e78efd40fbb.jpeg",
          "height": 48
        },
        {
          "size": 5653,
          "width": 90,
          "url": "https://media.sketchfab.com/avatars/78fa317e46024a5283765aa34df5e508/02162695bdc840faa3bcb2d418309c5e.jpeg",
          "height": 90
        },
        {
          "size": 1350,
          "width": 32,
          "url": "https://media.sketchfab.com/avatars/78fa317e46024a5283765aa34df5e508/6fde876cbded4cd48d36a76029e3aa02.jpeg",
          "height": 32
        }
      ]
    },
    "uri": "https://api.sketchfab.com/v3/users/f550bf27379b45aca4c7f27bac003c0b"
  },
  "description": "Scan by Daniel Csabai\n\nMore info at: www.borgo-digitale.com/surveyscans",
  "faceCount": 85863,
  "createdAt": "2021-12-13T17:38:35.341794",
  "vertexCount": 41945,
  "isAgeRestricted": false,
  "archives": {
    "glb": {
      "textureCount": 1,
      "size": 12952472,
      "type": "glb",
      "textureMaxResolution": 2048,
      "faceCount": 82193,
      "vertexCount": 246579
    },
    "gltf": {
      "textureCount": 1,
      "size": 6370094,
      "type": "gltf",
      "textureMaxResolution": 2048,
      "faceCount": 82193,
      "vertexCount": 246579
    },
    "source": {
      "textureCount": null,
      "size": 23414498,
      "type": "source",
      "textureMaxResolution": null,
      "faceCount": null,
      "vertexCount": null
    },
    "usdz": {
      "textureCount": null,
      "size": 11965978,
      "type": "usdz",
      "textureMaxResolution": null,
      "faceCount": null,
      "vertexCount": null
    }
  },
  "license": "by"
}