{
  "uri": "https://api.sketchfab.com/v3/models/a870a13f307d4ba08ae4d5ebe3a7a95e",
  "uid": "a870a13f307d4ba08ae4d5ebe3a7a95e",
  "name": "moai",
  "staffpickedAt": null,
  "viewCount": 108,
  "likeCount": 1,
  "animationCount": 0,
  "viewerUrl": "https://sketchfab.com/3d-models/a870a13f307d4ba08ae4d5ebe3a7a95e",
  "embedUrl": "https://sketchfab.com/models/a870a13f307d4ba08ae4d5ebe3a7a95e/embed",
  "commentCount": 0,
  "isDownloadable": true,
  "publishedAt": "2021-06-24T17:05:52.279734",
  "tags": [],
  "categories": [
    {
      "name": "characters-creatures"
    }
  ],
  "thumbnails": {
    "images": [
      {
        "uid": "79e16317cf6c4322ac04c84a59a3a486",
        "size": 386920,
        "width": 1920,
        "url": "https://media.sketchfab.com/models/a870a13f307d4ba08ae4d5ebe3a7a95e/thumbnails/cd0746e03b6544c3869149993a49d6af/63666ce8d0554196bbcb917916efbc15.jpeg",
        "height": 1080
      },
      {
        "uid": "734e6ab3b0874bc5a4fb2a717ed2ca51",
        "size": 44670,
        "width": 1024,
        "url": "https://media.sketchfab.com/models/a870a13f307d4ba08ae4d5ebe3a7a95e/thumbnails/cd0746e03b6544c3869149993a49d6af/4d2fec30ff9d4f2e8da826982599dcc7.jpeg",
        "height": 576
      },
      {
        "uid": "8f7d77dbe5304564bd123b22e36d9332",
        "size": 17737,
        "width": 720,
        "url": "https://media.sketchfab.com/models/a870a13f307d4ba08ae4d5ebe3a7a95e/thumbnails/cd0746e03b6544c3869149993a49d6af/3d0f45815e294a1d82a366ce16d2cdf8.jpeg",
        "height": 405
      },
      {
        "uid": "709f69e9fbe748aea628b0c8b7aad982",
        "size": 2604,
        "width": 256,
        "url": "https://media.sketchfab.com/models/a870a13f307d4ba08ae4d5ebe3a7a95e/thumbnails/cd0746e03b6544c3869149993a49d6af/ad3c25301986410ebf27bd4bf3806095.jpeg",
        "height": 144
      },
      {
        "uid": "05570afea8064a5bb926e78e7887a2bf",
        "size": 915,
        "width": 64,
        "url": "https://media.sketchfab.com/models/a870a13f307d4ba08ae4d5ebe3a7a95e/thumbnails/cd0746e03b6544c3869149993a49d6af/4cf8116f90a045ee857995957a7d758b.jpeg",
        "height": 36
      }
    ]
  },
  "user": {
    "uid": "62463931d9bb4438b6c19af8394a356e",
    "username": "taqoo.ne.jp",
    "displayName": "taqoo.ne.jp",
    "profileUrl": "https://sketchfab.com/taqoo.ne.jp",
    "account": "basic",
    "avatar": {
      "uri": "https://api.sketchfab.com/v3/avatars/4cc43dc15f184dbca9a5be6e2ebff73b",
      "images": [
        {
          "size": 787,
          "width": 32,
          "url": "https://media.sketchfab.com/avatars/4cc43dc15f184dbca9a5be6e2ebff73b/abb872191a4d4ff88b28896f4aa1bcf7.jpeg",
          "height": 32
        },
        {
          "size": 1237,
          "width": 48,
          "url": "https://media.sketchfab.com/avatars/4cc43dc15f184dbca9a5be6e2ebff73b/f4db3b81a9b6403a93e0d0348470da66.jpeg",
          "height": 48
        },
        {
          "size": 2608,
          "width": 90,
          "url": "https://media.sketchfab.com/avatars/4cc43dc15f184dbca9a5be6e2ebff73b/819e3ca13ca94c9c8074d07dc8337ac9.jpeg",
          "height": 90
        },
        {
          "size": 2975,
          "width": 100,
          "url": "https://media.sketchfab.com/avatars/4cc43dc15f184dbca9a5be6e2ebff73b/a8ff761a642e4faf96d8a6e15e2fff19.jpeg",
          "height": 100
        }
      ]
    },
    "uri": "https://api.sketchfab.com/v3/users/62463931d9bb4438b6c19af8394a356e"
  },
  "description": "the monolithic statues of Easter Island",
  "faceCount": 3538,
  "createdAt": "2021-06-24T16:41:13.425784",
  "vertexCount": 1773,
  "isAgeRestricted": false,
  "archives": {
    "glb": {
      "textureCount": 0,
      "size": 152304,
      "type": "glb",
      "textureMaxResolution": 0,
      "faceCount": 3538,
      "vertexCount": 3338
    },
    "gltf": {
      "textureCount": 0,
      "size": 72655,
      "type": "gltf",
      "textureMaxResolution": 0,
      "faceCount": 3538,
      "vertexCount": 3338
    },
    "source": {
      "textureCount": null,
      "size": 1663004,
      "type": "source",
      "textureMaxResolution": null,
      "faceCount": null,
      "vertexCount": null
    },
    "usdz": {
      "textureCount": null,
      "size": 104265,
      "type": "usdz",
      "textureMaxResolution": null,
      "faceCount": null,
      "vertexCount": null
    }
  },
  "license": "by"
}