{
  "uri": "https://api.sketchfab.com/v3/models/a870c0783c424b0ea7e248cd81e4bee4",
  "uid": "a870c0783c424b0ea7e248cd81e4bee4",
  "name": "Matias Bonthuis",
  "staffpickedAt": null,
  "viewCount": 10,
  "likeCount": 0,
  "animationCount": 0,
  "viewerUrl": "https://sketchfab.com/3d-models/a870c0783c424b0ea7e248cd81e4bee4",
  "embedUrl": "https://sketchfab.com/models/a870c0783c424b0ea7e248cd81e4bee4/embed",
  "commentCount": 0,
  "isDownloadable": true,
  "publishedAt": "2022-03-23T13:49:00.905752",
  "tags": [
    {
      "name": "mineways",
      "slug": "mineways",
      "uri": "https://api.sketchfab.com/v3/tags/mineways"
    },
    {
      "name": "minecraft",
      "slug": "minecraft",
      "uri": "https://api.sketchfab.com/v3/tags/minecraft"
    }
  ],
  "categories": [],
  "thumbnails": {
    "images": [
      {
        "uid": "15708f8d1fc44d618c62908704d77cbe",
        "size": 95838,
        "width": 1920,
        "url": "https://media.sketchfab.com/models/a870c0783c424b0ea7e248cd81e4bee4/thumbnails/9ce090eb794d43609a284a476b823387/12d777238eed4851bb3965ec043f5945.jpeg",
        "height": 1080
      },
      {
        "uid": "b6cd371177c44b209a3824e497dab83d",
        "size": 30613,
        "width": 1024,
        "url": "https://media.sketchfab.com/models/a870c0783c424b0ea7e248cd81e4bee4/thumbnails/9ce090eb794d43609a284a476b823387/f72261d9474c4de280ca5bc8ea9210f6.jpeg",
        "height": 576
      },
      {
        "uid": "9aecf598b5be430fbc2990f7de552e9c",
        "size": 17516,
        "width": 720,
        "url": "https://media.sketchfab.com/models/a870c0783c424b0ea7e248cd81e4bee4/thumbnails/9ce090eb794d43609a284a476b823387/ebfd935e31a6408aa2a422d683175798.jpeg",
        "height": 405
      },
      {
        "uid": "d9b0350dc831431e9a5838c18f6db2aa",
        "size": 4075,
        "width": 256,
        "url": "https://media.sketchfab.com/models/a870c0783c424b0ea7e248cd81e4bee4/thumbnails/9ce090eb794d43609a284a476b823387/5d6d5e88422a41c1b3fe9ceaf72cd43e.jpeg",
        "height": 144
      },
      {
        "uid": "9250833a7fc74a599910980082e94373",
        "size": 1101,
        "width": 64,
        "url": "https://media.sketchfab.com/models/a870c0783c424b0ea7e248cd81e4bee4/thumbnails/9ce090eb794d43609a284a476b823387/d8d2253491af44bab611613a6b5f675c.jpeg",
        "height": 36
      }
    ]
  },
  "user": {
    "uid": "860bf56b1758427285eb9d49b2c81daf",
    "username": "niubit",
    "displayName": "niubit",
    "profileUrl": "https://sketchfab.com/niubit",
    "account": "basic",
    "avatar": {
      "uri": "https://api.sketchfab.com/v3/avatars/cec9796e9bdd49608cc93ebbd2463659",
      "images": [
        {
          "size": 892,
          "width": 32,
          "url": "https://media.sketchfab.com/avatars/cec9796e9bdd49608cc93ebbd2463659/b57a730109c6432e903ead9d4c0c0295.jpeg",
          "height": 32
        },
        {
          "size": 3081,
          "width": 100,
          "url": "https://media.sketchfab.com/avatars/cec9796e9bdd49608cc93ebbd2463659/e8fc3405e1904c219f4d430f8507db91.jpeg",
          "height": 100
        },
        {
          "size": 2771,
          "width": 90,
          "url": "https://media.sketchfab.com/avatars/cec9796e9bdd49608cc93ebbd2463659/697aa7172dae48b2abffef54dea1d6f2.jpeg",
          "height": 90
        },
        {
          "size": 1307,
          "width": 48,
          "url": "https://media.sketchfab.com/avatars/cec9796e9bdd49608cc93ebbd2463659/c7660522c6114618a83ddcdb2cf91036.jpeg",
          "height": 48
        }
      ]
    },
    "uri": "https://api.sketchfab.com/v3/users/860bf56b1758427285eb9d49b2c81daf"
  },
  "description": "",
  "faceCount": 6084,
  "createdAt": "2022-03-23T13:48:46.540060",
  "vertexCount": 3632,
  "isAgeRestricted": false,
  "archives": {
    "glb": {
      "textureCount": 2,
      "size": 1146692,
      "type": "glb",
      "textureMaxResolution": 1024,
      "faceCount": 6084,
      "vertexCount": 12168
    },
    "gltf": {
      "textureCount": 2,
      "size": 706719,
      "type": "gltf",
      "textureMaxResolution": 1024,
      "faceCount": 6084,
      "vertexCount": 12168
    },
    "source": {
      "textureCount": null,
      "size": 801266,
      "type": "source",
      "textureMaxResolution": null,
      "faceCount": null,
      "vertexCount": null
    },
    "usdz": {
      "textureCount": null,
      "size": 1037024,
      "type": "usdz",
      "textureMaxResolution": null,
      "faceCount": null,
      "vertexCount": null
    }
  },
  "license": "by"
}