{
  "uri": "https://api.sketchfab.com/v3/models/a87519124558490faeaf090f24f55584",
  "uid": "a87519124558490faeaf090f24f55584",
  "name": "3D-SKETCHFAB_TELHADOS-FINAL",
  "staffpickedAt": null,
  "viewCount": 3,
  "likeCount": 0,
  "animationCount": 0,
  "viewerUrl": "https://sketchfab.com/3d-models/a87519124558490faeaf090f24f55584",
  "embedUrl": "https://sketchfab.com/models/a87519124558490faeaf090f24f55584/embed",
  "commentCount": 0,
  "isDownloadable": true,
  "publishedAt": "2021-12-02T02:50:40.660277",
  "tags": [],
  "categories": [],
  "thumbnails": {
    "images": [
      {
        "uid": "a301e36f3b9c4db788dd592f4acc5909",
        "size": 56222,
        "width": 1920,
        "url": "https://media.sketchfab.com/models/a87519124558490faeaf090f24f55584/thumbnails/6c637d60c0ee41f2ac9e20775d2e3774/a53cfccf1ff345bcb074d5a28b475b0d.jpeg",
        "height": 1080
      },
      {
        "uid": "a9a3210acfa64d58b9d0ffab87aff78d",
        "size": 20548,
        "width": 1024,
        "url": "https://media.sketchfab.com/models/a87519124558490faeaf090f24f55584/thumbnails/6c637d60c0ee41f2ac9e20775d2e3774/bb786125156a4ec9b4c58f570f23b813.jpeg",
        "height": 576
      },
      {
        "uid": "314e015cfb604f949fdbeaed995f5256",
        "size": 12138,
        "width": 720,
        "url": "https://media.sketchfab.com/models/a87519124558490faeaf090f24f55584/thumbnails/6c637d60c0ee41f2ac9e20775d2e3774/f094cef51d1f4195aa887f35f4e95178.jpeg",
        "height": 405
      },
      {
        "uid": "9b5ed875e7c44625a0282b6c441a710c",
        "size": 3140,
        "width": 256,
        "url": "https://media.sketchfab.com/models/a87519124558490faeaf090f24f55584/thumbnails/6c637d60c0ee41f2ac9e20775d2e3774/2d3e4f7ee50646dfb0a1a3e313080294.jpeg",
        "height": 144
      },
      {
        "uid": "d512a9b50ed344ee84795d5adc92f5e9",
        "size": 967,
        "width": 64,
        "url": "https://media.sketchfab.com/models/a87519124558490faeaf090f24f55584/thumbnails/6c637d60c0ee41f2ac9e20775d2e3774/ea7bddb97daf4ac49075656878dd4ba0.jpeg",
        "height": 36
      }
    ]
  },
  "user": {
    "uid": "926ecfe7cdd14045923d920ee07ce976",
    "username": "projetoscomarte",
    "displayName": "projetoscomarte",
    "profileUrl": "https://sketchfab.com/projetoscomarte",
    "account": "basic",
    "avatar": {
      "uri": "https://api.sketchfab.com/v3/avatars/78fa317e46024a5283765aa34df5e508",
      "images": [
        {
          "size": 6421,
          "width": 100,
          "url": "https://media.sketchfab.com/avatars/78fa317e46024a5283765aa34df5e508/aec92fe9a74e499c98d759362cd7f02f.jpeg",
          "height": 100
        },
        {
          "size": 2518,
          "width": 48,
          "url": "https://media.sketchfab.com/avatars/78fa317e46024a5283765aa34df5e508/17fa177ffaa344a2b2fc8e78efd40fbb.jpeg",
          "height": 48
        },
        {
          "size": 5653,
          "width": 90,
          "url": "https://media.sketchfab.com/avatars/78fa317e46024a5283765aa34df5e508/02162695bdc840faa3bcb2d418309c5e.jpeg",
          "height": 90
        },
        {
          "size": 1350,
          "width": 32,
          "url": "https://media.sketchfab.com/avatars/78fa317e46024a5283765aa34df5e508/6fde876cbded4cd48d36a76029e3aa02.jpeg",
          "height": 32
        }
      ]
    },
    "uri": "https://api.sketchfab.com/v3/users/926ecfe7cdd14045923d920ee07ce976"
  },
  "description": "",
  "faceCount": 13330,
  "createdAt": "2021-12-02T02:46:42.325242",
  "vertexCount": 11343,
  "isAgeRestricted": false,
  "archives": {
    "glb": {
      "textureCount": 0,
      "size": 598356,
      "type": "glb",
      "textureMaxResolution": 0,
      "faceCount": 6799,
      "vertexCount": 12459
    },
    "gltf": {
      "textureCount": 0,
      "size": 62125,
      "type": "gltf",
      "textureMaxResolution": 0,
      "faceCount": 6799,
      "vertexCount": 12459
    },
    "source": {
      "textureCount": null,
      "size": 16442119,
      "type": "source",
      "textureMaxResolution": null,
      "faceCount": null,
      "vertexCount": null
    },
    "usdz": {
      "textureCount": null,
      "size": 312679,
      "type": "usdz",
      "textureMaxResolution": null,
      "faceCount": null,
      "vertexCount": null
    }
  },
  "license": "by"
}