{
  "uri": "https://api.sketchfab.com/v3/models/a8783336ca1c4fa7a0f462f984c3b79a",
  "uid": "a8783336ca1c4fa7a0f462f984c3b79a",
  "name": "Cone Enemy",
  "staffpickedAt": null,
  "viewCount": 19,
  "likeCount": 3,
  "animationCount": 0,
  "viewerUrl": "https://sketchfab.com/3d-models/a8783336ca1c4fa7a0f462f984c3b79a",
  "embedUrl": "https://sketchfab.com/models/a8783336ca1c4fa7a0f462f984c3b79a/embed",
  "commentCount": 0,
  "isDownloadable": true,
  "publishedAt": "2021-09-20T21:18:08.077546",
  "tags": [
    {
      "name": "downloadable",
      "slug": "downloadable",
      "uri": "https://api.sketchfab.com/v3/tags/downloadable"
    },
    {
      "name": "game",
      "slug": "game",
      "uri": "https://api.sketchfab.com/v3/tags/game"
    },
    {
      "name": "gameasset",
      "slug": "gameasset",
      "uri": "https://api.sketchfab.com/v3/tags/gameasset"
    },
    {
      "name": "free",
      "slug": "free",
      "uri": "https://api.sketchfab.com/v3/tags/free"
    },
    {
      "name": "abstract",
      "slug": "abstract",
      "uri": "https://api.sketchfab.com/v3/tags/abstract"
    },
    {
      "name": "download",
      "slug": "download",
      "uri": "https://api.sketchfab.com/v3/tags/download"
    }
  ],
  "categories": [
    {
      "name": "art-abstract"
    },
    {
      "name": "science-technology"
    }
  ],
  "thumbnails": {
    "images": [
      {
        "uid": "9ef477e259be462283713e69aba67de5",
        "size": 198744,
        "width": 1920,
        "url": "https://media.sketchfab.com/models/a8783336ca1c4fa7a0f462f984c3b79a/thumbnails/d05209c717ea420086a0fdaeb8d28e58/05b6e4525f5044e1851540740ef366ec.jpeg",
        "height": 1080
      },
      {
        "uid": "4ff3fdc268004e44891ef9a20e572e67",
        "size": 44477,
        "width": 1024,
        "url": "https://media.sketchfab.com/models/a8783336ca1c4fa7a0f462f984c3b79a/thumbnails/d05209c717ea420086a0fdaeb8d28e58/b3b62be938e449b38763e92083d27213.jpeg",
        "height": 576
      },
      {
        "uid": "0db8a0c0f7d548d9b869eaed0782594d",
        "size": 26932,
        "width": 720,
        "url": "https://media.sketchfab.com/models/a8783336ca1c4fa7a0f462f984c3b79a/thumbnails/d05209c717ea420086a0fdaeb8d28e58/e827bb06c79d407ea890254ffeac9125.jpeg",
        "height": 405
      },
      {
        "uid": "669a08ea134f40929df21380e466d6e6",
        "size": 6526,
        "width": 256,
        "url": "https://media.sketchfab.com/models/a8783336ca1c4fa7a0f462f984c3b79a/thumbnails/d05209c717ea420086a0fdaeb8d28e58/38c3987dd7d343ccbfe6ecb320997bd4.jpeg",
        "height": 144
      },
      {
        "uid": "27c3c228a25b418f9526ee13cbafcb96",
        "size": 1326,
        "width": 64,
        "url": "https://media.sketchfab.com/models/a8783336ca1c4fa7a0f462f984c3b79a/thumbnails/d05209c717ea420086a0fdaeb8d28e58/7ea73704fd874aa69bbabbd02d8e6739.jpeg",
        "height": 36
      }
    ]
  },
  "user": {
    "uid": "980fac44bf4744a4aea19798a5707ede",
    "username": "nico-arch",
    "displayName": "Nico Arch",
    "profileUrl": "https://sketchfab.com/nico-arch",
    "account": "basic",
    "avatar": {
      "uri": "https://api.sketchfab.com/v3/avatars/d617842c12ee4a81bdb1b6327912d3e5",
      "images": [
        {
          "size": 879,
          "width": 32,
          "url": "https://media.sketchfab.com/avatars/d617842c12ee4a81bdb1b6327912d3e5/bfa33da5005c440d96c7ddca43219a11.jpeg",
          "height": 32
        },
        {
          "size": 1075,
          "width": 48,
          "url": "https://media.sketchfab.com/avatars/d617842c12ee4a81bdb1b6327912d3e5/b6693868a7784f7dae1826e30afd7a55.jpeg",
          "height": 48
        },
        {
          "size": 1880,
          "width": 90,
          "url": "https://media.sketchfab.com/avatars/d617842c12ee4a81bdb1b6327912d3e5/69be000b549b4ef0b02e89075897250a.jpeg",
          "height": 90
        },
        {
          "size": 2027,
          "width": 100,
          "url": "https://media.sketchfab.com/avatars/d617842c12ee4a81bdb1b6327912d3e5/e1713d6593a0422f901cd0ff80223343.jpeg",
          "height": 100
        }
      ]
    },
    "uri": "https://api.sketchfab.com/v3/users/980fac44bf4744a4aea19798a5707ede"
  },
  "description": "An enemy from the cone cone world level.",
  "faceCount": 236,
  "createdAt": "2021-09-20T00:51:14.001732",
  "vertexCount": 228,
  "isAgeRestricted": false,
  "archives": {
    "glb": {
      "textureCount": 0,
      "size": 28796,
      "type": "glb",
      "textureMaxResolution": 0,
      "faceCount": 236,
      "vertexCount": 672
    },
    "gltf": {
      "textureCount": 0,
      "size": 8650,
      "type": "gltf",
      "textureMaxResolution": 0,
      "faceCount": 236,
      "vertexCount": 672
    },
    "source": {
      "textureCount": null,
      "size": 46367,
      "type": "source",
      "textureMaxResolution": null,
      "faceCount": null,
      "vertexCount": null
    },
    "usdz": {
      "textureCount": null,
      "size": 20312,
      "type": "usdz",
      "textureMaxResolution": null,
      "faceCount": null,
      "vertexCount": null
    }
  },
  "license": "by"
}