{
  "uri": "https://api.sketchfab.com/v3/models/a886ec63fe674bcc874264ca12de5f12",
  "uid": "a886ec63fe674bcc874264ca12de5f12",
  "name": "middle form",
  "staffpickedAt": null,
  "viewCount": 353,
  "likeCount": 24,
  "animationCount": 0,
  "viewerUrl": "https://sketchfab.com/3d-models/a886ec63fe674bcc874264ca12de5f12",
  "embedUrl": "https://sketchfab.com/models/a886ec63fe674bcc874264ca12de5f12/embed",
  "commentCount": 2,
  "isDownloadable": true,
  "publishedAt": "2019-12-05T17:59:32.884888",
  "tags": [
    {
      "name": "maya",
      "slug": "maya",
      "uri": "https://api.sketchfab.com/v3/tags/maya"
    }
  ],
  "categories": [],
  "thumbnails": {
    "images": [
      {
        "uid": "3940937b219a4872af642b2fc1560d7f",
        "size": 158970,
        "width": 1920,
        "url": "https://media.sketchfab.com/models/a886ec63fe674bcc874264ca12de5f12/thumbnails/14506d355d4b4e08aa16c79324042f78/f19b23148d2143a8ad233f83c7c83bc2.jpeg",
        "height": 1080
      },
      {
        "uid": "2502d6fa78d14cb7b91161c48562f149",
        "size": 41366,
        "width": 1024,
        "url": "https://media.sketchfab.com/models/a886ec63fe674bcc874264ca12de5f12/thumbnails/14506d355d4b4e08aa16c79324042f78/f8a862b882d646b7af601ee807b20f80.jpeg",
        "height": 576
      },
      {
        "uid": "b37d3b0dacd84c5986ca6f14ad5e2a9e",
        "size": 22839,
        "width": 720,
        "url": "https://media.sketchfab.com/models/a886ec63fe674bcc874264ca12de5f12/thumbnails/14506d355d4b4e08aa16c79324042f78/730e0b9e1e6447e692fec6679c3b99e0.jpeg",
        "height": 405
      },
      {
        "uid": "05243e3f92c54f7f9b416af8009b618f",
        "size": 4514,
        "width": 256,
        "url": "https://media.sketchfab.com/models/a886ec63fe674bcc874264ca12de5f12/thumbnails/14506d355d4b4e08aa16c79324042f78/dd23058fadb14ad88ee2b98ad7075ee6.jpeg",
        "height": 144
      },
      {
        "uid": "1258b90467ef4e87b377c4ced0d5c28d",
        "size": 811,
        "width": 64,
        "url": "https://media.sketchfab.com/models/a886ec63fe674bcc874264ca12de5f12/thumbnails/14506d355d4b4e08aa16c79324042f78/a8a6f9963c3442498d3effe753bf6911.jpeg",
        "height": 36
      }
    ]
  },
  "user": {
    "uid": "46ad83f3f0a74c4a997a9f8543c69f47",
    "username": "sandwichsoul",
    "displayName": "sandwichsoul",
    "profileUrl": "https://sketchfab.com/sandwichsoul",
    "account": "basic",
    "avatar": {
      "uri": "https://api.sketchfab.com/v3/avatars/a995531a14da4099bc9cf82bc9354631",
      "images": [
        {
          "size": 777,
          "width": 32,
          "url": "https://media.sketchfab.com/avatars/a995531a14da4099bc9cf82bc9354631/812eb45d2b9e452aa264830e59c0bdb9.jpeg",
          "height": 32
        },
        {
          "size": 1199,
          "width": 48,
          "url": "https://media.sketchfab.com/avatars/a995531a14da4099bc9cf82bc9354631/f797bcd7075d49e5b513e2dcbda4acaa.jpeg",
          "height": 48
        },
        {
          "size": 2815,
          "width": 90,
          "url": "https://media.sketchfab.com/avatars/a995531a14da4099bc9cf82bc9354631/2a9bf1280efd4d5bb5896a2f5762a084.jpeg",
          "height": 90
        },
        {
          "size": 3373,
          "width": 100,
          "url": "https://media.sketchfab.com/avatars/a995531a14da4099bc9cf82bc9354631/4f86f5121d684c11beee94c17e643616.jpeg",
          "height": 100
        }
      ]
    },
    "uri": "https://api.sketchfab.com/v3/users/46ad83f3f0a74c4a997a9f8543c69f47"
  },
  "description": "",
  "faceCount": 95540,
  "createdAt": "2019-12-05T17:59:12.838954",
  "vertexCount": 50999,
  "isAgeRestricted": false,
  "archives": {
    "glb": {
      "textureCount": 0,
      "size": 4279004,
      "type": "glb",
      "textureMaxResolution": 0,
      "faceCount": 94254,
      "vertexCount": 96788
    },
    "gltf": {
      "textureCount": 0,
      "size": 2113551,
      "type": "gltf",
      "textureMaxResolution": 0,
      "faceCount": 94254,
      "vertexCount": 96788
    },
    "source": {
      "textureCount": null,
      "size": 2815428,
      "type": "source",
      "textureMaxResolution": null,
      "faceCount": null,
      "vertexCount": null
    },
    "usdz": {
      "textureCount": null,
      "size": 2544647,
      "type": "usdz",
      "textureMaxResolution": null,
      "faceCount": null,
      "vertexCount": null
    }
  },
  "license": "by"
}