{
  "uri": "https://api.sketchfab.com/v3/models/a8887f4dfcda4485aa2ebdb495c98fe7",
  "uid": "a8887f4dfcda4485aa2ebdb495c98fe7",
  "name": "Morten1-S",
  "staffpickedAt": null,
  "viewCount": 24,
  "likeCount": 0,
  "animationCount": 0,
  "viewerUrl": "https://sketchfab.com/3d-models/a8887f4dfcda4485aa2ebdb495c98fe7",
  "embedUrl": "https://sketchfab.com/models/a8887f4dfcda4485aa2ebdb495c98fe7/embed",
  "commentCount": 0,
  "isDownloadable": true,
  "publishedAt": "2021-10-26T06:31:27.160722",
  "tags": [
    {
      "name": "stair",
      "slug": "stair",
      "uri": "https://api.sketchfab.com/v3/tags/stair"
    },
    {
      "name": "staircase",
      "slug": "staircase",
      "uri": "https://api.sketchfab.com/v3/tags/staircase"
    },
    {
      "name": "staircon",
      "slug": "staircon",
      "uri": "https://api.sketchfab.com/v3/tags/staircon"
    }
  ],
  "categories": [],
  "thumbnails": {
    "images": [
      {
        "uid": "3adb052e34054f2198500e1344857e1e",
        "size": 295426,
        "width": 1920,
        "url": "https://media.sketchfab.com/models/a8887f4dfcda4485aa2ebdb495c98fe7/thumbnails/2d5ebb9f31dd4089b12f3fa6adefd8fc/c086c87f35f746228d29069e91132a95.jpeg",
        "height": 1080
      },
      {
        "uid": "76b161c445b041a1bee1bbc232d74082",
        "size": 77917,
        "width": 1024,
        "url": "https://media.sketchfab.com/models/a8887f4dfcda4485aa2ebdb495c98fe7/thumbnails/2d5ebb9f31dd4089b12f3fa6adefd8fc/e46635f0386042f6b4c18167e1b2301b.jpeg",
        "height": 576
      },
      {
        "uid": "a9769bfc54e348848e390e05127f959c",
        "size": 37444,
        "width": 720,
        "url": "https://media.sketchfab.com/models/a8887f4dfcda4485aa2ebdb495c98fe7/thumbnails/2d5ebb9f31dd4089b12f3fa6adefd8fc/a1b87b1b08db4e73a692a43c20ad8aad.jpeg",
        "height": 405
      },
      {
        "uid": "c7ce7e5387cd412cbb32cc868bbf7c4f",
        "size": 5543,
        "width": 256,
        "url": "https://media.sketchfab.com/models/a8887f4dfcda4485aa2ebdb495c98fe7/thumbnails/2d5ebb9f31dd4089b12f3fa6adefd8fc/d9690b4fd7db4481a56aa6bf5cd86b3a.jpeg",
        "height": 144
      },
      {
        "uid": "ea272467351844488abf02fb270d992a",
        "size": 1181,
        "width": 64,
        "url": "https://media.sketchfab.com/models/a8887f4dfcda4485aa2ebdb495c98fe7/thumbnails/2d5ebb9f31dd4089b12f3fa6adefd8fc/fce7f681de3e4202b1a680a53a2aee12.jpeg",
        "height": 36
      }
    ]
  },
  "user": {
    "uid": "66b14375a33744c4b4aa07974b6ac6c2",
    "username": "Arturas1",
    "displayName": "Arturas1",
    "profileUrl": "https://sketchfab.com/Arturas1",
    "account": "basic",
    "avatar": {
      "uri": "https://api.sketchfab.com/v3/avatars/62563301e46142f6bd58d9f4981794ad",
      "images": [
        {
          "size": 835,
          "width": 32,
          "url": "https://media.sketchfab.com/avatars/62563301e46142f6bd58d9f4981794ad/2cce1899f2b2400eb6096fa8a77017ce.png",
          "height": 32
        },
        {
          "size": 1332,
          "width": 48,
          "url": "https://media.sketchfab.com/avatars/62563301e46142f6bd58d9f4981794ad/abdc1fd3f1964a6a810a0963bd76adeb.png",
          "height": 48
        },
        {
          "size": 2385,
          "width": 90,
          "url": "https://media.sketchfab.com/avatars/62563301e46142f6bd58d9f4981794ad/e1be401e49ca4d66b684166cc015551a.png",
          "height": 90
        },
        {
          "size": 2468,
          "width": 100,
          "url": "https://media.sketchfab.com/avatars/62563301e46142f6bd58d9f4981794ad/2917bd7cd6064c68a37f2b69869df787.png",
          "height": 100
        }
      ]
    },
    "uri": "https://api.sketchfab.com/v3/users/66b14375a33744c4b4aa07974b6ac6c2"
  },
  "description": "http://staircon.com/ <br>Export by <b>Mirosta UAB</b> (lic 1510)",
  "faceCount": 16032,
  "createdAt": "2021-10-26T06:30:54.362611",
  "vertexCount": 12065,
  "isAgeRestricted": false,
  "archives": {
    "glb": {
      "textureCount": 7,
      "size": 885952,
      "type": "glb",
      "textureMaxResolution": 512,
      "faceCount": 15190,
      "vertexCount": 16736
    },
    "gltf": {
      "textureCount": 7,
      "size": 309185,
      "type": "gltf",
      "textureMaxResolution": 512,
      "faceCount": 15190,
      "vertexCount": 16736
    },
    "source": {
      "textureCount": null,
      "size": 373626,
      "type": "source",
      "textureMaxResolution": null,
      "faceCount": null,
      "vertexCount": null
    },
    "usdz": {
      "textureCount": null,
      "size": 635477,
      "type": "usdz",
      "textureMaxResolution": null,
      "faceCount": null,
      "vertexCount": null
    }
  },
  "license": "by"
}