{
  "uri": "https://api.sketchfab.com/v3/models/a888209536484bae8013aa184e2f26c4",
  "uid": "a888209536484bae8013aa184e2f26c4",
  "name": "Der Pforzheimer Seckel",
  "staffpickedAt": null,
  "viewCount": 159,
  "likeCount": 1,
  "animationCount": 0,
  "viewerUrl": "https://sketchfab.com/3d-models/a888209536484bae8013aa184e2f26c4",
  "embedUrl": "https://sketchfab.com/models/a888209536484bae8013aa184e2f26c4/embed",
  "commentCount": 0,
  "isDownloadable": true,
  "publishedAt": "2018-01-10T22:28:24.650522",
  "tags": [
    {
      "name": "tango",
      "slug": "tango",
      "uri": "https://api.sketchfab.com/v3/tags/tango"
    },
    {
      "name": "cityart",
      "slug": "cityart",
      "uri": "https://api.sketchfab.com/v3/tags/cityart"
    }
  ],
  "categories": [
    {
      "name": "characters-creatures"
    }
  ],
  "thumbnails": {
    "images": [
      {
        "uid": "14fff8a1c9e54171b8890fbd4ffa9b97",
        "size": 138971,
        "width": 1920,
        "url": "https://media.sketchfab.com/models/a888209536484bae8013aa184e2f26c4/thumbnails/6c7dd7197b3744248212a5daf8f4c53d/a6c706e698404f3281aea8b6825a7fa6.jpeg",
        "height": 1080
      },
      {
        "uid": "d38277ca35c34b9db51a8aa6378f7a45",
        "size": 24128,
        "width": 1024,
        "url": "https://media.sketchfab.com/models/a888209536484bae8013aa184e2f26c4/thumbnails/6c7dd7197b3744248212a5daf8f4c53d/52dcd0f049ce4003aba337375f7f1687.jpeg",
        "height": 576
      },
      {
        "uid": "95f31637bed144e9b9bed5cf5dc2d752",
        "size": 13217,
        "width": 720,
        "url": "https://media.sketchfab.com/models/a888209536484bae8013aa184e2f26c4/thumbnails/6c7dd7197b3744248212a5daf8f4c53d/e8642aa493704aeeb0ca5db596bfece4.jpeg",
        "height": 405
      },
      {
        "uid": "bd72d9440ece460aac9febbffdc0996a",
        "size": 2948,
        "width": 256,
        "url": "https://media.sketchfab.com/models/a888209536484bae8013aa184e2f26c4/thumbnails/6c7dd7197b3744248212a5daf8f4c53d/57004dfce71249b4aa51220275178b59.jpeg",
        "height": 144
      },
      {
        "uid": "b9767fb24c8646018ae15f64ff24283a",
        "size": 652,
        "width": 64,
        "url": "https://media.sketchfab.com/models/a888209536484bae8013aa184e2f26c4/thumbnails/6c7dd7197b3744248212a5daf8f4c53d/acc135bed0934647a892916d0c50a18e.jpeg",
        "height": 36
      }
    ]
  },
  "user": {
    "uid": "57d1eb76868844aab112083aee188b2c",
    "username": "michaelvogt",
    "displayName": "Michael Vogt",
    "profileUrl": "https://sketchfab.com/michaelvogt",
    "account": "basic",
    "avatar": {
      "uri": "https://api.sketchfab.com/v3/avatars/71ccfdb08fcf444a87fc601d83a2c458",
      "images": [
        {
          "size": 701,
          "width": 32,
          "url": "https://media.sketchfab.com/avatars/71ccfdb08fcf444a87fc601d83a2c458/a4932383962b4bee9f0c4997a9b774a2.jpeg",
          "height": 32
        },
        {
          "size": 1054,
          "width": 48,
          "url": "https://media.sketchfab.com/avatars/71ccfdb08fcf444a87fc601d83a2c458/f6457e1becc54e02a1fecfaec5be89ea.jpeg",
          "height": 48
        },
        {
          "size": 2427,
          "width": 90,
          "url": "https://media.sketchfab.com/avatars/71ccfdb08fcf444a87fc601d83a2c458/b99363a00b124854a14fb63d4810a975.jpeg",
          "height": 90
        },
        {
          "size": 2785,
          "width": 100,
          "url": "https://media.sketchfab.com/avatars/71ccfdb08fcf444a87fc601d83a2c458/74345a16cda7448d9c7b8ef6282de537.jpeg",
          "height": 100
        }
      ]
    },
    "uri": "https://api.sketchfab.com/v3/users/57d1eb76868844aab112083aee188b2c"
  },
  "description": "Lucky scan with the Zenfone AR of a statue from Fritz Theilmann. The statue was created in 1985. Found it at the marketplace of Pforzheim, called the city of gold, north of the black forest in Germany. \n\nThe name has an historical background, with many interpretations what it actually means.\n\nThe quality of the scan surprised me, as I just wanted to make a rough scan, the sun was already setting and the christmas market was going on around there, so I didn't have much space to move.\n\nAnyway, hope you like it ;)",
  "faceCount": 4301,
  "createdAt": "2018-01-10T22:07:44.010993",
  "vertexCount": 2346,
  "isAgeRestricted": false,
  "archives": {
    "glb": {
      "textureCount": 2,
      "size": 10838804,
      "type": "glb",
      "textureMaxResolution": 4096,
      "faceCount": 4301,
      "vertexCount": 3178
    },
    "gltf": {
      "textureCount": 2,
      "size": 10675664,
      "type": "gltf",
      "textureMaxResolution": 4096,
      "faceCount": 4301,
      "vertexCount": 3178
    },
    "source": {
      "textureCount": null,
      "size": 23343564,
      "type": "source",
      "textureMaxResolution": null,
      "faceCount": null,
      "vertexCount": null
    },
    "usdz": {
      "textureCount": null,
      "size": 1732362,
      "type": "usdz",
      "textureMaxResolution": null,
      "faceCount": null,
      "vertexCount": null
    }
  },
  "license": "by"
}