{
  "uri": "https://api.sketchfab.com/v3/models/a88b10037388421090bc8927199b6228",
  "uid": "a88b10037388421090bc8927199b6228",
  "name": "Alana Bedside Table, Nickel",
  "staffpickedAt": null,
  "viewCount": 24491,
  "likeCount": 3,
  "animationCount": 0,
  "viewerUrl": "https://sketchfab.com/3d-models/a88b10037388421090bc8927199b6228",
  "embedUrl": "https://sketchfab.com/models/a88b10037388421090bc8927199b6228/embed",
  "commentCount": 0,
  "isDownloadable": true,
  "publishedAt": "2018-07-16T10:34:03.211279",
  "tags": [],
  "categories": [],
  "thumbnails": {
    "images": [
      {
        "uid": "ee590e9cceae449092eef06092826c34",
        "size": 39025,
        "width": 1920,
        "url": "https://media.sketchfab.com/models/a88b10037388421090bc8927199b6228/thumbnails/cd0118cd5d3a464bb9f653f2137e2e80/9f17126e6c0548bc80746b9a1dd24d3b.jpeg",
        "height": 1080
      },
      {
        "uid": "6c0aeb5a2ffa47a3ac13f7dcabb818b0",
        "size": 14347,
        "width": 1024,
        "url": "https://media.sketchfab.com/models/a88b10037388421090bc8927199b6228/thumbnails/cd0118cd5d3a464bb9f653f2137e2e80/67702d77bc324c27889fbc5c0c47fcea.jpeg",
        "height": 576
      },
      {
        "uid": "3f3d0909a5354c96a78eb94b58c0e593",
        "size": 8695,
        "width": 720,
        "url": "https://media.sketchfab.com/models/a88b10037388421090bc8927199b6228/thumbnails/cd0118cd5d3a464bb9f653f2137e2e80/386745374bf44f199410ef4bb1dcbf9e.jpeg",
        "height": 405
      },
      {
        "uid": "56511f13adc64b708a04110d6afff7cd",
        "size": 2195,
        "width": 256,
        "url": "https://media.sketchfab.com/models/a88b10037388421090bc8927199b6228/thumbnails/cd0118cd5d3a464bb9f653f2137e2e80/a80337949639429f8a8b9e456e752595.jpeg",
        "height": 144
      },
      {
        "uid": "bda7a5c2c17c4a248db6d5e36b8de918",
        "size": 563,
        "width": 64,
        "url": "https://media.sketchfab.com/models/a88b10037388421090bc8927199b6228/thumbnails/cd0118cd5d3a464bb9f653f2137e2e80/c17beca9fc49417bb250b23595956a7d.jpeg",
        "height": 36
      }
    ]
  },
  "user": {
    "uid": "79294ba0dd6e4e9b814326150e579e22",
    "username": "made-it",
    "displayName": "MADE.COM",
    "profileUrl": "https://sketchfab.com/made-it",
    "account": "ent",
    "avatar": {
      "uri": "https://api.sketchfab.com/v3/avatars/78fa317e46024a5283765aa34df5e508",
      "images": [
        {
          "size": 6421,
          "width": 100,
          "url": "https://media.sketchfab.com/avatars/78fa317e46024a5283765aa34df5e508/aec92fe9a74e499c98d759362cd7f02f.jpeg",
          "height": 100
        },
        {
          "size": 2518,
          "width": 48,
          "url": "https://media.sketchfab.com/avatars/78fa317e46024a5283765aa34df5e508/17fa177ffaa344a2b2fc8e78efd40fbb.jpeg",
          "height": 48
        },
        {
          "size": 5653,
          "width": 90,
          "url": "https://media.sketchfab.com/avatars/78fa317e46024a5283765aa34df5e508/02162695bdc840faa3bcb2d418309c5e.jpeg",
          "height": 90
        },
        {
          "size": 1350,
          "width": 32,
          "url": "https://media.sketchfab.com/avatars/78fa317e46024a5283765aa34df5e508/6fde876cbded4cd48d36a76029e3aa02.jpeg",
          "height": 32
        }
      ]
    },
    "uri": "https://api.sketchfab.com/v3/users/79294ba0dd6e4e9b814326150e579e22"
  },
  "description": "",
  "faceCount": 10134,
  "createdAt": "2018-07-16T10:20:31.874996",
  "vertexCount": 5300,
  "isAgeRestricted": false,
  "archives": {
    "glb": {
      "textureCount": 3,
      "size": 6400276,
      "type": "glb",
      "textureMaxResolution": 4096,
      "faceCount": 10134,
      "vertexCount": 8115
    },
    "gltf": {
      "textureCount": 3,
      "size": 6088612,
      "type": "gltf",
      "textureMaxResolution": 4096,
      "faceCount": 10134,
      "vertexCount": 8115
    },
    "source": {
      "textureCount": null,
      "size": 7553393,
      "type": "source",
      "textureMaxResolution": null,
      "faceCount": null,
      "vertexCount": null
    },
    "usdz": {
      "textureCount": null,
      "size": 5080937,
      "type": "usdz",
      "textureMaxResolution": null,
      "faceCount": null,
      "vertexCount": null
    }
  },
  "license": "by-nc"
}