{
  "uri": "https://api.sketchfab.com/v3/models/a88e3022b7f04158a10afe1bcc5cbf27",
  "uid": "a88e3022b7f04158a10afe1bcc5cbf27",
  "name": "3rd HW",
  "staffpickedAt": null,
  "viewCount": 111,
  "likeCount": 7,
  "animationCount": 0,
  "viewerUrl": "https://sketchfab.com/3d-models/a88e3022b7f04158a10afe1bcc5cbf27",
  "embedUrl": "https://sketchfab.com/models/a88e3022b7f04158a10afe1bcc5cbf27/embed",
  "commentCount": 0,
  "isDownloadable": true,
  "publishedAt": "2020-02-06T14:53:06.751985",
  "tags": [
    {
      "name": "xyz-school",
      "slug": "xyz-school",
      "uri": "https://api.sketchfab.com/v3/tags/xyz-school"
    },
    {
      "name": "homework",
      "slug": "homework",
      "uri": "https://api.sketchfab.com/v3/tags/homework"
    },
    {
      "name": "draftpunk-2",
      "slug": "draftpunk-2",
      "uri": "https://api.sketchfab.com/v3/tags/draftpunk-2"
    }
  ],
  "categories": [
    {
      "name": "architecture"
    },
    {
      "name": "cars-vehicles"
    }
  ],
  "thumbnails": {
    "images": [
      {
        "uid": "0caad5db96e84978b5c772133ff406b3",
        "size": 36656,
        "width": 1920,
        "url": "https://media.sketchfab.com/models/a88e3022b7f04158a10afe1bcc5cbf27/thumbnails/19ca5f10726f49128290436e1b375d02/fe6d3facaefa4f65ab0db059e89250f8.jpeg",
        "height": 1080
      },
      {
        "uid": "72d7b1f46dd54f00b14d4a5209647750",
        "size": 12749,
        "width": 1024,
        "url": "https://media.sketchfab.com/models/a88e3022b7f04158a10afe1bcc5cbf27/thumbnails/19ca5f10726f49128290436e1b375d02/04fa826aedc24bad84f0fdaad00d23b8.jpeg",
        "height": 576
      },
      {
        "uid": "411034ef3b1c4c91951a74a1e6a02c6e",
        "size": 7493,
        "width": 720,
        "url": "https://media.sketchfab.com/models/a88e3022b7f04158a10afe1bcc5cbf27/thumbnails/19ca5f10726f49128290436e1b375d02/0d3b0593818342849553eabd70cac06f.jpeg",
        "height": 405
      },
      {
        "uid": "2248c11b4ce94f68aa27677524d906b9",
        "size": 1520,
        "width": 256,
        "url": "https://media.sketchfab.com/models/a88e3022b7f04158a10afe1bcc5cbf27/thumbnails/19ca5f10726f49128290436e1b375d02/fea805030cf74e3aa6851b7bac7ca5d5.jpeg",
        "height": 144
      },
      {
        "uid": "7c1f9855af934c7f88b5d909c13438de",
        "size": 400,
        "width": 64,
        "url": "https://media.sketchfab.com/models/a88e3022b7f04158a10afe1bcc5cbf27/thumbnails/19ca5f10726f49128290436e1b375d02/019bcd25f5d549d598a469e7be58bd4f.jpeg",
        "height": 36
      }
    ]
  },
  "user": {
    "uid": "34885df641204fbcac26319693e1ca3f",
    "username": "vassergnik",
    "displayName": "vassergnik",
    "profileUrl": "https://sketchfab.com/vassergnik",
    "account": "basic",
    "avatar": {
      "uri": "https://api.sketchfab.com/v3/avatars/3ef1bd11d3eb4b57a0b353e8f2e5fc3e",
      "images": [
        {
          "size": 680,
          "width": 32,
          "url": "https://media.sketchfab.com/avatars/3ef1bd11d3eb4b57a0b353e8f2e5fc3e/116042a0854e40538adab302b593683d.jpeg",
          "height": 32
        },
        {
          "size": 1253,
          "width": 48,
          "url": "https://media.sketchfab.com/avatars/3ef1bd11d3eb4b57a0b353e8f2e5fc3e/efea16be51d04eb7a00cb9ea0b43b87f.jpeg",
          "height": 48
        },
        {
          "size": 2797,
          "width": 90,
          "url": "https://media.sketchfab.com/avatars/3ef1bd11d3eb4b57a0b353e8f2e5fc3e/ac9b469ccec74caf923a81fb2f0be3ed.jpeg",
          "height": 90
        },
        {
          "size": 3215,
          "width": 100,
          "url": "https://media.sketchfab.com/avatars/3ef1bd11d3eb4b57a0b353e8f2e5fc3e/a075e1d43d2f446c949b5967b470c757.jpeg",
          "height": 100
        }
      ]
    },
    "uri": "https://api.sketchfab.com/v3/users/34885df641204fbcac26319693e1ca3f"
  },
  "description": "3rd home work, 40 min drafts",
  "faceCount": 73243,
  "createdAt": "2020-02-06T14:51:51.390221",
  "vertexCount": 37771,
  "isAgeRestricted": false,
  "archives": {
    "glb": {
      "textureCount": 0,
      "size": 3584804,
      "type": "glb",
      "textureMaxResolution": 0,
      "faceCount": 73007,
      "vertexCount": 81722
    },
    "gltf": {
      "textureCount": 0,
      "size": 816979,
      "type": "gltf",
      "textureMaxResolution": 0,
      "faceCount": 73007,
      "vertexCount": 81722
    },
    "source": {
      "textureCount": null,
      "size": 5345638,
      "type": "source",
      "textureMaxResolution": null,
      "faceCount": null,
      "vertexCount": null
    },
    "usdz": {
      "textureCount": null,
      "size": 1773154,
      "type": "usdz",
      "textureMaxResolution": null,
      "faceCount": null,
      "vertexCount": null
    }
  },
  "license": "by"
}