{
  "uri": "https://api.sketchfab.com/v3/models/a88e70ded0be442ca999602f391b51c0",
  "uid": "a88e70ded0be442ca999602f391b51c0",
  "name": "Coq Automate III",
  "staffpickedAt": null,
  "viewCount": 13,
  "likeCount": 0,
  "animationCount": 0,
  "viewerUrl": "https://sketchfab.com/3d-models/a88e70ded0be442ca999602f391b51c0",
  "embedUrl": "https://sketchfab.com/models/a88e70ded0be442ca999602f391b51c0/embed",
  "commentCount": 0,
  "isDownloadable": true,
  "publishedAt": "2021-07-28T21:19:34.607511",
  "tags": [],
  "categories": [],
  "thumbnails": {
    "images": [
      {
        "uid": "6fe2a511d9a14c5c9a7ff151e80fab92",
        "size": 47693,
        "width": 1920,
        "url": "https://media.sketchfab.com/models/a88e70ded0be442ca999602f391b51c0/thumbnails/94e8fa303e3d42628a5486e9f5187b8c/f2e9c180e6b2457e9a665d066dbbdb3c.jpeg",
        "height": 1080
      },
      {
        "uid": "ad7a8853caa64ef6a212feef72df9048",
        "size": 15824,
        "width": 1024,
        "url": "https://media.sketchfab.com/models/a88e70ded0be442ca999602f391b51c0/thumbnails/94e8fa303e3d42628a5486e9f5187b8c/f038246d186c4e34a9246aae49fa6e25.jpeg",
        "height": 576
      },
      {
        "uid": "b3bb60e956114c1fadbae5b9b39796b8",
        "size": 9256,
        "width": 720,
        "url": "https://media.sketchfab.com/models/a88e70ded0be442ca999602f391b51c0/thumbnails/94e8fa303e3d42628a5486e9f5187b8c/5b199c042d7a43799543f4316ae7d073.jpeg",
        "height": 405
      },
      {
        "uid": "7b53f7ca9c39455590197becb84ea616",
        "size": 2276,
        "width": 256,
        "url": "https://media.sketchfab.com/models/a88e70ded0be442ca999602f391b51c0/thumbnails/94e8fa303e3d42628a5486e9f5187b8c/121f122379e74b09ac8a2d983e6902a8.jpeg",
        "height": 144
      },
      {
        "uid": "d3452ffc07db49c89181910409f79c28",
        "size": 876,
        "width": 64,
        "url": "https://media.sketchfab.com/models/a88e70ded0be442ca999602f391b51c0/thumbnails/94e8fa303e3d42628a5486e9f5187b8c/2995b71bc57747479ca8725e05675a19.jpeg",
        "height": 36
      }
    ]
  },
  "user": {
    "uid": "c84caf00e1074fd395506d22582b7ca9",
    "username": "jeronimovoss",
    "displayName": "jeronimovoss",
    "profileUrl": "https://sketchfab.com/jeronimovoss",
    "account": "basic",
    "avatar": {
      "uri": "https://api.sketchfab.com/v3/avatars/78fa317e46024a5283765aa34df5e508",
      "images": [
        {
          "size": 6421,
          "width": 100,
          "url": "https://media.sketchfab.com/avatars/78fa317e46024a5283765aa34df5e508/aec92fe9a74e499c98d759362cd7f02f.jpeg",
          "height": 100
        },
        {
          "size": 2518,
          "width": 48,
          "url": "https://media.sketchfab.com/avatars/78fa317e46024a5283765aa34df5e508/17fa177ffaa344a2b2fc8e78efd40fbb.jpeg",
          "height": 48
        },
        {
          "size": 5653,
          "width": 90,
          "url": "https://media.sketchfab.com/avatars/78fa317e46024a5283765aa34df5e508/02162695bdc840faa3bcb2d418309c5e.jpeg",
          "height": 90
        },
        {
          "size": 1350,
          "width": 32,
          "url": "https://media.sketchfab.com/avatars/78fa317e46024a5283765aa34df5e508/6fde876cbded4cd48d36a76029e3aa02.jpeg",
          "height": 32
        }
      ]
    },
    "uri": "https://api.sketchfab.com/v3/users/c84caf00e1074fd395506d22582b7ca9"
  },
  "description": "jeronimo voss",
  "faceCount": 160117,
  "createdAt": "2021-07-28T21:18:58.019841",
  "vertexCount": 80077,
  "isAgeRestricted": false,
  "archives": {
    "glb": {
      "textureCount": 0,
      "size": 6274332,
      "type": "glb",
      "textureMaxResolution": 0,
      "faceCount": 160117,
      "vertexCount": 90618
    },
    "gltf": {
      "textureCount": 0,
      "size": 3175379,
      "type": "gltf",
      "textureMaxResolution": 0,
      "faceCount": 160117,
      "vertexCount": 90618
    },
    "source": {
      "textureCount": null,
      "size": 17786144,
      "type": "source",
      "textureMaxResolution": null,
      "faceCount": null,
      "vertexCount": null
    },
    "usdz": {
      "textureCount": null,
      "size": 2654744,
      "type": "usdz",
      "textureMaxResolution": null,
      "faceCount": null,
      "vertexCount": null
    }
  },
  "license": "by"
}