{
  "uri": "https://api.sketchfab.com/v3/models/a88fc501558c4f94a81ccf0bb853b53c",
  "uid": "a88fc501558c4f94a81ccf0bb853b53c",
  "name": "Franklin Room",
  "staffpickedAt": null,
  "viewCount": 41,
  "likeCount": 0,
  "animationCount": 0,
  "viewerUrl": "https://sketchfab.com/3d-models/a88fc501558c4f94a81ccf0bb853b53c",
  "embedUrl": "https://sketchfab.com/models/a88fc501558c4f94a81ccf0bb853b53c/embed",
  "commentCount": 0,
  "isDownloadable": true,
  "publishedAt": "2022-01-14T13:14:40.083505",
  "tags": [],
  "categories": [],
  "thumbnails": {
    "images": [
      {
        "uid": "5343aa7424b847a0806847bad540598e",
        "size": 52109,
        "width": 1920,
        "url": "https://media.sketchfab.com/models/a88fc501558c4f94a81ccf0bb853b53c/thumbnails/950a863659af405abb22b7e1b66b6a23/af44fceca6814c65add32fd934793c5b.jpeg",
        "height": 1080
      },
      {
        "uid": "37372823428c4ea8bb5c10946b359717",
        "size": 18073,
        "width": 1024,
        "url": "https://media.sketchfab.com/models/a88fc501558c4f94a81ccf0bb853b53c/thumbnails/950a863659af405abb22b7e1b66b6a23/f3d3c5c3e0a94fcc9740c03d9bfba3de.jpeg",
        "height": 576
      },
      {
        "uid": "2e025afa5141442394491ced6284dcef",
        "size": 10769,
        "width": 720,
        "url": "https://media.sketchfab.com/models/a88fc501558c4f94a81ccf0bb853b53c/thumbnails/950a863659af405abb22b7e1b66b6a23/72595c919d68481b991c7eded9eec5ed.jpeg",
        "height": 405
      },
      {
        "uid": "6f017534190e4809b460abe128f7eceb",
        "size": 2899,
        "width": 256,
        "url": "https://media.sketchfab.com/models/a88fc501558c4f94a81ccf0bb853b53c/thumbnails/950a863659af405abb22b7e1b66b6a23/28a8ab451b6e40c5b45782b7c9407ee3.jpeg",
        "height": 144
      },
      {
        "uid": "704013c6923243ed927c18cf449bb9ff",
        "size": 996,
        "width": 64,
        "url": "https://media.sketchfab.com/models/a88fc501558c4f94a81ccf0bb853b53c/thumbnails/950a863659af405abb22b7e1b66b6a23/5e85c7f075dd452086eb1e46972a7ba4.jpeg",
        "height": 36
      }
    ]
  },
  "user": {
    "uid": "f21035e7e6344b15bc4c38f7ef7ddbc5",
    "username": "Jatekcsak",
    "displayName": "kean.com",
    "profileUrl": "https://sketchfab.com/Jatekcsak",
    "account": "basic",
    "avatar": {
      "uri": "https://api.sketchfab.com/v3/avatars/e8340c6c40ea4010a15f7413bc6df229",
      "images": [
        {
          "size": 1092,
          "width": 32,
          "url": "https://media.sketchfab.com/avatars/e8340c6c40ea4010a15f7413bc6df229/ea24cca508454a09835b9a876f372e8b.jpeg",
          "height": 32
        },
        {
          "size": 1552,
          "width": 48,
          "url": "https://media.sketchfab.com/avatars/e8340c6c40ea4010a15f7413bc6df229/4f168988deb3403c9d7eb9c93c6687f0.jpeg",
          "height": 48
        },
        {
          "size": 3481,
          "width": 90,
          "url": "https://media.sketchfab.com/avatars/e8340c6c40ea4010a15f7413bc6df229/1b44f511a8e544008ff59038cbe5ff74.jpeg",
          "height": 90
        },
        {
          "size": 3929,
          "width": 100,
          "url": "https://media.sketchfab.com/avatars/e8340c6c40ea4010a15f7413bc6df229/e596175a943a498587330852fbdb597b.jpeg",
          "height": 100
        }
      ]
    },
    "uri": "https://api.sketchfab.com/v3/users/f21035e7e6344b15bc4c38f7ef7ddbc5"
  },
  "description": "Credit by Franklin",
  "faceCount": 10976,
  "createdAt": "2022-01-14T13:14:02.852108",
  "vertexCount": 5542,
  "isAgeRestricted": false,
  "archives": {
    "glb": {
      "textureCount": 0,
      "size": 298384,
      "type": "glb",
      "textureMaxResolution": 0,
      "faceCount": 10976,
      "vertexCount": 5766
    },
    "gltf": {
      "textureCount": 0,
      "size": 21061,
      "type": "gltf",
      "textureMaxResolution": 0,
      "faceCount": 10976,
      "vertexCount": 5766
    },
    "source": {
      "textureCount": null,
      "size": 7682282,
      "type": "source",
      "textureMaxResolution": null,
      "faceCount": null,
      "vertexCount": null
    },
    "usdz": {
      "textureCount": null,
      "size": 38788,
      "type": "usdz",
      "textureMaxResolution": null,
      "faceCount": null,
      "vertexCount": null
    }
  },
  "license": "by"
}