{
  "uri": "https://api.sketchfab.com/v3/models/a88f41b226cb4a7ba15fbfb357866582",
  "uid": "a88f41b226cb4a7ba15fbfb357866582",
  "name": "Vanessa",
  "staffpickedAt": null,
  "viewCount": 364,
  "likeCount": 11,
  "animationCount": 0,
  "viewerUrl": "https://sketchfab.com/3d-models/a88f41b226cb4a7ba15fbfb357866582",
  "embedUrl": "https://sketchfab.com/models/a88f41b226cb4a7ba15fbfb357866582/embed",
  "commentCount": 1,
  "isDownloadable": true,
  "publishedAt": "2019-12-10T03:03:46.028673",
  "tags": [],
  "categories": [
    {
      "name": "characters-creatures"
    }
  ],
  "thumbnails": {
    "images": [
      {
        "uid": "696e12349f794f39b4cd204aac14b4be",
        "size": 39055,
        "width": 1920,
        "url": "https://media.sketchfab.com/models/a88f41b226cb4a7ba15fbfb357866582/thumbnails/d3e6ef8c41014aa98c2976d113716df4/40a0e083d841414681826c8333cb66fb.jpeg",
        "height": 1080
      },
      {
        "uid": "f64d3633494a453882a8b551b165e811",
        "size": 14504,
        "width": 1024,
        "url": "https://media.sketchfab.com/models/a88f41b226cb4a7ba15fbfb357866582/thumbnails/d3e6ef8c41014aa98c2976d113716df4/1ad6d1c2ca2d4295a75c72444c5e7845.jpeg",
        "height": 576
      },
      {
        "uid": "7e609ebf1a6944e392a556cd25854d84",
        "size": 9013,
        "width": 720,
        "url": "https://media.sketchfab.com/models/a88f41b226cb4a7ba15fbfb357866582/thumbnails/d3e6ef8c41014aa98c2976d113716df4/48400a83e65f4441a1a723ffa420e640.jpeg",
        "height": 405
      },
      {
        "uid": "81c2c9b2465e420aac5903173626dd0b",
        "size": 2397,
        "width": 256,
        "url": "https://media.sketchfab.com/models/a88f41b226cb4a7ba15fbfb357866582/thumbnails/d3e6ef8c41014aa98c2976d113716df4/f7d1545f7b2b4e1bbfeb1b6f417c1e71.jpeg",
        "height": 144
      },
      {
        "uid": "c76486cb03b94e0bb769f992ecd2fbf8",
        "size": 597,
        "width": 64,
        "url": "https://media.sketchfab.com/models/a88f41b226cb4a7ba15fbfb357866582/thumbnails/d3e6ef8c41014aa98c2976d113716df4/2a3888ada17d4078b2031720d314d97a.jpeg",
        "height": 36
      }
    ]
  },
  "user": {
    "uid": "b9c100bd2a7a4aa9945b708358ac7147",
    "username": "jtotten2",
    "displayName": "jtotten2",
    "profileUrl": "https://sketchfab.com/jtotten2",
    "account": "basic",
    "avatar": {
      "uri": "https://api.sketchfab.com/v3/avatars/51af6a870cce449eb75b0345feebaebb",
      "images": [
        {
          "size": 5719,
          "width": 90,
          "url": "https://media.sketchfab.com/avatars/51af6a870cce449eb75b0345feebaebb/2ef0f894055b4bb69123b2a27fa2d379.jpeg",
          "height": 90
        },
        {
          "size": 6496,
          "width": 100,
          "url": "https://media.sketchfab.com/avatars/51af6a870cce449eb75b0345feebaebb/ab11eedf96374486acb544f71a23b165.jpeg",
          "height": 100
        },
        {
          "size": 1359,
          "width": 32,
          "url": "https://media.sketchfab.com/avatars/51af6a870cce449eb75b0345feebaebb/35f6f9b6c9a14a548ce472582d8a9bb5.jpeg",
          "height": 32
        },
        {
          "size": 2584,
          "width": 48,
          "url": "https://media.sketchfab.com/avatars/51af6a870cce449eb75b0345feebaebb/a8072a51447c4d41ab177b357111b420.jpeg",
          "height": 48
        }
      ]
    },
    "uri": "https://api.sketchfab.com/v3/users/b9c100bd2a7a4aa9945b708358ac7147"
  },
  "description": "3D Character model for my art portfolio at George Mason University",
  "faceCount": 7520,
  "createdAt": "2019-12-10T03:01:06.392705",
  "vertexCount": 3814,
  "isAgeRestricted": false,
  "archives": {
    "glb": {
      "textureCount": 1,
      "size": 1317644,
      "type": "glb",
      "textureMaxResolution": 4096,
      "faceCount": 7512,
      "vertexCount": 6313
    },
    "gltf": {
      "textureCount": 1,
      "size": 1129308,
      "type": "gltf",
      "textureMaxResolution": 4096,
      "faceCount": 7512,
      "vertexCount": 6313
    },
    "source": {
      "textureCount": null,
      "size": 2451635,
      "type": "source",
      "textureMaxResolution": null,
      "faceCount": null,
      "vertexCount": null
    },
    "usdz": {
      "textureCount": null,
      "size": 1001748,
      "type": "usdz",
      "textureMaxResolution": null,
      "faceCount": null,
      "vertexCount": null
    }
  },
  "license": "by"
}