{
  "uri": "https://api.sketchfab.com/v3/models/a8917d5a9f2940a584d8fe8aa570b58c",
  "uid": "a8917d5a9f2940a584d8fe8aa570b58c",
  "name": "RESIDÊNCIA ROBSON - ENGº Weberty Rocha",
  "staffpickedAt": null,
  "viewCount": 9,
  "likeCount": 1,
  "animationCount": 0,
  "viewerUrl": "https://sketchfab.com/3d-models/a8917d5a9f2940a584d8fe8aa570b58c",
  "embedUrl": "https://sketchfab.com/models/a8917d5a9f2940a584d8fe8aa570b58c/embed",
  "commentCount": 0,
  "isDownloadable": true,
  "publishedAt": "2021-09-22T20:40:31.393935",
  "tags": [],
  "categories": [],
  "thumbnails": {
    "images": [
      {
        "uid": "d44b635f32574bc8b68d4594ea81fbb7",
        "size": 61859,
        "width": 1920,
        "url": "https://media.sketchfab.com/models/a8917d5a9f2940a584d8fe8aa570b58c/thumbnails/0f5fdc57123746538e4c0b1f188946cc/4cf1cfa31d204602a901e9d490230213.jpeg",
        "height": 1080
      },
      {
        "uid": "e7a9aadf35f44f2890a3fa2ca525f571",
        "size": 22745,
        "width": 1024,
        "url": "https://media.sketchfab.com/models/a8917d5a9f2940a584d8fe8aa570b58c/thumbnails/0f5fdc57123746538e4c0b1f188946cc/9b2b05c3022845b198d21302cdcf6ec3.jpeg",
        "height": 576
      },
      {
        "uid": "fe9f7cf4ee8643e392f81828120fa94d",
        "size": 13519,
        "width": 720,
        "url": "https://media.sketchfab.com/models/a8917d5a9f2940a584d8fe8aa570b58c/thumbnails/0f5fdc57123746538e4c0b1f188946cc/c73851a140e64818a1998ac63911fa36.jpeg",
        "height": 405
      },
      {
        "uid": "8d7fb86b33ce4bc094c3070d1860716a",
        "size": 3164,
        "width": 256,
        "url": "https://media.sketchfab.com/models/a8917d5a9f2940a584d8fe8aa570b58c/thumbnails/0f5fdc57123746538e4c0b1f188946cc/08d6dd5e781640e598db8709f92623d6.jpeg",
        "height": 144
      },
      {
        "uid": "62d9a8511c8647868d7d8650de511fd5",
        "size": 975,
        "width": 64,
        "url": "https://media.sketchfab.com/models/a8917d5a9f2940a584d8fe8aa570b58c/thumbnails/0f5fdc57123746538e4c0b1f188946cc/bb1fb3491f3049d0abfe497c17146494.jpeg",
        "height": 36
      }
    ]
  },
  "user": {
    "uid": "6ea97b7d18d441158ae2fee231408686",
    "username": "webertyengcivil",
    "displayName": "webertyengcivil",
    "profileUrl": "https://sketchfab.com/webertyengcivil",
    "account": "basic",
    "avatar": {
      "uri": "https://api.sketchfab.com/v3/avatars/377c7357622643408a4c17773a2202e8",
      "images": [
        {
          "size": 716,
          "width": 32,
          "url": "https://media.sketchfab.com/avatars/377c7357622643408a4c17773a2202e8/4c7d73930ef643098d1b7742fedb47e1.jpeg",
          "height": 32
        },
        {
          "size": 1111,
          "width": 48,
          "url": "https://media.sketchfab.com/avatars/377c7357622643408a4c17773a2202e8/fac232343927475b906751d887539be3.jpeg",
          "height": 48
        },
        {
          "size": 2570,
          "width": 90,
          "url": "https://media.sketchfab.com/avatars/377c7357622643408a4c17773a2202e8/72b2fcad0b3c4b86a7c80439b65fd914.jpeg",
          "height": 90
        },
        {
          "size": 3017,
          "width": 100,
          "url": "https://media.sketchfab.com/avatars/377c7357622643408a4c17773a2202e8/721d54097cf44320a9146fcb9619b565.jpeg",
          "height": 100
        }
      ]
    },
    "uri": "https://api.sketchfab.com/v3/users/6ea97b7d18d441158ae2fee231408686"
  },
  "description": "",
  "faceCount": 5848,
  "createdAt": "2021-09-22T20:39:59.824110",
  "vertexCount": 2976,
  "isAgeRestricted": false,
  "archives": {
    "glb": {
      "textureCount": 0,
      "size": 255636,
      "type": "glb",
      "textureMaxResolution": 0,
      "faceCount": 2859,
      "vertexCount": 5283
    },
    "gltf": {
      "textureCount": 0,
      "size": 24913,
      "type": "gltf",
      "textureMaxResolution": 0,
      "faceCount": 2859,
      "vertexCount": 5283
    },
    "source": {
      "textureCount": null,
      "size": 1161828,
      "type": "source",
      "textureMaxResolution": null,
      "faceCount": null,
      "vertexCount": null
    },
    "usdz": {
      "textureCount": null,
      "size": 136684,
      "type": "usdz",
      "textureMaxResolution": null,
      "faceCount": null,
      "vertexCount": null
    }
  },
  "license": "by"
}