{
  "uri": "https://api.sketchfab.com/v3/models/a892ef06e52343568c94cb8379b2e583",
  "uid": "a892ef06e52343568c94cb8379b2e583",
  "name": "Walter Matthau",
  "staffpickedAt": null,
  "viewCount": 26,
  "likeCount": 2,
  "animationCount": 0,
  "viewerUrl": "https://sketchfab.com/3d-models/a892ef06e52343568c94cb8379b2e583",
  "embedUrl": "https://sketchfab.com/models/a892ef06e52343568c94cb8379b2e583/embed",
  "commentCount": 0,
  "isDownloadable": true,
  "publishedAt": "2021-03-15T07:16:47.566368",
  "tags": [
    {
      "name": "sculptgl",
      "slug": "sculptgl",
      "uri": "https://api.sketchfab.com/v3/tags/sculptgl"
    }
  ],
  "categories": [],
  "thumbnails": {
    "images": [
      {
        "uid": "669a7b953dc94157a5811ee6d3560aaf",
        "size": 320859,
        "width": 1920,
        "url": "https://media.sketchfab.com/models/a892ef06e52343568c94cb8379b2e583/thumbnails/dbb49a5c7f534b79b0d0638cf0574c7a/941ec7a331d9403696eb55cf8d563b55.jpeg",
        "height": 1080
      },
      {
        "uid": "5e6d5e2821df45e981ebb9ce3556f5b2",
        "size": 39044,
        "width": 1024,
        "url": "https://media.sketchfab.com/models/a892ef06e52343568c94cb8379b2e583/thumbnails/dbb49a5c7f534b79b0d0638cf0574c7a/1a40af94a78a43ca834b7c13b43e5744.jpeg",
        "height": 576
      },
      {
        "uid": "2785642a84e44b6dad9b0e3291e1966c",
        "size": 17930,
        "width": 720,
        "url": "https://media.sketchfab.com/models/a892ef06e52343568c94cb8379b2e583/thumbnails/dbb49a5c7f534b79b0d0638cf0574c7a/ee42e70933fb4d0bb120da6ec89a1512.jpeg",
        "height": 405
      },
      {
        "uid": "5032cee9ed334463ba91d21df725294b",
        "size": 3352,
        "width": 256,
        "url": "https://media.sketchfab.com/models/a892ef06e52343568c94cb8379b2e583/thumbnails/dbb49a5c7f534b79b0d0638cf0574c7a/d7a1b0e4a9fc4fe59b6da168225357a3.jpeg",
        "height": 144
      },
      {
        "uid": "63571cf48ca4416f8510d845e4594f60",
        "size": 730,
        "width": 64,
        "url": "https://media.sketchfab.com/models/a892ef06e52343568c94cb8379b2e583/thumbnails/dbb49a5c7f534b79b0d0638cf0574c7a/bebaf0bffa614f49837e31f74e3fc536.jpeg",
        "height": 36
      }
    ]
  },
  "user": {
    "uid": "370d7c418f634999b89b21db191932a1",
    "username": "hreagers",
    "displayName": "hreagers",
    "profileUrl": "https://sketchfab.com/hreagers",
    "account": "basic",
    "avatar": {
      "uri": "https://api.sketchfab.com/v3/avatars/c4eba53c80874e68b901ed85dca1eeb7",
      "images": [
        {
          "size": 1642,
          "width": 32,
          "url": "https://media.sketchfab.com/avatars/c4eba53c80874e68b901ed85dca1eeb7/f4b1307354a44ea1ae4b100728db5de3.png",
          "height": 32
        },
        {
          "size": 2962,
          "width": 48,
          "url": "https://media.sketchfab.com/avatars/c4eba53c80874e68b901ed85dca1eeb7/e5eb9cc616a94525825132d22f792b17.png",
          "height": 48
        },
        {
          "size": 8248,
          "width": 90,
          "url": "https://media.sketchfab.com/avatars/c4eba53c80874e68b901ed85dca1eeb7/3699137b72fd4870885ba054b682ae81.png",
          "height": 90
        },
        {
          "size": 9925,
          "width": 100,
          "url": "https://media.sketchfab.com/avatars/c4eba53c80874e68b901ed85dca1eeb7/d637e4f67c4145bba4ab6a282ea84815.png",
          "height": 100
        }
      ]
    },
    "uri": "https://api.sketchfab.com/v3/users/370d7c418f634999b89b21db191932a1"
  },
  "description": "",
  "faceCount": 292504,
  "createdAt": "2021-03-15T07:16:31.391322",
  "vertexCount": 146256,
  "isAgeRestricted": false,
  "archives": {
    "glb": {
      "textureCount": 0,
      "size": 7416580,
      "type": "glb",
      "textureMaxResolution": 0,
      "faceCount": 292504,
      "vertexCount": 162647
    },
    "gltf": {
      "textureCount": 0,
      "size": 4426138,
      "type": "gltf",
      "textureMaxResolution": 0,
      "faceCount": 292504,
      "vertexCount": 162647
    },
    "source": {
      "textureCount": null,
      "size": 2783129,
      "type": "source",
      "textureMaxResolution": null,
      "faceCount": null,
      "vertexCount": null
    },
    "usdz": {
      "textureCount": null,
      "size": 4742152,
      "type": "usdz",
      "textureMaxResolution": null,
      "faceCount": null,
      "vertexCount": null
    }
  },
  "license": "by"
}