{
  "uri": "https://api.sketchfab.com/v3/models/a8946c3a384b47a2a9834d2c1353e3ae",
  "uid": "a8946c3a384b47a2a9834d2c1353e3ae",
  "name": "Almandine garnet",
  "staffpickedAt": null,
  "viewCount": 143,
  "likeCount": 1,
  "animationCount": 0,
  "viewerUrl": "https://sketchfab.com/3d-models/a8946c3a384b47a2a9834d2c1353e3ae",
  "embedUrl": "https://sketchfab.com/models/a8946c3a384b47a2a9834d2c1353e3ae/embed",
  "commentCount": 0,
  "isDownloadable": true,
  "publishedAt": "2018-12-21T06:47:08.783298",
  "tags": [
    {
      "name": "geology",
      "slug": "geology",
      "uri": "https://api.sketchfab.com/v3/tags/geology"
    },
    {
      "name": "garnet",
      "slug": "garnet",
      "uri": "https://api.sketchfab.com/v3/tags/garnet"
    },
    {
      "name": "mineralogy",
      "slug": "mineralogy",
      "uri": "https://api.sketchfab.com/v3/tags/mineralogy"
    },
    {
      "name": "almandine",
      "slug": "almandine",
      "uri": "https://api.sketchfab.com/v3/tags/almandine"
    },
    {
      "name": "twinning",
      "slug": "twinning",
      "uri": "https://api.sketchfab.com/v3/tags/twinning"
    }
  ],
  "categories": [
    {
      "name": "science-technology"
    }
  ],
  "thumbnails": {
    "images": [
      {
        "uid": "cb6dc9e2fb3c4055ada5a9b1c982d782",
        "size": 183868,
        "width": 1920,
        "url": "https://media.sketchfab.com/models/a8946c3a384b47a2a9834d2c1353e3ae/thumbnails/1ff96ee6cf28450cb3adac2bd266c23c/0dd75a40ed0c4e859836fdc1b035fd22.jpeg",
        "height": 1080
      },
      {
        "uid": "bdf3cf932cd8466b903dd9e050a62e9d",
        "size": 54182,
        "width": 1024,
        "url": "https://media.sketchfab.com/models/a8946c3a384b47a2a9834d2c1353e3ae/thumbnails/1ff96ee6cf28450cb3adac2bd266c23c/e9a061aafaca4662860f22f1328c40a3.jpeg",
        "height": 576
      },
      {
        "uid": "28263265be3c4491ac63f1fc10df5723",
        "size": 28822,
        "width": 720,
        "url": "https://media.sketchfab.com/models/a8946c3a384b47a2a9834d2c1353e3ae/thumbnails/1ff96ee6cf28450cb3adac2bd266c23c/e940135cbf074764afa954e61dff4d0f.jpeg",
        "height": 405
      },
      {
        "uid": "014c2e5332144f0abd70a6018813a6e0",
        "size": 4792,
        "width": 256,
        "url": "https://media.sketchfab.com/models/a8946c3a384b47a2a9834d2c1353e3ae/thumbnails/1ff96ee6cf28450cb3adac2bd266c23c/dbf519481db5490aa3ee1cc92301d9db.jpeg",
        "height": 144
      },
      {
        "uid": "9ca85125c8d046a5912698d655571b60",
        "size": 815,
        "width": 64,
        "url": "https://media.sketchfab.com/models/a8946c3a384b47a2a9834d2c1353e3ae/thumbnails/1ff96ee6cf28450cb3adac2bd266c23c/703a71450ac3411a83f90a3a586e1a80.jpeg",
        "height": 36
      }
    ]
  },
  "user": {
    "uid": "c94eca38de394aca870b5a623c8da156",
    "username": "Landy42",
    "displayName": "Earth Sciences, University of Newcastle",
    "profileUrl": "https://sketchfab.com/Landy42",
    "account": "pro",
    "avatar": {
      "uri": "https://api.sketchfab.com/v3/avatars/16948622f0404b09866d3eb679d81f58",
      "images": [
        {
          "size": 3624,
          "width": 100,
          "url": "https://media.sketchfab.com/avatars/16948622f0404b09866d3eb679d81f58/bef6896996ae481487caab086eaa7e83.jpeg",
          "height": 100
        },
        {
          "size": 2994,
          "width": 90,
          "url": "https://media.sketchfab.com/avatars/16948622f0404b09866d3eb679d81f58/4653192412b0489ebdff5a65647c0e1a.jpeg",
          "height": 90
        },
        {
          "size": 1227,
          "width": 48,
          "url": "https://media.sketchfab.com/avatars/16948622f0404b09866d3eb679d81f58/13ddda1e570c4e05b51bac28640930f4.jpeg",
          "height": 48
        },
        {
          "size": 777,
          "width": 32,
          "url": "https://media.sketchfab.com/avatars/16948622f0404b09866d3eb679d81f58/42393eece2b24bbeb3bd90f30a3df653.jpeg",
          "height": 32
        }
      ]
    },
    "uri": "https://api.sketchfab.com/v3/users/c94eca38de394aca870b5a623c8da156"
  },
  "description": "This [almandine](webmineral.com/data/Almandine.shtml) garnet [Fe₃Al₂(SiO₄)₃] crystal is actually two crystals that have intergrown into the same space.  This phenomenon is called interpenetrant twinning - it is a twinned crystal.  Each crystal would have the form of a rhombic dodecaheadron.",
  "faceCount": 2609020,
  "createdAt": "2018-12-21T06:23:49.997614",
  "vertexCount": 1304418,
  "isAgeRestricted": false,
  "archives": {
    "glb": {
      "textureCount": 1,
      "size": 103856160,
      "type": "glb",
      "textureMaxResolution": 8192,
      "faceCount": 2609020,
      "vertexCount": 1729334
    },
    "gltf": {
      "textureCount": 1,
      "size": 73347344,
      "type": "gltf",
      "textureMaxResolution": 8192,
      "faceCount": 2609020,
      "vertexCount": 1729334
    },
    "source": {
      "textureCount": null,
      "size": 90455145,
      "type": "source",
      "textureMaxResolution": null,
      "faceCount": null,
      "vertexCount": null
    },
    "usdz": {
      "textureCount": null,
      "size": 65860720,
      "type": "usdz",
      "textureMaxResolution": null,
      "faceCount": null,
      "vertexCount": null
    }
  },
  "license": "by-nc"
}