{
  "uri": "https://api.sketchfab.com/v3/models/a8944daf20a249309af1224ce7466efc",
  "uid": "a8944daf20a249309af1224ce7466efc",
  "name": "AU-53284",
  "staffpickedAt": null,
  "viewCount": 9,
  "likeCount": 0,
  "animationCount": 0,
  "viewerUrl": "https://sketchfab.com/3d-models/a8944daf20a249309af1224ce7466efc",
  "embedUrl": "https://sketchfab.com/models/a8944daf20a249309af1224ce7466efc/embed",
  "commentCount": 0,
  "isDownloadable": true,
  "publishedAt": "2022-05-06T14:49:56.120725",
  "tags": [],
  "categories": [],
  "thumbnails": {
    "images": [
      {
        "uid": "f94b5142ff0f485483043d18bc501210",
        "size": 60320,
        "width": 1920,
        "url": "https://media.sketchfab.com/models/a8944daf20a249309af1224ce7466efc/thumbnails/9df75822a5784611ae2d31fa052eb818/003b97f325364507adce3681e07da84c.jpeg",
        "height": 1080
      },
      {
        "uid": "7b6cc3bdaf7e40e2bcfbea4f6a872fd8",
        "size": 20343,
        "width": 1024,
        "url": "https://media.sketchfab.com/models/a8944daf20a249309af1224ce7466efc/thumbnails/9df75822a5784611ae2d31fa052eb818/f306096c67f148ba8f5ec78e77777139.jpeg",
        "height": 576
      },
      {
        "uid": "7ed498f1f22941bfb502ecfc66219041",
        "size": 12097,
        "width": 720,
        "url": "https://media.sketchfab.com/models/a8944daf20a249309af1224ce7466efc/thumbnails/9df75822a5784611ae2d31fa052eb818/780c06b4790847c08cccebcd4b952232.jpeg",
        "height": 405
      },
      {
        "uid": "2de309997f374042800a2453a7449ab3",
        "size": 2866,
        "width": 256,
        "url": "https://media.sketchfab.com/models/a8944daf20a249309af1224ce7466efc/thumbnails/9df75822a5784611ae2d31fa052eb818/35b9cd56f37e4dbd8d7139426c3d8f40.jpeg",
        "height": 144
      },
      {
        "uid": "42dac239d955476d9021981356023564",
        "size": 964,
        "width": 64,
        "url": "https://media.sketchfab.com/models/a8944daf20a249309af1224ce7466efc/thumbnails/9df75822a5784611ae2d31fa052eb818/dd20d8fb8c004adba074fad405cc900b.jpeg",
        "height": 36
      }
    ]
  },
  "user": {
    "uid": "a86190f6b3db4c78b780074325661ddc",
    "username": "automicgoldapril",
    "displayName": "automicgoldapril",
    "profileUrl": "https://sketchfab.com/automicgoldapril",
    "account": "basic",
    "avatar": {
      "uri": "https://api.sketchfab.com/v3/avatars/51af6a870cce449eb75b0345feebaebb",
      "images": [
        {
          "size": 5719,
          "width": 90,
          "url": "https://media.sketchfab.com/avatars/51af6a870cce449eb75b0345feebaebb/2ef0f894055b4bb69123b2a27fa2d379.jpeg",
          "height": 90
        },
        {
          "size": 6496,
          "width": 100,
          "url": "https://media.sketchfab.com/avatars/51af6a870cce449eb75b0345feebaebb/ab11eedf96374486acb544f71a23b165.jpeg",
          "height": 100
        },
        {
          "size": 1359,
          "width": 32,
          "url": "https://media.sketchfab.com/avatars/51af6a870cce449eb75b0345feebaebb/35f6f9b6c9a14a548ce472582d8a9bb5.jpeg",
          "height": 32
        },
        {
          "size": 2584,
          "width": 48,
          "url": "https://media.sketchfab.com/avatars/51af6a870cce449eb75b0345feebaebb/a8072a51447c4d41ab177b357111b420.jpeg",
          "height": 48
        }
      ]
    },
    "uri": "https://api.sketchfab.com/v3/users/a86190f6b3db4c78b780074325661ddc"
  },
  "description": "",
  "faceCount": 67206,
  "createdAt": "2022-05-06T14:49:31.297668",
  "vertexCount": 33631,
  "isAgeRestricted": false,
  "archives": {
    "glb": {
      "textureCount": 0,
      "size": 3538192,
      "type": "glb",
      "textureMaxResolution": 0,
      "faceCount": 67206,
      "vertexCount": 53882
    },
    "gltf": {
      "textureCount": 0,
      "size": 977721,
      "type": "gltf",
      "textureMaxResolution": 0,
      "faceCount": 67206,
      "vertexCount": 53882
    },
    "source": {
      "textureCount": null,
      "size": 1378340,
      "type": "source",
      "textureMaxResolution": null,
      "faceCount": null,
      "vertexCount": null
    },
    "usdz": {
      "textureCount": null,
      "size": 1422160,
      "type": "usdz",
      "textureMaxResolution": null,
      "faceCount": null,
      "vertexCount": null
    }
  },
  "license": "by"
}