{
  "uri": "https://api.sketchfab.com/v3/models/a89709c85593477fab4ff1cd1a0c1b60",
  "uid": "a89709c85593477fab4ff1cd1a0c1b60",
  "name": "175_2_21",
  "staffpickedAt": null,
  "viewCount": 7,
  "likeCount": 0,
  "animationCount": 0,
  "viewerUrl": "https://sketchfab.com/3d-models/a89709c85593477fab4ff1cd1a0c1b60",
  "embedUrl": "https://sketchfab.com/models/a89709c85593477fab4ff1cd1a0c1b60/embed",
  "commentCount": 0,
  "isDownloadable": true,
  "publishedAt": "2021-08-24T15:45:31.301553",
  "tags": [
    {
      "name": "pamir",
      "slug": "pamir",
      "uri": "https://api.sketchfab.com/v3/tags/pamir"
    }
  ],
  "categories": [],
  "thumbnails": {
    "images": [
      {
        "uid": "72ecae1ddb4e492fbf56cc877f554cb9",
        "size": 107197,
        "width": 1920,
        "url": "https://media.sketchfab.com/models/a89709c85593477fab4ff1cd1a0c1b60/thumbnails/c30c914d905a4ec1826069aa97b7b3ae/387591b954d24f729a80b4c202277238.jpeg",
        "height": 1080
      },
      {
        "uid": "b0cdc475260348f0acf88d877bd5d6fc",
        "size": 32837,
        "width": 1024,
        "url": "https://media.sketchfab.com/models/a89709c85593477fab4ff1cd1a0c1b60/thumbnails/c30c914d905a4ec1826069aa97b7b3ae/c707fa32bb504c10bc42e3b35a7f34bc.jpeg",
        "height": 576
      },
      {
        "uid": "1c88e7ad9d714eca988114943cc1a3ec",
        "size": 17670,
        "width": 720,
        "url": "https://media.sketchfab.com/models/a89709c85593477fab4ff1cd1a0c1b60/thumbnails/c30c914d905a4ec1826069aa97b7b3ae/a2506e0932d74a2cbca399081fb980d8.jpeg",
        "height": 405
      },
      {
        "uid": "66de4e4f44c945999b112be985a457f1",
        "size": 3111,
        "width": 256,
        "url": "https://media.sketchfab.com/models/a89709c85593477fab4ff1cd1a0c1b60/thumbnails/c30c914d905a4ec1826069aa97b7b3ae/6dbcc9a968d3481391dea1a92457377a.jpeg",
        "height": 144
      },
      {
        "uid": "e7dc73ee9a054ec0b39b7317b114c335",
        "size": 909,
        "width": 64,
        "url": "https://media.sketchfab.com/models/a89709c85593477fab4ff1cd1a0c1b60/thumbnails/c30c914d905a4ec1826069aa97b7b3ae/d40311fff0be449e9b804d55afee934a.jpeg",
        "height": 36
      }
    ]
  },
  "user": {
    "uid": "743670e995ae4010887c184eff1745a5",
    "username": "SamuelHodak",
    "displayName": "SamuelHodak",
    "profileUrl": "https://sketchfab.com/SamuelHodak",
    "account": "basic",
    "avatar": {
      "uri": "https://api.sketchfab.com/v3/avatars/3ef1bd11d3eb4b57a0b353e8f2e5fc3e",
      "images": [
        {
          "size": 680,
          "width": 32,
          "url": "https://media.sketchfab.com/avatars/3ef1bd11d3eb4b57a0b353e8f2e5fc3e/116042a0854e40538adab302b593683d.jpeg",
          "height": 32
        },
        {
          "size": 1253,
          "width": 48,
          "url": "https://media.sketchfab.com/avatars/3ef1bd11d3eb4b57a0b353e8f2e5fc3e/efea16be51d04eb7a00cb9ea0b43b87f.jpeg",
          "height": 48
        },
        {
          "size": 2797,
          "width": 90,
          "url": "https://media.sketchfab.com/avatars/3ef1bd11d3eb4b57a0b353e8f2e5fc3e/ac9b469ccec74caf923a81fb2f0be3ed.jpeg",
          "height": 90
        },
        {
          "size": 3215,
          "width": 100,
          "url": "https://media.sketchfab.com/avatars/3ef1bd11d3eb4b57a0b353e8f2e5fc3e/a075e1d43d2f446c949b5967b470c757.jpeg",
          "height": 100
        }
      ]
    },
    "uri": "https://api.sketchfab.com/v3/users/743670e995ae4010887c184eff1745a5"
  },
  "description": "Building exported from Pamir.",
  "faceCount": 8948,
  "createdAt": "2021-08-24T15:44:51.617458",
  "vertexCount": 7090,
  "isAgeRestricted": false,
  "archives": {
    "glb": {
      "textureCount": 7,
      "size": 991244,
      "type": "glb",
      "textureMaxResolution": 512,
      "faceCount": 8948,
      "vertexCount": 17269
    },
    "gltf": {
      "textureCount": 7,
      "size": 457604,
      "type": "gltf",
      "textureMaxResolution": 512,
      "faceCount": 8948,
      "vertexCount": 17269
    },
    "source": {
      "textureCount": null,
      "size": 1027937,
      "type": "source",
      "textureMaxResolution": null,
      "faceCount": null,
      "vertexCount": null
    },
    "usdz": {
      "textureCount": null,
      "size": 892667,
      "type": "usdz",
      "textureMaxResolution": null,
      "faceCount": null,
      "vertexCount": null
    }
  },
  "license": "by"
}