{
  "uri": "https://api.sketchfab.com/v3/models/a8974c9839a9453081102ea2de95d85a",
  "uid": "a8974c9839a9453081102ea2de95d85a",
  "name": "Grilled Octopus",
  "staffpickedAt": null,
  "viewCount": 418,
  "likeCount": 22,
  "animationCount": 0,
  "viewerUrl": "https://sketchfab.com/3d-models/a8974c9839a9453081102ea2de95d85a",
  "embedUrl": "https://sketchfab.com/models/a8974c9839a9453081102ea2de95d85a/embed",
  "commentCount": 0,
  "isDownloadable": true,
  "publishedAt": "2022-04-21T13:54:03.455568",
  "tags": [
    {
      "name": "octopus",
      "slug": "octopus",
      "uri": "https://api.sketchfab.com/v3/tags/octopus"
    },
    {
      "name": "trattoria",
      "slug": "trattoria",
      "uri": "https://api.sketchfab.com/v3/tags/trattoria"
    },
    {
      "name": "mercato",
      "slug": "mercato",
      "uri": "https://api.sketchfab.com/v3/tags/mercato"
    },
    {
      "name": "polycam",
      "slug": "polycam",
      "uri": "https://api.sketchfab.com/v3/tags/polycam"
    }
  ],
  "categories": [
    {
      "name": "food-drink"
    }
  ],
  "thumbnails": {
    "images": [
      {
        "uid": "7db6ec46a0e64d7c836b7befc250c0d8",
        "size": 160197,
        "width": 1920,
        "url": "https://media.sketchfab.com/models/a8974c9839a9453081102ea2de95d85a/thumbnails/c971be663db044c18a99aa6f25f7915e/c412ec5c30164e3086bfec2ddca0e85f.jpeg",
        "height": 1080
      },
      {
        "uid": "a87c3500b14a4798a87d6f9e04b7fe5a",
        "size": 50447,
        "width": 1024,
        "url": "https://media.sketchfab.com/models/a8974c9839a9453081102ea2de95d85a/thumbnails/c971be663db044c18a99aa6f25f7915e/f271e69d675b43d29821fd90b5cdb16e.jpeg",
        "height": 576
      },
      {
        "uid": "bc05aa7c5dad482fafdba89a48435638",
        "size": 28730,
        "width": 720,
        "url": "https://media.sketchfab.com/models/a8974c9839a9453081102ea2de95d85a/thumbnails/c971be663db044c18a99aa6f25f7915e/8c3873925bc7480aada7406ba0a0a66e.jpeg",
        "height": 405
      },
      {
        "uid": "b2b837feeceb4c679ef2abf2058fd05a",
        "size": 5712,
        "width": 256,
        "url": "https://media.sketchfab.com/models/a8974c9839a9453081102ea2de95d85a/thumbnails/c971be663db044c18a99aa6f25f7915e/0c51ca43768a4890bc837c8b13d1486c.jpeg",
        "height": 144
      },
      {
        "uid": "f6829b16b1d64819a167f19d312c33b9",
        "size": 1220,
        "width": 64,
        "url": "https://media.sketchfab.com/models/a8974c9839a9453081102ea2de95d85a/thumbnails/c971be663db044c18a99aa6f25f7915e/2d7f20ac1e014777996ec42d782c3112.jpeg",
        "height": 36
      }
    ]
  },
  "user": {
    "uid": "037091246e264218829c0b0ba94efbd8",
    "username": "alban",
    "displayName": "alban",
    "profileUrl": "https://sketchfab.com/alban",
    "account": "ent",
    "avatar": {
      "uri": "https://api.sketchfab.com/v3/avatars/248a183c5c3048c2ae02f0ee559f97bf",
      "images": [
        {
          "size": 930,
          "width": 32,
          "url": "https://media.sketchfab.com/avatars/248a183c5c3048c2ae02f0ee559f97bf/6b51d123c71d4dedaad6f3a50039f574.jpeg",
          "height": 32
        },
        {
          "size": 1530,
          "width": 48,
          "url": "https://media.sketchfab.com/avatars/248a183c5c3048c2ae02f0ee559f97bf/55280dc2aa664cadb356ccf41b873fc7.jpeg",
          "height": 48
        },
        {
          "size": 3531,
          "width": 90,
          "url": "https://media.sketchfab.com/avatars/248a183c5c3048c2ae02f0ee559f97bf/cbd0c4ce3c484964bb93ed86da611504.jpeg",
          "height": 90
        },
        {
          "size": 4056,
          "width": 100,
          "url": "https://media.sketchfab.com/avatars/248a183c5c3048c2ae02f0ee559f97bf/a55dae95cdbd487ba1ca1719b2e96e4c.jpeg",
          "height": 100
        }
      ]
    },
    "uri": "https://api.sketchfab.com/v3/users/037091246e264218829c0b0ba94efbd8"
  },
  "description": "From Mercato Trattoria in NY.\n\nOnly 27 pics processed with Polycam photo mode.",
  "faceCount": 101603,
  "createdAt": "2022-04-21T12:20:18.950671",
  "vertexCount": 50916,
  "isAgeRestricted": false,
  "archives": {
    "glb": {
      "textureCount": 1,
      "size": 7895344,
      "type": "glb",
      "textureMaxResolution": 4096,
      "faceCount": 101603,
      "vertexCount": 59967
    },
    "gltf": {
      "textureCount": 1,
      "size": 7087247,
      "type": "gltf",
      "textureMaxResolution": 4096,
      "faceCount": 101603,
      "vertexCount": 59967
    },
    "gltf-ar": {
      "textureCount": null,
      "size": 4019,
      "type": "gltf-ar",
      "textureMaxResolution": null,
      "faceCount": null,
      "vertexCount": null
    },
    "source": {
      "textureCount": null,
      "size": 13572147,
      "type": "source",
      "textureMaxResolution": null,
      "faceCount": null,
      "vertexCount": null
    },
    "usdz": {
      "textureCount": null,
      "size": 7343549,
      "type": "usdz",
      "textureMaxResolution": null,
      "faceCount": null,
      "vertexCount": null
    }
  },
  "license": "by"
}