{
  "uri": "https://api.sketchfab.com/v3/models/a89e0d772d1549c9bf4c2421d5ee339f",
  "uid": "a89e0d772d1549c9bf4c2421d5ee339f",
  "name": "Aknīstes pilskalns",
  "staffpickedAt": null,
  "viewCount": 22,
  "likeCount": 1,
  "animationCount": 0,
  "viewerUrl": "https://sketchfab.com/3d-models/a89e0d772d1549c9bf4c2421d5ee339f",
  "embedUrl": "https://sketchfab.com/models/a89e0d772d1549c9bf4c2421d5ee339f/embed",
  "commentCount": 0,
  "isDownloadable": true,
  "publishedAt": "2019-10-18T04:19:01.458149",
  "tags": [
    {
      "name": "lidar",
      "slug": "lidar",
      "uri": "https://api.sketchfab.com/v3/tags/lidar"
    },
    {
      "name": "hillfort",
      "slug": "hillfort",
      "uri": "https://api.sketchfab.com/v3/tags/hillfort"
    },
    {
      "name": "hillforts",
      "slug": "hillforts",
      "uri": "https://api.sketchfab.com/v3/tags/hillforts"
    },
    {
      "name": "pilskalns",
      "slug": "pilskalns",
      "uri": "https://api.sketchfab.com/v3/tags/pilskalns"
    },
    {
      "name": "selija",
      "slug": "selija",
      "uri": "https://api.sketchfab.com/v3/tags/selija"
    }
  ],
  "categories": [
    {
      "name": "cultural-heritage-history"
    },
    {
      "name": "places-travel"
    }
  ],
  "thumbnails": {
    "images": [
      {
        "uid": "8531fcffaa9348a89870ae7fb415ace1",
        "size": 559807,
        "width": 1920,
        "url": "https://media.sketchfab.com/models/a89e0d772d1549c9bf4c2421d5ee339f/thumbnails/adc8f43b7fa0438eb32aeecd1a80ccff/2f8b74797955483ab2dc681f8e4ad8d2.jpeg",
        "height": 1080
      },
      {
        "uid": "8582a2e44b5141d2b6fd9217fe7de2c6",
        "size": 151832,
        "width": 1024,
        "url": "https://media.sketchfab.com/models/a89e0d772d1549c9bf4c2421d5ee339f/thumbnails/adc8f43b7fa0438eb32aeecd1a80ccff/3df1e63f3c1546fb9e809299afab9db0.jpeg",
        "height": 576
      },
      {
        "uid": "49e731a7127f43bc88df9d03ac41ee38",
        "size": 84241,
        "width": 720,
        "url": "https://media.sketchfab.com/models/a89e0d772d1549c9bf4c2421d5ee339f/thumbnails/adc8f43b7fa0438eb32aeecd1a80ccff/2b30fd3349a04a2e8959d276737d2694.jpeg",
        "height": 405
      },
      {
        "uid": "50c5bd4f3ba24673bc354e4961a062ab",
        "size": 13383,
        "width": 256,
        "url": "https://media.sketchfab.com/models/a89e0d772d1549c9bf4c2421d5ee339f/thumbnails/adc8f43b7fa0438eb32aeecd1a80ccff/a3cae27109ed40088ef0764fedb77a89.jpeg",
        "height": 144
      },
      {
        "uid": "b0f38d6987004dccafd743b6847df022",
        "size": 1389,
        "width": 64,
        "url": "https://media.sketchfab.com/models/a89e0d772d1549c9bf4c2421d5ee339f/thumbnails/adc8f43b7fa0438eb32aeecd1a80ccff/dee53d26b4e7478b9e01efaf8fadc7c8.jpeg",
        "height": 36
      }
    ]
  },
  "user": {
    "uid": "d27369667aa24fc1b972e5443a1030a4",
    "username": "hillforts",
    "displayName": "Hillforts and ancient sites | hillforts.eu",
    "profileUrl": "https://sketchfab.com/hillforts",
    "account": "basic",
    "avatar": {
      "uri": "https://api.sketchfab.com/v3/avatars/3aaad66fefaf430a9255c4e9ff9789d7",
      "images": [
        {
          "size": 705,
          "width": 32,
          "url": "https://media.sketchfab.com/avatars/3aaad66fefaf430a9255c4e9ff9789d7/b5afbd050cd54a1cbd437ab1fbc8f362.png",
          "height": 32
        },
        {
          "size": 1149,
          "width": 48,
          "url": "https://media.sketchfab.com/avatars/3aaad66fefaf430a9255c4e9ff9789d7/da33c1f0d1f2483bad0af22664daca92.png",
          "height": 48
        },
        {
          "size": 2365,
          "width": 90,
          "url": "https://media.sketchfab.com/avatars/3aaad66fefaf430a9255c4e9ff9789d7/eb25dab422a04586b550de0db2ef7a83.png",
          "height": 90
        },
        {
          "size": 2634,
          "width": 100,
          "url": "https://media.sketchfab.com/avatars/3aaad66fefaf430a9255c4e9ff9789d7/93ed7b713dc849d9bbd775b872ccf4a1.png",
          "height": 100
        }
      ]
    },
    "uri": "https://api.sketchfab.com/v3/users/d27369667aa24fc1b972e5443a1030a4"
  },
  "description": "Aknīstes pilskalna 3D modelis. Koordinātas: 56.167696, 25.738700\n\nhttps://www.latvijas-pilskalni.lv/aknistes-pilskalns/",
  "faceCount": 94228,
  "createdAt": "2019-10-18T04:16:38.045666",
  "vertexCount": 47765,
  "isAgeRestricted": false,
  "archives": {
    "glb": {
      "textureCount": 2,
      "size": 8164740,
      "type": "glb",
      "textureMaxResolution": 2048,
      "faceCount": 94228,
      "vertexCount": 47765
    },
    "gltf": {
      "textureCount": 2,
      "size": 5653777,
      "type": "gltf",
      "textureMaxResolution": 2048,
      "faceCount": 94228,
      "vertexCount": 47765
    },
    "source": {
      "textureCount": null,
      "size": 8041126,
      "type": "source",
      "textureMaxResolution": null,
      "faceCount": null,
      "vertexCount": null
    },
    "usdz": {
      "textureCount": null,
      "size": 5650989,
      "type": "usdz",
      "textureMaxResolution": null,
      "faceCount": null,
      "vertexCount": null
    }
  },
  "license": "by"
}