{
  "uri": "https://api.sketchfab.com/v3/models/a8a16abf53bc4f9fa64cc4de3bbb3955",
  "uid": "a8a16abf53bc4f9fa64cc4de3bbb3955",
  "name": "sand-mansion",
  "staffpickedAt": null,
  "viewCount": 907,
  "likeCount": 1,
  "animationCount": 0,
  "viewerUrl": "https://sketchfab.com/3d-models/a8a16abf53bc4f9fa64cc4de3bbb3955",
  "embedUrl": "https://sketchfab.com/models/a8a16abf53bc4f9fa64cc4de3bbb3955/embed",
  "commentCount": 0,
  "isDownloadable": true,
  "publishedAt": "2021-07-17T08:11:19.831268",
  "tags": [
    {
      "name": "minecraft",
      "slug": "minecraft",
      "uri": "https://api.sketchfab.com/v3/tags/minecraft"
    }
  ],
  "categories": [],
  "thumbnails": {
    "images": [
      {
        "uid": "d927e82efa8e4b9982deb121539166ee",
        "size": 98126,
        "width": 1920,
        "url": "https://media.sketchfab.com/models/a8a16abf53bc4f9fa64cc4de3bbb3955/thumbnails/f218745f461d4f6d83a07b3f097d7d51/f8a37f0c5f6d458a99b7aedc261b2454.jpeg",
        "height": 1080
      },
      {
        "uid": "228fa1e07ba54dd7bd6c2d588ae56a35",
        "size": 29255,
        "width": 1024,
        "url": "https://media.sketchfab.com/models/a8a16abf53bc4f9fa64cc4de3bbb3955/thumbnails/f218745f461d4f6d83a07b3f097d7d51/81565932299445fa8f998985e7d31b67.jpeg",
        "height": 576
      },
      {
        "uid": "7854d75e97da48ccaa32d786b1c654fb",
        "size": 16332,
        "width": 720,
        "url": "https://media.sketchfab.com/models/a8a16abf53bc4f9fa64cc4de3bbb3955/thumbnails/f218745f461d4f6d83a07b3f097d7d51/48fda6c98a0847539de344863ad723b7.jpeg",
        "height": 405
      },
      {
        "uid": "1a7e7c71380c445ba12b4526a6f7a931",
        "size": 3472,
        "width": 256,
        "url": "https://media.sketchfab.com/models/a8a16abf53bc4f9fa64cc4de3bbb3955/thumbnails/f218745f461d4f6d83a07b3f097d7d51/da1242db46174032a7d25cae81925bf6.jpeg",
        "height": 144
      },
      {
        "uid": "3e40062deda843208f2ca621a7970b4d",
        "size": 980,
        "width": 64,
        "url": "https://media.sketchfab.com/models/a8a16abf53bc4f9fa64cc4de3bbb3955/thumbnails/f218745f461d4f6d83a07b3f097d7d51/0d387700f43d4f7f801f060b674c5e3c.jpeg",
        "height": 36
      }
    ]
  },
  "user": {
    "uid": "2f2310b3dd8e471c955fbc97c2b806a1",
    "username": "madexc",
    "displayName": "madexc",
    "profileUrl": "https://sketchfab.com/madexc",
    "account": "basic",
    "avatar": {
      "uri": "https://api.sketchfab.com/v3/avatars/78fa317e46024a5283765aa34df5e508",
      "images": [
        {
          "size": 6421,
          "width": 100,
          "url": "https://media.sketchfab.com/avatars/78fa317e46024a5283765aa34df5e508/aec92fe9a74e499c98d759362cd7f02f.jpeg",
          "height": 100
        },
        {
          "size": 2518,
          "width": 48,
          "url": "https://media.sketchfab.com/avatars/78fa317e46024a5283765aa34df5e508/17fa177ffaa344a2b2fc8e78efd40fbb.jpeg",
          "height": 48
        },
        {
          "size": 5653,
          "width": 90,
          "url": "https://media.sketchfab.com/avatars/78fa317e46024a5283765aa34df5e508/02162695bdc840faa3bcb2d418309c5e.jpeg",
          "height": 90
        },
        {
          "size": 1350,
          "width": 32,
          "url": "https://media.sketchfab.com/avatars/78fa317e46024a5283765aa34df5e508/6fde876cbded4cd48d36a76029e3aa02.jpeg",
          "height": 32
        }
      ]
    },
    "uri": "https://api.sketchfab.com/v3/users/2f2310b3dd8e471c955fbc97c2b806a1"
  },
  "description": "",
  "faceCount": 24574,
  "createdAt": "2021-07-17T08:09:09.663342",
  "vertexCount": 14708,
  "isAgeRestricted": false,
  "archives": {
    "glb": {
      "textureCount": 2,
      "size": 2296676,
      "type": "glb",
      "textureMaxResolution": 512,
      "faceCount": 24574,
      "vertexCount": 45739
    },
    "gltf": {
      "textureCount": 2,
      "size": 688223,
      "type": "gltf",
      "textureMaxResolution": 512,
      "faceCount": 24574,
      "vertexCount": 45739
    },
    "source": {
      "textureCount": null,
      "size": 767298,
      "type": "source",
      "textureMaxResolution": null,
      "faceCount": null,
      "vertexCount": null
    },
    "usdz": {
      "textureCount": null,
      "size": 1952649,
      "type": "usdz",
      "textureMaxResolution": null,
      "faceCount": null,
      "vertexCount": null
    }
  },
  "license": "by"
}