{
  "uri": "https://api.sketchfab.com/v3/models/a8a3e5b6d84248bc9007390763d4277a",
  "uid": "a8a3e5b6d84248bc9007390763d4277a",
  "name": "Stereographic Projection: m-3",
  "staffpickedAt": null,
  "viewCount": 9,
  "likeCount": 0,
  "animationCount": 0,
  "viewerUrl": "https://sketchfab.com/3d-models/a8a3e5b6d84248bc9007390763d4277a",
  "embedUrl": "https://sketchfab.com/models/a8a3e5b6d84248bc9007390763d4277a/embed",
  "commentCount": 0,
  "isDownloadable": true,
  "publishedAt": "2021-09-30T15:47:34.854778",
  "tags": [
    {
      "name": "education",
      "slug": "education",
      "uri": "https://api.sketchfab.com/v3/tags/education"
    },
    {
      "name": "chemistry",
      "slug": "chemistry",
      "uri": "https://api.sketchfab.com/v3/tags/chemistry"
    },
    {
      "name": "crystallography",
      "slug": "crystallography",
      "uri": "https://api.sketchfab.com/v3/tags/crystallography"
    },
    {
      "name": "stereographic_projection",
      "slug": "stereographic_projection",
      "uri": "https://api.sketchfab.com/v3/tags/stereographic_projection"
    },
    {
      "name": "crystallography_education",
      "slug": "crystallography_education",
      "uri": "https://api.sketchfab.com/v3/tags/crystallography_education"
    },
    {
      "name": "hermann-mauguin",
      "slug": "hermann-mauguin",
      "uri": "https://api.sketchfab.com/v3/tags/hermann-mauguin"
    }
  ],
  "categories": [
    {
      "name": "science-technology"
    }
  ],
  "thumbnails": {
    "images": [
      {
        "uid": "239a9984ccb04d49a35f358ef2022259",
        "size": 121093,
        "width": 1920,
        "url": "https://media.sketchfab.com/models/a8a3e5b6d84248bc9007390763d4277a/thumbnails/31ffce179b6b40bda35561f097a50e8d/39a004d73ff7464e8bf48893fa7098a1.jpeg",
        "height": 1080
      },
      {
        "uid": "077590a641514faa9abf9ffac00374a1",
        "size": 29098,
        "width": 1024,
        "url": "https://media.sketchfab.com/models/a8a3e5b6d84248bc9007390763d4277a/thumbnails/31ffce179b6b40bda35561f097a50e8d/e66887eefced457b9af20bae7352873a.jpeg",
        "height": 576
      },
      {
        "uid": "a49ca4163c43449ca959604a2ae30240",
        "size": 15383,
        "width": 720,
        "url": "https://media.sketchfab.com/models/a8a3e5b6d84248bc9007390763d4277a/thumbnails/31ffce179b6b40bda35561f097a50e8d/a21db181671f4547ae290f924aa3e5e8.jpeg",
        "height": 405
      },
      {
        "uid": "de85433d96a742b7ba2b2e850320640c",
        "size": 3451,
        "width": 256,
        "url": "https://media.sketchfab.com/models/a8a3e5b6d84248bc9007390763d4277a/thumbnails/31ffce179b6b40bda35561f097a50e8d/ed9c43ccf312462abadb15fe54eaabc2.jpeg",
        "height": 144
      },
      {
        "uid": "aa2240adc6074a47b3634200fc15f514",
        "size": 974,
        "width": 64,
        "url": "https://media.sketchfab.com/models/a8a3e5b6d84248bc9007390763d4277a/thumbnails/31ffce179b6b40bda35561f097a50e8d/3fe4717c3fb445ecb57b09340a351582.jpeg",
        "height": 36
      }
    ]
  },
  "user": {
    "uid": "7c59850017a847cb80452f0f942d0839",
    "username": "Michael.Aristov",
    "displayName": "Michael Aristov",
    "profileUrl": "https://sketchfab.com/Michael.Aristov",
    "account": "basic",
    "avatar": {
      "uri": "https://api.sketchfab.com/v3/avatars/a52a569eb88646aa8d86b838da005060",
      "images": [
        {
          "size": 704,
          "width": 32,
          "url": "https://media.sketchfab.com/avatars/a52a569eb88646aa8d86b838da005060/5ea2db42f659476598316250c4be4e23.jpeg",
          "height": 32
        },
        {
          "size": 1083,
          "width": 48,
          "url": "https://media.sketchfab.com/avatars/a52a569eb88646aa8d86b838da005060/f4563c4f5daa44d2a3e1d751df147448.jpeg",
          "height": 48
        },
        {
          "size": 2861,
          "width": 90,
          "url": "https://media.sketchfab.com/avatars/a52a569eb88646aa8d86b838da005060/57df569d94064b5e8e8908b94931a677.jpeg",
          "height": 90
        },
        {
          "size": 3420,
          "width": 100,
          "url": "https://media.sketchfab.com/avatars/a52a569eb88646aa8d86b838da005060/3424d5fe17274041980f9eed2c783532.jpeg",
          "height": 100
        }
      ]
    },
    "uri": "https://api.sketchfab.com/v3/users/7c59850017a847cb80452f0f942d0839"
  },
  "description": "A model detailing a 3D representation of a stereographic projection for the Hermann–Mauguin group m-3.\n\nSpecial thanks to Alex M. Pavelic for his help in making these models.\n\nThese models were made as part of an educational series for helping to visualize the theory behind crystallography.  To find other models made in this set, please search for the tag “Crystallography_Education”\n\nAdditionally, we thank the NSF-GRFP for funding via DGE-1747503.",
  "faceCount": 39207,
  "createdAt": "2021-09-30T15:46:22.348881",
  "vertexCount": 19977,
  "isAgeRestricted": false,
  "archives": {
    "glb": {
      "textureCount": 0,
      "size": 1673372,
      "type": "glb",
      "textureMaxResolution": 0,
      "faceCount": 37719,
      "vertexCount": 36123
    },
    "gltf": {
      "textureCount": 0,
      "size": 96704,
      "type": "gltf",
      "textureMaxResolution": 0,
      "faceCount": 37719,
      "vertexCount": 36123
    },
    "source": {
      "textureCount": null,
      "size": 3473422,
      "type": "source",
      "textureMaxResolution": null,
      "faceCount": null,
      "vertexCount": null
    },
    "usdz": {
      "textureCount": null,
      "size": 197983,
      "type": "usdz",
      "textureMaxResolution": null,
      "faceCount": null,
      "vertexCount": null
    }
  },
  "license": "by-nc-sa"
}