{
  "uri": "https://api.sketchfab.com/v3/models/a8a596f384b149ba88d7e0724d93a333",
  "uid": "a8a596f384b149ba88d7e0724d93a333",
  "name": "Tri_horn_zaku",
  "staffpickedAt": null,
  "viewCount": 26,
  "likeCount": 0,
  "animationCount": 0,
  "viewerUrl": "https://sketchfab.com/3d-models/a8a596f384b149ba88d7e0724d93a333",
  "embedUrl": "https://sketchfab.com/models/a8a596f384b149ba88d7e0724d93a333/embed",
  "commentCount": 0,
  "isDownloadable": true,
  "publishedAt": "2019-04-07T22:45:28.643084",
  "tags": [
    {
      "name": "gravity",
      "slug": "gravity",
      "uri": "https://api.sketchfab.com/v3/tags/gravity"
    },
    {
      "name": "sketch",
      "slug": "sketch",
      "uri": "https://api.sketchfab.com/v3/tags/sketch"
    }
  ],
  "categories": [],
  "thumbnails": {
    "images": [
      {
        "uid": "02b8868e1fff484da3cbcdd024488b0f",
        "size": 524,
        "width": 64,
        "url": "https://media.sketchfab.com/models/a8a596f384b149ba88d7e0724d93a333/thumbnails/99ee0b8cafa34c2ba3904c0c3381c834/cdcc2a5a998f45f79d5479d3a4e2ad7d.jpeg",
        "height": 36
      },
      {
        "uid": "844b1257406e46bd8b01761f1b7670eb",
        "size": 2073,
        "width": 256,
        "url": "https://media.sketchfab.com/models/a8a596f384b149ba88d7e0724d93a333/thumbnails/99ee0b8cafa34c2ba3904c0c3381c834/72544d6a84df4c41af6408d1cc0a5651.jpeg",
        "height": 144
      },
      {
        "uid": "299b9e8166e84152bf778b7ed6eb16a7",
        "size": 8458,
        "width": 720,
        "url": "https://media.sketchfab.com/models/a8a596f384b149ba88d7e0724d93a333/thumbnails/99ee0b8cafa34c2ba3904c0c3381c834/82456f48d9654c7aba640c10f6631c7e.jpeg",
        "height": 405
      },
      {
        "uid": "696fe425ae924acc969ee7956bd461dd",
        "size": 14145,
        "width": 1024,
        "url": "https://media.sketchfab.com/models/a8a596f384b149ba88d7e0724d93a333/thumbnails/99ee0b8cafa34c2ba3904c0c3381c834/752f72060e144b5294ee66201f984461.jpeg",
        "height": 576
      },
      {
        "uid": "6ecfadb457c64a098b4540863a5908b7",
        "size": 37612,
        "width": 1920,
        "url": "https://media.sketchfab.com/models/a8a596f384b149ba88d7e0724d93a333/thumbnails/99ee0b8cafa34c2ba3904c0c3381c834/a0073cd6525c40dfab80e87954081bd9.jpeg",
        "height": 1080
      }
    ]
  },
  "user": {
    "uid": "ae45cbefec894bd1996fab3848d60cfd",
    "username": "chickenfoot1",
    "displayName": "chickenfoot1",
    "profileUrl": "https://sketchfab.com/chickenfoot1",
    "account": "basic",
    "avatar": {
      "uri": "https://api.sketchfab.com/v3/avatars/4fc5348f385a4ba39c63ef20170156db",
      "images": [
        {
          "size": 805,
          "width": 32,
          "url": "https://media.sketchfab.com/avatars/4fc5348f385a4ba39c63ef20170156db/79c4fc47302e4a35b5629ac855fb7deb.jpeg",
          "height": 32
        },
        {
          "size": 1303,
          "width": 48,
          "url": "https://media.sketchfab.com/avatars/4fc5348f385a4ba39c63ef20170156db/5d6489975be14f5a8359cdd739dc45de.jpeg",
          "height": 48
        },
        {
          "size": 3312,
          "width": 90,
          "url": "https://media.sketchfab.com/avatars/4fc5348f385a4ba39c63ef20170156db/bda6325c0ece4cfd94dc8e13374871eb.jpeg",
          "height": 90
        },
        {
          "size": 3782,
          "width": 100,
          "url": "https://media.sketchfab.com/avatars/4fc5348f385a4ba39c63ef20170156db/b12b70a9114a45698cb0945ec639a8c2.jpeg",
          "height": 100
        }
      ]
    },
    "uri": "https://api.sketchfab.com/v3/users/ae45cbefec894bd1996fab3848d60cfd"
  },
  "description": "",
  "faceCount": 161448,
  "createdAt": "2019-04-07T22:35:28.027232",
  "vertexCount": 26280,
  "isAgeRestricted": false,
  "archives": {
    "glb": {
      "textureCount": 0,
      "size": 2870056,
      "type": "glb",
      "textureMaxResolution": 0,
      "faceCount": 157665,
      "vertexCount": 30337
    },
    "gltf": {
      "textureCount": 0,
      "size": 589340,
      "type": "gltf",
      "textureMaxResolution": 0,
      "faceCount": 157665,
      "vertexCount": 30337
    },
    "source": {
      "textureCount": null,
      "size": 9530907,
      "type": "source",
      "textureMaxResolution": null,
      "faceCount": null,
      "vertexCount": null
    },
    "usdz": {
      "textureCount": null,
      "size": 792502,
      "type": "usdz",
      "textureMaxResolution": null,
      "faceCount": null,
      "vertexCount": null
    }
  },
  "license": "by"
}