{
  "uri": "https://api.sketchfab.com/v3/models/a8a64927c7844d9cba53553b183d7ff9",
  "uid": "a8a64927c7844d9cba53553b183d7ff9",
  "name": "Hyrule prueba Desert",
  "staffpickedAt": null,
  "viewCount": 38,
  "likeCount": 2,
  "animationCount": 0,
  "viewerUrl": "https://sketchfab.com/3d-models/a8a64927c7844d9cba53553b183d7ff9",
  "embedUrl": "https://sketchfab.com/models/a8a64927c7844d9cba53553b183d7ff9/embed",
  "commentCount": 0,
  "isDownloadable": true,
  "publishedAt": "2021-06-17T19:18:09.841044",
  "tags": [
    {
      "name": "legendofzelda",
      "slug": "legendofzelda",
      "uri": "https://api.sketchfab.com/v3/tags/legendofzelda"
    },
    {
      "name": "ocarinaoftime",
      "slug": "ocarinaoftime",
      "uri": "https://api.sketchfab.com/v3/tags/ocarinaoftime"
    }
  ],
  "categories": [
    {
      "name": "places-travel"
    }
  ],
  "thumbnails": {
    "images": [
      {
        "uid": "d1078635e96f41c89af1eb6f36971b41",
        "size": 60089,
        "width": 1920,
        "url": "https://media.sketchfab.com/models/a8a64927c7844d9cba53553b183d7ff9/thumbnails/84017425535f40f2889ba9217f2868a2/f02b0f7a05a44f3a82b42a4dec383249.jpeg",
        "height": 1080
      },
      {
        "uid": "31795898778447b78960d1f0f47a1076",
        "size": 18502,
        "width": 1024,
        "url": "https://media.sketchfab.com/models/a8a64927c7844d9cba53553b183d7ff9/thumbnails/84017425535f40f2889ba9217f2868a2/53d4994d46b849758b8756dc5840cad2.jpeg",
        "height": 576
      },
      {
        "uid": "d756e7af39834be8a9b015d932aa9360",
        "size": 10433,
        "width": 720,
        "url": "https://media.sketchfab.com/models/a8a64927c7844d9cba53553b183d7ff9/thumbnails/84017425535f40f2889ba9217f2868a2/7376bd2d5fd0451080ef31b667e03a54.jpeg",
        "height": 405
      },
      {
        "uid": "abab5e0c371346458263c7a67de5f7a9",
        "size": 2233,
        "width": 256,
        "url": "https://media.sketchfab.com/models/a8a64927c7844d9cba53553b183d7ff9/thumbnails/84017425535f40f2889ba9217f2868a2/36f70c5f685346beac357161a077bc34.jpeg",
        "height": 144
      },
      {
        "uid": "36f92a33d2b747d99f9a6981bd23a57b",
        "size": 828,
        "width": 64,
        "url": "https://media.sketchfab.com/models/a8a64927c7844d9cba53553b183d7ff9/thumbnails/84017425535f40f2889ba9217f2868a2/76bf73ad0ae94063be4476640fe92e71.jpeg",
        "height": 36
      }
    ]
  },
  "user": {
    "uid": "0f2c5d29754d4588acffd89bf16d9a99",
    "username": "ferere69",
    "displayName": "ferere69",
    "profileUrl": "https://sketchfab.com/ferere69",
    "account": "basic",
    "avatar": {
      "uri": "https://api.sketchfab.com/v3/avatars/78fa317e46024a5283765aa34df5e508",
      "images": [
        {
          "size": 6421,
          "width": 100,
          "url": "https://media.sketchfab.com/avatars/78fa317e46024a5283765aa34df5e508/aec92fe9a74e499c98d759362cd7f02f.jpeg",
          "height": 100
        },
        {
          "size": 2518,
          "width": 48,
          "url": "https://media.sketchfab.com/avatars/78fa317e46024a5283765aa34df5e508/17fa177ffaa344a2b2fc8e78efd40fbb.jpeg",
          "height": 48
        },
        {
          "size": 5653,
          "width": 90,
          "url": "https://media.sketchfab.com/avatars/78fa317e46024a5283765aa34df5e508/02162695bdc840faa3bcb2d418309c5e.jpeg",
          "height": 90
        },
        {
          "size": 1350,
          "width": 32,
          "url": "https://media.sketchfab.com/avatars/78fa317e46024a5283765aa34df5e508/6fde876cbded4cd48d36a76029e3aa02.jpeg",
          "height": 32
        }
      ]
    },
    "uri": "https://api.sketchfab.com/v3/users/0f2c5d29754d4588acffd89bf16d9a99"
  },
  "description": "",
  "faceCount": 9063,
  "createdAt": "2021-06-17T19:06:13.219248",
  "vertexCount": 6675,
  "isAgeRestricted": false,
  "archives": {
    "glb": {
      "textureCount": 38,
      "size": 14310496,
      "type": "glb",
      "textureMaxResolution": 2048,
      "faceCount": 9063,
      "vertexCount": 13010
    },
    "gltf": {
      "textureCount": 38,
      "size": 13843548,
      "type": "gltf",
      "textureMaxResolution": 2048,
      "faceCount": 9063,
      "vertexCount": 13010
    },
    "source": {
      "textureCount": null,
      "size": 35717641,
      "type": "source",
      "textureMaxResolution": null,
      "faceCount": null,
      "vertexCount": null
    },
    "usdz": {
      "textureCount": null,
      "size": 5232458,
      "type": "usdz",
      "textureMaxResolution": null,
      "faceCount": null,
      "vertexCount": null
    }
  },
  "license": "by"
}