{
  "uri": "https://api.sketchfab.com/v3/models/a8a67d6860cd42e0b3cbfe7c33cdfb7e",
  "uid": "a8a67d6860cd42e0b3cbfe7c33cdfb7e",
  "name": "Jazjuli",
  "staffpickedAt": null,
  "viewCount": 5,
  "likeCount": 0,
  "animationCount": 0,
  "viewerUrl": "https://sketchfab.com/3d-models/a8a67d6860cd42e0b3cbfe7c33cdfb7e",
  "embedUrl": "https://sketchfab.com/models/a8a67d6860cd42e0b3cbfe7c33cdfb7e/embed",
  "commentCount": 0,
  "isDownloadable": true,
  "publishedAt": "2022-05-27T08:34:39.498017",
  "tags": [],
  "categories": [],
  "thumbnails": {
    "images": [
      {
        "uid": "1944b437576d42dfa366aa3b6a56d455",
        "size": 46737,
        "width": 1920,
        "url": "https://media.sketchfab.com/models/a8a67d6860cd42e0b3cbfe7c33cdfb7e/thumbnails/de7b9a38fb1d40aa854a4ad60ab7d1a8/5cb65137dd73415a86c4c3afbe815159.jpeg",
        "height": 1080
      },
      {
        "uid": "9103d1cbf9024ddea9187b13c07039ee",
        "size": 14977,
        "width": 1024,
        "url": "https://media.sketchfab.com/models/a8a67d6860cd42e0b3cbfe7c33cdfb7e/thumbnails/de7b9a38fb1d40aa854a4ad60ab7d1a8/9818cbd096fa4e4cbf735d0c0af627a4.jpeg",
        "height": 576
      },
      {
        "uid": "c2f626f3b51d4014a0cba0ee006d43ad",
        "size": 8701,
        "width": 720,
        "url": "https://media.sketchfab.com/models/a8a67d6860cd42e0b3cbfe7c33cdfb7e/thumbnails/de7b9a38fb1d40aa854a4ad60ab7d1a8/b98b1c8d6d744e86bcecad0a209aa145.jpeg",
        "height": 405
      },
      {
        "uid": "81075910e30b4d37b4fd035d7405276e",
        "size": 2193,
        "width": 256,
        "url": "https://media.sketchfab.com/models/a8a67d6860cd42e0b3cbfe7c33cdfb7e/thumbnails/de7b9a38fb1d40aa854a4ad60ab7d1a8/60ab5329fb3d4bfea3d530a25b1c5a40.jpeg",
        "height": 144
      },
      {
        "uid": "8c8200939087434f9cdb82ef50653f61",
        "size": 901,
        "width": 64,
        "url": "https://media.sketchfab.com/models/a8a67d6860cd42e0b3cbfe7c33cdfb7e/thumbnails/de7b9a38fb1d40aa854a4ad60ab7d1a8/b494fedfc1224bf2ac7bf3f85ece48a5.jpeg",
        "height": 36
      }
    ]
  },
  "user": {
    "uid": "036bed7e507a4384a138d6c16c650394",
    "username": "smknbandung99",
    "displayName": "smknbandung99",
    "profileUrl": "https://sketchfab.com/smknbandung99",
    "account": "basic",
    "avatar": {
      "uri": "https://api.sketchfab.com/v3/avatars/78fa317e46024a5283765aa34df5e508",
      "images": [
        {
          "size": 6421,
          "width": 100,
          "url": "https://media.sketchfab.com/avatars/78fa317e46024a5283765aa34df5e508/aec92fe9a74e499c98d759362cd7f02f.jpeg",
          "height": 100
        },
        {
          "size": 2518,
          "width": 48,
          "url": "https://media.sketchfab.com/avatars/78fa317e46024a5283765aa34df5e508/17fa177ffaa344a2b2fc8e78efd40fbb.jpeg",
          "height": 48
        },
        {
          "size": 5653,
          "width": 90,
          "url": "https://media.sketchfab.com/avatars/78fa317e46024a5283765aa34df5e508/02162695bdc840faa3bcb2d418309c5e.jpeg",
          "height": 90
        },
        {
          "size": 1350,
          "width": 32,
          "url": "https://media.sketchfab.com/avatars/78fa317e46024a5283765aa34df5e508/6fde876cbded4cd48d36a76029e3aa02.jpeg",
          "height": 32
        }
      ]
    },
    "uri": "https://api.sketchfab.com/v3/users/036bed7e507a4384a138d6c16c650394"
  },
  "description": "",
  "faceCount": 13787,
  "createdAt": "2022-05-27T08:31:59.437871",
  "vertexCount": 6958,
  "isAgeRestricted": false,
  "archives": {
    "glb": {
      "textureCount": 14,
      "size": 4299172,
      "type": "glb",
      "textureMaxResolution": 1024,
      "faceCount": 13786,
      "vertexCount": 9716
    },
    "gltf": {
      "textureCount": 14,
      "size": 4025463,
      "type": "gltf",
      "textureMaxResolution": 1024,
      "faceCount": 13786,
      "vertexCount": 9716
    },
    "source": {
      "textureCount": null,
      "size": 12586657,
      "type": "source",
      "textureMaxResolution": null,
      "faceCount": null,
      "vertexCount": null
    },
    "usdz": {
      "textureCount": null,
      "size": 2006156,
      "type": "usdz",
      "textureMaxResolution": null,
      "faceCount": null,
      "vertexCount": null
    }
  },
  "license": "by"
}