{
  "uri": "https://api.sketchfab.com/v3/models/a8abdd5b751c4485869ea11820801c3b",
  "uid": "a8abdd5b751c4485869ea11820801c3b",
  "name": "Prédio Residencial Multifamiliar - 05 Pavimentos",
  "staffpickedAt": null,
  "viewCount": 18,
  "likeCount": 0,
  "animationCount": 0,
  "viewerUrl": "https://sketchfab.com/3d-models/a8abdd5b751c4485869ea11820801c3b",
  "embedUrl": "https://sketchfab.com/models/a8abdd5b751c4485869ea11820801c3b/embed",
  "commentCount": 0,
  "isDownloadable": true,
  "publishedAt": "2020-06-13T23:07:42.187605",
  "tags": [
    {
      "name": "jvpengenharia",
      "slug": "jvpengenharia",
      "uri": "https://api.sketchfab.com/v3/tags/jvpengenharia"
    }
  ],
  "categories": [
    {
      "name": "architecture"
    }
  ],
  "thumbnails": {
    "images": [
      {
        "uid": "e36059b64b0543949d170bd28d617cae",
        "size": 61036,
        "width": 1920,
        "url": "https://media.sketchfab.com/models/a8abdd5b751c4485869ea11820801c3b/thumbnails/e5a16d0cc7504fa798f0aa9228357a1d/1fc03945393443d78d601fbdc73babd5.jpeg",
        "height": 1080
      },
      {
        "uid": "ff4ccfe1a97643378ae80b543f930c8f",
        "size": 19210,
        "width": 1024,
        "url": "https://media.sketchfab.com/models/a8abdd5b751c4485869ea11820801c3b/thumbnails/e5a16d0cc7504fa798f0aa9228357a1d/0db3f0c84d944d4cacbfe0ec471e5e01.jpeg",
        "height": 576
      },
      {
        "uid": "3fe633aed52c4178b593dc0f2548f897",
        "size": 11075,
        "width": 720,
        "url": "https://media.sketchfab.com/models/a8abdd5b751c4485869ea11820801c3b/thumbnails/e5a16d0cc7504fa798f0aa9228357a1d/ff503efc643b4f8e989c58270f4664db.jpeg",
        "height": 405
      },
      {
        "uid": "37330537154f4a44b59c549f990689f4",
        "size": 2636,
        "width": 256,
        "url": "https://media.sketchfab.com/models/a8abdd5b751c4485869ea11820801c3b/thumbnails/e5a16d0cc7504fa798f0aa9228357a1d/5713d184f1754c04a2d937bd96594b73.jpeg",
        "height": 144
      },
      {
        "uid": "b5798449be9143d9acc1f3c356d687e5",
        "size": 530,
        "width": 64,
        "url": "https://media.sketchfab.com/models/a8abdd5b751c4485869ea11820801c3b/thumbnails/e5a16d0cc7504fa798f0aa9228357a1d/ade892f7fba9429c80f5ad940c51c89a.jpeg",
        "height": 36
      }
    ]
  },
  "user": {
    "uid": "d4e75be849314e56a56ca1f850736138",
    "username": "JVP_Engenharia",
    "displayName": "JVP_Engenharia",
    "profileUrl": "https://sketchfab.com/JVP_Engenharia",
    "account": "basic",
    "avatar": {
      "uri": "https://api.sketchfab.com/v3/avatars/de74c722cd3045a89bef9e57ce00b3ac",
      "images": [
        {
          "size": 968,
          "width": 32,
          "url": "https://media.sketchfab.com/avatars/de74c722cd3045a89bef9e57ce00b3ac/4d6061e41be74cfb921655b8f7d3a51d.jpeg",
          "height": 32
        },
        {
          "size": 1758,
          "width": 48,
          "url": "https://media.sketchfab.com/avatars/de74c722cd3045a89bef9e57ce00b3ac/5fbbecd9a80449d98972dc95b01a12c9.jpeg",
          "height": 48
        },
        {
          "size": 4893,
          "width": 90,
          "url": "https://media.sketchfab.com/avatars/de74c722cd3045a89bef9e57ce00b3ac/f2be943171a9463faaf69bc6cd67480a.jpeg",
          "height": 90
        },
        {
          "size": 5959,
          "width": 100,
          "url": "https://media.sketchfab.com/avatars/de74c722cd3045a89bef9e57ce00b3ac/f7b609533ed54fb4a7446217e105b0e4.jpeg",
          "height": 100
        }
      ]
    },
    "uri": "https://api.sketchfab.com/v3/users/d4e75be849314e56a56ca1f850736138"
  },
  "description": "Projeto Arquietônico - Cândido Santos Oliveira Filho\nProjeto Estrutural - JVP Engenharia\nProjeto Elétrico - JVP Engenharia\nProjeto Hidrossánitario - JVP Engenharia\nConstrução - Construir de Iguaçu Empreendimentos Imobiliários Ltda.\n\nEnd.: R. Luiz de Camões, s/nº - Bairro da Luz - Nova Iguaçu - RJ",
  "faceCount": 393030,
  "createdAt": "2020-06-13T23:03:28.424463",
  "vertexCount": 436417,
  "isAgeRestricted": false,
  "archives": {
    "glb": {
      "textureCount": 0,
      "size": 38815244,
      "type": "glb",
      "textureMaxResolution": 0,
      "faceCount": 388702,
      "vertexCount": 850330
    },
    "gltf": {
      "textureCount": 0,
      "size": 3006759,
      "type": "gltf",
      "textureMaxResolution": 0,
      "faceCount": 388702,
      "vertexCount": 850330
    },
    "source": {
      "textureCount": null,
      "size": 3309350,
      "type": "source",
      "textureMaxResolution": null,
      "faceCount": null,
      "vertexCount": null
    },
    "usdz": {
      "textureCount": null,
      "size": 20475419,
      "type": "usdz",
      "textureMaxResolution": null,
      "faceCount": null,
      "vertexCount": null
    }
  },
  "license": "by"
}