{
  "uri": "https://api.sketchfab.com/v3/models/a8ac089b20274d0491b6ba5825ab179e",
  "uid": "a8ac089b20274d0491b6ba5825ab179e",
  "name": "Bedroom",
  "staffpickedAt": null,
  "viewCount": 2,
  "likeCount": 0,
  "animationCount": 0,
  "viewerUrl": "https://sketchfab.com/3d-models/a8ac089b20274d0491b6ba5825ab179e",
  "embedUrl": "https://sketchfab.com/models/a8ac089b20274d0491b6ba5825ab179e/embed",
  "commentCount": 0,
  "isDownloadable": true,
  "publishedAt": "2021-01-30T16:12:25.414180",
  "tags": [],
  "categories": [],
  "thumbnails": {
    "images": [
      {
        "uid": "01cffe91a93945aa82cce611f7d65e79",
        "size": 31685,
        "width": 1920,
        "url": "https://media.sketchfab.com/models/a8ac089b20274d0491b6ba5825ab179e/thumbnails/a7ac872bb0094a359023eb4818500f3e/6b0b991859f244ab828eea4d792c43e5.jpeg",
        "height": 1080
      },
      {
        "uid": "8211f3efb4d441eb9dc7d740c9be846a",
        "size": 11385,
        "width": 1024,
        "url": "https://media.sketchfab.com/models/a8ac089b20274d0491b6ba5825ab179e/thumbnails/a7ac872bb0094a359023eb4818500f3e/b7a3e11d88dc42f491f759b5c43df4c7.jpeg",
        "height": 576
      },
      {
        "uid": "972dfcfc16684b4bbc74783f25639a18",
        "size": 6839,
        "width": 720,
        "url": "https://media.sketchfab.com/models/a8ac089b20274d0491b6ba5825ab179e/thumbnails/a7ac872bb0094a359023eb4818500f3e/022a3ccaa5454e6bb614bb613dce33a6.jpeg",
        "height": 405
      },
      {
        "uid": "7c20eb14943f435fbd915a7d1d3ed9a5",
        "size": 1635,
        "width": 256,
        "url": "https://media.sketchfab.com/models/a8ac089b20274d0491b6ba5825ab179e/thumbnails/a7ac872bb0094a359023eb4818500f3e/3370cbccf6be459085d8c6c83e75b20e.jpeg",
        "height": 144
      },
      {
        "uid": "0b04e39397a940e28fba240a5e1e43de",
        "size": 477,
        "width": 64,
        "url": "https://media.sketchfab.com/models/a8ac089b20274d0491b6ba5825ab179e/thumbnails/a7ac872bb0094a359023eb4818500f3e/af96b25907d64ee19b0e8e4543a46ff7.jpeg",
        "height": 36
      }
    ]
  },
  "user": {
    "uid": "9d8f3cdcfbbd40669703f11469f40ff6",
    "username": "tomgreca",
    "displayName": "tomgreca",
    "profileUrl": "https://sketchfab.com/tomgreca",
    "account": "basic",
    "avatar": {
      "uri": "https://api.sketchfab.com/v3/avatars/78fa317e46024a5283765aa34df5e508",
      "images": [
        {
          "size": 6421,
          "width": 100,
          "url": "https://media.sketchfab.com/avatars/78fa317e46024a5283765aa34df5e508/aec92fe9a74e499c98d759362cd7f02f.jpeg",
          "height": 100
        },
        {
          "size": 2518,
          "width": 48,
          "url": "https://media.sketchfab.com/avatars/78fa317e46024a5283765aa34df5e508/17fa177ffaa344a2b2fc8e78efd40fbb.jpeg",
          "height": 48
        },
        {
          "size": 5653,
          "width": 90,
          "url": "https://media.sketchfab.com/avatars/78fa317e46024a5283765aa34df5e508/02162695bdc840faa3bcb2d418309c5e.jpeg",
          "height": 90
        },
        {
          "size": 1350,
          "width": 32,
          "url": "https://media.sketchfab.com/avatars/78fa317e46024a5283765aa34df5e508/6fde876cbded4cd48d36a76029e3aa02.jpeg",
          "height": 32
        }
      ]
    },
    "uri": "https://api.sketchfab.com/v3/users/9d8f3cdcfbbd40669703f11469f40ff6"
  },
  "description": "",
  "faceCount": 796406,
  "createdAt": "2021-01-30T16:05:44.837672",
  "vertexCount": 416476,
  "isAgeRestricted": false,
  "archives": {
    "glb": {
      "textureCount": 1,
      "size": 27744640,
      "type": "glb",
      "textureMaxResolution": 128,
      "faceCount": 792916,
      "vertexCount": 568682
    },
    "gltf": {
      "textureCount": 1,
      "size": 10346154,
      "type": "gltf",
      "textureMaxResolution": 128,
      "faceCount": 792916,
      "vertexCount": 568682
    },
    "source": {
      "textureCount": null,
      "size": 18245488,
      "type": "source",
      "textureMaxResolution": null,
      "faceCount": null,
      "vertexCount": null
    },
    "usdz": {
      "textureCount": null,
      "size": 19421399,
      "type": "usdz",
      "textureMaxResolution": null,
      "faceCount": null,
      "vertexCount": null
    }
  },
  "license": "by"
}