{
  "uri": "https://api.sketchfab.com/v3/models/a8ac8ccae8a6486abb129bbe083ee6d6",
  "uid": "a8ac8ccae8a6486abb129bbe083ee6d6",
  "name": "Jacket 2",
  "staffpickedAt": null,
  "viewCount": 64,
  "likeCount": 0,
  "animationCount": 0,
  "viewerUrl": "https://sketchfab.com/3d-models/a8ac8ccae8a6486abb129bbe083ee6d6",
  "embedUrl": "https://sketchfab.com/models/a8ac8ccae8a6486abb129bbe083ee6d6/embed",
  "commentCount": 0,
  "isDownloadable": true,
  "publishedAt": "2018-03-29T14:52:55.651778",
  "tags": [],
  "categories": [],
  "thumbnails": {
    "images": [
      {
        "uid": "413f927ea9064944a510df50aacce5c2",
        "size": 132156,
        "width": 1920,
        "url": "https://media.sketchfab.com/models/a8ac8ccae8a6486abb129bbe083ee6d6/thumbnails/2345cac2284745f6ae5a0b9c3e787df3/2897b3f20f044ba1a69a5a9addedef8a.jpeg",
        "height": 1080
      },
      {
        "uid": "a2ef9ec883dc402487860b958a055654",
        "size": 21145,
        "width": 1024,
        "url": "https://media.sketchfab.com/models/a8ac8ccae8a6486abb129bbe083ee6d6/thumbnails/2345cac2284745f6ae5a0b9c3e787df3/684269d887fa44349b8da6106f2bf9f6.jpeg",
        "height": 576
      },
      {
        "uid": "b8592dd8f8994c35a3bf30219a5cfcf1",
        "size": 10830,
        "width": 720,
        "url": "https://media.sketchfab.com/models/a8ac8ccae8a6486abb129bbe083ee6d6/thumbnails/2345cac2284745f6ae5a0b9c3e787df3/1aa4c529409e4f789b413e363a53adf4.jpeg",
        "height": 405
      },
      {
        "uid": "2a1112edd20a455ca7b688250dc9a39e",
        "size": 2495,
        "width": 256,
        "url": "https://media.sketchfab.com/models/a8ac8ccae8a6486abb129bbe083ee6d6/thumbnails/2345cac2284745f6ae5a0b9c3e787df3/5a4f17a12ba04bddaad8e50a179b1222.jpeg",
        "height": 144
      },
      {
        "uid": "0ab4c7c1d1584379838feef249789bf8",
        "size": 643,
        "width": 64,
        "url": "https://media.sketchfab.com/models/a8ac8ccae8a6486abb129bbe083ee6d6/thumbnails/2345cac2284745f6ae5a0b9c3e787df3/523be6b18dfb401d8948f04043c30ccf.jpeg",
        "height": 36
      }
    ]
  },
  "user": {
    "uid": "7d95b6e147bd4612bc23045250e289dd",
    "username": "Noureen",
    "displayName": "Noureen",
    "profileUrl": "https://sketchfab.com/Noureen",
    "account": "basic",
    "avatar": {
      "uri": "https://api.sketchfab.com/v3/avatars/3ef1bd11d3eb4b57a0b353e8f2e5fc3e",
      "images": [
        {
          "size": 680,
          "width": 32,
          "url": "https://media.sketchfab.com/avatars/3ef1bd11d3eb4b57a0b353e8f2e5fc3e/116042a0854e40538adab302b593683d.jpeg",
          "height": 32
        },
        {
          "size": 1253,
          "width": 48,
          "url": "https://media.sketchfab.com/avatars/3ef1bd11d3eb4b57a0b353e8f2e5fc3e/efea16be51d04eb7a00cb9ea0b43b87f.jpeg",
          "height": 48
        },
        {
          "size": 2797,
          "width": 90,
          "url": "https://media.sketchfab.com/avatars/3ef1bd11d3eb4b57a0b353e8f2e5fc3e/ac9b469ccec74caf923a81fb2f0be3ed.jpeg",
          "height": 90
        },
        {
          "size": 3215,
          "width": 100,
          "url": "https://media.sketchfab.com/avatars/3ef1bd11d3eb4b57a0b353e8f2e5fc3e/a075e1d43d2f446c949b5967b470c757.jpeg",
          "height": 100
        }
      ]
    },
    "uri": "https://api.sketchfab.com/v3/users/7d95b6e147bd4612bc23045250e289dd"
  },
  "description": "",
  "faceCount": 706,
  "createdAt": "2018-03-24T23:10:53.607353",
  "vertexCount": 374,
  "isAgeRestricted": false,
  "archives": {
    "glb": {
      "textureCount": 0,
      "size": 32096,
      "type": "glb",
      "textureMaxResolution": 0,
      "faceCount": 705,
      "vertexCount": 675
    },
    "gltf": {
      "textureCount": 0,
      "size": 13017,
      "type": "gltf",
      "textureMaxResolution": 0,
      "faceCount": 705,
      "vertexCount": 675
    },
    "source": {
      "textureCount": null,
      "size": 38584,
      "type": "source",
      "textureMaxResolution": null,
      "faceCount": null,
      "vertexCount": null
    },
    "usdz": {
      "textureCount": null,
      "size": 21406,
      "type": "usdz",
      "textureMaxResolution": null,
      "faceCount": null,
      "vertexCount": null
    }
  },
  "license": "by"
}