{
  "uri": "https://api.sketchfab.com/v3/models/a8afaa18dbb64638951af0447ccc3312",
  "uid": "a8afaa18dbb64638951af0447ccc3312",
  "name": "Rock Stone 07  .::RAWscan::.",
  "staffpickedAt": null,
  "viewCount": 2960,
  "likeCount": 95,
  "animationCount": 0,
  "viewerUrl": "https://sketchfab.com/3d-models/a8afaa18dbb64638951af0447ccc3312",
  "embedUrl": "https://sketchfab.com/models/a8afaa18dbb64638951af0447ccc3312/embed",
  "commentCount": 1,
  "isDownloadable": true,
  "publishedAt": "2020-01-16T01:10:12.701686",
  "tags": [
    {
      "name": "photogrammetry",
      "slug": "photogrammetry",
      "uri": "https://api.sketchfab.com/v3/tags/photogrammetry"
    },
    {
      "name": "low",
      "slug": "low",
      "uri": "https://api.sketchfab.com/v3/tags/low"
    },
    {
      "name": "poly",
      "slug": "poly",
      "uri": "https://api.sketchfab.com/v3/tags/poly"
    },
    {
      "name": "3dscan",
      "slug": "3dscan",
      "uri": "https://api.sketchfab.com/v3/tags/3dscan"
    },
    {
      "name": "stone",
      "slug": "stone",
      "uri": "https://api.sketchfab.com/v3/tags/stone"
    },
    {
      "name": "rock",
      "slug": "rock",
      "uri": "https://api.sketchfab.com/v3/tags/rock"
    }
  ],
  "categories": [
    {
      "name": "art-abstract"
    },
    {
      "name": "nature-plants"
    }
  ],
  "thumbnails": {
    "images": [
      {
        "uid": "7e130d3e93534df59913b1ad7f44c352",
        "size": 276182,
        "width": 1920,
        "url": "https://media.sketchfab.com/models/a8afaa18dbb64638951af0447ccc3312/thumbnails/de181259af634f638555c560ca2a71e8/7646ab6878b84fa391977c9e293b344d.jpeg",
        "height": 1080
      },
      {
        "uid": "3cb23ab5194a4abcbffc55c438638a50",
        "size": 82812,
        "width": 1024,
        "url": "https://media.sketchfab.com/models/a8afaa18dbb64638951af0447ccc3312/thumbnails/de181259af634f638555c560ca2a71e8/aabdd560cc0640e1b85958ed578545dd.jpeg",
        "height": 576
      },
      {
        "uid": "153d798004a7497b8a521da03b50409d",
        "size": 46326,
        "width": 720,
        "url": "https://media.sketchfab.com/models/a8afaa18dbb64638951af0447ccc3312/thumbnails/de181259af634f638555c560ca2a71e8/c7a3b018b2ba4195abbff5334e3f5074.jpeg",
        "height": 405
      },
      {
        "uid": "0b690ed2fe804b9baaf4292ba62cc999",
        "size": 8500,
        "width": 256,
        "url": "https://media.sketchfab.com/models/a8afaa18dbb64638951af0447ccc3312/thumbnails/de181259af634f638555c560ca2a71e8/23a769a8c8ad4bfab15e613aa3101f00.jpeg",
        "height": 144
      },
      {
        "uid": "618148370af443a598893fa1cd755002",
        "size": 1163,
        "width": 64,
        "url": "https://media.sketchfab.com/models/a8afaa18dbb64638951af0447ccc3312/thumbnails/de181259af634f638555c560ca2a71e8/fc1298fff1934818881316fac16e9593.jpeg",
        "height": 36
      }
    ]
  },
  "user": {
    "uid": "31356005ae604b7594b7f7d6ffb620d4",
    "username": "spogna",
    "displayName": "Andrea Spognetta (Spogna)",
    "profileUrl": "https://sketchfab.com/spogna",
    "account": "basic",
    "avatar": {
      "uri": "https://api.sketchfab.com/v3/avatars/4878eb622af9437196e0db819da1d522",
      "images": [
        {
          "size": 781,
          "width": 32,
          "url": "https://media.sketchfab.com/avatars/4878eb622af9437196e0db819da1d522/e983bf9b8a514bb9ae7a338d42ed70eb.jpeg",
          "height": 32
        },
        {
          "size": 1259,
          "width": 48,
          "url": "https://media.sketchfab.com/avatars/4878eb622af9437196e0db819da1d522/e27db1126a374dbc8e29944332fb42a3.jpeg",
          "height": 48
        },
        {
          "size": 3235,
          "width": 90,
          "url": "https://media.sketchfab.com/avatars/4878eb622af9437196e0db819da1d522/0559ec81fdbb468aa8b644b6c44d6ac9.jpeg",
          "height": 90
        },
        {
          "size": 3791,
          "width": 100,
          "url": "https://media.sketchfab.com/avatars/4878eb622af9437196e0db819da1d522/65d0b988b7b54567860d6cdd10c1c623.jpeg",
          "height": 100
        }
      ]
    },
    "uri": "https://api.sketchfab.com/v3/users/31356005ae604b7594b7f7d6ffb620d4"
  },
  "description": "Rock Stone 07  .::RAWscan::.\n\n3D scan by photogrammetry\n\n**8k Albedo**",
  "faceCount": 642854,
  "createdAt": "2020-01-16T00:54:51.544850",
  "vertexCount": 321415,
  "isAgeRestricted": false,
  "archives": {
    "glb": {
      "textureCount": 2,
      "size": 53804180,
      "type": "glb",
      "textureMaxResolution": 8192,
      "faceCount": 642854,
      "vertexCount": 389933
    },
    "gltf": {
      "textureCount": 2,
      "size": 46706299,
      "type": "gltf",
      "textureMaxResolution": 8192,
      "faceCount": 642854,
      "vertexCount": 389933
    },
    "source": {
      "textureCount": null,
      "size": 41605246,
      "type": "source",
      "textureMaxResolution": null,
      "faceCount": null,
      "vertexCount": null
    },
    "usdz": {
      "textureCount": null,
      "size": 17397817,
      "type": "usdz",
      "textureMaxResolution": null,
      "faceCount": null,
      "vertexCount": null
    }
  },
  "license": "by-nc"
}