{
  "uri": "https://api.sketchfab.com/v3/models/a8af343b990f425aa7100d6149ed7970",
  "uid": "a8af343b990f425aa7100d6149ed7970",
  "name": "タブレット充電保管庫（小）",
  "staffpickedAt": null,
  "viewCount": 16,
  "likeCount": 1,
  "animationCount": 0,
  "viewerUrl": "https://sketchfab.com/3d-models/a8af343b990f425aa7100d6149ed7970",
  "embedUrl": "https://sketchfab.com/models/a8af343b990f425aa7100d6149ed7970/embed",
  "commentCount": 0,
  "isDownloadable": true,
  "publishedAt": "2021-08-20T04:06:33.050517",
  "tags": [],
  "categories": [
    {
      "name": "electronics-gadgets"
    },
    {
      "name": "science-technology"
    }
  ],
  "thumbnails": {
    "images": [
      {
        "uid": "84e19acfafdd4c0f8b5e5e8d1eec98d6",
        "size": 407223,
        "width": 1920,
        "url": "https://media.sketchfab.com/models/a8af343b990f425aa7100d6149ed7970/thumbnails/cd638792038b4b2fa29ef08399ced7bc/12533d9d4eae4203984c27fca1ae385a.jpeg",
        "height": 1080
      },
      {
        "uid": "a98aab0488c84184bea8f6d7d56d3e39",
        "size": 66567,
        "width": 1024,
        "url": "https://media.sketchfab.com/models/a8af343b990f425aa7100d6149ed7970/thumbnails/cd638792038b4b2fa29ef08399ced7bc/8dc9609c41674438bd9e1ad4a6ff0661.jpeg",
        "height": 576
      },
      {
        "uid": "74e98f3f9e8e46f1930177410de983b5",
        "size": 31916,
        "width": 720,
        "url": "https://media.sketchfab.com/models/a8af343b990f425aa7100d6149ed7970/thumbnails/cd638792038b4b2fa29ef08399ced7bc/25c50fa7cb9b4ad6985f0acaee56075e.jpeg",
        "height": 405
      },
      {
        "uid": "80ac368ef8ac44f3aa437d13ac255a04",
        "size": 5061,
        "width": 256,
        "url": "https://media.sketchfab.com/models/a8af343b990f425aa7100d6149ed7970/thumbnails/cd638792038b4b2fa29ef08399ced7bc/50eca7cc224a48e5a8c74386dcab478b.jpeg",
        "height": 144
      },
      {
        "uid": "dafaf8bcf4cb436dbc9a4819e44580c2",
        "size": 1083,
        "width": 64,
        "url": "https://media.sketchfab.com/models/a8af343b990f425aa7100d6149ed7970/thumbnails/cd638792038b4b2fa29ef08399ced7bc/5198e87395684c459f0c530e3f2c255c.jpeg",
        "height": 36
      }
    ]
  },
  "user": {
    "uid": "8d2da13d413e496788a4e709739b0e46",
    "username": "seirogan",
    "displayName": "seirogan",
    "profileUrl": "https://sketchfab.com/seirogan",
    "account": "basic",
    "avatar": {
      "uri": "https://api.sketchfab.com/v3/avatars/32007f0fdfea4932967a0cb0d6e10a02",
      "images": [
        {
          "size": 3113,
          "width": 32,
          "url": "https://media.sketchfab.com/avatars/32007f0fdfea4932967a0cb0d6e10a02/33d3c12264a74e8798a7f213f81f9081.png",
          "height": 32
        },
        {
          "size": 5817,
          "width": 48,
          "url": "https://media.sketchfab.com/avatars/32007f0fdfea4932967a0cb0d6e10a02/28f41fa8d5b54da1a250c8274a1ca310.png",
          "height": 48
        },
        {
          "size": 15509,
          "width": 90,
          "url": "https://media.sketchfab.com/avatars/32007f0fdfea4932967a0cb0d6e10a02/b4a9394458204146bb2fe97cf032be57.png",
          "height": 90
        },
        {
          "size": 17972,
          "width": 100,
          "url": "https://media.sketchfab.com/avatars/32007f0fdfea4932967a0cb0d6e10a02/f908a58def19483f9b38bb43d6a0b6fe.png",
          "height": 100
        }
      ]
    },
    "uri": "https://api.sketchfab.com/v3/users/8d2da13d413e496788a4e709739b0e46"
  },
  "description": "タブレット充電保管庫（小）",
  "faceCount": 24046,
  "createdAt": "2021-08-20T04:03:30.592004",
  "vertexCount": 11639,
  "isAgeRestricted": false,
  "archives": {
    "glb": {
      "textureCount": 0,
      "size": 1862560,
      "type": "glb",
      "textureMaxResolution": 0,
      "faceCount": 23751,
      "vertexCount": 65576
    },
    "gltf": {
      "textureCount": 0,
      "size": 487948,
      "type": "gltf",
      "textureMaxResolution": 0,
      "faceCount": 23751,
      "vertexCount": 65576
    },
    "source": {
      "textureCount": null,
      "size": 571408,
      "type": "source",
      "textureMaxResolution": null,
      "faceCount": null,
      "vertexCount": null
    },
    "usdz": {
      "textureCount": null,
      "size": 1593306,
      "type": "usdz",
      "textureMaxResolution": null,
      "faceCount": null,
      "vertexCount": null
    }
  },
  "license": "by"
}