{
  "uri": "https://api.sketchfab.com/v3/models/a8b0001f9e8241db93a84406452f7f9c",
  "uid": "a8b0001f9e8241db93a84406452f7f9c",
  "name": "INDA Y1 D2 Liva Win Texture Model",
  "staffpickedAt": null,
  "viewCount": 6,
  "likeCount": 0,
  "animationCount": 0,
  "viewerUrl": "https://sketchfab.com/3d-models/a8b0001f9e8241db93a84406452f7f9c",
  "embedUrl": "https://sketchfab.com/models/a8b0001f9e8241db93a84406452f7f9c/embed",
  "commentCount": 0,
  "isDownloadable": true,
  "publishedAt": "2020-05-01T17:04:29.498278",
  "tags": [],
  "categories": [],
  "thumbnails": {
    "images": [
      {
        "uid": "cf81d75cd36241e2b33917f8f479161f",
        "size": 52352,
        "width": 1920,
        "url": "https://media.sketchfab.com/models/a8b0001f9e8241db93a84406452f7f9c/thumbnails/d911c3d1f6b440ba8674d4fccf91745d/69ab14b62fd542b8a102a7aa4534b1de.jpeg",
        "height": 1080
      },
      {
        "uid": "bf7be78747fa4b12a82b940e617e7482",
        "size": 17263,
        "width": 1024,
        "url": "https://media.sketchfab.com/models/a8b0001f9e8241db93a84406452f7f9c/thumbnails/d911c3d1f6b440ba8674d4fccf91745d/a753f3af71224ef8b6aae0969e28a31d.jpeg",
        "height": 576
      },
      {
        "uid": "6532f04573c1482091ffb7787fed6a07",
        "size": 9927,
        "width": 720,
        "url": "https://media.sketchfab.com/models/a8b0001f9e8241db93a84406452f7f9c/thumbnails/d911c3d1f6b440ba8674d4fccf91745d/c936d3eba58344379ef0b5fc3a628055.jpeg",
        "height": 405
      },
      {
        "uid": "40a32b97c512475ab0506f17869f8729",
        "size": 1998,
        "width": 256,
        "url": "https://media.sketchfab.com/models/a8b0001f9e8241db93a84406452f7f9c/thumbnails/d911c3d1f6b440ba8674d4fccf91745d/d873a4a1d764469d81dcb0ab6ea0f7bd.jpeg",
        "height": 144
      },
      {
        "uid": "19e4d9f1c0dd499ea7216565d0c958c9",
        "size": 521,
        "width": 64,
        "url": "https://media.sketchfab.com/models/a8b0001f9e8241db93a84406452f7f9c/thumbnails/d911c3d1f6b440ba8674d4fccf91745d/af2826ed18a448c1b68462ae1a4f57ed.jpeg",
        "height": 36
      }
    ]
  },
  "user": {
    "uid": "861a49a8033e41fd9830920a91f15a2c",
    "username": "Bhurin.Thuraphan",
    "displayName": "Bhurin.Thuraphan",
    "profileUrl": "https://sketchfab.com/Bhurin.Thuraphan",
    "account": "basic",
    "avatar": {
      "uri": "https://api.sketchfab.com/v3/avatars/92afc13a0ed1485faf310dd9428a1c7e",
      "images": [
        {
          "size": 781,
          "width": 32,
          "url": "https://media.sketchfab.com/avatars/92afc13a0ed1485faf310dd9428a1c7e/d8a3a1cd53334332a474538027ede4eb.jpeg",
          "height": 32
        },
        {
          "size": 1371,
          "width": 48,
          "url": "https://media.sketchfab.com/avatars/92afc13a0ed1485faf310dd9428a1c7e/bd38d6ca65354b9aa2317bc49b31eeae.jpeg",
          "height": 48
        },
        {
          "size": 4627,
          "width": 90,
          "url": "https://media.sketchfab.com/avatars/92afc13a0ed1485faf310dd9428a1c7e/474da1b6d142405f9c8e93f7ee879b04.jpeg",
          "height": 90
        },
        {
          "size": 5532,
          "width": 100,
          "url": "https://media.sketchfab.com/avatars/92afc13a0ed1485faf310dd9428a1c7e/1750d3c076cf4cd383635cfe606402b4.jpeg",
          "height": 100
        }
      ]
    },
    "uri": "https://api.sketchfab.com/v3/users/861a49a8033e41fd9830920a91f15a2c"
  },
  "description": "",
  "faceCount": 95,
  "createdAt": "2020-05-01T16:57:22.399073",
  "vertexCount": 93,
  "isAgeRestricted": false,
  "archives": {
    "glb": {
      "textureCount": 10,
      "size": 10993948,
      "type": "glb",
      "textureMaxResolution": 4096,
      "faceCount": 95,
      "vertexCount": 98
    },
    "gltf": {
      "textureCount": 10,
      "size": 10406767,
      "type": "gltf",
      "textureMaxResolution": 4096,
      "faceCount": 95,
      "vertexCount": 98
    },
    "source": {
      "textureCount": null,
      "size": 11420353,
      "type": "source",
      "textureMaxResolution": null,
      "faceCount": null,
      "vertexCount": null
    },
    "usdz": {
      "textureCount": null,
      "size": 1670848,
      "type": "usdz",
      "textureMaxResolution": null,
      "faceCount": null,
      "vertexCount": null
    }
  },
  "license": "by"
}