{
  "uri": "https://api.sketchfab.com/v3/models/a8b57224a6bb4456af0ed1b7da3a4637",
  "uid": "a8b57224a6bb4456af0ed1b7da3a4637",
  "name": "JC FP Wall Battlements Corner B Piece",
  "staffpickedAt": null,
  "viewCount": 22,
  "likeCount": 2,
  "animationCount": 0,
  "viewerUrl": "https://sketchfab.com/3d-models/a8b57224a6bb4456af0ed1b7da3a4637",
  "embedUrl": "https://sketchfab.com/models/a8b57224a6bb4456af0ed1b7da3a4637/embed",
  "commentCount": 0,
  "isDownloadable": true,
  "publishedAt": "2017-10-30T16:50:30.664910",
  "tags": [
    {
      "name": "medievalfantasyassets",
      "slug": "medievalfantasyassets",
      "uri": "https://api.sketchfab.com/v3/tags/medievalfantasyassets"
    }
  ],
  "categories": [],
  "thumbnails": {
    "images": [
      {
        "uid": "9dff096d4bb44c61b2d4d699e2a559e4",
        "size": 80850,
        "width": 1920,
        "url": "https://media.sketchfab.com/models/a8b57224a6bb4456af0ed1b7da3a4637/thumbnails/42726851ed0a408d82e531319c5f2055/1920x1080.jpeg",
        "height": 1080
      },
      {
        "uid": "c16e3f48e3234695804e4ed4c1dae152",
        "size": 12662,
        "width": 1024,
        "url": "https://media.sketchfab.com/models/a8b57224a6bb4456af0ed1b7da3a4637/thumbnails/42726851ed0a408d82e531319c5f2055/1024x576.jpeg",
        "height": 576
      },
      {
        "uid": "7c46aab7bd834f5d8d6699beb1aab95c",
        "size": 7646,
        "width": 720,
        "url": "https://media.sketchfab.com/models/a8b57224a6bb4456af0ed1b7da3a4637/thumbnails/42726851ed0a408d82e531319c5f2055/720x405.jpeg",
        "height": 405
      },
      {
        "uid": "ee3a8e2515dc424ba2c8885877f3774a",
        "size": 2689,
        "width": 256,
        "url": "https://media.sketchfab.com/models/a8b57224a6bb4456af0ed1b7da3a4637/thumbnails/42726851ed0a408d82e531319c5f2055/256x144.jpeg",
        "height": 144
      },
      {
        "uid": "cdaaf1eddaf74b4686c52f52cae19f83",
        "size": 884,
        "width": 64,
        "url": "https://media.sketchfab.com/models/a8b57224a6bb4456af0ed1b7da3a4637/thumbnails/42726851ed0a408d82e531319c5f2055/64x36.jpeg",
        "height": 36
      }
    ]
  },
  "user": {
    "uid": "1bc671d5593f4beeb650245cd3a2660c",
    "username": "scarah22",
    "displayName": "Eanorien",
    "profileUrl": "https://sketchfab.com/scarah22",
    "account": "basic",
    "avatar": {
      "uri": "https://api.sketchfab.com/v3/avatars/51af6a870cce449eb75b0345feebaebb",
      "images": [
        {
          "size": 5719,
          "width": 90,
          "url": "https://media.sketchfab.com/avatars/51af6a870cce449eb75b0345feebaebb/2ef0f894055b4bb69123b2a27fa2d379.jpeg",
          "height": 90
        },
        {
          "size": 6496,
          "width": 100,
          "url": "https://media.sketchfab.com/avatars/51af6a870cce449eb75b0345feebaebb/ab11eedf96374486acb544f71a23b165.jpeg",
          "height": 100
        },
        {
          "size": 1359,
          "width": 32,
          "url": "https://media.sketchfab.com/avatars/51af6a870cce449eb75b0345feebaebb/35f6f9b6c9a14a548ce472582d8a9bb5.jpeg",
          "height": 32
        },
        {
          "size": 2584,
          "width": 48,
          "url": "https://media.sketchfab.com/avatars/51af6a870cce449eb75b0345feebaebb/a8072a51447c4d41ab177b357111b420.jpeg",
          "height": 48
        }
      ]
    },
    "uri": "https://api.sketchfab.com/v3/users/1bc671d5593f4beeb650245cd3a2660c"
  },
  "description": "",
  "faceCount": 74,
  "createdAt": "2017-10-30T03:17:26.780874",
  "vertexCount": 56,
  "isAgeRestricted": false,
  "archives": {
    "glb": {
      "textureCount": 0,
      "size": 7972,
      "type": "glb",
      "textureMaxResolution": 0,
      "faceCount": 74,
      "vertexCount": 152
    },
    "gltf": {
      "textureCount": 0,
      "size": 3287,
      "type": "gltf",
      "textureMaxResolution": 0,
      "faceCount": 74,
      "vertexCount": 152
    },
    "source": {
      "textureCount": null,
      "size": 26978,
      "type": "source",
      "textureMaxResolution": null,
      "faceCount": null,
      "vertexCount": null
    },
    "usdz": {
      "textureCount": null,
      "size": 6984,
      "type": "usdz",
      "textureMaxResolution": null,
      "faceCount": null,
      "vertexCount": null
    }
  },
  "license": "by"
}