{
  "uri": "https://api.sketchfab.com/v3/models/a8bbeb78aeab4092ae961f6ff9fe6b72",
  "uid": "a8bbeb78aeab4092ae961f6ff9fe6b72",
  "name": "P11967H, Conley Barn",
  "staffpickedAt": null,
  "viewCount": 17,
  "likeCount": 0,
  "animationCount": 0,
  "viewerUrl": "https://sketchfab.com/3d-models/a8bbeb78aeab4092ae961f6ff9fe6b72",
  "embedUrl": "https://sketchfab.com/models/a8bbeb78aeab4092ae961f6ff9fe6b72/embed",
  "commentCount": 0,
  "isDownloadable": true,
  "publishedAt": "2020-06-12T10:36:48.329453",
  "tags": [
    {
      "name": "pamir",
      "slug": "pamir",
      "uri": "https://api.sketchfab.com/v3/tags/pamir"
    }
  ],
  "categories": [],
  "thumbnails": {
    "images": [
      {
        "uid": "7d9814d94da34503a24805d650fc385b",
        "size": 53394,
        "width": 1920,
        "url": "https://media.sketchfab.com/models/a8bbeb78aeab4092ae961f6ff9fe6b72/thumbnails/773080fc163b41c09a75aa6af4ff4c54/b12bb947ba7d43e786c30e97b4dbb3e6.jpeg",
        "height": 1080
      },
      {
        "uid": "e503d9d084e54012a62a5d8a94265af1",
        "size": 15958,
        "width": 1024,
        "url": "https://media.sketchfab.com/models/a8bbeb78aeab4092ae961f6ff9fe6b72/thumbnails/773080fc163b41c09a75aa6af4ff4c54/79161bd457d141d9a581a4a117a0d93f.jpeg",
        "height": 576
      },
      {
        "uid": "fcb44e4b64e44c41a68099e64381f624",
        "size": 8817,
        "width": 720,
        "url": "https://media.sketchfab.com/models/a8bbeb78aeab4092ae961f6ff9fe6b72/thumbnails/773080fc163b41c09a75aa6af4ff4c54/f3ca9b7f3e6141c8817c62c25bd9c5d3.jpeg",
        "height": 405
      },
      {
        "uid": "5a23554df6464121ba488c6828c6c9a4",
        "size": 1739,
        "width": 256,
        "url": "https://media.sketchfab.com/models/a8bbeb78aeab4092ae961f6ff9fe6b72/thumbnails/773080fc163b41c09a75aa6af4ff4c54/b9cfc3d5132741cd81e7d17a4d2784ba.jpeg",
        "height": 144
      },
      {
        "uid": "693c1bcb116148bea83e729a2b1b1a92",
        "size": 524,
        "width": 64,
        "url": "https://media.sketchfab.com/models/a8bbeb78aeab4092ae961f6ff9fe6b72/thumbnails/773080fc163b41c09a75aa6af4ff4c54/457ccf40c02d4bd0b167599a8157fa0c.jpeg",
        "height": 36
      }
    ]
  },
  "user": {
    "uid": "7475eea4583a43d7b4af5b4b6c1077e1",
    "username": "martinharmony",
    "displayName": "Martin Hallam. Harmony Timber",
    "profileUrl": "https://sketchfab.com/martinharmony",
    "account": "basic",
    "avatar": {
      "uri": "https://api.sketchfab.com/v3/avatars/5979d8e614f94adda5ba68374e4d5719",
      "images": [
        {
          "size": 1525,
          "width": 32,
          "url": "https://media.sketchfab.com/avatars/5979d8e614f94adda5ba68374e4d5719/1b15c312763e43ee9df6eb0c206c0f1a.png",
          "height": 32
        },
        {
          "size": 2358,
          "width": 48,
          "url": "https://media.sketchfab.com/avatars/5979d8e614f94adda5ba68374e4d5719/64b176eb4edb4fd28b5aea0c0896023c.png",
          "height": 48
        },
        {
          "size": 4182,
          "width": 90,
          "url": "https://media.sketchfab.com/avatars/5979d8e614f94adda5ba68374e4d5719/7c28a015609649f9bcf62541086d3037.png",
          "height": 90
        },
        {
          "size": 4572,
          "width": 100,
          "url": "https://media.sketchfab.com/avatars/5979d8e614f94adda5ba68374e4d5719/0aea2e5c53d747f7bbb0351ca83c7670.png",
          "height": 100
        }
      ]
    },
    "uri": "https://api.sketchfab.com/v3/users/7475eea4583a43d7b4af5b4b6c1077e1"
  },
  "description": "Building exported from Pamir.",
  "faceCount": 27224,
  "createdAt": "2020-06-12T10:35:44.984081",
  "vertexCount": 20019,
  "isAgeRestricted": false,
  "archives": {
    "glb": {
      "textureCount": 5,
      "size": 2101200,
      "type": "glb",
      "textureMaxResolution": 512,
      "faceCount": 27224,
      "vertexCount": 51913
    },
    "gltf": {
      "textureCount": 5,
      "size": 482941,
      "type": "gltf",
      "textureMaxResolution": 512,
      "faceCount": 27224,
      "vertexCount": 51913
    },
    "source": {
      "textureCount": null,
      "size": 1097715,
      "type": "source",
      "textureMaxResolution": null,
      "faceCount": null,
      "vertexCount": null
    },
    "usdz": {
      "textureCount": null,
      "size": 1800665,
      "type": "usdz",
      "textureMaxResolution": null,
      "faceCount": null,
      "vertexCount": null
    }
  },
  "license": "by"
}