{
  "uri": "https://api.sketchfab.com/v3/models/a8be12a4d87b48e3917dfe474a346630",
  "uid": "a8be12a4d87b48e3917dfe474a346630",
  "name": "Mictlantecuhtli",
  "staffpickedAt": null,
  "viewCount": 167,
  "likeCount": 3,
  "animationCount": 0,
  "viewerUrl": "https://sketchfab.com/3d-models/a8be12a4d87b48e3917dfe474a346630",
  "embedUrl": "https://sketchfab.com/models/a8be12a4d87b48e3917dfe474a346630/embed",
  "commentCount": 0,
  "isDownloadable": true,
  "publishedAt": "2019-01-01T05:50:16.088019",
  "tags": [
    {
      "name": "comics",
      "slug": "comics",
      "uri": "https://api.sketchfab.com/v3/tags/comics"
    },
    {
      "name": "skeleton",
      "slug": "skeleton",
      "uri": "https://api.sketchfab.com/v3/tags/skeleton"
    },
    {
      "name": "humanoid",
      "slug": "humanoid",
      "uri": "https://api.sketchfab.com/v3/tags/humanoid"
    },
    {
      "name": "god",
      "slug": "god",
      "uri": "https://api.sketchfab.com/v3/tags/god"
    },
    {
      "name": "aztec",
      "slug": "aztec",
      "uri": "https://api.sketchfab.com/v3/tags/aztec"
    }
  ],
  "categories": [
    {
      "name": "art-abstract"
    },
    {
      "name": "characters-creatures"
    }
  ],
  "thumbnails": {
    "images": [
      {
        "uid": "ad6390b695d24e0fbcea184eb8aee40b",
        "size": 1038,
        "width": 64,
        "url": "https://media.sketchfab.com/models/a8be12a4d87b48e3917dfe474a346630/thumbnails/6703ab21a48341bb9661477e038c80f5/f78c740d27e34007a4037b1d926c0660.jpeg",
        "height": 36
      },
      {
        "uid": "fa5af87e9803421f894786c847bc84d8",
        "size": 7974,
        "width": 256,
        "url": "https://media.sketchfab.com/models/a8be12a4d87b48e3917dfe474a346630/thumbnails/6703ab21a48341bb9661477e038c80f5/317b4c1560b24942acca86d6c13522b8.jpeg",
        "height": 144
      },
      {
        "uid": "bf7592e14ca548b29ea40d7fb72e0f00",
        "size": 37562,
        "width": 720,
        "url": "https://media.sketchfab.com/models/a8be12a4d87b48e3917dfe474a346630/thumbnails/6703ab21a48341bb9661477e038c80f5/18072f30c6b7458f93e6b6108dbf1313.jpeg",
        "height": 405
      },
      {
        "uid": "b3276f12979d4e57af7ab887cd4b609e",
        "size": 61252,
        "width": 1024,
        "url": "https://media.sketchfab.com/models/a8be12a4d87b48e3917dfe474a346630/thumbnails/6703ab21a48341bb9661477e038c80f5/9ae4e1118a0d452fac158c9b387d871c.jpeg",
        "height": 576
      },
      {
        "uid": "482caa11d0d94776a753e55a6126d2c6",
        "size": 179777,
        "width": 1920,
        "url": "https://media.sketchfab.com/models/a8be12a4d87b48e3917dfe474a346630/thumbnails/6703ab21a48341bb9661477e038c80f5/0b587867b60b47e7a4d4270823cbf958.jpeg",
        "height": 1080
      }
    ]
  },
  "user": {
    "uid": "a11572e55b5c47b4a0a3db28c926e45c",
    "username": "Crimms",
    "displayName": "Joaquin Cruz",
    "profileUrl": "https://sketchfab.com/Crimms",
    "account": "basic",
    "avatar": {
      "uri": "https://api.sketchfab.com/v3/avatars/1e2ae605c8ae42c09f425432b74db84a",
      "images": [
        {
          "size": 4341,
          "width": 100,
          "url": "https://media.sketchfab.com/avatars/1e2ae605c8ae42c09f425432b74db84a/9aa69718d2d043d89eb1530afc4ba9ae.jpeg",
          "height": 100
        },
        {
          "size": 3662,
          "width": 90,
          "url": "https://media.sketchfab.com/avatars/1e2ae605c8ae42c09f425432b74db84a/7c171cf441194d70a0c5aba25480a9f7.jpeg",
          "height": 90
        },
        {
          "size": 1375,
          "width": 48,
          "url": "https://media.sketchfab.com/avatars/1e2ae605c8ae42c09f425432b74db84a/2f1fe0704ffc4be2a0a792a23799df3f.jpeg",
          "height": 48
        },
        {
          "size": 825,
          "width": 32,
          "url": "https://media.sketchfab.com/avatars/1e2ae605c8ae42c09f425432b74db84a/2e6a75278c8246f4b548c7163728b1b9.jpeg",
          "height": 32
        }
      ]
    },
    "uri": "https://api.sketchfab.com/v3/users/a11572e55b5c47b4a0a3db28c926e45c"
  },
  "description": "Based on the Marvel Mictlantecuhtli, but simplified because I'm practicing metal, emissive and retopology.",
  "faceCount": 17602,
  "createdAt": "2019-01-01T05:09:48.059810",
  "vertexCount": 8815,
  "isAgeRestricted": false,
  "archives": {
    "glb": {
      "textureCount": 4,
      "size": 3133132,
      "type": "glb",
      "textureMaxResolution": 2048,
      "faceCount": 17602,
      "vertexCount": 13301
    },
    "gltf": {
      "textureCount": 4,
      "size": 2701359,
      "type": "gltf",
      "textureMaxResolution": 2048,
      "faceCount": 17602,
      "vertexCount": 13301
    },
    "source": {
      "textureCount": null,
      "size": 10280857,
      "type": "source",
      "textureMaxResolution": null,
      "faceCount": null,
      "vertexCount": null
    },
    "usdz": {
      "textureCount": null,
      "size": 1577322,
      "type": "usdz",
      "textureMaxResolution": null,
      "faceCount": null,
      "vertexCount": null
    }
  },
  "license": "by"
}