{
  "uri": "https://api.sketchfab.com/v3/models/a8c00a287d07413e8854e39cdcd8dced",
  "uid": "a8c00a287d07413e8854e39cdcd8dced",
  "name": "Callanish 04 Stone 04",
  "staffpickedAt": null,
  "viewCount": 42,
  "likeCount": 3,
  "animationCount": 0,
  "viewerUrl": "https://sketchfab.com/3d-models/a8c00a287d07413e8854e39cdcd8dced",
  "embedUrl": "https://sketchfab.com/models/a8c00a287d07413e8854e39cdcd8dced/embed",
  "commentCount": 0,
  "isDownloadable": true,
  "publishedAt": "2018-03-08T10:44:59.274723",
  "tags": [
    {
      "name": "stone-circle",
      "slug": "stone-circle",
      "uri": "https://api.sketchfab.com/v3/tags/stone-circle"
    },
    {
      "name": "callanish",
      "slug": "callanish",
      "uri": "https://api.sketchfab.com/v3/tags/callanish"
    }
  ],
  "categories": [
    {
      "name": "cultural-heritage-history"
    }
  ],
  "thumbnails": {
    "images": [
      {
        "uid": "87cde254dc7e43bcb793161f6ce6a4ad",
        "size": 221817,
        "width": 1920,
        "url": "https://media.sketchfab.com/models/a8c00a287d07413e8854e39cdcd8dced/thumbnails/6fd266009b9746b988b12f5f76b37810/c1bd315679f3437ca785767edf16228b.jpeg",
        "height": 1080
      },
      {
        "uid": "bd1e7b9700c24750a77729c5d8430979",
        "size": 66267,
        "width": 1024,
        "url": "https://media.sketchfab.com/models/a8c00a287d07413e8854e39cdcd8dced/thumbnails/6fd266009b9746b988b12f5f76b37810/196d405e65e1457e95ace80ac039b4a6.jpeg",
        "height": 576
      },
      {
        "uid": "f8767c39c89b42d1b3db6dbc8401e2e7",
        "size": 35048,
        "width": 720,
        "url": "https://media.sketchfab.com/models/a8c00a287d07413e8854e39cdcd8dced/thumbnails/6fd266009b9746b988b12f5f76b37810/1aacd01334744c8da5c59baf9fe512f6.jpeg",
        "height": 405
      },
      {
        "uid": "3c2889f0dc75412d900d5bc70a7db928",
        "size": 5424,
        "width": 256,
        "url": "https://media.sketchfab.com/models/a8c00a287d07413e8854e39cdcd8dced/thumbnails/6fd266009b9746b988b12f5f76b37810/6f0e8edc6c9543508682cfa0ab770127.jpeg",
        "height": 144
      },
      {
        "uid": "d2e7ddf8b64149858bd5cacdf52b3e0d",
        "size": 771,
        "width": 64,
        "url": "https://media.sketchfab.com/models/a8c00a287d07413e8854e39cdcd8dced/thumbnails/6fd266009b9746b988b12f5f76b37810/ae5e199c48174d179e51248a88f2a74c.jpeg",
        "height": 36
      }
    ]
  },
  "user": {
    "uid": "ef5732c2ba134de4bb740d464fe0717e",
    "username": "cineg",
    "displayName": "cineg",
    "profileUrl": "https://sketchfab.com/cineg",
    "account": "basic",
    "avatar": {
      "uri": "https://api.sketchfab.com/v3/avatars/a4e53e8c48a44c13b95d730bddeaa053",
      "images": [
        {
          "size": 564,
          "width": 32,
          "url": "https://media.sketchfab.com/avatars/a4e53e8c48a44c13b95d730bddeaa053/765a038fc22b48fea596d2402f883f4a.jpeg",
          "height": 32
        },
        {
          "size": 819,
          "width": 48,
          "url": "https://media.sketchfab.com/avatars/a4e53e8c48a44c13b95d730bddeaa053/ac35cf7d5214490bb11e03c76a5326f7.jpeg",
          "height": 48
        },
        {
          "size": 1580,
          "width": 90,
          "url": "https://media.sketchfab.com/avatars/a4e53e8c48a44c13b95d730bddeaa053/b4def8fae16d4d08a53fe5f55f36a2aa.jpeg",
          "height": 90
        },
        {
          "size": 1683,
          "width": 100,
          "url": "https://media.sketchfab.com/avatars/a4e53e8c48a44c13b95d730bddeaa053/da453828e5844e72a8f9b14ed98fc1fb.jpeg",
          "height": 100
        }
      ]
    },
    "uri": "https://api.sketchfab.com/v3/users/ef5732c2ba134de4bb740d464fe0717e"
  },
  "description": "",
  "faceCount": 60000,
  "createdAt": "2018-03-08T10:43:11.089490",
  "vertexCount": 31010,
  "isAgeRestricted": false,
  "archives": {
    "glb": {
      "textureCount": 1,
      "size": 8660688,
      "type": "glb",
      "textureMaxResolution": 4096,
      "faceCount": 60000,
      "vertexCount": 36079
    },
    "gltf": {
      "textureCount": 1,
      "size": 8035442,
      "type": "gltf",
      "textureMaxResolution": 4096,
      "faceCount": 60000,
      "vertexCount": 36079
    },
    "source": {
      "textureCount": null,
      "size": 8095205,
      "type": "source",
      "textureMaxResolution": null,
      "faceCount": null,
      "vertexCount": null
    },
    "usdz": {
      "textureCount": null,
      "size": 8225100,
      "type": "usdz",
      "textureMaxResolution": null,
      "faceCount": null,
      "vertexCount": null
    }
  },
  "license": "by"
}