{
  "uri": "https://api.sketchfab.com/v3/models/a8c1044391cb46e593d5625e6c5d45a5",
  "uid": "a8c1044391cb46e593d5625e6c5d45a5",
  "name": "Dummy",
  "staffpickedAt": null,
  "viewCount": 38,
  "likeCount": 2,
  "animationCount": 0,
  "viewerUrl": "https://sketchfab.com/3d-models/a8c1044391cb46e593d5625e6c5d45a5",
  "embedUrl": "https://sketchfab.com/models/a8c1044391cb46e593d5625e6c5d45a5/embed",
  "commentCount": 0,
  "isDownloadable": true,
  "publishedAt": "2020-02-27T10:59:58.098423",
  "tags": [],
  "categories": [],
  "thumbnails": {
    "images": [
      {
        "uid": "132c103dd0b840a1b54fbf6f2ee64408",
        "size": 37214,
        "width": 1920,
        "url": "https://media.sketchfab.com/models/a8c1044391cb46e593d5625e6c5d45a5/thumbnails/47526ca732144fd6b9561d55b7addb86/8b9fa3408ec5467db74e0ddb5273a2c2.jpeg",
        "height": 1080
      },
      {
        "uid": "eccdb662d4434046a7deab9128048baf",
        "size": 13502,
        "width": 1024,
        "url": "https://media.sketchfab.com/models/a8c1044391cb46e593d5625e6c5d45a5/thumbnails/47526ca732144fd6b9561d55b7addb86/49ac104bd24544148474f97071639380.jpeg",
        "height": 576
      },
      {
        "uid": "e916532000524e44bf58b856deba523f",
        "size": 8486,
        "width": 720,
        "url": "https://media.sketchfab.com/models/a8c1044391cb46e593d5625e6c5d45a5/thumbnails/47526ca732144fd6b9561d55b7addb86/dc6fb4bb32d64b17874a7ac679269b74.jpeg",
        "height": 405
      },
      {
        "uid": "48eea4e395364c05a5d7157d14722d04",
        "size": 2305,
        "width": 256,
        "url": "https://media.sketchfab.com/models/a8c1044391cb46e593d5625e6c5d45a5/thumbnails/47526ca732144fd6b9561d55b7addb86/a22ac381b2944d5d85f2ce90d224a61a.jpeg",
        "height": 144
      },
      {
        "uid": "02a664feb44f410c82618e933626239b",
        "size": 577,
        "width": 64,
        "url": "https://media.sketchfab.com/models/a8c1044391cb46e593d5625e6c5d45a5/thumbnails/47526ca732144fd6b9561d55b7addb86/111589869b63406f8f49adef37caee14.jpeg",
        "height": 36
      }
    ]
  },
  "user": {
    "uid": "d34be2e9f75141e18f2d085e108613de",
    "username": "yarslan89",
    "displayName": "yarslan89",
    "profileUrl": "https://sketchfab.com/yarslan89",
    "account": "basic",
    "avatar": {
      "uri": "https://api.sketchfab.com/v3/avatars/3ef1bd11d3eb4b57a0b353e8f2e5fc3e",
      "images": [
        {
          "size": 680,
          "width": 32,
          "url": "https://media.sketchfab.com/avatars/3ef1bd11d3eb4b57a0b353e8f2e5fc3e/116042a0854e40538adab302b593683d.jpeg",
          "height": 32
        },
        {
          "size": 1253,
          "width": 48,
          "url": "https://media.sketchfab.com/avatars/3ef1bd11d3eb4b57a0b353e8f2e5fc3e/efea16be51d04eb7a00cb9ea0b43b87f.jpeg",
          "height": 48
        },
        {
          "size": 2797,
          "width": 90,
          "url": "https://media.sketchfab.com/avatars/3ef1bd11d3eb4b57a0b353e8f2e5fc3e/ac9b469ccec74caf923a81fb2f0be3ed.jpeg",
          "height": 90
        },
        {
          "size": 3215,
          "width": 100,
          "url": "https://media.sketchfab.com/avatars/3ef1bd11d3eb4b57a0b353e8f2e5fc3e/a075e1d43d2f446c949b5967b470c757.jpeg",
          "height": 100
        }
      ]
    },
    "uri": "https://api.sketchfab.com/v3/users/d34be2e9f75141e18f2d085e108613de"
  },
  "description": "",
  "faceCount": 3784,
  "createdAt": "2019-03-04T09:34:43.585547",
  "vertexCount": 1908,
  "isAgeRestricted": false,
  "archives": {
    "glb": {
      "textureCount": 0,
      "size": 123524,
      "type": "glb",
      "textureMaxResolution": 0,
      "faceCount": 3784,
      "vertexCount": 2386
    },
    "gltf": {
      "textureCount": 0,
      "size": 44856,
      "type": "gltf",
      "textureMaxResolution": 0,
      "faceCount": 3784,
      "vertexCount": 2386
    },
    "source": {
      "textureCount": null,
      "size": 209182,
      "type": "source",
      "textureMaxResolution": null,
      "faceCount": null,
      "vertexCount": null
    },
    "usdz": {
      "textureCount": null,
      "size": 64092,
      "type": "usdz",
      "textureMaxResolution": null,
      "faceCount": null,
      "vertexCount": null
    }
  },
  "license": "by"
}