{
  "uri": "https://api.sketchfab.com/v3/models/a8c60f0590b94d92826906d04ba5f54b",
  "uid": "a8c60f0590b94d92826906d04ba5f54b",
  "name": "Vivi",
  "staffpickedAt": null,
  "viewCount": 36,
  "likeCount": 2,
  "animationCount": 0,
  "viewerUrl": "https://sketchfab.com/3d-models/a8c60f0590b94d92826906d04ba5f54b",
  "embedUrl": "https://sketchfab.com/models/a8c60f0590b94d92826906d04ba5f54b/embed",
  "commentCount": 0,
  "isDownloadable": true,
  "publishedAt": "2018-07-12T03:00:37.665584",
  "tags": [
    {
      "name": "comic",
      "slug": "comic",
      "uri": "https://api.sketchfab.com/v3/tags/comic"
    },
    {
      "name": "anime",
      "slug": "anime",
      "uri": "https://api.sketchfab.com/v3/tags/anime"
    }
  ],
  "categories": [
    {
      "name": "characters-creatures"
    },
    {
      "name": "people"
    }
  ],
  "thumbnails": {
    "images": [
      {
        "uid": "2a2fec170cb548989b6e1d12ffc58d19",
        "size": 818,
        "width": 64,
        "url": "https://media.sketchfab.com/models/a8c60f0590b94d92826906d04ba5f54b/thumbnails/1db28a0b2eba4c0bbe3874f70541cd86/8cd2b62cc2154266bb9444e2b322ecc8.jpeg",
        "height": 36
      },
      {
        "uid": "4e895a9722ba4d8ca70913dbaec36859",
        "size": 3977,
        "width": 256,
        "url": "https://media.sketchfab.com/models/a8c60f0590b94d92826906d04ba5f54b/thumbnails/1db28a0b2eba4c0bbe3874f70541cd86/ceca314f6f5247ef8b61922ee055c7ae.jpeg",
        "height": 144
      },
      {
        "uid": "5faa85330dc0422e946751d60b1cca66",
        "size": 15999,
        "width": 720,
        "url": "https://media.sketchfab.com/models/a8c60f0590b94d92826906d04ba5f54b/thumbnails/1db28a0b2eba4c0bbe3874f70541cd86/bbc8106bcd974e2f8b23e18036f901eb.jpeg",
        "height": 405
      },
      {
        "uid": "db28b6eac1694a4492c230368ad25ddf",
        "size": 209333,
        "width": 1920,
        "url": "https://media.sketchfab.com/models/a8c60f0590b94d92826906d04ba5f54b/thumbnails/1db28a0b2eba4c0bbe3874f70541cd86/018bcbb8c5b740fba9e9b3effa9b3bf8.jpeg",
        "height": 1080
      },
      {
        "uid": "f73e3a95ec644fcebb7cfa7a5a7cda06",
        "size": 26312,
        "width": 1024,
        "url": "https://media.sketchfab.com/models/a8c60f0590b94d92826906d04ba5f54b/thumbnails/1db28a0b2eba4c0bbe3874f70541cd86/74de40107c1241dfaae0dd2ea166cc8c.jpeg",
        "height": 576
      }
    ]
  },
  "user": {
    "uid": "d8acd1be38a348c49f0db3904076d051",
    "username": "Kittyfries",
    "displayName": "Kittyfries",
    "profileUrl": "https://sketchfab.com/Kittyfries",
    "account": "basic",
    "avatar": {
      "uri": "https://api.sketchfab.com/v3/avatars/1409f10214e243739474118afc86c6e8",
      "images": [
        {
          "size": 2389,
          "width": 32,
          "url": "https://media.sketchfab.com/avatars/1409f10214e243739474118afc86c6e8/604ec6cf17734f24bb47557ca1161933.png",
          "height": 32
        },
        {
          "size": 4666,
          "width": 48,
          "url": "https://media.sketchfab.com/avatars/1409f10214e243739474118afc86c6e8/f5cb192561904e49953a9e6f95c9dac6.png",
          "height": 48
        },
        {
          "size": 12495,
          "width": 90,
          "url": "https://media.sketchfab.com/avatars/1409f10214e243739474118afc86c6e8/4f0fa770c7cb43eba5eab955174a9a68.png",
          "height": 90
        },
        {
          "size": 14572,
          "width": 100,
          "url": "https://media.sketchfab.com/avatars/1409f10214e243739474118afc86c6e8/8afd766e9f604fb6b2cd252633ddb5d4.png",
          "height": 100
        }
      ]
    },
    "uri": "https://api.sketchfab.com/v3/users/d8acd1be38a348c49f0db3904076d051"
  },
  "description": "",
  "faceCount": 799946,
  "createdAt": "2018-07-12T02:44:15.591811",
  "vertexCount": 401679,
  "isAgeRestricted": false,
  "archives": {
    "glb": {
      "textureCount": 0,
      "size": 26791356,
      "type": "glb",
      "textureMaxResolution": 0,
      "faceCount": 799946,
      "vertexCount": 429419
    },
    "gltf": {
      "textureCount": 0,
      "size": 11647752,
      "type": "gltf",
      "textureMaxResolution": 0,
      "faceCount": 799946,
      "vertexCount": 429419
    },
    "source": {
      "textureCount": null,
      "size": 29226725,
      "type": "source",
      "textureMaxResolution": null,
      "faceCount": null,
      "vertexCount": null
    },
    "usdz": {
      "textureCount": null,
      "size": 12145244,
      "type": "usdz",
      "textureMaxResolution": null,
      "faceCount": null,
      "vertexCount": null
    }
  },
  "license": "by"
}