{
  "uri": "https://api.sketchfab.com/v3/models/a8c75ce1d4704e55bfecd1e81c60a373",
  "uid": "a8c75ce1d4704e55bfecd1e81c60a373",
  "name": "jeep",
  "staffpickedAt": null,
  "viewCount": 223,
  "likeCount": 10,
  "animationCount": 1,
  "viewerUrl": "https://sketchfab.com/3d-models/a8c75ce1d4704e55bfecd1e81c60a373",
  "embedUrl": "https://sketchfab.com/models/a8c75ce1d4704e55bfecd1e81c60a373/embed",
  "commentCount": 0,
  "isDownloadable": true,
  "publishedAt": "2022-07-07T07:25:02.566297",
  "tags": [
    {
      "name": "jeep",
      "slug": "jeep",
      "uri": "https://api.sketchfab.com/v3/tags/jeep"
    },
    {
      "name": "old",
      "slug": "old",
      "uri": "https://api.sketchfab.com/v3/tags/old"
    },
    {
      "name": "substance-painter",
      "slug": "substance-painter",
      "uri": "https://api.sketchfab.com/v3/tags/substance-painter"
    },
    {
      "name": "zbrush",
      "slug": "zbrush",
      "uri": "https://api.sketchfab.com/v3/tags/zbrush"
    },
    {
      "name": "modelling",
      "slug": "modelling",
      "uri": "https://api.sketchfab.com/v3/tags/modelling"
    },
    {
      "name": "jeep3d",
      "slug": "jeep3d",
      "uri": "https://api.sketchfab.com/v3/tags/jeep3d"
    },
    {
      "name": "maya2020",
      "slug": "maya2020",
      "uri": "https://api.sketchfab.com/v3/tags/maya2020"
    }
  ],
  "categories": [],
  "thumbnails": {
    "images": [
      {
        "uid": "60ab67f5f1a940a1ae98fff089c03b3b",
        "size": 176637,
        "width": 1920,
        "url": "https://media.sketchfab.com/models/a8c75ce1d4704e55bfecd1e81c60a373/thumbnails/8083ef00d7fb4eb3b8bc9d2306168c13/f66ee2ed996742b2980ab8cd86750225.jpeg",
        "height": 1080
      },
      {
        "uid": "1913f5193dce4d16be281bb9c225609d",
        "size": 49812,
        "width": 1024,
        "url": "https://media.sketchfab.com/models/a8c75ce1d4704e55bfecd1e81c60a373/thumbnails/8083ef00d7fb4eb3b8bc9d2306168c13/f01d11718f6a4aff9230aaa3269bd672.jpeg",
        "height": 576
      },
      {
        "uid": "f827dce1348b420fb741a19d0ec3ad2d",
        "size": 26430,
        "width": 720,
        "url": "https://media.sketchfab.com/models/a8c75ce1d4704e55bfecd1e81c60a373/thumbnails/8083ef00d7fb4eb3b8bc9d2306168c13/2d8a437acf264e7cb149bf0555b5962b.jpeg",
        "height": 405
      },
      {
        "uid": "83c60152afa84c59883711a262a8d3f2",
        "size": 4669,
        "width": 256,
        "url": "https://media.sketchfab.com/models/a8c75ce1d4704e55bfecd1e81c60a373/thumbnails/8083ef00d7fb4eb3b8bc9d2306168c13/15daceccc17743e2bc92e34ad8a47007.jpeg",
        "height": 144
      },
      {
        "uid": "73b3c8198d2f4ac4ab046b800160c46a",
        "size": 1051,
        "width": 64,
        "url": "https://media.sketchfab.com/models/a8c75ce1d4704e55bfecd1e81c60a373/thumbnails/8083ef00d7fb4eb3b8bc9d2306168c13/0e132d5520134217976a248e83890e4c.jpeg",
        "height": 36
      }
    ]
  },
  "user": {
    "uid": "38d7760353534c558e696478f41a04d2",
    "username": "vasanthadepu",
    "displayName": "Vasanth adepu",
    "profileUrl": "https://sketchfab.com/vasanthadepu",
    "account": "basic",
    "avatar": {
      "uri": "https://api.sketchfab.com/v3/avatars/51af6a870cce449eb75b0345feebaebb",
      "images": [
        {
          "size": 5719,
          "width": 90,
          "url": "https://media.sketchfab.com/avatars/51af6a870cce449eb75b0345feebaebb/2ef0f894055b4bb69123b2a27fa2d379.jpeg",
          "height": 90
        },
        {
          "size": 6496,
          "width": 100,
          "url": "https://media.sketchfab.com/avatars/51af6a870cce449eb75b0345feebaebb/ab11eedf96374486acb544f71a23b165.jpeg",
          "height": 100
        },
        {
          "size": 1359,
          "width": 32,
          "url": "https://media.sketchfab.com/avatars/51af6a870cce449eb75b0345feebaebb/35f6f9b6c9a14a548ce472582d8a9bb5.jpeg",
          "height": 32
        },
        {
          "size": 2584,
          "width": 48,
          "url": "https://media.sketchfab.com/avatars/51af6a870cce449eb75b0345feebaebb/a8072a51447c4d41ab177b357111b420.jpeg",
          "height": 48
        }
      ]
    },
    "uri": "https://api.sketchfab.com/v3/users/38d7760353534c558e696478f41a04d2"
  },
  "description": "",
  "faceCount": 1548176,
  "createdAt": "2022-07-07T07:06:32.973658",
  "vertexCount": 777066,
  "isAgeRestricted": false,
  "archives": {
    "glb": {
      "textureCount": 15,
      "size": 98040368,
      "type": "glb",
      "textureMaxResolution": 2048,
      "faceCount": 1548176,
      "vertexCount": 812280
    },
    "gltf": {
      "textureCount": 15,
      "size": 74453288,
      "type": "gltf",
      "textureMaxResolution": 2048,
      "faceCount": 1548176,
      "vertexCount": 812280
    },
    "source": {
      "textureCount": null,
      "size": 79827610,
      "type": "source",
      "textureMaxResolution": null,
      "faceCount": null,
      "vertexCount": null
    },
    "usdz": {
      "textureCount": null,
      "size": 32820152,
      "type": "usdz",
      "textureMaxResolution": null,
      "faceCount": null,
      "vertexCount": null
    }
  },
  "license": "by"
}