{
  "uri": "https://api.sketchfab.com/v3/models/a8d68e390f4042d7bcc5956d24d4b250",
  "uid": "a8d68e390f4042d7bcc5956d24d4b250",
  "name": "TY-22",
  "staffpickedAt": null,
  "viewCount": 118,
  "likeCount": 8,
  "animationCount": 0,
  "viewerUrl": "https://sketchfab.com/3d-models/a8d68e390f4042d7bcc5956d24d4b250",
  "embedUrl": "https://sketchfab.com/models/a8d68e390f4042d7bcc5956d24d4b250/embed",
  "commentCount": 0,
  "isDownloadable": true,
  "publishedAt": "2022-07-31T11:19:49.423551",
  "tags": [
    {
      "name": "russian-army",
      "slug": "russian-army",
      "uri": "https://api.sketchfab.com/v3/tags/russian-army"
    },
    {
      "name": "soviet-weapon",
      "slug": "soviet-weapon",
      "uri": "https://api.sketchfab.com/v3/tags/soviet-weapon"
    },
    {
      "name": "military",
      "slug": "military",
      "uri": "https://api.sketchfab.com/v3/tags/military"
    },
    {
      "name": "plane",
      "slug": "plane",
      "uri": "https://api.sketchfab.com/v3/tags/plane"
    },
    {
      "name": "ant-44",
      "slug": "ant-44",
      "uri": "https://api.sketchfab.com/v3/tags/ant-44"
    }
  ],
  "categories": [
    {
      "name": "cultural-heritage-history"
    },
    {
      "name": "weapons-military"
    }
  ],
  "thumbnails": {
    "images": [
      {
        "uid": "806eb9f820fb421eb665a121dd6a39d0",
        "size": 190248,
        "width": 1920,
        "url": "https://media.sketchfab.com/models/a8d68e390f4042d7bcc5956d24d4b250/thumbnails/6316f11e36b8410d986cf9dc00729bd8/7e515ddd833e456fa0aa3fd0d54da474.jpeg",
        "height": 1080
      },
      {
        "uid": "baf81cc084c6479699ad2b826424db82",
        "size": 29475,
        "width": 1024,
        "url": "https://media.sketchfab.com/models/a8d68e390f4042d7bcc5956d24d4b250/thumbnails/6316f11e36b8410d986cf9dc00729bd8/941381ec597544baad10fd567d1597e4.jpeg",
        "height": 576
      },
      {
        "uid": "daedd99337214e6f86ff19c55684b615",
        "size": 17163,
        "width": 720,
        "url": "https://media.sketchfab.com/models/a8d68e390f4042d7bcc5956d24d4b250/thumbnails/6316f11e36b8410d986cf9dc00729bd8/272b41140fd24e32be82c065093922c2.jpeg",
        "height": 405
      },
      {
        "uid": "0b27951f5f8f4d22aa40b8a16a81065a",
        "size": 3815,
        "width": 256,
        "url": "https://media.sketchfab.com/models/a8d68e390f4042d7bcc5956d24d4b250/thumbnails/6316f11e36b8410d986cf9dc00729bd8/aea97d7999ed4afbaf87cae5ca058e4f.jpeg",
        "height": 144
      },
      {
        "uid": "36dfbb7e9123492ba45cea8844fb9ca2",
        "size": 1068,
        "width": 64,
        "url": "https://media.sketchfab.com/models/a8d68e390f4042d7bcc5956d24d4b250/thumbnails/6316f11e36b8410d986cf9dc00729bd8/415ebb6b12bd44a4b77676919975db8a.jpeg",
        "height": 36
      }
    ]
  },
  "user": {
    "uid": "c3ce7705001a440daa323e2f874e9ec6",
    "username": "Petrosei",
    "displayName": "Petrosei",
    "profileUrl": "https://sketchfab.com/Petrosei",
    "account": "basic",
    "avatar": {
      "uri": "https://api.sketchfab.com/v3/avatars/78fa317e46024a5283765aa34df5e508",
      "images": [
        {
          "size": 6421,
          "width": 100,
          "url": "https://media.sketchfab.com/avatars/78fa317e46024a5283765aa34df5e508/aec92fe9a74e499c98d759362cd7f02f.jpeg",
          "height": 100
        },
        {
          "size": 2518,
          "width": 48,
          "url": "https://media.sketchfab.com/avatars/78fa317e46024a5283765aa34df5e508/17fa177ffaa344a2b2fc8e78efd40fbb.jpeg",
          "height": 48
        },
        {
          "size": 5653,
          "width": 90,
          "url": "https://media.sketchfab.com/avatars/78fa317e46024a5283765aa34df5e508/02162695bdc840faa3bcb2d418309c5e.jpeg",
          "height": 90
        },
        {
          "size": 1350,
          "width": 32,
          "url": "https://media.sketchfab.com/avatars/78fa317e46024a5283765aa34df5e508/6fde876cbded4cd48d36a76029e3aa02.jpeg",
          "height": 32
        }
      ]
    },
    "uri": "https://api.sketchfab.com/v3/users/c3ce7705001a440daa323e2f874e9ec6"
  },
  "description": "Model of Russian-military plane TY-22",
  "faceCount": 18156,
  "createdAt": "2022-07-31T11:17:23.940590",
  "vertexCount": 9310,
  "isAgeRestricted": false,
  "archives": {
    "glb": {
      "textureCount": 3,
      "size": 4790744,
      "type": "glb",
      "textureMaxResolution": 2048,
      "faceCount": 18156,
      "vertexCount": 12279
    },
    "gltf": {
      "textureCount": 3,
      "size": 4371479,
      "type": "gltf",
      "textureMaxResolution": 2048,
      "faceCount": 18156,
      "vertexCount": 12279
    },
    "source": {
      "textureCount": null,
      "size": 12953429,
      "type": "source",
      "textureMaxResolution": null,
      "faceCount": null,
      "vertexCount": null
    },
    "usdz": {
      "textureCount": null,
      "size": 1585298,
      "type": "usdz",
      "textureMaxResolution": null,
      "faceCount": null,
      "vertexCount": null
    }
  },
  "license": "by"
}