{
  "uri": "https://api.sketchfab.com/v3/models/a8d6e5a695f34f15933174d4fa9d9deb",
  "uid": "a8d6e5a695f34f15933174d4fa9d9deb",
  "name": "Axe",
  "staffpickedAt": null,
  "viewCount": 2,
  "likeCount": 0,
  "animationCount": 0,
  "viewerUrl": "https://sketchfab.com/3d-models/a8d6e5a695f34f15933174d4fa9d9deb",
  "embedUrl": "https://sketchfab.com/models/a8d6e5a695f34f15933174d4fa9d9deb/embed",
  "commentCount": 0,
  "isDownloadable": true,
  "publishedAt": "2021-06-26T15:21:46.716541",
  "tags": [
    {
      "name": "hard",
      "slug": "hard",
      "uri": "https://api.sketchfab.com/v3/tags/hard"
    },
    {
      "name": "wepon",
      "slug": "wepon",
      "uri": "https://api.sketchfab.com/v3/tags/wepon"
    },
    {
      "name": "probs",
      "slug": "probs",
      "uri": "https://api.sketchfab.com/v3/tags/probs"
    },
    {
      "name": "axe",
      "slug": "axe",
      "uri": "https://api.sketchfab.com/v3/tags/axe"
    }
  ],
  "categories": [
    {
      "name": "cultural-heritage-history"
    },
    {
      "name": "weapons-military"
    }
  ],
  "thumbnails": {
    "images": [
      {
        "uid": "83967fd99cd049e5af84d8c2d5770845",
        "size": 304646,
        "width": 1920,
        "url": "https://media.sketchfab.com/models/a8d6e5a695f34f15933174d4fa9d9deb/thumbnails/5df53cfb53654a3ca4a2447635c28274/fb5c5b46d4944e4daca65ffce7373240.jpeg",
        "height": 1080
      },
      {
        "uid": "ebd3466830de46d680871a7451682db4",
        "size": 24235,
        "width": 1024,
        "url": "https://media.sketchfab.com/models/a8d6e5a695f34f15933174d4fa9d9deb/thumbnails/5df53cfb53654a3ca4a2447635c28274/5e105982ee404129a5dfcb8ffdb8e624.jpeg",
        "height": 576
      },
      {
        "uid": "362323569c334eefabd4b7f03eae10a4",
        "size": 13081,
        "width": 720,
        "url": "https://media.sketchfab.com/models/a8d6e5a695f34f15933174d4fa9d9deb/thumbnails/5df53cfb53654a3ca4a2447635c28274/f59ce14e5ab947b1ac85c975d0d5c7cb.jpeg",
        "height": 405
      },
      {
        "uid": "62ad9b3b1eaf4837bf1fe6f63f99481a",
        "size": 3097,
        "width": 256,
        "url": "https://media.sketchfab.com/models/a8d6e5a695f34f15933174d4fa9d9deb/thumbnails/5df53cfb53654a3ca4a2447635c28274/a69b1a0dffec49dabfbcfffb608fef29.jpeg",
        "height": 144
      },
      {
        "uid": "55531e70c9db4fc48132659a0084f23e",
        "size": 983,
        "width": 64,
        "url": "https://media.sketchfab.com/models/a8d6e5a695f34f15933174d4fa9d9deb/thumbnails/5df53cfb53654a3ca4a2447635c28274/2ae1e86392654c69910f98c65088b99f.jpeg",
        "height": 36
      }
    ]
  },
  "user": {
    "uid": "016a70157d9f4b2093483f86b989e3be",
    "username": "LordBear",
    "displayName": "LordBear",
    "profileUrl": "https://sketchfab.com/LordBear",
    "account": "basic",
    "avatar": {
      "uri": "https://api.sketchfab.com/v3/avatars/b5d76a2409bd4c04932c5bc0562dc937",
      "images": [
        {
          "size": 710,
          "width": 32,
          "url": "https://media.sketchfab.com/avatars/b5d76a2409bd4c04932c5bc0562dc937/0ec7832936214edeb389c49752b44bf1.jpeg",
          "height": 32
        },
        {
          "size": 1134,
          "width": 48,
          "url": "https://media.sketchfab.com/avatars/b5d76a2409bd4c04932c5bc0562dc937/4f47893d74c8484192f6c5ba20bd5a76.jpeg",
          "height": 48
        },
        {
          "size": 2652,
          "width": 90,
          "url": "https://media.sketchfab.com/avatars/b5d76a2409bd4c04932c5bc0562dc937/81840ce56f2c4804abf780cfce8dcca0.jpeg",
          "height": 90
        },
        {
          "size": 3062,
          "width": 100,
          "url": "https://media.sketchfab.com/avatars/b5d76a2409bd4c04932c5bc0562dc937/aa86c878fa234150bb25a2580fce86ed.jpeg",
          "height": 100
        }
      ]
    },
    "uri": "https://api.sketchfab.com/v3/users/016a70157d9f4b2093483f86b989e3be"
  },
  "description": "Axe",
  "faceCount": 355872,
  "createdAt": "2021-06-26T15:20:05.998546",
  "vertexCount": 177598,
  "isAgeRestricted": false,
  "archives": {
    "glb": {
      "textureCount": 0,
      "size": 10523796,
      "type": "glb",
      "textureMaxResolution": 0,
      "faceCount": 355872,
      "vertexCount": 195296
    },
    "gltf": {
      "textureCount": 0,
      "size": 5372174,
      "type": "gltf",
      "textureMaxResolution": 0,
      "faceCount": 355872,
      "vertexCount": 195296
    },
    "source": {
      "textureCount": null,
      "size": 7433092,
      "type": "source",
      "textureMaxResolution": null,
      "faceCount": null,
      "vertexCount": null
    },
    "usdz": {
      "textureCount": null,
      "size": 5231044,
      "type": "usdz",
      "textureMaxResolution": null,
      "faceCount": null,
      "vertexCount": null
    }
  },
  "license": "by"
}