{
  "uri": "https://api.sketchfab.com/v3/models/a8e0d0090fcf4842b26012d9f30c3603",
  "uid": "a8e0d0090fcf4842b26012d9f30c3603",
  "name": "Box",
  "staffpickedAt": null,
  "viewCount": 0,
  "likeCount": 0,
  "animationCount": 0,
  "viewerUrl": "https://sketchfab.com/3d-models/a8e0d0090fcf4842b26012d9f30c3603",
  "embedUrl": "https://sketchfab.com/models/a8e0d0090fcf4842b26012d9f30c3603/embed",
  "commentCount": 0,
  "isDownloadable": true,
  "publishedAt": "2022-02-23T13:04:14.771685",
  "tags": [
    {
      "name": "scaniverse",
      "slug": "scaniverse",
      "uri": "https://api.sketchfab.com/v3/tags/scaniverse"
    }
  ],
  "categories": [],
  "thumbnails": {
    "images": [
      {
        "uid": "5f4001db0c694a089b3a85915365a847",
        "size": 88917,
        "width": 1920,
        "url": "https://media.sketchfab.com/models/a8e0d0090fcf4842b26012d9f30c3603/thumbnails/337032ad7be74d78840751cf4edc5ad2/7ca8b4259bbc4d3aa41ef58dea38965f.jpeg",
        "height": 1080
      },
      {
        "uid": "73413afd3c1345fe9d749433ea9a99af",
        "size": 30470,
        "width": 1024,
        "url": "https://media.sketchfab.com/models/a8e0d0090fcf4842b26012d9f30c3603/thumbnails/337032ad7be74d78840751cf4edc5ad2/1fb1b2dadcba460dac31f04a502fd4fd.jpeg",
        "height": 576
      },
      {
        "uid": "28d18ff19d304caea17a482820f09a0f",
        "size": 18173,
        "width": 720,
        "url": "https://media.sketchfab.com/models/a8e0d0090fcf4842b26012d9f30c3603/thumbnails/337032ad7be74d78840751cf4edc5ad2/10b2fd942077490fb5702e2cc6452164.jpeg",
        "height": 405
      },
      {
        "uid": "9a00905c0e5e4bf6925e27318b748edc",
        "size": 4145,
        "width": 256,
        "url": "https://media.sketchfab.com/models/a8e0d0090fcf4842b26012d9f30c3603/thumbnails/337032ad7be74d78840751cf4edc5ad2/545d87c08e3b45a69c275518b37bfe72.jpeg",
        "height": 144
      },
      {
        "uid": "d8594f01b060489387d70b8eca7b0224",
        "size": 1085,
        "width": 64,
        "url": "https://media.sketchfab.com/models/a8e0d0090fcf4842b26012d9f30c3603/thumbnails/337032ad7be74d78840751cf4edc5ad2/793e3de9c457423dbf4691f6d5f400f8.jpeg",
        "height": 36
      }
    ]
  },
  "user": {
    "uid": "2c30f92f856440d6a6b0d4df139e1001",
    "username": "nomomo",
    "displayName": "No More Mondays",
    "profileUrl": "https://sketchfab.com/nomomo",
    "account": "pro",
    "avatar": {
      "uri": "https://api.sketchfab.com/v3/avatars/192223ae6d4b4637ad1b260c7e1c71ca",
      "images": [
        {
          "size": 1135,
          "width": 32,
          "url": "https://media.sketchfab.com/avatars/192223ae6d4b4637ad1b260c7e1c71ca/6fa5b391c0d6480dbfb9777040a4430b.jpeg",
          "height": 32
        },
        {
          "size": 1636,
          "width": 48,
          "url": "https://media.sketchfab.com/avatars/192223ae6d4b4637ad1b260c7e1c71ca/c1b1e2a424724e22a08411ee882efa0d.jpeg",
          "height": 48
        },
        {
          "size": 3670,
          "width": 90,
          "url": "https://media.sketchfab.com/avatars/192223ae6d4b4637ad1b260c7e1c71ca/36da118608844b039b712dd42586e778.jpeg",
          "height": 90
        },
        {
          "size": 4206,
          "width": 100,
          "url": "https://media.sketchfab.com/avatars/192223ae6d4b4637ad1b260c7e1c71ca/76574bac28b84091855db97819456b9c.jpeg",
          "height": 100
        }
      ]
    },
    "uri": "https://api.sketchfab.com/v3/users/2c30f92f856440d6a6b0d4df139e1001"
  },
  "description": "",
  "faceCount": 6941,
  "createdAt": "2022-02-23T13:03:58.768093",
  "vertexCount": 3619,
  "isAgeRestricted": false,
  "archives": {
    "glb": {
      "textureCount": 1,
      "size": 1842832,
      "type": "glb",
      "textureMaxResolution": 8192,
      "faceCount": 6932,
      "vertexCount": 4172
    },
    "gltf": {
      "textureCount": 1,
      "size": 1686512,
      "type": "gltf",
      "textureMaxResolution": 8192,
      "faceCount": 6932,
      "vertexCount": 4172
    },
    "source": {
      "textureCount": null,
      "size": 2346345,
      "type": "source",
      "textureMaxResolution": null,
      "faceCount": null,
      "vertexCount": null
    },
    "usdz": {
      "textureCount": null,
      "size": 1783643,
      "type": "usdz",
      "textureMaxResolution": null,
      "faceCount": null,
      "vertexCount": null
    }
  },
  "license": "by-nc-sa"
}