{
  "uri": "https://api.sketchfab.com/v3/models/a8e0bf927f6a408091a4e9fdffd49cbd",
  "uid": "a8e0bf927f6a408091a4e9fdffd49cbd",
  "name": "Tyler’s Beach House",
  "staffpickedAt": null,
  "viewCount": 4,
  "likeCount": 0,
  "animationCount": 0,
  "viewerUrl": "https://sketchfab.com/3d-models/a8e0bf927f6a408091a4e9fdffd49cbd",
  "embedUrl": "https://sketchfab.com/models/a8e0bf927f6a408091a4e9fdffd49cbd/embed",
  "commentCount": 0,
  "isDownloadable": true,
  "publishedAt": "2022-01-10T09:44:40.397591",
  "tags": [
    {
      "name": "3d",
      "slug": "3d",
      "uri": "https://api.sketchfab.com/v3/tags/3d"
    },
    {
      "name": "design",
      "slug": "design",
      "uri": "https://api.sketchfab.com/v3/tags/design"
    },
    {
      "name": "home",
      "slug": "home",
      "uri": "https://api.sketchfab.com/v3/tags/home"
    }
  ],
  "categories": [],
  "thumbnails": {
    "images": [
      {
        "uid": "2612a0ca827b40b297b402f7781f36a4",
        "size": 44316,
        "width": 1920,
        "url": "https://media.sketchfab.com/models/a8e0bf927f6a408091a4e9fdffd49cbd/thumbnails/8e579d30e66c43668660b3ad9b96bccd/2120ab70783546328d31f3748468c493.jpeg",
        "height": 1080
      },
      {
        "uid": "90fd471da0cf4804b3a4b4dee7a8c782",
        "size": 14928,
        "width": 1024,
        "url": "https://media.sketchfab.com/models/a8e0bf927f6a408091a4e9fdffd49cbd/thumbnails/8e579d30e66c43668660b3ad9b96bccd/a5e2f10a9f384283b901c339a70366b8.jpeg",
        "height": 576
      },
      {
        "uid": "dbcb3f97c755466b9b99a6ac519dd7f1",
        "size": 8727,
        "width": 720,
        "url": "https://media.sketchfab.com/models/a8e0bf927f6a408091a4e9fdffd49cbd/thumbnails/8e579d30e66c43668660b3ad9b96bccd/517d7dce7ea4492c99db815e4f2d44d7.jpeg",
        "height": 405
      },
      {
        "uid": "f1c5e17068d8482e82ba6cac26a997a9",
        "size": 2362,
        "width": 256,
        "url": "https://media.sketchfab.com/models/a8e0bf927f6a408091a4e9fdffd49cbd/thumbnails/8e579d30e66c43668660b3ad9b96bccd/2059ab3d0e8a4551a9075d945b0d8175.jpeg",
        "height": 144
      },
      {
        "uid": "96f06872625a4add91fcfac74d299803",
        "size": 881,
        "width": 64,
        "url": "https://media.sketchfab.com/models/a8e0bf927f6a408091a4e9fdffd49cbd/thumbnails/8e579d30e66c43668660b3ad9b96bccd/d2634d927c574445b5d2ab048051b090.jpeg",
        "height": 36
      }
    ]
  },
  "user": {
    "uid": "690dba639c13453e8f162de87edff67f",
    "username": "homedesign3d",
    "displayName": "Home Design 3D",
    "profileUrl": "https://sketchfab.com/homedesign3d",
    "account": "prem",
    "avatar": {
      "uri": "https://api.sketchfab.com/v3/avatars/a071741bdf9940f4ae18e8040a61faa5",
      "images": [
        {
          "size": 4544,
          "width": 32,
          "url": "https://media.sketchfab.com/avatars/a071741bdf9940f4ae18e8040a61faa5/6f2293831ab94491bf20fa1c17751abd.png",
          "height": 32
        },
        {
          "size": 5982,
          "width": 48,
          "url": "https://media.sketchfab.com/avatars/a071741bdf9940f4ae18e8040a61faa5/32acfb38b1134650ab27e179a9843a0c.png",
          "height": 48
        },
        {
          "size": 10325,
          "width": 90,
          "url": "https://media.sketchfab.com/avatars/a071741bdf9940f4ae18e8040a61faa5/25d5af261a64421a9a264ea6096f3c4c.png",
          "height": 90
        },
        {
          "size": 11374,
          "width": 100,
          "url": "https://media.sketchfab.com/avatars/a071741bdf9940f4ae18e8040a61faa5/de3e5d11ac71483bbb8b70f962bd587f.png",
          "height": 100
        }
      ]
    },
    "uri": "https://api.sketchfab.com/v3/users/690dba639c13453e8f162de87edff67f"
  },
  "description": "Home Design 3D",
  "faceCount": 162,
  "createdAt": "2022-01-10T09:44:19.667852",
  "vertexCount": 98,
  "isAgeRestricted": false,
  "archives": {
    "glb": {
      "textureCount": 3,
      "size": 153700,
      "type": "glb",
      "textureMaxResolution": 256,
      "faceCount": 162,
      "vertexCount": 224
    },
    "gltf": {
      "textureCount": 3,
      "size": 143879,
      "type": "gltf",
      "textureMaxResolution": 256,
      "faceCount": 162,
      "vertexCount": 224
    },
    "source": {
      "textureCount": null,
      "size": 336943,
      "type": "source",
      "textureMaxResolution": null,
      "faceCount": null,
      "vertexCount": null
    },
    "usdz": {
      "textureCount": null,
      "size": 151957,
      "type": "usdz",
      "textureMaxResolution": null,
      "faceCount": null,
      "vertexCount": null
    }
  },
  "license": "by-nc-sa"
}