{
  "uri": "https://api.sketchfab.com/v3/models/a8e8368dabe04685824512d31283e7c6",
  "uid": "a8e8368dabe04685824512d31283e7c6",
  "name": "Hotel Barra Hang Wo Autocad 15 Feb 2022",
  "staffpickedAt": null,
  "viewCount": 31,
  "likeCount": 0,
  "animationCount": 0,
  "viewerUrl": "https://sketchfab.com/3d-models/a8e8368dabe04685824512d31283e7c6",
  "embedUrl": "https://sketchfab.com/models/a8e8368dabe04685824512d31283e7c6/embed",
  "commentCount": 0,
  "isDownloadable": true,
  "publishedAt": "2022-02-15T16:30:03.499045",
  "tags": [],
  "categories": [],
  "thumbnails": {
    "images": [
      {
        "uid": "4d98f931f4024201984ceaf1eaa7ecc4",
        "size": 259489,
        "width": 1920,
        "url": "https://media.sketchfab.com/models/a8e8368dabe04685824512d31283e7c6/thumbnails/f7e41e493c3644d888c682152cf11a0b/504ef2f589e447a49a79753914234a3e.jpeg",
        "height": 1080
      },
      {
        "uid": "835fd7ed98bb46f78d1b0946ae8e8cce",
        "size": 92812,
        "width": 1024,
        "url": "https://media.sketchfab.com/models/a8e8368dabe04685824512d31283e7c6/thumbnails/f7e41e493c3644d888c682152cf11a0b/6c0a9079af894a15ad254dbb9f8751ed.jpeg",
        "height": 576
      },
      {
        "uid": "af74edd2aa2b4206ac24d66692489f2d",
        "size": 56340,
        "width": 720,
        "url": "https://media.sketchfab.com/models/a8e8368dabe04685824512d31283e7c6/thumbnails/f7e41e493c3644d888c682152cf11a0b/d479710f1d804497a235d14e823e75c1.jpeg",
        "height": 405
      },
      {
        "uid": "4a5fe9f0dea64bcf8534ee4ebb9d8e7a",
        "size": 11700,
        "width": 256,
        "url": "https://media.sketchfab.com/models/a8e8368dabe04685824512d31283e7c6/thumbnails/f7e41e493c3644d888c682152cf11a0b/0a40811f2ddd4b38b61bdd24e7a52ff5.jpeg",
        "height": 144
      },
      {
        "uid": "52bbd4f18a4c45ffa29e778a4b6fd6b9",
        "size": 1717,
        "width": 64,
        "url": "https://media.sketchfab.com/models/a8e8368dabe04685824512d31283e7c6/thumbnails/f7e41e493c3644d888c682152cf11a0b/0be4268993914bbdacc3d34c9275f4bf.jpeg",
        "height": 36
      }
    ]
  },
  "user": {
    "uid": "67f41a4c86d84fea8b0b052d4cb23737",
    "username": "EGM_arq",
    "displayName": "EGM_arq",
    "profileUrl": "https://sketchfab.com/EGM_arq",
    "account": "basic",
    "avatar": {
      "uri": "https://api.sketchfab.com/v3/avatars/70bbf1e5324041fd8eb5961caa3cf8ae",
      "images": [
        {
          "size": 2005,
          "width": 32,
          "url": "https://media.sketchfab.com/avatars/70bbf1e5324041fd8eb5961caa3cf8ae/4f8d87a4900e44c186704e2eb24957cf.png",
          "height": 32
        },
        {
          "size": 1941,
          "width": 48,
          "url": "https://media.sketchfab.com/avatars/70bbf1e5324041fd8eb5961caa3cf8ae/157d4d9deceb485b98605b578ac4399a.png",
          "height": 48
        },
        {
          "size": 3538,
          "width": 90,
          "url": "https://media.sketchfab.com/avatars/70bbf1e5324041fd8eb5961caa3cf8ae/1348b870c47a4a3bbc81d231f5d7c3a0.png",
          "height": 90
        },
        {
          "size": 3981,
          "width": 100,
          "url": "https://media.sketchfab.com/avatars/70bbf1e5324041fd8eb5961caa3cf8ae/902a555570154a57996e1e2815ffbaf1.png",
          "height": 100
        }
      ]
    },
    "uri": "https://api.sketchfab.com/v3/users/67f41a4c86d84fea8b0b052d4cb23737"
  },
  "description": "",
  "faceCount": 570993,
  "createdAt": "2022-02-15T16:24:23.768528",
  "vertexCount": 293559,
  "isAgeRestricted": false,
  "archives": {
    "glb": {
      "textureCount": 0,
      "size": 67479156,
      "type": "glb",
      "textureMaxResolution": 0,
      "faceCount": 569571,
      "vertexCount": 505217
    },
    "gltf": {
      "textureCount": 0,
      "size": 9627454,
      "type": "gltf",
      "textureMaxResolution": 0,
      "faceCount": 569571,
      "vertexCount": 505217
    },
    "source": {
      "textureCount": null,
      "size": 80870282,
      "type": "source",
      "textureMaxResolution": null,
      "faceCount": null,
      "vertexCount": null
    },
    "usdz": {
      "textureCount": null,
      "size": 7637566,
      "type": "usdz",
      "textureMaxResolution": null,
      "faceCount": null,
      "vertexCount": null
    }
  },
  "license": "by"
}