{
  "uri": "https://api.sketchfab.com/v3/models/a8ea22a2d4504d76b326db1af2b535ff",
  "uid": "a8ea22a2d4504d76b326db1af2b535ff",
  "name": "International Space Station",
  "staffpickedAt": null,
  "viewCount": 174,
  "likeCount": 8,
  "animationCount": 0,
  "viewerUrl": "https://sketchfab.com/3d-models/a8ea22a2d4504d76b326db1af2b535ff",
  "embedUrl": "https://sketchfab.com/models/a8ea22a2d4504d76b326db1af2b535ff/embed",
  "commentCount": 2,
  "isDownloadable": true,
  "publishedAt": "2021-04-26T22:22:34.327975",
  "tags": [],
  "categories": [
    {
      "name": "science-technology"
    }
  ],
  "thumbnails": {
    "images": [
      {
        "uid": "920061957f1f4d1f8340ca2582b1268d",
        "size": 41094,
        "width": 1920,
        "url": "https://media.sketchfab.com/models/a8ea22a2d4504d76b326db1af2b535ff/thumbnails/c03a26a3b3df4814a7d061c9bc5afb3a/5b89367c737d49f49de09a6004ec6676.jpeg",
        "height": 1080
      },
      {
        "uid": "be25345fc8a645c79f149a8f2573062f",
        "size": 13706,
        "width": 1024,
        "url": "https://media.sketchfab.com/models/a8ea22a2d4504d76b326db1af2b535ff/thumbnails/c03a26a3b3df4814a7d061c9bc5afb3a/0fbf7ef9dade49ea9a67d1fe207fbd63.jpeg",
        "height": 576
      },
      {
        "uid": "30280b3809e4462da34d671408f34443",
        "size": 7483,
        "width": 720,
        "url": "https://media.sketchfab.com/models/a8ea22a2d4504d76b326db1af2b535ff/thumbnails/c03a26a3b3df4814a7d061c9bc5afb3a/06562851b7c542f59809e2776015c7b5.jpeg",
        "height": 405
      },
      {
        "uid": "1293d6e02ee046288e430970f25d4912",
        "size": 1854,
        "width": 256,
        "url": "https://media.sketchfab.com/models/a8ea22a2d4504d76b326db1af2b535ff/thumbnails/c03a26a3b3df4814a7d061c9bc5afb3a/073793b3161f4acfa7ae67571394b630.jpeg",
        "height": 144
      },
      {
        "uid": "d275f10d091e47549546a5f60454f132",
        "size": 528,
        "width": 64,
        "url": "https://media.sketchfab.com/models/a8ea22a2d4504d76b326db1af2b535ff/thumbnails/c03a26a3b3df4814a7d061c9bc5afb3a/a47fc0a3b4bc4935a94d05bbfec59ec0.jpeg",
        "height": 36
      }
    ]
  },
  "user": {
    "uid": "fea748a345454e40a5cde04bfe735321",
    "username": "calebcram",
    "displayName": "calebcram",
    "profileUrl": "https://sketchfab.com/calebcram",
    "account": "basic",
    "avatar": {
      "uri": "https://api.sketchfab.com/v3/avatars/65838d492af344f5853812910019a2fd",
      "images": [
        {
          "size": 789,
          "width": 32,
          "url": "https://media.sketchfab.com/avatars/65838d492af344f5853812910019a2fd/07f043e8e8ec4ec194d53135668b5209.jpeg",
          "height": 32
        },
        {
          "size": 1280,
          "width": 48,
          "url": "https://media.sketchfab.com/avatars/65838d492af344f5853812910019a2fd/db95fad8d8834b9ba4e882119af7ce2d.jpeg",
          "height": 48
        },
        {
          "size": 3252,
          "width": 90,
          "url": "https://media.sketchfab.com/avatars/65838d492af344f5853812910019a2fd/d393f178cd484ff080630bd3644eb5ac.jpeg",
          "height": 90
        },
        {
          "size": 3823,
          "width": 100,
          "url": "https://media.sketchfab.com/avatars/65838d492af344f5853812910019a2fd/78ff9db6b17145d4867a0f78b0d3c3c1.jpeg",
          "height": 100
        }
      ]
    },
    "uri": "https://api.sketchfab.com/v3/users/fea748a345454e40a5cde04bfe735321"
  },
  "description": "This is a low poly 3D model created in Maya and textured using Substance Painter. This was used in my personal VR game prototype (“Kwantumwereld”) built for my undergraduate degree in Gaming Interactive Media and Mobile Technology.",
  "faceCount": 4308,
  "createdAt": "2021-04-26T22:21:17.575644",
  "vertexCount": 2347,
  "isAgeRestricted": false,
  "archives": {
    "glb": {
      "textureCount": 1,
      "size": 3361124,
      "type": "glb",
      "textureMaxResolution": 2048,
      "faceCount": 4308,
      "vertexCount": 7307
    },
    "gltf": {
      "textureCount": 1,
      "size": 3126357,
      "type": "gltf",
      "textureMaxResolution": 2048,
      "faceCount": 4308,
      "vertexCount": 7307
    },
    "source": {
      "textureCount": null,
      "size": 6714515,
      "type": "source",
      "textureMaxResolution": null,
      "faceCount": null,
      "vertexCount": null
    },
    "usdz": {
      "textureCount": null,
      "size": 880302,
      "type": "usdz",
      "textureMaxResolution": null,
      "faceCount": null,
      "vertexCount": null
    }
  },
  "license": "by"
}