{
  "uri": "https://api.sketchfab.com/v3/models/a8ea5ca4d336482681ccec4547e28f09",
  "uid": "a8ea5ca4d336482681ccec4547e28f09",
  "name": "Palacio Subercaseaux ESTRUCTURA",
  "staffpickedAt": null,
  "viewCount": 5,
  "likeCount": 0,
  "animationCount": 0,
  "viewerUrl": "https://sketchfab.com/3d-models/a8ea5ca4d336482681ccec4547e28f09",
  "embedUrl": "https://sketchfab.com/models/a8ea5ca4d336482681ccec4547e28f09/embed",
  "commentCount": 0,
  "isDownloadable": true,
  "publishedAt": "2022-02-17T11:50:00.665575",
  "tags": [],
  "categories": [
    {
      "name": "architecture"
    }
  ],
  "thumbnails": {
    "images": [
      {
        "uid": "36725976ef754b738eb8534a55186c61",
        "size": 48033,
        "width": 1920,
        "url": "https://media.sketchfab.com/models/a8ea5ca4d336482681ccec4547e28f09/thumbnails/0b7f25d20e684b758c98435758567283/1f6522601d364ff8bcf78d9b755a64be.jpeg",
        "height": 1080
      },
      {
        "uid": "7bdfafda9bcb40ac8ffa86c4f7468907",
        "size": 15724,
        "width": 1024,
        "url": "https://media.sketchfab.com/models/a8ea5ca4d336482681ccec4547e28f09/thumbnails/0b7f25d20e684b758c98435758567283/0759624a7fe94a29be30acdb640f7d65.jpeg",
        "height": 576
      },
      {
        "uid": "e71f43bbd6a94a5fb462fea65086d279",
        "size": 9007,
        "width": 720,
        "url": "https://media.sketchfab.com/models/a8ea5ca4d336482681ccec4547e28f09/thumbnails/0b7f25d20e684b758c98435758567283/d456a5bf1b2940219c47182fa2e969e9.jpeg",
        "height": 405
      },
      {
        "uid": "8f34b93ce37f4556b268a4b1251a6336",
        "size": 2047,
        "width": 256,
        "url": "https://media.sketchfab.com/models/a8ea5ca4d336482681ccec4547e28f09/thumbnails/0b7f25d20e684b758c98435758567283/34e043f592684a708b28ae3083c17116.jpeg",
        "height": 144
      },
      {
        "uid": "f926eceebb66426cbefde7fb19415b67",
        "size": 753,
        "width": 64,
        "url": "https://media.sketchfab.com/models/a8ea5ca4d336482681ccec4547e28f09/thumbnails/0b7f25d20e684b758c98435758567283/61bc59324049441884b407a8d901af34.jpeg",
        "height": 36
      }
    ]
  },
  "user": {
    "uid": "805696e0283a4b9bb27dabd4cf5175f8",
    "username": "urtubia65",
    "displayName": "urtubia65",
    "profileUrl": "https://sketchfab.com/urtubia65",
    "account": "basic",
    "avatar": {
      "uri": "https://api.sketchfab.com/v3/avatars/51af6a870cce449eb75b0345feebaebb",
      "images": [
        {
          "size": 5719,
          "width": 90,
          "url": "https://media.sketchfab.com/avatars/51af6a870cce449eb75b0345feebaebb/2ef0f894055b4bb69123b2a27fa2d379.jpeg",
          "height": 90
        },
        {
          "size": 6496,
          "width": 100,
          "url": "https://media.sketchfab.com/avatars/51af6a870cce449eb75b0345feebaebb/ab11eedf96374486acb544f71a23b165.jpeg",
          "height": 100
        },
        {
          "size": 1359,
          "width": 32,
          "url": "https://media.sketchfab.com/avatars/51af6a870cce449eb75b0345feebaebb/35f6f9b6c9a14a548ce472582d8a9bb5.jpeg",
          "height": 32
        },
        {
          "size": 2584,
          "width": 48,
          "url": "https://media.sketchfab.com/avatars/51af6a870cce449eb75b0345feebaebb/a8072a51447c4d41ab177b357111b420.jpeg",
          "height": 48
        }
      ]
    },
    "uri": "https://api.sketchfab.com/v3/users/805696e0283a4b9bb27dabd4cf5175f8"
  },
  "description": "asd",
  "faceCount": 3018104,
  "createdAt": "2022-02-17T11:47:01.696025",
  "vertexCount": 1547494,
  "isAgeRestricted": false,
  "archives": {
    "glb": {
      "textureCount": 0,
      "size": 99621084,
      "type": "glb",
      "textureMaxResolution": 0,
      "faceCount": 2998282,
      "vertexCount": 1984315
    },
    "gltf": {
      "textureCount": 0,
      "size": 36777203,
      "type": "gltf",
      "textureMaxResolution": 0,
      "faceCount": 2998282,
      "vertexCount": 1984315
    },
    "source": {
      "textureCount": null,
      "size": 82455048,
      "type": "source",
      "textureMaxResolution": null,
      "faceCount": null,
      "vertexCount": null
    },
    "usdz": {
      "textureCount": null,
      "size": 53805420,
      "type": "usdz",
      "textureMaxResolution": null,
      "faceCount": null,
      "vertexCount": null
    }
  },
  "license": "by"
}