{
  "uri": "https://api.sketchfab.com/v3/models/a8eb48d2b6544737aa2b022c23c79094",
  "uid": "a8eb48d2b6544737aa2b022c23c79094",
  "name": "210054",
  "staffpickedAt": null,
  "viewCount": 19,
  "likeCount": 0,
  "animationCount": 0,
  "viewerUrl": "https://sketchfab.com/3d-models/a8eb48d2b6544737aa2b022c23c79094",
  "embedUrl": "https://sketchfab.com/models/a8eb48d2b6544737aa2b022c23c79094/embed",
  "commentCount": 0,
  "isDownloadable": true,
  "publishedAt": "2021-02-13T21:22:51.046674",
  "tags": [
    {
      "name": "pamir",
      "slug": "pamir",
      "uri": "https://api.sketchfab.com/v3/tags/pamir"
    }
  ],
  "categories": [],
  "thumbnails": {
    "images": [
      {
        "uid": "357493a88b2e43408fe9a9682c3cfbf0",
        "size": 112737,
        "width": 1920,
        "url": "https://media.sketchfab.com/models/a8eb48d2b6544737aa2b022c23c79094/thumbnails/c11c11a94748481cbfbf7dc07efa28e4/7bba33c942d74e138f2dfb68d0950f89.jpeg",
        "height": 1080
      },
      {
        "uid": "481cbdcf8d634029a5e96cb5a284e53d",
        "size": 33492,
        "width": 1024,
        "url": "https://media.sketchfab.com/models/a8eb48d2b6544737aa2b022c23c79094/thumbnails/c11c11a94748481cbfbf7dc07efa28e4/621b5f9e57d642b69d50f9a8a573e33c.jpeg",
        "height": 576
      },
      {
        "uid": "0b7d5964f326497f8ca60f2e6046b362",
        "size": 17736,
        "width": 720,
        "url": "https://media.sketchfab.com/models/a8eb48d2b6544737aa2b022c23c79094/thumbnails/c11c11a94748481cbfbf7dc07efa28e4/54f8e18c66b441ce83cd996f2ee92c02.jpeg",
        "height": 405
      },
      {
        "uid": "a67c05fa0c014ff6ac9b00c7f5e4f070",
        "size": 2733,
        "width": 256,
        "url": "https://media.sketchfab.com/models/a8eb48d2b6544737aa2b022c23c79094/thumbnails/c11c11a94748481cbfbf7dc07efa28e4/fceaad4172054e899701742dbd5fe303.jpeg",
        "height": 144
      },
      {
        "uid": "9bbb1ac88b6140de8c9b81c56ada89d5",
        "size": 563,
        "width": 64,
        "url": "https://media.sketchfab.com/models/a8eb48d2b6544737aa2b022c23c79094/thumbnails/c11c11a94748481cbfbf7dc07efa28e4/347fad7a740048579e679cf17f2de5a2.jpeg",
        "height": 36
      }
    ]
  },
  "user": {
    "uid": "44e947b770064f33bc50b27efe378ee0",
    "username": "super.successful2011",
    "displayName": "super.successful2011",
    "profileUrl": "https://sketchfab.com/super.successful2011",
    "account": "basic",
    "avatar": {
      "uri": "https://api.sketchfab.com/v3/avatars/78fa317e46024a5283765aa34df5e508",
      "images": [
        {
          "size": 6421,
          "width": 100,
          "url": "https://media.sketchfab.com/avatars/78fa317e46024a5283765aa34df5e508/aec92fe9a74e499c98d759362cd7f02f.jpeg",
          "height": 100
        },
        {
          "size": 2518,
          "width": 48,
          "url": "https://media.sketchfab.com/avatars/78fa317e46024a5283765aa34df5e508/17fa177ffaa344a2b2fc8e78efd40fbb.jpeg",
          "height": 48
        },
        {
          "size": 5653,
          "width": 90,
          "url": "https://media.sketchfab.com/avatars/78fa317e46024a5283765aa34df5e508/02162695bdc840faa3bcb2d418309c5e.jpeg",
          "height": 90
        },
        {
          "size": 1350,
          "width": 32,
          "url": "https://media.sketchfab.com/avatars/78fa317e46024a5283765aa34df5e508/6fde876cbded4cd48d36a76029e3aa02.jpeg",
          "height": 32
        }
      ]
    },
    "uri": "https://api.sketchfab.com/v3/users/44e947b770064f33bc50b27efe378ee0"
  },
  "description": "Building exported from Pamir.",
  "faceCount": 7457,
  "createdAt": "2021-02-13T21:21:36.752965",
  "vertexCount": 6625,
  "isAgeRestricted": false,
  "archives": {
    "glb": {
      "textureCount": 7,
      "size": 888744,
      "type": "glb",
      "textureMaxResolution": 512,
      "faceCount": 7457,
      "vertexCount": 14593
    },
    "gltf": {
      "textureCount": 7,
      "size": 428863,
      "type": "gltf",
      "textureMaxResolution": 512,
      "faceCount": 7457,
      "vertexCount": 14593
    },
    "source": {
      "textureCount": null,
      "size": 897596,
      "type": "source",
      "textureMaxResolution": null,
      "faceCount": null,
      "vertexCount": null
    },
    "usdz": {
      "textureCount": null,
      "size": 804727,
      "type": "usdz",
      "textureMaxResolution": null,
      "faceCount": null,
      "vertexCount": null
    }
  },
  "license": "by"
}