{
  "uri": "https://api.sketchfab.com/v3/models/a8eb37959bc4498faaf2bbf9b24abd3f",
  "uid": "a8eb37959bc4498faaf2bbf9b24abd3f",
  "name": "Matreshka VPN",
  "staffpickedAt": null,
  "viewCount": 7,
  "likeCount": 0,
  "animationCount": 0,
  "viewerUrl": "https://sketchfab.com/3d-models/a8eb37959bc4498faaf2bbf9b24abd3f",
  "embedUrl": "https://sketchfab.com/models/a8eb37959bc4498faaf2bbf9b24abd3f/embed",
  "commentCount": 0,
  "isDownloadable": true,
  "publishedAt": "2022-09-07T00:23:30.499336",
  "tags": [
    {
      "name": "substancepainter",
      "slug": "substancepainter",
      "uri": "https://api.sketchfab.com/v3/tags/substancepainter"
    },
    {
      "name": "substance",
      "slug": "substance",
      "uri": "https://api.sketchfab.com/v3/tags/substance"
    }
  ],
  "categories": [],
  "thumbnails": {
    "images": [
      {
        "uid": "7ea96ce1625643d48ecb928aee43ea97",
        "size": 59749,
        "width": 1920,
        "url": "https://media.sketchfab.com/models/a8eb37959bc4498faaf2bbf9b24abd3f/thumbnails/a08172257dfe4ca1822909422292411c/9ade35d155ee44319f13399d71d7c674.jpeg",
        "height": 1080
      },
      {
        "uid": "5265e0a9a59c4abcb2cefd32f151d5f7",
        "size": 21297,
        "width": 1024,
        "url": "https://media.sketchfab.com/models/a8eb37959bc4498faaf2bbf9b24abd3f/thumbnails/a08172257dfe4ca1822909422292411c/9d412144b1ad4e0fae1838d18e1824c1.jpeg",
        "height": 576
      },
      {
        "uid": "6b951c0104f54818a331bfcb63e0202a",
        "size": 12809,
        "width": 720,
        "url": "https://media.sketchfab.com/models/a8eb37959bc4498faaf2bbf9b24abd3f/thumbnails/a08172257dfe4ca1822909422292411c/bb0ec18b34394d99b1da0b8c46950439.jpeg",
        "height": 405
      },
      {
        "uid": "4bdb2c9449d94e50884e71d58609dc96",
        "size": 3303,
        "width": 256,
        "url": "https://media.sketchfab.com/models/a8eb37959bc4498faaf2bbf9b24abd3f/thumbnails/a08172257dfe4ca1822909422292411c/123a737608bd4ea3b4ccf5c61acb5583.jpeg",
        "height": 144
      },
      {
        "uid": "64dbbaeab699403db12159efcf237539",
        "size": 1043,
        "width": 64,
        "url": "https://media.sketchfab.com/models/a8eb37959bc4498faaf2bbf9b24abd3f/thumbnails/a08172257dfe4ca1822909422292411c/009fcfce528544458ca0916c609d8bae.jpeg",
        "height": 36
      }
    ]
  },
  "user": {
    "uid": "29da843cdb03476088dd8b4ecd33f774",
    "username": "voronoff2803",
    "displayName": "voronoff2803",
    "profileUrl": "https://sketchfab.com/voronoff2803",
    "account": "pro",
    "avatar": {
      "uri": "https://api.sketchfab.com/v3/avatars/78fa317e46024a5283765aa34df5e508",
      "images": [
        {
          "size": 6421,
          "width": 100,
          "url": "https://media.sketchfab.com/avatars/78fa317e46024a5283765aa34df5e508/aec92fe9a74e499c98d759362cd7f02f.jpeg",
          "height": 100
        },
        {
          "size": 2518,
          "width": 48,
          "url": "https://media.sketchfab.com/avatars/78fa317e46024a5283765aa34df5e508/17fa177ffaa344a2b2fc8e78efd40fbb.jpeg",
          "height": 48
        },
        {
          "size": 5653,
          "width": 90,
          "url": "https://media.sketchfab.com/avatars/78fa317e46024a5283765aa34df5e508/02162695bdc840faa3bcb2d418309c5e.jpeg",
          "height": 90
        },
        {
          "size": 1350,
          "width": 32,
          "url": "https://media.sketchfab.com/avatars/78fa317e46024a5283765aa34df5e508/6fde876cbded4cd48d36a76029e3aa02.jpeg",
          "height": 32
        }
      ]
    },
    "uri": "https://api.sketchfab.com/v3/users/29da843cdb03476088dd8b4ecd33f774"
  },
  "description": "",
  "faceCount": 3262,
  "createdAt": "2022-09-07T00:23:03.522395",
  "vertexCount": 1633,
  "isAgeRestricted": false,
  "archives": {
    "glb": {
      "textureCount": 2,
      "size": 386540,
      "type": "glb",
      "textureMaxResolution": 1024,
      "faceCount": 3262,
      "vertexCount": 1857
    },
    "gltf": {
      "textureCount": 2,
      "size": 319621,
      "type": "gltf",
      "textureMaxResolution": 1024,
      "faceCount": 3262,
      "vertexCount": 1857
    },
    "source": {
      "textureCount": null,
      "size": 909130,
      "type": "source",
      "textureMaxResolution": null,
      "faceCount": null,
      "vertexCount": null
    },
    "usdz": {
      "textureCount": null,
      "size": 319761,
      "type": "usdz",
      "textureMaxResolution": null,
      "faceCount": null,
      "vertexCount": null
    }
  },
  "license": "by"
}