{
  "uri": "https://api.sketchfab.com/v3/models/a8ec3f208c8545a29f0651cd6d23eeff",
  "uid": "a8ec3f208c8545a29f0651cd6d23eeff",
  "name": "GUSANO",
  "staffpickedAt": null,
  "viewCount": 24,
  "likeCount": 0,
  "animationCount": 0,
  "viewerUrl": "https://sketchfab.com/3d-models/a8ec3f208c8545a29f0651cd6d23eeff",
  "embedUrl": "https://sketchfab.com/models/a8ec3f208c8545a29f0651cd6d23eeff/embed",
  "commentCount": 0,
  "isDownloadable": true,
  "publishedAt": "2021-05-05T20:35:26.577366",
  "tags": [],
  "categories": [
    {
      "name": "science-technology"
    }
  ],
  "thumbnails": {
    "images": [
      {
        "uid": "4aab2819af3546269e33f3664098b4e5",
        "size": 29367,
        "width": 1920,
        "url": "https://media.sketchfab.com/models/a8ec3f208c8545a29f0651cd6d23eeff/thumbnails/603597c80d0c44b1af507cb3c7729d6b/2fe695a6af4645a3b2b64d1952e5697c.jpeg",
        "height": 1080
      },
      {
        "uid": "bdc9be43277a4476b43539b41a6e3489",
        "size": 11054,
        "width": 1024,
        "url": "https://media.sketchfab.com/models/a8ec3f208c8545a29f0651cd6d23eeff/thumbnails/603597c80d0c44b1af507cb3c7729d6b/2bd4e6d2bb064d4ea660a91c4518e564.jpeg",
        "height": 576
      },
      {
        "uid": "a21b1f7373534ee186eb361ccce48853",
        "size": 6719,
        "width": 720,
        "url": "https://media.sketchfab.com/models/a8ec3f208c8545a29f0651cd6d23eeff/thumbnails/603597c80d0c44b1af507cb3c7729d6b/9f094f3897104f8ba8db1a3f2449b78b.jpeg",
        "height": 405
      },
      {
        "uid": "2253841111b148a8a3d5cada5fbeddd3",
        "size": 1775,
        "width": 256,
        "url": "https://media.sketchfab.com/models/a8ec3f208c8545a29f0651cd6d23eeff/thumbnails/603597c80d0c44b1af507cb3c7729d6b/2932479be9dd4c199d32bb26858f8461.jpeg",
        "height": 144
      },
      {
        "uid": "ca23a7e586c941fdbe06431d17c217c5",
        "size": 533,
        "width": 64,
        "url": "https://media.sketchfab.com/models/a8ec3f208c8545a29f0651cd6d23eeff/thumbnails/603597c80d0c44b1af507cb3c7729d6b/8bfa689bfbe845c3a817f521a0fdd7ad.jpeg",
        "height": 36
      }
    ]
  },
  "user": {
    "uid": "38f1da297769413eb5658ad5119e7798",
    "username": "EPSAMX",
    "displayName": "EPSAMX",
    "profileUrl": "https://sketchfab.com/EPSAMX",
    "account": "basic",
    "avatar": {
      "uri": "https://api.sketchfab.com/v3/avatars/51af6a870cce449eb75b0345feebaebb",
      "images": [
        {
          "size": 5719,
          "width": 90,
          "url": "https://media.sketchfab.com/avatars/51af6a870cce449eb75b0345feebaebb/2ef0f894055b4bb69123b2a27fa2d379.jpeg",
          "height": 90
        },
        {
          "size": 6496,
          "width": 100,
          "url": "https://media.sketchfab.com/avatars/51af6a870cce449eb75b0345feebaebb/ab11eedf96374486acb544f71a23b165.jpeg",
          "height": 100
        },
        {
          "size": 1359,
          "width": 32,
          "url": "https://media.sketchfab.com/avatars/51af6a870cce449eb75b0345feebaebb/35f6f9b6c9a14a548ce472582d8a9bb5.jpeg",
          "height": 32
        },
        {
          "size": 2584,
          "width": 48,
          "url": "https://media.sketchfab.com/avatars/51af6a870cce449eb75b0345feebaebb/a8072a51447c4d41ab177b357111b420.jpeg",
          "height": 48
        }
      ]
    },
    "uri": "https://api.sketchfab.com/v3/users/38f1da297769413eb5658ad5119e7798"
  },
  "description": "TRANSPORTADOR DE GUSANO FLEXIBLE",
  "faceCount": 66456,
  "createdAt": "2021-05-05T20:30:46.067908",
  "vertexCount": 33247,
  "isAgeRestricted": false,
  "archives": {
    "glb": {
      "textureCount": 0,
      "size": 2536184,
      "type": "glb",
      "textureMaxResolution": 0,
      "faceCount": 66406,
      "vertexCount": 54201
    },
    "gltf": {
      "textureCount": 0,
      "size": 934726,
      "type": "gltf",
      "textureMaxResolution": 0,
      "faceCount": 66406,
      "vertexCount": 54201
    },
    "source": {
      "textureCount": null,
      "size": 1833380,
      "type": "source",
      "textureMaxResolution": null,
      "faceCount": null,
      "vertexCount": null
    },
    "usdz": {
      "textureCount": null,
      "size": 1453393,
      "type": "usdz",
      "textureMaxResolution": null,
      "faceCount": null,
      "vertexCount": null
    }
  },
  "license": "by"
}