{
  "uri": "https://api.sketchfab.com/v3/models/a8efd688ec4b472f90558331d59c0573",
  "uid": "a8efd688ec4b472f90558331d59c0573",
  "name": "Scholar Rigged 3D Model",
  "staffpickedAt": null,
  "viewCount": 222,
  "likeCount": 14,
  "animationCount": 0,
  "viewerUrl": "https://sketchfab.com/3d-models/a8efd688ec4b472f90558331d59c0573",
  "embedUrl": "https://sketchfab.com/models/a8efd688ec4b472f90558331d59c0573/embed",
  "commentCount": 0,
  "isDownloadable": true,
  "publishedAt": "2022-05-01T12:31:36.633727",
  "tags": [
    {
      "name": "rpg",
      "slug": "rpg",
      "uri": "https://api.sketchfab.com/v3/tags/rpg"
    },
    {
      "name": "medieval",
      "slug": "medieval",
      "uri": "https://api.sketchfab.com/v3/tags/medieval"
    },
    {
      "name": "asian",
      "slug": "asian",
      "uri": "https://api.sketchfab.com/v3/tags/asian"
    },
    {
      "name": "gamedev",
      "slug": "gamedev",
      "uri": "https://api.sketchfab.com/v3/tags/gamedev"
    },
    {
      "name": "scholar",
      "slug": "scholar",
      "uri": "https://api.sketchfab.com/v3/tags/scholar"
    },
    {
      "name": "handpainted",
      "slug": "handpainted",
      "uri": "https://api.sketchfab.com/v3/tags/handpainted"
    },
    {
      "name": "cartoon",
      "slug": "cartoon",
      "uri": "https://api.sketchfab.com/v3/tags/cartoon"
    },
    {
      "name": "3d",
      "slug": "3d",
      "uri": "https://api.sketchfab.com/v3/tags/3d"
    },
    {
      "name": "art",
      "slug": "art",
      "uri": "https://api.sketchfab.com/v3/tags/art"
    },
    {
      "name": "blender3d",
      "slug": "blender3d",
      "uri": "https://api.sketchfab.com/v3/tags/blender3d"
    },
    {
      "name": "man",
      "slug": "man",
      "uri": "https://api.sketchfab.com/v3/tags/man"
    },
    {
      "name": "animation",
      "slug": "animation",
      "uri": "https://api.sketchfab.com/v3/tags/animation"
    },
    {
      "name": "stylized",
      "slug": "stylized",
      "uri": "https://api.sketchfab.com/v3/tags/stylized"
    },
    {
      "name": "characterdesign",
      "slug": "characterdesign",
      "uri": "https://api.sketchfab.com/v3/tags/characterdesign"
    },
    {
      "name": "fantasy",
      "slug": "fantasy",
      "uri": "https://api.sketchfab.com/v3/tags/fantasy"
    },
    {
      "name": "human",
      "slug": "human",
      "uri": "https://api.sketchfab.com/v3/tags/human"
    },
    {
      "name": "anime",
      "slug": "anime",
      "uri": "https://api.sketchfab.com/v3/tags/anime"
    }
  ],
  "categories": [
    {
      "name": "characters-creatures"
    },
    {
      "name": "people"
    }
  ],
  "thumbnails": {
    "images": [
      {
        "uid": "138e27f2fa134275b5a9125365fc4e4b",
        "size": 218188,
        "width": 1920,
        "url": "https://media.sketchfab.com/models/a8efd688ec4b472f90558331d59c0573/thumbnails/e92366c1df124853b6c2ab5dbdb01750/245da8cc5d2e4dd583ea6aa4ac30d707.jpeg",
        "height": 1080
      },
      {
        "uid": "7cefd2ceba4f4281bb08d1514e4a04a4",
        "size": 42856,
        "width": 1024,
        "url": "https://media.sketchfab.com/models/a8efd688ec4b472f90558331d59c0573/thumbnails/e92366c1df124853b6c2ab5dbdb01750/f2d9e9571f9247d6a23cac2cfc10e6d4.jpeg",
        "height": 576
      },
      {
        "uid": "3c27fc3476e44582b71d12bf8e1d92be",
        "size": 19522,
        "width": 720,
        "url": "https://media.sketchfab.com/models/a8efd688ec4b472f90558331d59c0573/thumbnails/e92366c1df124853b6c2ab5dbdb01750/985450d6176d4fc585dc35b6a3094b91.jpeg",
        "height": 405
      },
      {
        "uid": "df5ef4ce29cc45098f5b2d79ed27a7af",
        "size": 3445,
        "width": 256,
        "url": "https://media.sketchfab.com/models/a8efd688ec4b472f90558331d59c0573/thumbnails/e92366c1df124853b6c2ab5dbdb01750/30524ab213d145598a325a5617d888f7.jpeg",
        "height": 144
      },
      {
        "uid": "130dde654e8e4c41a9fbdaafab2dde62",
        "size": 995,
        "width": 64,
        "url": "https://media.sketchfab.com/models/a8efd688ec4b472f90558331d59c0573/thumbnails/e92366c1df124853b6c2ab5dbdb01750/f9d025ae1d8642f189ddeb7a3a0f3d34.jpeg",
        "height": 36
      }
    ]
  },
  "user": {
    "uid": "b8e73013d09e400e9edc72d1b185f33d",
    "username": "CG-Moon",
    "displayName": "CG-Moon",
    "profileUrl": "https://sketchfab.com/CG-Moon",
    "account": "basic",
    "avatar": {
      "uri": "https://api.sketchfab.com/v3/avatars/296a5a2b42984ed8b72bf4f3b182aaf0",
      "images": [
        {
          "size": 2147,
          "width": 32,
          "url": "https://media.sketchfab.com/avatars/296a5a2b42984ed8b72bf4f3b182aaf0/5ed3273d92ab48bbbed4a1ba5c231e69.png",
          "height": 32
        },
        {
          "size": 3809,
          "width": 48,
          "url": "https://media.sketchfab.com/avatars/296a5a2b42984ed8b72bf4f3b182aaf0/0e111c8ca77d45348b1862caa0754ff7.png",
          "height": 48
        },
        {
          "size": 8856,
          "width": 90,
          "url": "https://media.sketchfab.com/avatars/296a5a2b42984ed8b72bf4f3b182aaf0/a4ffc79aacde475e86aaf2c3af79a768.png",
          "height": 90
        },
        {
          "size": 10087,
          "width": 100,
          "url": "https://media.sketchfab.com/avatars/296a5a2b42984ed8b72bf4f3b182aaf0/89299831878b41f6b635307e426e01df.png",
          "height": 100
        }
      ]
    },
    "uri": "https://api.sketchfab.com/v3/users/b8e73013d09e400e9edc72d1b185f33d"
  },
  "description": "Download Scholar Rigged 3D Model. You can use this model in video games, cartoons, anime, and other CG arts. Rigged with popular Blender Auto Rig Pro addon and supports all animations from Mixamo,…\n\nThe Sketchfab version does not include rig, you can download the rigged version from the website:\nhttps://cg-moon.com/product/character-10/\n\nHope you like this model :)\n\nFor more characters please take a look at [our website](https://cg-moon.com/store/).",
  "faceCount": 1117,
  "createdAt": "2022-05-01T12:02:56.610225",
  "vertexCount": 583,
  "isAgeRestricted": false,
  "archives": {
    "glb": {
      "textureCount": 1,
      "size": 248904,
      "type": "glb",
      "textureMaxResolution": 512,
      "faceCount": 1117,
      "vertexCount": 787
    },
    "gltf": {
      "textureCount": 1,
      "size": 229933,
      "type": "gltf",
      "textureMaxResolution": 512,
      "faceCount": 1117,
      "vertexCount": 787
    },
    "source": {
      "textureCount": null,
      "size": 526466,
      "type": "source",
      "textureMaxResolution": null,
      "faceCount": null,
      "vertexCount": null
    },
    "usdz": {
      "textureCount": null,
      "size": 80329,
      "type": "usdz",
      "textureMaxResolution": null,
      "faceCount": null,
      "vertexCount": null
    }
  },
  "license": "by"
}