{
  "uri": "https://api.sketchfab.com/v3/models/a8f73fdc517148b2b59ee31fd019d53d",
  "uid": "a8f73fdc517148b2b59ee31fd019d53d",
  "name": "Jordan0302 Well02",
  "staffpickedAt": null,
  "viewCount": 2,
  "likeCount": 0,
  "animationCount": 0,
  "viewerUrl": "https://sketchfab.com/3d-models/a8f73fdc517148b2b59ee31fd019d53d",
  "embedUrl": "https://sketchfab.com/models/a8f73fdc517148b2b59ee31fd019d53d/embed",
  "commentCount": 0,
  "isDownloadable": true,
  "publishedAt": "2019-12-02T14:13:01.926313",
  "tags": [],
  "categories": [],
  "thumbnails": {
    "images": [
      {
        "uid": "de76049897044ab1ac49664b57cba406",
        "size": 28218,
        "width": 1920,
        "url": "https://media.sketchfab.com/models/a8f73fdc517148b2b59ee31fd019d53d/thumbnails/b3e9b74e56494891887881572eb0baf5/a2a32d1894e540299fdc124f1704cc72.jpeg",
        "height": 1080
      },
      {
        "uid": "c207fff771dc41308e1b22f77cc79ce4",
        "size": 11045,
        "width": 1024,
        "url": "https://media.sketchfab.com/models/a8f73fdc517148b2b59ee31fd019d53d/thumbnails/b3e9b74e56494891887881572eb0baf5/ddb1297139374cb1b83e1a9afd02ba97.jpeg",
        "height": 576
      },
      {
        "uid": "35199e3e4bcc4a7fa3e1c62248951938",
        "size": 6896,
        "width": 720,
        "url": "https://media.sketchfab.com/models/a8f73fdc517148b2b59ee31fd019d53d/thumbnails/b3e9b74e56494891887881572eb0baf5/72e8b76e035e43ef910eb3dc6d897c02.jpeg",
        "height": 405
      },
      {
        "uid": "1c5ed9cfa76f407f88e3bab78bf2bb7c",
        "size": 1851,
        "width": 256,
        "url": "https://media.sketchfab.com/models/a8f73fdc517148b2b59ee31fd019d53d/thumbnails/b3e9b74e56494891887881572eb0baf5/79248e2c394343a29e9d63b1c22f88c1.jpeg",
        "height": 144
      },
      {
        "uid": "0b64a85b076047eebf0e0792a39eeca9",
        "size": 550,
        "width": 64,
        "url": "https://media.sketchfab.com/models/a8f73fdc517148b2b59ee31fd019d53d/thumbnails/b3e9b74e56494891887881572eb0baf5/b22deb429c8f4ebb8bf8a7abb01fceeb.jpeg",
        "height": 36
      }
    ]
  },
  "user": {
    "uid": "91ec1da33aef4ccd961a9d3b85af901f",
    "username": "147818",
    "displayName": "147818",
    "profileUrl": "https://sketchfab.com/147818",
    "account": "basic",
    "avatar": {
      "uri": "https://api.sketchfab.com/v3/avatars/3ef1bd11d3eb4b57a0b353e8f2e5fc3e",
      "images": [
        {
          "size": 680,
          "width": 32,
          "url": "https://media.sketchfab.com/avatars/3ef1bd11d3eb4b57a0b353e8f2e5fc3e/116042a0854e40538adab302b593683d.jpeg",
          "height": 32
        },
        {
          "size": 1253,
          "width": 48,
          "url": "https://media.sketchfab.com/avatars/3ef1bd11d3eb4b57a0b353e8f2e5fc3e/efea16be51d04eb7a00cb9ea0b43b87f.jpeg",
          "height": 48
        },
        {
          "size": 2797,
          "width": 90,
          "url": "https://media.sketchfab.com/avatars/3ef1bd11d3eb4b57a0b353e8f2e5fc3e/ac9b469ccec74caf923a81fb2f0be3ed.jpeg",
          "height": 90
        },
        {
          "size": 3215,
          "width": 100,
          "url": "https://media.sketchfab.com/avatars/3ef1bd11d3eb4b57a0b353e8f2e5fc3e/a075e1d43d2f446c949b5967b470c757.jpeg",
          "height": 100
        }
      ]
    },
    "uri": "https://api.sketchfab.com/v3/users/91ec1da33aef4ccd961a9d3b85af901f"
  },
  "description": "",
  "faceCount": 168,
  "createdAt": "2019-12-02T14:12:23.458953",
  "vertexCount": 112,
  "isAgeRestricted": false,
  "archives": {
    "glb": {
      "textureCount": 0,
      "size": 26508,
      "type": "glb",
      "textureMaxResolution": 0,
      "faceCount": 168,
      "vertexCount": 336
    },
    "gltf": {
      "textureCount": 0,
      "size": 3940,
      "type": "gltf",
      "textureMaxResolution": 0,
      "faceCount": 168,
      "vertexCount": 336
    },
    "source": {
      "textureCount": null,
      "size": 696114,
      "type": "source",
      "textureMaxResolution": null,
      "faceCount": null,
      "vertexCount": null
    },
    "usdz": {
      "textureCount": null,
      "size": 6928,
      "type": "usdz",
      "textureMaxResolution": null,
      "faceCount": null,
      "vertexCount": null
    }
  },
  "license": "by"
}