{
  "uri": "https://api.sketchfab.com/v3/models/a8f837589c6b410b982f509330d54c21",
  "uid": "a8f837589c6b410b982f509330d54c21",
  "name": "Stonebird",
  "staffpickedAt": null,
  "viewCount": 18,
  "likeCount": 1,
  "animationCount": 0,
  "viewerUrl": "https://sketchfab.com/3d-models/a8f837589c6b410b982f509330d54c21",
  "embedUrl": "https://sketchfab.com/models/a8f837589c6b410b982f509330d54c21/embed",
  "commentCount": 0,
  "isDownloadable": true,
  "publishedAt": "2019-03-13T17:03:20.516314",
  "tags": [
    {
      "name": "b3d",
      "slug": "b3d",
      "uri": "https://api.sketchfab.com/v3/tags/b3d"
    },
    {
      "name": "blender-3d",
      "slug": "blender-3d",
      "uri": "https://api.sketchfab.com/v3/tags/blender-3d"
    },
    {
      "name": "interior-design",
      "slug": "interior-design",
      "uri": "https://api.sketchfab.com/v3/tags/interior-design"
    },
    {
      "name": "interiorarchitecture",
      "slug": "interiorarchitecture",
      "uri": "https://api.sketchfab.com/v3/tags/interiorarchitecture"
    },
    {
      "name": "architecture",
      "slug": "architecture",
      "uri": "https://api.sketchfab.com/v3/tags/architecture"
    },
    {
      "name": "interior",
      "slug": "interior",
      "uri": "https://api.sketchfab.com/v3/tags/interior"
    }
  ],
  "categories": [
    {
      "name": "animals-pets"
    },
    {
      "name": "architecture"
    }
  ],
  "thumbnails": {
    "images": [
      {
        "uid": "ca87cebe612d4d958e261b812803942e",
        "size": 49389,
        "width": 1024,
        "url": "https://media.sketchfab.com/models/a8f837589c6b410b982f509330d54c21/thumbnails/622b513ca570427f819f5568171cbe84/a71c01c6fe2840aface8e02dd8378123.jpeg",
        "height": 576
      },
      {
        "uid": "f27df4cb6816429394b19f49a4c2f029",
        "size": 208100,
        "width": 1920,
        "url": "https://media.sketchfab.com/models/a8f837589c6b410b982f509330d54c21/thumbnails/622b513ca570427f819f5568171cbe84/d436d0a23b2f49d692b25117706c184c.jpeg",
        "height": 1080
      },
      {
        "uid": "c903f68304c447aa94583c10049fd415",
        "size": 27065,
        "width": 720,
        "url": "https://media.sketchfab.com/models/a8f837589c6b410b982f509330d54c21/thumbnails/622b513ca570427f819f5568171cbe84/03c6949f676241c9a4693161d0af4bdb.jpeg",
        "height": 405
      },
      {
        "uid": "f9a965ed04d4467c9e38b4adbf009869",
        "size": 4637,
        "width": 256,
        "url": "https://media.sketchfab.com/models/a8f837589c6b410b982f509330d54c21/thumbnails/622b513ca570427f819f5568171cbe84/0d4b46a0ea434388a59b2a2d6ffc2167.jpeg",
        "height": 144
      },
      {
        "uid": "9a1e9259eaba44e683035ff4abc73680",
        "size": 844,
        "width": 64,
        "url": "https://media.sketchfab.com/models/a8f837589c6b410b982f509330d54c21/thumbnails/622b513ca570427f819f5568171cbe84/3bee91ac5c20494093ff6cf43d48906d.jpeg",
        "height": 36
      }
    ]
  },
  "user": {
    "uid": "1adcb0365030481896d234aae92ce9b8",
    "username": "monokultur",
    "displayName": "Monokultur-Studio",
    "profileUrl": "https://sketchfab.com/monokultur",
    "account": "basic",
    "avatar": {
      "uri": "https://api.sketchfab.com/v3/avatars/412df09a9e804fc6b512244777f5ab2c",
      "images": [
        {
          "size": 601,
          "width": 32,
          "url": "https://media.sketchfab.com/avatars/412df09a9e804fc6b512244777f5ab2c/2a6687d8537040b6aba3271ce6f77a05.png",
          "height": 32
        },
        {
          "size": 910,
          "width": 48,
          "url": "https://media.sketchfab.com/avatars/412df09a9e804fc6b512244777f5ab2c/df059bd8c76240ff85dc55a769235170.png",
          "height": 48
        },
        {
          "size": 1903,
          "width": 90,
          "url": "https://media.sketchfab.com/avatars/412df09a9e804fc6b512244777f5ab2c/239161a6dd0340a599fd722d8553a06a.png",
          "height": 90
        },
        {
          "size": 2197,
          "width": 100,
          "url": "https://media.sketchfab.com/avatars/412df09a9e804fc6b512244777f5ab2c/00e0a4abae12438280780ac88f9b9a9c.png",
          "height": 100
        }
      ]
    },
    "uri": "https://api.sketchfab.com/v3/users/1adcb0365030481896d234aae92ce9b8"
  },
  "description": "A happy little birdy for your home! :-)\nA lightly optimised photogrammetry with no retopo.",
  "faceCount": 122595,
  "createdAt": "2019-03-13T17:01:35.618672",
  "vertexCount": 62237,
  "isAgeRestricted": false,
  "archives": {
    "glb": {
      "textureCount": 4,
      "size": 18842432,
      "type": "glb",
      "textureMaxResolution": 4096,
      "faceCount": 122595,
      "vertexCount": 81294
    },
    "gltf": {
      "textureCount": 4,
      "size": 17304425,
      "type": "gltf",
      "textureMaxResolution": 4096,
      "faceCount": 122595,
      "vertexCount": 81294
    },
    "source": {
      "textureCount": null,
      "size": 25365904,
      "type": "source",
      "textureMaxResolution": null,
      "faceCount": null,
      "vertexCount": null
    },
    "usdz": {
      "textureCount": null,
      "size": 6895425,
      "type": "usdz",
      "textureMaxResolution": null,
      "faceCount": null,
      "vertexCount": null
    }
  },
  "license": "by"
}