{
  "uri": "https://api.sketchfab.com/v3/models/a8f811eb9dd2493ba586553777241666",
  "uid": "a8f811eb9dd2493ba586553777241666",
  "name": "E g g-1",
  "staffpickedAt": null,
  "viewCount": 38,
  "likeCount": 1,
  "animationCount": 0,
  "viewerUrl": "https://sketchfab.com/3d-models/a8f811eb9dd2493ba586553777241666",
  "embedUrl": "https://sketchfab.com/models/a8f811eb9dd2493ba586553777241666/embed",
  "commentCount": 0,
  "isDownloadable": true,
  "publishedAt": "2018-07-06T17:12:13.279433",
  "tags": [],
  "categories": [],
  "thumbnails": {
    "images": [
      {
        "uid": "0e3348cf416f469bac9e5aa50eaf8d3e",
        "size": 9914,
        "width": 256,
        "url": "https://media.sketchfab.com/models/a8f811eb9dd2493ba586553777241666/thumbnails/8ddeafc0d7bf4f9e8354b55d560f6236/8bdb2bd9e91d48a39c3081157405b76b.jpeg",
        "height": 144
      },
      {
        "uid": "a25b8ab212434bb2b95fb90aa9dcec26",
        "size": 200608,
        "width": 1920,
        "url": "https://media.sketchfab.com/models/a8f811eb9dd2493ba586553777241666/thumbnails/8ddeafc0d7bf4f9e8354b55d560f6236/5a619a02a6274377a551c522a4c42a00.jpeg",
        "height": 1080
      },
      {
        "uid": "f84e688fbdce4bff88bedca1354a809a",
        "size": 74573,
        "width": 1024,
        "url": "https://media.sketchfab.com/models/a8f811eb9dd2493ba586553777241666/thumbnails/8ddeafc0d7bf4f9e8354b55d560f6236/693bcc4081a64d15970a531419f9ab28.jpeg",
        "height": 576
      },
      {
        "uid": "98d61b699e2f4112a141d366811e94a1",
        "size": 45967,
        "width": 720,
        "url": "https://media.sketchfab.com/models/a8f811eb9dd2493ba586553777241666/thumbnails/8ddeafc0d7bf4f9e8354b55d560f6236/e0fd2a139cc1476793a5917ecaedad3b.jpeg",
        "height": 405
      },
      {
        "uid": "c7b0944493f74a9d8c27a2bc8f0599f2",
        "size": 1295,
        "width": 64,
        "url": "https://media.sketchfab.com/models/a8f811eb9dd2493ba586553777241666/thumbnails/8ddeafc0d7bf4f9e8354b55d560f6236/da4ca1d9c5d8401b852327294e7e2146.jpeg",
        "height": 36
      }
    ]
  },
  "user": {
    "uid": "4959f09219cd45a484a18ba00577af02",
    "username": "gusabbott5",
    "displayName": "dumb idiot",
    "profileUrl": "https://sketchfab.com/gusabbott5",
    "account": "basic",
    "avatar": {
      "uri": "https://api.sketchfab.com/v3/avatars/78fa317e46024a5283765aa34df5e508",
      "images": [
        {
          "size": 6421,
          "width": 100,
          "url": "https://media.sketchfab.com/avatars/78fa317e46024a5283765aa34df5e508/aec92fe9a74e499c98d759362cd7f02f.jpeg",
          "height": 100
        },
        {
          "size": 2518,
          "width": 48,
          "url": "https://media.sketchfab.com/avatars/78fa317e46024a5283765aa34df5e508/17fa177ffaa344a2b2fc8e78efd40fbb.jpeg",
          "height": 48
        },
        {
          "size": 5653,
          "width": 90,
          "url": "https://media.sketchfab.com/avatars/78fa317e46024a5283765aa34df5e508/02162695bdc840faa3bcb2d418309c5e.jpeg",
          "height": 90
        },
        {
          "size": 1350,
          "width": 32,
          "url": "https://media.sketchfab.com/avatars/78fa317e46024a5283765aa34df5e508/6fde876cbded4cd48d36a76029e3aa02.jpeg",
          "height": 32
        }
      ]
    },
    "uri": "https://api.sketchfab.com/v3/users/4959f09219cd45a484a18ba00577af02"
  },
  "description": "",
  "faceCount": 2408,
  "createdAt": "2018-07-06T14:07:32.163071",
  "vertexCount": 1229,
  "isAgeRestricted": false,
  "archives": {
    "glb": {
      "textureCount": 0,
      "size": 77224,
      "type": "glb",
      "textureMaxResolution": 0,
      "faceCount": 2408,
      "vertexCount": 1851
    },
    "gltf": {
      "textureCount": 0,
      "size": 33586,
      "type": "gltf",
      "textureMaxResolution": 0,
      "faceCount": 2408,
      "vertexCount": 1851
    },
    "source": {
      "textureCount": null,
      "size": 21625,
      "type": "source",
      "textureMaxResolution": null,
      "faceCount": null,
      "vertexCount": null
    },
    "usdz": {
      "textureCount": null,
      "size": 58158,
      "type": "usdz",
      "textureMaxResolution": null,
      "faceCount": null,
      "vertexCount": null
    }
  },
  "license": "by"
}