{
  "uri": "https://api.sketchfab.com/v3/models/a8f95a2509dc4271be247c7336d371a2",
  "uid": "a8f95a2509dc4271be247c7336d371a2",
  "name": "Dh89",
  "staffpickedAt": null,
  "viewCount": 264,
  "likeCount": 13,
  "animationCount": 0,
  "viewerUrl": "https://sketchfab.com/3d-models/a8f95a2509dc4271be247c7336d371a2",
  "embedUrl": "https://sketchfab.com/models/a8f95a2509dc4271be247c7336d371a2/embed",
  "commentCount": 1,
  "isDownloadable": true,
  "publishedAt": "2017-01-12T14:42:21.912770",
  "tags": [
    {
      "name": "airplane",
      "slug": "airplane",
      "uri": "https://api.sketchfab.com/v3/tags/airplane"
    },
    {
      "name": "aircraft",
      "slug": "aircraft",
      "uri": "https://api.sketchfab.com/v3/tags/aircraft"
    }
  ],
  "categories": [
    {
      "name": "cars-vehicles"
    }
  ],
  "thumbnails": {
    "images": [
      {
        "uid": "f27ff7b6c5e64be2be9561afdaf5b668",
        "size": 60984,
        "width": 1920,
        "url": "https://media.sketchfab.com/models/a8f95a2509dc4271be247c7336d371a2/thumbnails/a23a04729aaa4b018943f2d43666763c/9494a7c10295495f971254f3793d5727.jpeg",
        "height": 1080
      },
      {
        "uid": "bb49ea6310e346ca842d5fdc4097a0fd",
        "size": 22526,
        "width": 1024,
        "url": "https://media.sketchfab.com/models/a8f95a2509dc4271be247c7336d371a2/thumbnails/a23a04729aaa4b018943f2d43666763c/366f5e0f719c4e7cbbdf634dc23aab2a.jpeg",
        "height": 576
      },
      {
        "uid": "4b0f8c454977444ca5d05c5c82a51094",
        "size": 13699,
        "width": 720,
        "url": "https://media.sketchfab.com/models/a8f95a2509dc4271be247c7336d371a2/thumbnails/a23a04729aaa4b018943f2d43666763c/7b56b5901f924044b88793eb5de4e32d.jpeg",
        "height": 405
      },
      {
        "uid": "7e987608556a45e68c51f64c64bc40e4",
        "size": 3242,
        "width": 256,
        "url": "https://media.sketchfab.com/models/a8f95a2509dc4271be247c7336d371a2/thumbnails/a23a04729aaa4b018943f2d43666763c/e791be03ee2540dfa833f215d976ce47.jpeg",
        "height": 144
      },
      {
        "uid": "f89aa188f8614e86b991e3a2cc0c951a",
        "size": 732,
        "width": 64,
        "url": "https://media.sketchfab.com/models/a8f95a2509dc4271be247c7336d371a2/thumbnails/a23a04729aaa4b018943f2d43666763c/8f7a62d990c44acab1ea6bcf0b92d6a2.jpeg",
        "height": 36
      }
    ]
  },
  "user": {
    "uid": "27e5abeb4fa54906866d6e64a566cc67",
    "username": "manilov.ap",
    "displayName": "manilov.ap",
    "profileUrl": "https://sketchfab.com/manilov.ap",
    "account": "basic",
    "avatar": {
      "uri": "https://api.sketchfab.com/v3/avatars/bff918d983074ae9b1d9dabdacf0c893",
      "images": [
        {
          "size": 4283,
          "width": 100,
          "url": "https://media.sketchfab.com/avatars/bff918d983074ae9b1d9dabdacf0c893/d022fcc9241649f99caaf4c6f0f1a0d0.jpeg",
          "height": 100
        },
        {
          "size": 3640,
          "width": 90,
          "url": "https://media.sketchfab.com/avatars/bff918d983074ae9b1d9dabdacf0c893/8b8c1a1a1d7f404aba4ec2b5a36fdaf3.jpeg",
          "height": 90
        },
        {
          "size": 1313,
          "width": 48,
          "url": "https://media.sketchfab.com/avatars/bff918d983074ae9b1d9dabdacf0c893/a53afbe10fe34138991ac3c319c576b3.jpeg",
          "height": 48
        },
        {
          "size": 809,
          "width": 32,
          "url": "https://media.sketchfab.com/avatars/bff918d983074ae9b1d9dabdacf0c893/0f3f7c545f4d4d7797379afb6939bd77.jpeg",
          "height": 32
        }
      ]
    },
    "uri": "https://api.sketchfab.com/v3/users/27e5abeb4fa54906866d6e64a566cc67"
  },
  "description": "The de Havilland DH.89 Dragon Rapide was a 1930s British short-haul biplane airliner for 6–8 passengers. It proved an economical and durable craft, despite its relatively primitive plywood construction.",
  "faceCount": 27860,
  "createdAt": "2017-01-12T14:32:23.690119",
  "vertexCount": 14248,
  "isAgeRestricted": false,
  "archives": {
    "glb": {
      "textureCount": 17,
      "size": 1736904,
      "type": "glb",
      "textureMaxResolution": 512,
      "faceCount": 27854,
      "vertexCount": 22706
    },
    "gltf": {
      "textureCount": 17,
      "size": 596197,
      "type": "gltf",
      "textureMaxResolution": 512,
      "faceCount": 27854,
      "vertexCount": 22706
    },
    "source": {
      "textureCount": null,
      "size": 1725200,
      "type": "source",
      "textureMaxResolution": null,
      "faceCount": null,
      "vertexCount": null
    },
    "usdz": {
      "textureCount": null,
      "size": 847902,
      "type": "usdz",
      "textureMaxResolution": null,
      "faceCount": null,
      "vertexCount": null
    }
  },
  "license": "by"
}