{
  "uri": "https://api.sketchfab.com/v3/models/a8f91df947524f75863fb8688b6d52c3",
  "uid": "a8f91df947524f75863fb8688b6d52c3",
  "name": "N-Z",
  "staffpickedAt": null,
  "viewCount": 6,
  "likeCount": 1,
  "animationCount": 0,
  "viewerUrl": "https://sketchfab.com/3d-models/a8f91df947524f75863fb8688b6d52c3",
  "embedUrl": "https://sketchfab.com/models/a8f91df947524f75863fb8688b6d52c3/embed",
  "commentCount": 0,
  "isDownloadable": true,
  "publishedAt": "2022-06-11T02:33:19.775190",
  "tags": [],
  "categories": [
    {
      "name": "characters-creatures"
    }
  ],
  "thumbnails": {
    "images": [
      {
        "uid": "49afb37c7c8b445baf62a5a12dc12f25",
        "size": 57286,
        "width": 1920,
        "url": "https://media.sketchfab.com/models/a8f91df947524f75863fb8688b6d52c3/thumbnails/2e061460135541ce91fdb85e5135bbb1/fd3fb660d7bd44f281b480db5a990262.jpeg",
        "height": 1080
      },
      {
        "uid": "33edfa5f8ffc440a9a16cfe267857e44",
        "size": 20030,
        "width": 1024,
        "url": "https://media.sketchfab.com/models/a8f91df947524f75863fb8688b6d52c3/thumbnails/2e061460135541ce91fdb85e5135bbb1/2b2f3ac50c31434493d859411bd834c3.jpeg",
        "height": 576
      },
      {
        "uid": "d510d614589d4354a09022e8e6a2637f",
        "size": 12143,
        "width": 720,
        "url": "https://media.sketchfab.com/models/a8f91df947524f75863fb8688b6d52c3/thumbnails/2e061460135541ce91fdb85e5135bbb1/b38bdb95a8cb46e394afd42837efc79f.jpeg",
        "height": 405
      },
      {
        "uid": "d38df4a00fec4670935169ff491aa7bb",
        "size": 3316,
        "width": 256,
        "url": "https://media.sketchfab.com/models/a8f91df947524f75863fb8688b6d52c3/thumbnails/2e061460135541ce91fdb85e5135bbb1/84f1fd88bf384d9096b3b7e14c5b53e9.jpeg",
        "height": 144
      },
      {
        "uid": "a938074d2b3448f5991c3ecaed0a52a4",
        "size": 1063,
        "width": 64,
        "url": "https://media.sketchfab.com/models/a8f91df947524f75863fb8688b6d52c3/thumbnails/2e061460135541ce91fdb85e5135bbb1/2d2ae98ee3cf4d4f9e91e3831fae944d.jpeg",
        "height": 36
      }
    ]
  },
  "user": {
    "uid": "fc4ed979db3b4bfb8b38bcc53e60aa19",
    "username": "Peardian",
    "displayName": "Peardian",
    "profileUrl": "https://sketchfab.com/Peardian",
    "account": "basic",
    "avatar": {
      "uri": "https://api.sketchfab.com/v3/avatars/c2045a8bdbd74e1c811c78b32386711c",
      "images": [
        {
          "size": 9853,
          "width": 100,
          "url": "https://media.sketchfab.com/avatars/c2045a8bdbd74e1c811c78b32386711c/97696257b75240a5af62f522dce7b6f9.jpeg",
          "height": 100
        },
        {
          "size": 1513,
          "width": 32,
          "url": "https://media.sketchfab.com/avatars/c2045a8bdbd74e1c811c78b32386711c/a42fa923c21e40169193176b7cd09cd8.jpeg",
          "height": 32
        },
        {
          "size": 2856,
          "width": 48,
          "url": "https://media.sketchfab.com/avatars/c2045a8bdbd74e1c811c78b32386711c/f1aa4f14e75147cbb0b8de50ced13223.jpeg",
          "height": 48
        },
        {
          "size": 8233,
          "width": 90,
          "url": "https://media.sketchfab.com/avatars/c2045a8bdbd74e1c811c78b32386711c/d3c32ea258b8491ea8ef324336bad0ad.jpeg",
          "height": 90
        }
      ]
    },
    "uri": "https://api.sketchfab.com/v3/users/fc4ed979db3b4bfb8b38bcc53e60aa19"
  },
  "description": "Trophy pose of my game-quality N-Z model.",
  "faceCount": 1204,
  "createdAt": "2022-06-11T02:29:39.758335",
  "vertexCount": 626,
  "isAgeRestricted": false,
  "archives": {
    "glb": {
      "textureCount": 1,
      "size": 46080,
      "type": "glb",
      "textureMaxResolution": 128,
      "faceCount": 1204,
      "vertexCount": 680
    },
    "gltf": {
      "textureCount": 1,
      "size": 24924,
      "type": "gltf",
      "textureMaxResolution": 128,
      "faceCount": 1204,
      "vertexCount": 680
    },
    "source": {
      "textureCount": null,
      "size": 86358,
      "type": "source",
      "textureMaxResolution": null,
      "faceCount": null,
      "vertexCount": null
    },
    "usdz": {
      "textureCount": null,
      "size": 30881,
      "type": "usdz",
      "textureMaxResolution": null,
      "faceCount": null,
      "vertexCount": null
    }
  },
  "license": "by"
}