{
  "uri": "https://api.sketchfab.com/v3/models/a8fdd7d563d74d1bac029f1bbaaa53fd",
  "uid": "a8fdd7d563d74d1bac029f1bbaaa53fd",
  "name": "BL1511- Bloom Lavabo Bataryası",
  "staffpickedAt": null,
  "viewCount": 1368,
  "likeCount": 0,
  "animationCount": 0,
  "viewerUrl": "https://sketchfab.com/3d-models/a8fdd7d563d74d1bac029f1bbaaa53fd",
  "embedUrl": "https://sketchfab.com/models/a8fdd7d563d74d1bac029f1bbaaa53fd/embed",
  "commentCount": 0,
  "isDownloadable": true,
  "publishedAt": "2018-02-17T21:42:45.952878",
  "tags": [],
  "categories": [
    {
      "name": "architecture"
    }
  ],
  "thumbnails": {
    "images": [
      {
        "uid": "c97c9b42c8a84d499c60136262fb251a",
        "size": 49287,
        "width": 1920,
        "url": "https://media.sketchfab.com/models/a8fdd7d563d74d1bac029f1bbaaa53fd/thumbnails/6620bd45af6643dba958b90378cd64cd/d58f475831d94998b4100955461d5abb.jpeg",
        "height": 1080
      },
      {
        "uid": "50f3a42e1ee146fea78760ae2261f1a8",
        "size": 18603,
        "width": 1024,
        "url": "https://media.sketchfab.com/models/a8fdd7d563d74d1bac029f1bbaaa53fd/thumbnails/6620bd45af6643dba958b90378cd64cd/0a035cbb26ee402d9cb64927f9fc66c6.jpeg",
        "height": 576
      },
      {
        "uid": "86a862de76264398bd47b96e49faf441",
        "size": 11374,
        "width": 720,
        "url": "https://media.sketchfab.com/models/a8fdd7d563d74d1bac029f1bbaaa53fd/thumbnails/6620bd45af6643dba958b90378cd64cd/ba393279023844f5af9f2825727fc74e.jpeg",
        "height": 405
      },
      {
        "uid": "d25b3273ac3b42ffadf6ac4a8d88e545",
        "size": 2808,
        "width": 256,
        "url": "https://media.sketchfab.com/models/a8fdd7d563d74d1bac029f1bbaaa53fd/thumbnails/6620bd45af6643dba958b90378cd64cd/eb58c9199fe04290bacd00bae017b3b9.jpeg",
        "height": 144
      },
      {
        "uid": "22e0dec3df5a4ab4be75c35b50d7f22a",
        "size": 620,
        "width": 64,
        "url": "https://media.sketchfab.com/models/a8fdd7d563d74d1bac029f1bbaaa53fd/thumbnails/6620bd45af6643dba958b90378cd64cd/d6de73f4a445414f912f128044019715.jpeg",
        "height": 36
      }
    ]
  },
  "user": {
    "uid": "1121351d33cd44f4bc71dd149b248a10",
    "username": "creavit",
    "displayName": "creavit",
    "profileUrl": "https://sketchfab.com/creavit",
    "account": "prem",
    "avatar": {
      "uri": "https://api.sketchfab.com/v3/avatars/bdc2b5ea2c1d486c96f21c650d843be9",
      "images": [
        {
          "size": 491,
          "width": 32,
          "url": "https://media.sketchfab.com/avatars/bdc2b5ea2c1d486c96f21c650d843be9/62b4dd6a986d455faaa6d4ebb1f357cd.jpeg",
          "height": 32
        },
        {
          "size": 610,
          "width": 48,
          "url": "https://media.sketchfab.com/avatars/bdc2b5ea2c1d486c96f21c650d843be9/a5c3deddac094fbab79dcc84d214ad5a.jpeg",
          "height": 48
        },
        {
          "size": 994,
          "width": 90,
          "url": "https://media.sketchfab.com/avatars/bdc2b5ea2c1d486c96f21c650d843be9/e12f6877d9c94091a2788c1889af28fc.jpeg",
          "height": 90
        },
        {
          "size": 1016,
          "width": 100,
          "url": "https://media.sketchfab.com/avatars/bdc2b5ea2c1d486c96f21c650d843be9/3a925533da844e6c92159461eb2d1986.jpeg",
          "height": 100
        }
      ]
    },
    "uri": "https://api.sketchfab.com/v3/users/1121351d33cd44f4bc71dd149b248a10"
  },
  "description": "",
  "faceCount": 138084,
  "createdAt": "2018-02-17T21:38:00.787929",
  "vertexCount": 69052,
  "isAgeRestricted": false,
  "archives": {
    "glb": {
      "textureCount": 0,
      "size": 4291460,
      "type": "glb",
      "textureMaxResolution": 0,
      "faceCount": 138084,
      "vertexCount": 82180
    },
    "gltf": {
      "textureCount": 0,
      "size": 2136744,
      "type": "gltf",
      "textureMaxResolution": 0,
      "faceCount": 138084,
      "vertexCount": 82180
    },
    "source": {
      "textureCount": null,
      "size": 4182930,
      "type": "source",
      "textureMaxResolution": null,
      "faceCount": null,
      "vertexCount": null
    },
    "usdz": {
      "textureCount": null,
      "size": 2126863,
      "type": "usdz",
      "textureMaxResolution": null,
      "faceCount": null,
      "vertexCount": null
    }
  },
  "license": "by"
}