{
  "uri": "https://api.sketchfab.com/v3/models/6e01e820d6ba43d99daf173a95f9e70b",
  "uid": "6e01e820d6ba43d99daf173a95f9e70b",
  "name": "L",
  "staffpickedAt": null,
  "viewCount": 4,
  "likeCount": 0,
  "animationCount": 0,
  "viewerUrl": "https://sketchfab.com/3d-models/6e01e820d6ba43d99daf173a95f9e70b",
  "embedUrl": "https://sketchfab.com/models/6e01e820d6ba43d99daf173a95f9e70b/embed",
  "commentCount": 0,
  "isDownloadable": true,
  "publishedAt": "2021-11-10T15:05:33.165898",
  "tags": [
    {
      "name": "stair",
      "slug": "stair",
      "uri": "https://api.sketchfab.com/v3/tags/stair"
    },
    {
      "name": "staircase",
      "slug": "staircase",
      "uri": "https://api.sketchfab.com/v3/tags/staircase"
    },
    {
      "name": "staircon",
      "slug": "staircon",
      "uri": "https://api.sketchfab.com/v3/tags/staircon"
    }
  ],
  "categories": [],
  "thumbnails": {
    "images": [
      {
        "uid": "e460ef9ab654494fb4bd1b1c3de7802a",
        "size": 58768,
        "width": 1920,
        "url": "https://media.sketchfab.com/models/6e01e820d6ba43d99daf173a95f9e70b/thumbnails/94ae3fd10ea14f7a898e3c73dc903959/df60fcded6004ffcb4c78682bd0f3c7b.jpeg",
        "height": 1080
      },
      {
        "uid": "7af0496be7fe42108b1e81e239548abf",
        "size": 17144,
        "width": 1024,
        "url": "https://media.sketchfab.com/models/6e01e820d6ba43d99daf173a95f9e70b/thumbnails/94ae3fd10ea14f7a898e3c73dc903959/df21cee9395548d7b2c7d7107e014d2e.jpeg",
        "height": 576
      },
      {
        "uid": "006eecff7a624149856c7754aa9784fc",
        "size": 9853,
        "width": 720,
        "url": "https://media.sketchfab.com/models/6e01e820d6ba43d99daf173a95f9e70b/thumbnails/94ae3fd10ea14f7a898e3c73dc903959/f0f1811ac24044ee9d272ba7c05f527c.jpeg",
        "height": 405
      },
      {
        "uid": "343d23710ee44876afb5861d73844779",
        "size": 2428,
        "width": 256,
        "url": "https://media.sketchfab.com/models/6e01e820d6ba43d99daf173a95f9e70b/thumbnails/94ae3fd10ea14f7a898e3c73dc903959/a26ede1b58624a12a43ecfabb3f4e210.jpeg",
        "height": 144
      },
      {
        "uid": "6aee7a51d2c7430c8a2bb3e38a1e6995",
        "size": 924,
        "width": 64,
        "url": "https://media.sketchfab.com/models/6e01e820d6ba43d99daf173a95f9e70b/thumbnails/94ae3fd10ea14f7a898e3c73dc903959/c709441cf8ee49509815b1dcad239cfe.jpeg",
        "height": 36
      }
    ]
  },
  "user": {
    "uid": "c896ae0618954ffd8c2880fe3a921758",
    "username": "prostair.pl",
    "displayName": "prostair.pl",
    "profileUrl": "https://sketchfab.com/prostair.pl",
    "account": "basic",
    "avatar": {
      "uri": "https://api.sketchfab.com/v3/avatars/d1f82df6671d46058becf40ca124fff2",
      "images": [
        {
          "size": 3273,
          "width": 100,
          "url": "https://media.sketchfab.com/avatars/d1f82df6671d46058becf40ca124fff2/eb0d4a396fda46429d12b6d87258888a.jpeg",
          "height": 100
        },
        {
          "size": 2755,
          "width": 90,
          "url": "https://media.sketchfab.com/avatars/d1f82df6671d46058becf40ca124fff2/3828f4150f954b718f1fc725fbd195bb.jpeg",
          "height": 90
        },
        {
          "size": 1050,
          "width": 48,
          "url": "https://media.sketchfab.com/avatars/d1f82df6671d46058becf40ca124fff2/238b24ddc4c14b7fa281b3f45f3f394d.jpeg",
          "height": 48
        },
        {
          "size": 652,
          "width": 32,
          "url": "https://media.sketchfab.com/avatars/d1f82df6671d46058becf40ca124fff2/841a7398282d441792da58ec2c0538ba.jpeg",
          "height": 32
        }
      ]
    },
    "uri": "https://api.sketchfab.com/v3/users/c896ae0618954ffd8c2880fe3a921758"
  },
  "description": "http://staircon.com/ <br>Export by <b>ProStair</b> (lic 6631)",
  "faceCount": 1632,
  "createdAt": "2021-11-10T15:04:04.874346",
  "vertexCount": 1045,
  "isAgeRestricted": false,
  "archives": {
    "glb": {
      "textureCount": 1,
      "size": 143012,
      "type": "glb",
      "textureMaxResolution": 256,
      "faceCount": 1528,
      "vertexCount": 2460
    },
    "gltf": {
      "textureCount": 1,
      "size": 58283,
      "type": "gltf",
      "textureMaxResolution": 256,
      "faceCount": 1528,
      "vertexCount": 2460
    },
    "source": {
      "textureCount": null,
      "size": 80135,
      "type": "source",
      "textureMaxResolution": null,
      "faceCount": null,
      "vertexCount": null
    },
    "usdz": {
      "textureCount": null,
      "size": 125027,
      "type": "usdz",
      "textureMaxResolution": null,
      "faceCount": null,
      "vertexCount": null
    }
  },
  "license": "by"
}