{
  "uri": "https://api.sketchfab.com/v3/models/6e01a38aa8264ed5a3b2e1a65c79f151",
  "uid": "6e01a38aa8264ed5a3b2e1a65c79f151",
  "name": "Wine",
  "staffpickedAt": null,
  "viewCount": 29,
  "likeCount": 0,
  "animationCount": 0,
  "viewerUrl": "https://sketchfab.com/3d-models/6e01a38aa8264ed5a3b2e1a65c79f151",
  "embedUrl": "https://sketchfab.com/models/6e01a38aa8264ed5a3b2e1a65c79f151/embed",
  "commentCount": 0,
  "isDownloadable": true,
  "publishedAt": "2019-02-20T18:53:09.191073",
  "tags": [
    {
      "name": "wisky",
      "slug": "wisky",
      "uri": "https://api.sketchfab.com/v3/tags/wisky"
    }
  ],
  "categories": [
    {
      "name": "furniture-home"
    }
  ],
  "thumbnails": {
    "images": [
      {
        "uid": "136d13599a1d422480896002f1cc9256",
        "size": 627,
        "width": 64,
        "url": "https://media.sketchfab.com/models/6e01a38aa8264ed5a3b2e1a65c79f151/thumbnails/7f89301b34bb419c9cd8092f2530a91d/91ac5e76090f4c25a1e1a38b59a64105.jpeg",
        "height": 36
      },
      {
        "uid": "32ae86a802964424a474300fb862c526",
        "size": 2167,
        "width": 256,
        "url": "https://media.sketchfab.com/models/6e01a38aa8264ed5a3b2e1a65c79f151/thumbnails/7f89301b34bb419c9cd8092f2530a91d/aab249fd49cf46e8b825ec5f64961bda.jpeg",
        "height": 144
      },
      {
        "uid": "44c15e41a4df47e6af02062988d68c63",
        "size": 156765,
        "width": 1920,
        "url": "https://media.sketchfab.com/models/6e01a38aa8264ed5a3b2e1a65c79f151/thumbnails/7f89301b34bb419c9cd8092f2530a91d/d5f98d67b14e4f14ad50d14d7de42f39.jpeg",
        "height": 1080
      },
      {
        "uid": "537dee1d02444af4ba26d624cf685241",
        "size": 27826,
        "width": 1024,
        "url": "https://media.sketchfab.com/models/6e01a38aa8264ed5a3b2e1a65c79f151/thumbnails/7f89301b34bb419c9cd8092f2530a91d/fcf5767ce1154864a5a9c6dcbdfc1277.jpeg",
        "height": 576
      },
      {
        "uid": "6f6ee691c83f4842a1dfaf85795925f4",
        "size": 12024,
        "width": 720,
        "url": "https://media.sketchfab.com/models/6e01a38aa8264ed5a3b2e1a65c79f151/thumbnails/7f89301b34bb419c9cd8092f2530a91d/37d940e299624517930effd6764764ee.jpeg",
        "height": 405
      }
    ]
  },
  "user": {
    "uid": "be710180b9d8432e91a543541163cfce",
    "username": "yehianasser587",
    "displayName": "yehianasser587",
    "profileUrl": "https://sketchfab.com/yehianasser587",
    "account": "basic",
    "avatar": {
      "uri": "https://api.sketchfab.com/v3/avatars/51af6a870cce449eb75b0345feebaebb",
      "images": [
        {
          "size": 5719,
          "width": 90,
          "url": "https://media.sketchfab.com/avatars/51af6a870cce449eb75b0345feebaebb/2ef0f894055b4bb69123b2a27fa2d379.jpeg",
          "height": 90
        },
        {
          "size": 6496,
          "width": 100,
          "url": "https://media.sketchfab.com/avatars/51af6a870cce449eb75b0345feebaebb/ab11eedf96374486acb544f71a23b165.jpeg",
          "height": 100
        },
        {
          "size": 1359,
          "width": 32,
          "url": "https://media.sketchfab.com/avatars/51af6a870cce449eb75b0345feebaebb/35f6f9b6c9a14a548ce472582d8a9bb5.jpeg",
          "height": 32
        },
        {
          "size": 2584,
          "width": 48,
          "url": "https://media.sketchfab.com/avatars/51af6a870cce449eb75b0345feebaebb/a8072a51447c4d41ab177b357111b420.jpeg",
          "height": 48
        }
      ]
    },
    "uri": "https://api.sketchfab.com/v3/users/be710180b9d8432e91a543541163cfce"
  },
  "description": "bottel of wisky and tow littel cups",
  "faceCount": 70158,
  "createdAt": "2019-02-20T18:46:03.472242",
  "vertexCount": 35125,
  "isAgeRestricted": false,
  "archives": {
    "glb": {
      "textureCount": 0,
      "size": 1948212,
      "type": "glb",
      "textureMaxResolution": 0,
      "faceCount": 70158,
      "vertexCount": 45763
    },
    "gltf": {
      "textureCount": 0,
      "size": 559765,
      "type": "gltf",
      "textureMaxResolution": 0,
      "faceCount": 70158,
      "vertexCount": 45763
    },
    "source": {
      "textureCount": null,
      "size": 589356,
      "type": "source",
      "textureMaxResolution": null,
      "faceCount": null,
      "vertexCount": null
    },
    "usdz": {
      "textureCount": null,
      "size": 1112216,
      "type": "usdz",
      "textureMaxResolution": null,
      "faceCount": null,
      "vertexCount": null
    }
  },
  "license": "by"
}