{
  "uri": "https://api.sketchfab.com/v3/models/6e0c872483164267b9b581cb691bc601",
  "uid": "6e0c872483164267b9b581cb691bc601",
  "name": "Hawaiian Hero",
  "staffpickedAt": null,
  "viewCount": 570,
  "likeCount": 9,
  "animationCount": 1,
  "viewerUrl": "https://sketchfab.com/3d-models/6e0c872483164267b9b581cb691bc601",
  "embedUrl": "https://sketchfab.com/models/6e0c872483164267b9b581cb691bc601/embed",
  "commentCount": 0,
  "isDownloadable": true,
  "publishedAt": "2018-07-13T02:29:27.192391",
  "tags": [
    {
      "name": "fishing",
      "slug": "fishing",
      "uri": "https://api.sketchfab.com/v3/tags/fishing"
    },
    {
      "name": "hero",
      "slug": "hero",
      "uri": "https://api.sketchfab.com/v3/tags/hero"
    },
    {
      "name": "lion",
      "slug": "lion",
      "uri": "https://api.sketchfab.com/v3/tags/lion"
    },
    {
      "name": "hawaiian",
      "slug": "hawaiian",
      "uri": "https://api.sketchfab.com/v3/tags/hawaiian"
    },
    {
      "name": "man",
      "slug": "man",
      "uri": "https://api.sketchfab.com/v3/tags/man"
    }
  ],
  "categories": [
    {
      "name": "characters-creatures"
    },
    {
      "name": "people"
    }
  ],
  "thumbnails": {
    "images": [
      {
        "uid": "0c477fc59ab04ccc918ddf0e7c27a2ad",
        "size": 323812,
        "width": 1920,
        "url": "https://media.sketchfab.com/models/6e0c872483164267b9b581cb691bc601/thumbnails/2d57b2cc15b6464f8189cdcc85d871ba/e6b658040c5b45e88fa88f0376be4853.jpeg",
        "height": 1080
      },
      {
        "uid": "73618b09ca39418d9ccb6aaaee8ca61e",
        "size": 21687,
        "width": 1024,
        "url": "https://media.sketchfab.com/models/6e0c872483164267b9b581cb691bc601/thumbnails/2d57b2cc15b6464f8189cdcc85d871ba/7d42761b41e94e2f9ae09e0e410a3fd8.jpeg",
        "height": 576
      },
      {
        "uid": "6aebeb6e670d44ba91710640a365ec26",
        "size": 11506,
        "width": 720,
        "url": "https://media.sketchfab.com/models/6e0c872483164267b9b581cb691bc601/thumbnails/2d57b2cc15b6464f8189cdcc85d871ba/6335761fcda54839ab2912b6563e77eb.jpeg",
        "height": 405
      },
      {
        "uid": "fac0c8632fbd4fdc8232aa438c75a0c1",
        "size": 2462,
        "width": 256,
        "url": "https://media.sketchfab.com/models/6e0c872483164267b9b581cb691bc601/thumbnails/2d57b2cc15b6464f8189cdcc85d871ba/0bf01bbc180f48dc865ab51e00c7fb30.jpeg",
        "height": 144
      },
      {
        "uid": "42cfd259f4d847cd814db3a3cf9928d7",
        "size": 667,
        "width": 64,
        "url": "https://media.sketchfab.com/models/6e0c872483164267b9b581cb691bc601/thumbnails/2d57b2cc15b6464f8189cdcc85d871ba/bbab4bc41a9747b9beeb67697880a20b.jpeg",
        "height": 36
      }
    ]
  },
  "user": {
    "uid": "04f61d30805846afa9b670f8b18f4998",
    "username": "andy_ignite",
    "displayName": "Andy Zulfiqar",
    "profileUrl": "https://sketchfab.com/andy_ignite",
    "account": "basic",
    "avatar": {
      "uri": "https://api.sketchfab.com/v3/avatars/51af6a870cce449eb75b0345feebaebb",
      "images": [
        {
          "size": 5719,
          "width": 90,
          "url": "https://media.sketchfab.com/avatars/51af6a870cce449eb75b0345feebaebb/2ef0f894055b4bb69123b2a27fa2d379.jpeg",
          "height": 90
        },
        {
          "size": 6496,
          "width": 100,
          "url": "https://media.sketchfab.com/avatars/51af6a870cce449eb75b0345feebaebb/ab11eedf96374486acb544f71a23b165.jpeg",
          "height": 100
        },
        {
          "size": 1359,
          "width": 32,
          "url": "https://media.sketchfab.com/avatars/51af6a870cce449eb75b0345feebaebb/35f6f9b6c9a14a548ce472582d8a9bb5.jpeg",
          "height": 32
        },
        {
          "size": 2584,
          "width": 48,
          "url": "https://media.sketchfab.com/avatars/51af6a870cce449eb75b0345feebaebb/a8072a51447c4d41ab177b357111b420.jpeg",
          "height": 48
        }
      ]
    },
    "uri": "https://api.sketchfab.com/v3/users/04f61d30805846afa9b670f8b18f4998"
  },
  "description": "A character I made in WorldSkills Singapore. He is a boy from a fishing village, wearing the armor of the fallen Order of Knights. He's wearing a lion-like light armor",
  "faceCount": 11310,
  "createdAt": "2018-07-13T02:22:13.381699",
  "vertexCount": 5799,
  "isAgeRestricted": false,
  "archives": {
    "glb": {
      "textureCount": 6,
      "size": 31055276,
      "type": "glb",
      "textureMaxResolution": 4096,
      "faceCount": 11310,
      "vertexCount": 6882
    },
    "gltf": {
      "textureCount": 6,
      "size": 30637513,
      "type": "gltf",
      "textureMaxResolution": 4096,
      "faceCount": 11310,
      "vertexCount": 6882
    },
    "source": {
      "textureCount": null,
      "size": 44005524,
      "type": "source",
      "textureMaxResolution": null,
      "faceCount": null,
      "vertexCount": null
    },
    "usdz": {
      "textureCount": null,
      "size": 4216144,
      "type": "usdz",
      "textureMaxResolution": null,
      "faceCount": null,
      "vertexCount": null
    }
  },
  "license": "by"
}