{
  "uri": "https://api.sketchfab.com/v3/models/6e0de7eb2b674d49ad7e5fe75c55b9c7",
  "uid": "6e0de7eb2b674d49ad7e5fe75c55b9c7",
  "name": "LoPo Spidey",
  "staffpickedAt": null,
  "viewCount": 443,
  "likeCount": 7,
  "animationCount": 1,
  "viewerUrl": "https://sketchfab.com/3d-models/6e0de7eb2b674d49ad7e5fe75c55b9c7",
  "embedUrl": "https://sketchfab.com/models/6e0de7eb2b674d49ad7e5fe75c55b9c7/embed",
  "commentCount": 0,
  "isDownloadable": true,
  "publishedAt": "2019-01-27T17:56:53.555723",
  "tags": [],
  "categories": [],
  "thumbnails": {
    "images": [
      {
        "uid": "91d530e658e246289a5954acc1913d0e",
        "size": 294648,
        "width": 1920,
        "url": "https://media.sketchfab.com/models/6e0de7eb2b674d49ad7e5fe75c55b9c7/thumbnails/59b574b8f54545f585d51fdb42eba8b8/f0e9b285462842d99416b5bb0cf577b2.jpeg",
        "height": 1080
      },
      {
        "uid": "42e6cab862dc47219d71713f5d580829",
        "size": 76031,
        "width": 1024,
        "url": "https://media.sketchfab.com/models/6e0de7eb2b674d49ad7e5fe75c55b9c7/thumbnails/59b574b8f54545f585d51fdb42eba8b8/df975e5b26414cbbb74e1d7e6c0e513d.jpeg",
        "height": 576
      },
      {
        "uid": "6543d1141fc44823be468011e2602f1e",
        "size": 37601,
        "width": 720,
        "url": "https://media.sketchfab.com/models/6e0de7eb2b674d49ad7e5fe75c55b9c7/thumbnails/59b574b8f54545f585d51fdb42eba8b8/7b4cbbf3ab294f6883b279770a69a374.jpeg",
        "height": 405
      },
      {
        "uid": "681649b993f241c9884cc77ca600c9a0",
        "size": 5748,
        "width": 256,
        "url": "https://media.sketchfab.com/models/6e0de7eb2b674d49ad7e5fe75c55b9c7/thumbnails/59b574b8f54545f585d51fdb42eba8b8/42ceaa90f2514721a2e9877caa991cd4.jpeg",
        "height": 144
      },
      {
        "uid": "71dfe1cc161b41bcb14c22336b2a91b8",
        "size": 949,
        "width": 64,
        "url": "https://media.sketchfab.com/models/6e0de7eb2b674d49ad7e5fe75c55b9c7/thumbnails/59b574b8f54545f585d51fdb42eba8b8/2dd097c0a5b74e959cd53f36fc3bac89.jpeg",
        "height": 36
      }
    ]
  },
  "user": {
    "uid": "a5cf493302c54d99a11524407a61efb8",
    "username": "tipatat",
    "displayName": "tipatat",
    "profileUrl": "https://sketchfab.com/tipatat",
    "account": "pro",
    "avatar": {
      "uri": "https://api.sketchfab.com/v3/avatars/7fbb2a8f811a43b9a4320a74f388b869",
      "images": [
        {
          "size": 3142,
          "width": 100,
          "url": "https://media.sketchfab.com/avatars/7fbb2a8f811a43b9a4320a74f388b869/737c804c2ce4441bb037e6f6e488bca4.jpeg",
          "height": 100
        },
        {
          "size": 2718,
          "width": 90,
          "url": "https://media.sketchfab.com/avatars/7fbb2a8f811a43b9a4320a74f388b869/72422e3bd0a54b70a2bee8ef03945ecc.jpeg",
          "height": 90
        },
        {
          "size": 1255,
          "width": 48,
          "url": "https://media.sketchfab.com/avatars/7fbb2a8f811a43b9a4320a74f388b869/c3b613558be747a6ad7e4257e2d63372.jpeg",
          "height": 48
        },
        {
          "size": 812,
          "width": 32,
          "url": "https://media.sketchfab.com/avatars/7fbb2a8f811a43b9a4320a74f388b869/418a111359b84adaaa5b5e751420368f.jpeg",
          "height": 32
        }
      ]
    },
    "uri": "https://api.sketchfab.com/v3/users/a5cf493302c54d99a11524407a61efb8"
  },
  "description": "quick test of a low poly spider-man model",
  "faceCount": 1054,
  "createdAt": "2019-01-27T17:47:50.212825",
  "vertexCount": 695,
  "isAgeRestricted": false,
  "archives": {
    "glb": {
      "textureCount": 0,
      "size": 311656,
      "type": "glb",
      "textureMaxResolution": 0,
      "faceCount": 1054,
      "vertexCount": 3154
    },
    "gltf": {
      "textureCount": 0,
      "size": 107823,
      "type": "gltf",
      "textureMaxResolution": 0,
      "faceCount": 1054,
      "vertexCount": 3154
    },
    "source": {
      "textureCount": null,
      "size": 483010,
      "type": "source",
      "textureMaxResolution": null,
      "faceCount": null,
      "vertexCount": null
    },
    "usdz": {
      "textureCount": null,
      "size": 176136,
      "type": "usdz",
      "textureMaxResolution": null,
      "faceCount": null,
      "vertexCount": null
    }
  },
  "license": "by"
}