{
  "uri": "https://api.sketchfab.com/v3/models/6e0e34d5b75b4650b67f9e7eb8ee3266",
  "uid": "6e0e34d5b75b4650b67f9e7eb8ee3266",
  "name": "Underwater Ruin Diorama",
  "staffpickedAt": null,
  "viewCount": 1195,
  "likeCount": 38,
  "animationCount": 0,
  "viewerUrl": "https://sketchfab.com/3d-models/6e0e34d5b75b4650b67f9e7eb8ee3266",
  "embedUrl": "https://sketchfab.com/models/6e0e34d5b75b4650b67f9e7eb8ee3266/embed",
  "commentCount": 4,
  "isDownloadable": true,
  "publishedAt": "2019-01-29T14:07:29.098038",
  "tags": [
    {
      "name": "ruins",
      "slug": "ruins",
      "uri": "https://api.sketchfab.com/v3/tags/ruins"
    },
    {
      "name": "underwater",
      "slug": "underwater",
      "uri": "https://api.sketchfab.com/v3/tags/underwater"
    },
    {
      "name": "roman",
      "slug": "roman",
      "uri": "https://api.sketchfab.com/v3/tags/roman"
    },
    {
      "name": "handpaintedtexture",
      "slug": "handpaintedtexture",
      "uri": "https://api.sketchfab.com/v3/tags/handpaintedtexture"
    },
    {
      "name": "maya2018",
      "slug": "maya2018",
      "uri": "https://api.sketchfab.com/v3/tags/maya2018"
    },
    {
      "name": "handpainted-lowpoly",
      "slug": "handpainted-lowpoly",
      "uri": "https://api.sketchfab.com/v3/tags/handpainted-lowpoly"
    }
  ],
  "categories": [
    {
      "name": "architecture"
    },
    {
      "name": "nature-plants"
    }
  ],
  "thumbnails": {
    "images": [
      {
        "uid": "373e443183f444d893b439ca44caa9dd",
        "size": 159900,
        "width": 1920,
        "url": "https://media.sketchfab.com/models/6e0e34d5b75b4650b67f9e7eb8ee3266/thumbnails/2d05f30f1d0747e1b272f66a059455ea/261bbc0016574a8497b6d40ca0ec8239.jpeg",
        "height": 1080
      },
      {
        "uid": "02692cba2f2b4d3286ef610e5cb7f379",
        "size": 40298,
        "width": 1024,
        "url": "https://media.sketchfab.com/models/6e0e34d5b75b4650b67f9e7eb8ee3266/thumbnails/2d05f30f1d0747e1b272f66a059455ea/da19e830c7fa43c6bbd923edd5404d08.jpeg",
        "height": 576
      },
      {
        "uid": "f0cc79e74f61407d8130b0076f6f5623",
        "size": 23648,
        "width": 720,
        "url": "https://media.sketchfab.com/models/6e0e34d5b75b4650b67f9e7eb8ee3266/thumbnails/2d05f30f1d0747e1b272f66a059455ea/c5463f6339204d1792669fb707563f99.jpeg",
        "height": 405
      },
      {
        "uid": "fee2ac3af7a245ebab6c61d9ed8be85e",
        "size": 4976,
        "width": 256,
        "url": "https://media.sketchfab.com/models/6e0e34d5b75b4650b67f9e7eb8ee3266/thumbnails/2d05f30f1d0747e1b272f66a059455ea/8519c5ab27274802ae30c9c971090931.jpeg",
        "height": 144
      },
      {
        "uid": "e4aec63846004b9cb5c7e1aef1735e31",
        "size": 880,
        "width": 64,
        "url": "https://media.sketchfab.com/models/6e0e34d5b75b4650b67f9e7eb8ee3266/thumbnails/2d05f30f1d0747e1b272f66a059455ea/3cb44466cd2d4c6e851a08fea53520bf.jpeg",
        "height": 36
      }
    ]
  },
  "user": {
    "uid": "482cc640fd4743c48f8ed23b0eed050e",
    "username": "Tomsearle16",
    "displayName": "Tomsearle16",
    "profileUrl": "https://sketchfab.com/Tomsearle16",
    "account": "basic",
    "avatar": {
      "uri": "https://api.sketchfab.com/v3/avatars/8b6e8dfa0f4748aa91cc37db89656d6e",
      "images": [
        {
          "size": 534,
          "width": 32,
          "url": "https://media.sketchfab.com/avatars/8b6e8dfa0f4748aa91cc37db89656d6e/a1211736303747e3bc80fbecef50fc64.png",
          "height": 32
        },
        {
          "size": 1087,
          "width": 48,
          "url": "https://media.sketchfab.com/avatars/8b6e8dfa0f4748aa91cc37db89656d6e/e6f11ff1374c4fb19183adf89edd3018.png",
          "height": 48
        },
        {
          "size": 1364,
          "width": 90,
          "url": "https://media.sketchfab.com/avatars/8b6e8dfa0f4748aa91cc37db89656d6e/971d5f65fb5446a2a786e409927c7979.png",
          "height": 90
        },
        {
          "size": 1463,
          "width": 100,
          "url": "https://media.sketchfab.com/avatars/8b6e8dfa0f4748aa91cc37db89656d6e/e7a7761242c3473098c56cbf27fef25b.png",
          "height": 100
        }
      ]
    },
    "uri": "https://api.sketchfab.com/v3/users/482cc640fd4743c48f8ed23b0eed050e"
  },
  "description": "Still need to add the texture for the ruins, This a piece of work that I am currently working on for my college deadline.",
  "faceCount": 24104,
  "createdAt": "2019-01-29T13:56:04.261732",
  "vertexCount": 13186,
  "isAgeRestricted": false,
  "archives": {
    "glb": {
      "textureCount": 9,
      "size": 11891556,
      "type": "glb",
      "textureMaxResolution": 2048,
      "faceCount": 24104,
      "vertexCount": 18606
    },
    "gltf": {
      "textureCount": 9,
      "size": 10861444,
      "type": "gltf",
      "textureMaxResolution": 2048,
      "faceCount": 24104,
      "vertexCount": 18606
    },
    "source": {
      "textureCount": null,
      "size": 4738581,
      "type": "source",
      "textureMaxResolution": null,
      "faceCount": null,
      "vertexCount": null
    },
    "usdz": {
      "textureCount": null,
      "size": 2299253,
      "type": "usdz",
      "textureMaxResolution": null,
      "faceCount": null,
      "vertexCount": null
    }
  },
  "license": "by"
}