{
  "uri": "https://api.sketchfab.com/v3/models/6e0ea0f1c63d4084b26fb67eba642e85",
  "uid": "6e0ea0f1c63d4084b26fb67eba642e85",
  "name": "cat",
  "staffpickedAt": null,
  "viewCount": 22,
  "likeCount": 1,
  "animationCount": 0,
  "viewerUrl": "https://sketchfab.com/3d-models/6e0ea0f1c63d4084b26fb67eba642e85",
  "embedUrl": "https://sketchfab.com/models/6e0ea0f1c63d4084b26fb67eba642e85/embed",
  "commentCount": 0,
  "isDownloadable": true,
  "publishedAt": "2015-11-30T05:16:00.390008",
  "tags": [],
  "categories": [],
  "thumbnails": {
    "images": [
      {
        "uid": "eb5c00bf4faa4dce80eecdd573e27d61",
        "size": 1136,
        "width": 50,
        "url": "https://media.sketchfab.com/models/6e0ea0f1c63d4084b26fb67eba642e85/thumbnails/e75163d16ceb475c940fd08c69bd2430/50x50.jpeg",
        "height": 50
      },
      {
        "uid": "2de832ae1ea34e2e8cd6aebc1c12838f",
        "size": 2255,
        "width": 100,
        "url": "https://media.sketchfab.com/models/6e0ea0f1c63d4084b26fb67eba642e85/thumbnails/e75163d16ceb475c940fd08c69bd2430/100x100.jpeg",
        "height": 100
      },
      {
        "uid": "8c6564341d4d4d72ae09bb89e135d7bf",
        "size": 5123,
        "width": 200,
        "url": "https://media.sketchfab.com/models/6e0ea0f1c63d4084b26fb67eba642e85/thumbnails/e75163d16ceb475c940fd08c69bd2430/200x200.jpeg",
        "height": 200
      },
      {
        "uid": "58f9be5680ea467095c51bddc7032235",
        "size": 7681,
        "width": 448,
        "url": "https://media.sketchfab.com/models/6e0ea0f1c63d4084b26fb67eba642e85/thumbnails/e75163d16ceb475c940fd08c69bd2430/448.jpeg",
        "height": 252
      },
      {
        "uid": "ffde65b154124c55aaf514fb560b3d2a",
        "size": 12027,
        "width": 640,
        "url": "https://media.sketchfab.com/models/6e0ea0f1c63d4084b26fb67eba642e85/thumbnails/e75163d16ceb475c940fd08c69bd2430/640.jpeg",
        "height": 360
      },
      {
        "uid": "0c8f2505ad8c489da1a395f14d326de7",
        "size": 18866,
        "width": 854,
        "url": "https://media.sketchfab.com/models/6e0ea0f1c63d4084b26fb67eba642e85/thumbnails/e75163d16ceb475c940fd08c69bd2430/854.jpeg",
        "height": 480
      },
      {
        "uid": "1e4bba3b04c24c3687ffb0f34667a9d8",
        "size": 25451,
        "width": 1024,
        "url": "https://media.sketchfab.com/models/6e0ea0f1c63d4084b26fb67eba642e85/thumbnails/e75163d16ceb475c940fd08c69bd2430/1024.jpeg",
        "height": 576
      }
    ]
  },
  "user": {
    "uid": "a077701dbead46e9ba7ca42269b117e7",
    "username": "spudoogle",
    "displayName": "spudoogle",
    "profileUrl": "https://sketchfab.com/spudoogle",
    "account": "basic",
    "avatar": {
      "uri": "https://api.sketchfab.com/v3/avatars/032084818869427ea59db85acbaba6a1",
      "images": [
        {
          "size": 1285,
          "width": 100,
          "url": "https://media.sketchfab.com/avatars/032084818869427ea59db85acbaba6a1/bdbef6395a87413c9d96627fefdca7ab.jpeg",
          "height": 100
        },
        {
          "size": 1051,
          "width": 90,
          "url": "https://media.sketchfab.com/avatars/032084818869427ea59db85acbaba6a1/8edd9a5bf8f2486fb9916790ebcebeeb.jpeg",
          "height": 90
        },
        {
          "size": 567,
          "width": 48,
          "url": "https://media.sketchfab.com/avatars/032084818869427ea59db85acbaba6a1/45e8613e1c3446aeb3bc903eb126d6b7.jpeg",
          "height": 48
        },
        {
          "size": 445,
          "width": 32,
          "url": "https://media.sketchfab.com/avatars/032084818869427ea59db85acbaba6a1/cefc90e7d9d74369b1a566326c0ed363.jpeg",
          "height": 32
        }
      ]
    },
    "uri": "https://api.sketchfab.com/v3/users/a077701dbead46e9ba7ca42269b117e7"
  },
  "description": "",
  "faceCount": 736,
  "createdAt": "2015-11-30T05:15:56.568221",
  "vertexCount": 372,
  "isAgeRestricted": false,
  "archives": {
    "glb": {
      "textureCount": 1,
      "size": 54548,
      "type": "glb",
      "textureMaxResolution": 128,
      "faceCount": 722,
      "vertexCount": 1348
    },
    "gltf": {
      "textureCount": 1,
      "size": 11789,
      "type": "gltf",
      "textureMaxResolution": 128,
      "faceCount": 722,
      "vertexCount": 1348
    },
    "source": {
      "textureCount": null,
      "size": 15497,
      "type": "source",
      "textureMaxResolution": null,
      "faceCount": null,
      "vertexCount": null
    },
    "usdz": {
      "textureCount": null,
      "size": 54259,
      "type": "usdz",
      "textureMaxResolution": null,
      "faceCount": null,
      "vertexCount": null
    }
  },
  "license": "by"
}