{
  "uri": "https://api.sketchfab.com/v3/models/6e11c5af16e348348a6a3fc518dd10d8",
  "uid": "6e11c5af16e348348a6a3fc518dd10d8",
  "name": "Blue Pen",
  "staffpickedAt": null,
  "viewCount": 10,
  "likeCount": 0,
  "animationCount": 0,
  "viewerUrl": "https://sketchfab.com/3d-models/6e11c5af16e348348a6a3fc518dd10d8",
  "embedUrl": "https://sketchfab.com/models/6e11c5af16e348348a6a3fc518dd10d8/embed",
  "commentCount": 0,
  "isDownloadable": true,
  "publishedAt": "2022-01-05T14:24:26.190619",
  "tags": [],
  "categories": [],
  "thumbnails": {
    "images": [
      {
        "uid": "dd31d4b881104175bb33472137cc6a00",
        "size": 39744,
        "width": 1920,
        "url": "https://media.sketchfab.com/models/6e11c5af16e348348a6a3fc518dd10d8/thumbnails/aca116139056461db5a012bcdc890503/19512578ecd44b5a9efb7d37bb428118.jpeg",
        "height": 1080
      },
      {
        "uid": "275acb48aac1418a9e9fd7864269f66c",
        "size": 12338,
        "width": 1024,
        "url": "https://media.sketchfab.com/models/6e11c5af16e348348a6a3fc518dd10d8/thumbnails/aca116139056461db5a012bcdc890503/c11750cbcc534606ab2d2686b0332bff.jpeg",
        "height": 576
      },
      {
        "uid": "eb386fb223284f5fa749f0798437a8b6",
        "size": 6878,
        "width": 720,
        "url": "https://media.sketchfab.com/models/6e11c5af16e348348a6a3fc518dd10d8/thumbnails/aca116139056461db5a012bcdc890503/3238a042432a4c72bd05fecd2bb5692f.jpeg",
        "height": 405
      },
      {
        "uid": "cf796bdeebca4989ace0d3242d0bb0fa",
        "size": 1664,
        "width": 256,
        "url": "https://media.sketchfab.com/models/6e11c5af16e348348a6a3fc518dd10d8/thumbnails/aca116139056461db5a012bcdc890503/c21d71045d534b9fa1ef9dee0f305fe9.jpeg",
        "height": 144
      },
      {
        "uid": "a16f684fb93d49d390f9123926cf87dd",
        "size": 747,
        "width": 64,
        "url": "https://media.sketchfab.com/models/6e11c5af16e348348a6a3fc518dd10d8/thumbnails/aca116139056461db5a012bcdc890503/fcc5c6cc42ff4157aee3978bdde27c76.jpeg",
        "height": 36
      }
    ]
  },
  "user": {
    "uid": "6cdf3e5038a342168496e4e61c4a8014",
    "username": "zschim",
    "displayName": "zschim",
    "profileUrl": "https://sketchfab.com/zschim",
    "account": "basic",
    "avatar": {
      "uri": "https://api.sketchfab.com/v3/avatars/51af6a870cce449eb75b0345feebaebb",
      "images": [
        {
          "size": 5719,
          "width": 90,
          "url": "https://media.sketchfab.com/avatars/51af6a870cce449eb75b0345feebaebb/2ef0f894055b4bb69123b2a27fa2d379.jpeg",
          "height": 90
        },
        {
          "size": 6496,
          "width": 100,
          "url": "https://media.sketchfab.com/avatars/51af6a870cce449eb75b0345feebaebb/ab11eedf96374486acb544f71a23b165.jpeg",
          "height": 100
        },
        {
          "size": 1359,
          "width": 32,
          "url": "https://media.sketchfab.com/avatars/51af6a870cce449eb75b0345feebaebb/35f6f9b6c9a14a548ce472582d8a9bb5.jpeg",
          "height": 32
        },
        {
          "size": 2584,
          "width": 48,
          "url": "https://media.sketchfab.com/avatars/51af6a870cce449eb75b0345feebaebb/a8072a51447c4d41ab177b357111b420.jpeg",
          "height": 48
        }
      ]
    },
    "uri": "https://api.sketchfab.com/v3/users/6cdf3e5038a342168496e4e61c4a8014"
  },
  "description": "",
  "faceCount": 4276,
  "createdAt": "2022-01-05T14:23:42.899115",
  "vertexCount": 2240,
  "isAgeRestricted": false,
  "archives": {
    "glb": {
      "textureCount": 1,
      "size": 255256,
      "type": "glb",
      "textureMaxResolution": 2,
      "faceCount": 4276,
      "vertexCount": 8007
    },
    "gltf": {
      "textureCount": 1,
      "size": 65915,
      "type": "gltf",
      "textureMaxResolution": 2,
      "faceCount": 4276,
      "vertexCount": 8007
    },
    "source": {
      "textureCount": null,
      "size": 85821,
      "type": "source",
      "textureMaxResolution": null,
      "faceCount": null,
      "vertexCount": null
    },
    "usdz": {
      "textureCount": null,
      "size": 206693,
      "type": "usdz",
      "textureMaxResolution": null,
      "faceCount": null,
      "vertexCount": null
    }
  },
  "license": "by"
}