{
  "uri": "https://api.sketchfab.com/v3/models/6e157c9456594f95bce1afcf8d84ec1b",
  "uid": "6e157c9456594f95bce1afcf8d84ec1b",
  "name": "B-06-09-2021",
  "staffpickedAt": null,
  "viewCount": 2,
  "likeCount": 0,
  "animationCount": 0,
  "viewerUrl": "https://sketchfab.com/3d-models/6e157c9456594f95bce1afcf8d84ec1b",
  "embedUrl": "https://sketchfab.com/models/6e157c9456594f95bce1afcf8d84ec1b/embed",
  "commentCount": 0,
  "isDownloadable": true,
  "publishedAt": "2021-09-06T05:27:14.378718",
  "tags": [
    {
      "name": "stair",
      "slug": "stair",
      "uri": "https://api.sketchfab.com/v3/tags/stair"
    },
    {
      "name": "staircase",
      "slug": "staircase",
      "uri": "https://api.sketchfab.com/v3/tags/staircase"
    },
    {
      "name": "staircon",
      "slug": "staircon",
      "uri": "https://api.sketchfab.com/v3/tags/staircon"
    }
  ],
  "categories": [],
  "thumbnails": {
    "images": [
      {
        "uid": "cf1d781dd3d240e290f3a728eb951475",
        "size": 221194,
        "width": 1920,
        "url": "https://media.sketchfab.com/models/6e157c9456594f95bce1afcf8d84ec1b/thumbnails/338ced8ebcea4ebfb29c78bb9693ddfe/52cfe54ab77543a2a71971ffe755abc8.jpeg",
        "height": 1080
      },
      {
        "uid": "3b13c2ac59924a02a29b913ef37fa8a7",
        "size": 33532,
        "width": 1024,
        "url": "https://media.sketchfab.com/models/6e157c9456594f95bce1afcf8d84ec1b/thumbnails/338ced8ebcea4ebfb29c78bb9693ddfe/2e3ef2260657430a9e59252d035132cb.jpeg",
        "height": 576
      },
      {
        "uid": "80fdd830d5154c6088bd146aaeac7c90",
        "size": 18760,
        "width": 720,
        "url": "https://media.sketchfab.com/models/6e157c9456594f95bce1afcf8d84ec1b/thumbnails/338ced8ebcea4ebfb29c78bb9693ddfe/9e75336ce4124d25b48c30e296291fcf.jpeg",
        "height": 405
      },
      {
        "uid": "6ae9d41ee9474effb98b81fdb5322f70",
        "size": 4178,
        "width": 256,
        "url": "https://media.sketchfab.com/models/6e157c9456594f95bce1afcf8d84ec1b/thumbnails/338ced8ebcea4ebfb29c78bb9693ddfe/2365731b668245f7bbf07c84ff30bafc.jpeg",
        "height": 144
      },
      {
        "uid": "c99ab847439541659de6f89c9a02ee71",
        "size": 1130,
        "width": 64,
        "url": "https://media.sketchfab.com/models/6e157c9456594f95bce1afcf8d84ec1b/thumbnails/338ced8ebcea4ebfb29c78bb9693ddfe/ef2ab8f00d7443f98a27aad420d07edb.jpeg",
        "height": 36
      }
    ]
  },
  "user": {
    "uid": "09c030f8975641b29d9e2b417303abc4",
    "username": "stolmark",
    "displayName": "Stolmark",
    "profileUrl": "https://sketchfab.com/stolmark",
    "account": "basic",
    "avatar": {
      "uri": "https://api.sketchfab.com/v3/avatars/390219bdd009443d82d15f6544d92b8b",
      "images": [
        {
          "size": 1007,
          "width": 32,
          "url": "https://media.sketchfab.com/avatars/390219bdd009443d82d15f6544d92b8b/e0ef1c73a18945ef973a4c7b585a2781.png",
          "height": 32
        },
        {
          "size": 1657,
          "width": 48,
          "url": "https://media.sketchfab.com/avatars/390219bdd009443d82d15f6544d92b8b/8f2262e356814a5596aea05513f63fb6.png",
          "height": 48
        },
        {
          "size": 4324,
          "width": 90,
          "url": "https://media.sketchfab.com/avatars/390219bdd009443d82d15f6544d92b8b/64fc222d201d46c697463bfa8c5e2964.png",
          "height": 90
        },
        {
          "size": 5327,
          "width": 100,
          "url": "https://media.sketchfab.com/avatars/390219bdd009443d82d15f6544d92b8b/3a67a038ff6b4d228809a83554743779.png",
          "height": 100
        }
      ]
    },
    "uri": "https://api.sketchfab.com/v3/users/09c030f8975641b29d9e2b417303abc4"
  },
  "description": "http://staircon.com/ <br>Export by <b>Stolmark Marek Kesy</b> (lic 6599)",
  "faceCount": 30286,
  "createdAt": "2021-09-06T05:24:26.343665",
  "vertexCount": 16769,
  "isAgeRestricted": false,
  "archives": {
    "glb": {
      "textureCount": 8,
      "size": 2795464,
      "type": "glb",
      "textureMaxResolution": 1024,
      "faceCount": 29685,
      "vertexCount": 53102
    },
    "gltf": {
      "textureCount": 8,
      "size": 1191842,
      "type": "gltf",
      "textureMaxResolution": 1024,
      "faceCount": 29685,
      "vertexCount": 53102
    },
    "source": {
      "textureCount": null,
      "size": 1514840,
      "type": "source",
      "textureMaxResolution": null,
      "faceCount": null,
      "vertexCount": null
    },
    "usdz": {
      "textureCount": null,
      "size": 1567862,
      "type": "usdz",
      "textureMaxResolution": null,
      "faceCount": null,
      "vertexCount": null
    }
  },
  "license": "by"
}