{
  "uri": "https://api.sketchfab.com/v3/models/6e16414ddbde443b9b8ed815b17e9930",
  "uid": "6e16414ddbde443b9b8ed815b17e9930",
  "name": "chestFailed",
  "staffpickedAt": null,
  "viewCount": 2,
  "likeCount": 0,
  "animationCount": 1,
  "viewerUrl": "https://sketchfab.com/3d-models/6e16414ddbde443b9b8ed815b17e9930",
  "embedUrl": "https://sketchfab.com/models/6e16414ddbde443b9b8ed815b17e9930/embed",
  "commentCount": 0,
  "isDownloadable": true,
  "publishedAt": "2021-09-26T16:32:30.406933",
  "tags": [],
  "categories": [],
  "thumbnails": {
    "images": [
      {
        "uid": "37c66d1d749b433d9fdeaa5517850960",
        "size": 36575,
        "width": 1920,
        "url": "https://media.sketchfab.com/models/6e16414ddbde443b9b8ed815b17e9930/thumbnails/3101e204dd1c498cb45f4a7863eabe9d/990fcc4090494a9a80b37e04419865af.jpeg",
        "height": 1080
      },
      {
        "uid": "eb3356307e7546f1a3aa1864578c03ee",
        "size": 11020,
        "width": 1024,
        "url": "https://media.sketchfab.com/models/6e16414ddbde443b9b8ed815b17e9930/thumbnails/3101e204dd1c498cb45f4a7863eabe9d/889379db681d4cb992070a7c7d3ac54c.jpeg",
        "height": 576
      },
      {
        "uid": "16e62fd31b854c148106424795f060ed",
        "size": 6075,
        "width": 720,
        "url": "https://media.sketchfab.com/models/6e16414ddbde443b9b8ed815b17e9930/thumbnails/3101e204dd1c498cb45f4a7863eabe9d/6549bbf428ea407b99a8da37532c4a30.jpeg",
        "height": 405
      },
      {
        "uid": "410517c845ab4036a520064bfb6767e9",
        "size": 1388,
        "width": 256,
        "url": "https://media.sketchfab.com/models/6e16414ddbde443b9b8ed815b17e9930/thumbnails/3101e204dd1c498cb45f4a7863eabe9d/2d34a4a4528b48a985b98eadaeaeb805.jpeg",
        "height": 144
      },
      {
        "uid": "47b93a826ca04fc789b6d999b9739ec2",
        "size": 742,
        "width": 64,
        "url": "https://media.sketchfab.com/models/6e16414ddbde443b9b8ed815b17e9930/thumbnails/3101e204dd1c498cb45f4a7863eabe9d/de53520362cf4343b9e8cd2537b2a0b0.jpeg",
        "height": 36
      }
    ]
  },
  "user": {
    "uid": "b55b35e47ebd4a00919ae27a28636acb",
    "username": "amguard",
    "displayName": "amguard",
    "profileUrl": "https://sketchfab.com/amguard",
    "account": "basic",
    "avatar": {
      "uri": "https://api.sketchfab.com/v3/avatars/78fa317e46024a5283765aa34df5e508",
      "images": [
        {
          "size": 6421,
          "width": 100,
          "url": "https://media.sketchfab.com/avatars/78fa317e46024a5283765aa34df5e508/aec92fe9a74e499c98d759362cd7f02f.jpeg",
          "height": 100
        },
        {
          "size": 2518,
          "width": 48,
          "url": "https://media.sketchfab.com/avatars/78fa317e46024a5283765aa34df5e508/17fa177ffaa344a2b2fc8e78efd40fbb.jpeg",
          "height": 48
        },
        {
          "size": 5653,
          "width": 90,
          "url": "https://media.sketchfab.com/avatars/78fa317e46024a5283765aa34df5e508/02162695bdc840faa3bcb2d418309c5e.jpeg",
          "height": 90
        },
        {
          "size": 1350,
          "width": 32,
          "url": "https://media.sketchfab.com/avatars/78fa317e46024a5283765aa34df5e508/6fde876cbded4cd48d36a76029e3aa02.jpeg",
          "height": 32
        }
      ]
    },
    "uri": "https://api.sketchfab.com/v3/users/b55b35e47ebd4a00919ae27a28636acb"
  },
  "description": "",
  "faceCount": 5160,
  "createdAt": "2021-09-26T15:37:52.363384",
  "vertexCount": 2654,
  "isAgeRestricted": false,
  "archives": {
    "glb": {
      "textureCount": 9,
      "size": 12806548,
      "type": "glb",
      "textureMaxResolution": 2048,
      "faceCount": 5160,
      "vertexCount": 4308
    },
    "gltf": {
      "textureCount": 9,
      "size": 12536365,
      "type": "gltf",
      "textureMaxResolution": 2048,
      "faceCount": 5160,
      "vertexCount": 4308
    },
    "source": {
      "textureCount": null,
      "size": 92300237,
      "type": "source",
      "textureMaxResolution": null,
      "faceCount": null,
      "vertexCount": null
    },
    "usdz": {
      "textureCount": null,
      "size": 1989743,
      "type": "usdz",
      "textureMaxResolution": null,
      "faceCount": null,
      "vertexCount": null
    }
  },
  "license": "by"
}