{
  "uri": "https://api.sketchfab.com/v3/models/6e166906d0bf4c81b946763f9b1fc9ca",
  "uid": "6e166906d0bf4c81b946763f9b1fc9ca",
  "name": "House",
  "staffpickedAt": null,
  "viewCount": 7,
  "likeCount": 0,
  "animationCount": 0,
  "viewerUrl": "https://sketchfab.com/3d-models/6e166906d0bf4c81b946763f9b1fc9ca",
  "embedUrl": "https://sketchfab.com/models/6e166906d0bf4c81b946763f9b1fc9ca/embed",
  "commentCount": 0,
  "isDownloadable": true,
  "publishedAt": "2021-01-21T00:17:59.803684",
  "tags": [],
  "categories": [],
  "thumbnails": {
    "images": [
      {
        "uid": "94d5c0d2fcd34d30b1799a67a50bde7b",
        "size": 78653,
        "width": 1920,
        "url": "https://media.sketchfab.com/models/6e166906d0bf4c81b946763f9b1fc9ca/thumbnails/43f49764902245b999286bf61b632ad6/ad6a25bfc2ee4ee79d02a882e50b2ca2.jpeg",
        "height": 1080
      },
      {
        "uid": "e9794c1dba6840abac14d68b848988af",
        "size": 26165,
        "width": 1024,
        "url": "https://media.sketchfab.com/models/6e166906d0bf4c81b946763f9b1fc9ca/thumbnails/43f49764902245b999286bf61b632ad6/98b5b1e9d9cd4229b7f017059a0cc3cd.jpeg",
        "height": 576
      },
      {
        "uid": "b3b61fc4273741abbbf664c0a7179b80",
        "size": 14590,
        "width": 720,
        "url": "https://media.sketchfab.com/models/6e166906d0bf4c81b946763f9b1fc9ca/thumbnails/43f49764902245b999286bf61b632ad6/85d440a1adb74628ba62430a0380309e.jpeg",
        "height": 405
      },
      {
        "uid": "6ca5cd4e72884d6badcf6245814a58cf",
        "size": 2819,
        "width": 256,
        "url": "https://media.sketchfab.com/models/6e166906d0bf4c81b946763f9b1fc9ca/thumbnails/43f49764902245b999286bf61b632ad6/79b4764c5e854a03ba353d25850935ee.jpeg",
        "height": 144
      },
      {
        "uid": "d1d5db2b97834643a118092215b31a31",
        "size": 694,
        "width": 64,
        "url": "https://media.sketchfab.com/models/6e166906d0bf4c81b946763f9b1fc9ca/thumbnails/43f49764902245b999286bf61b632ad6/585794a7aa9041d487754424706f85d5.jpeg",
        "height": 36
      }
    ]
  },
  "user": {
    "uid": "e18828da356a4357a0b24cb372dc2f96",
    "username": "mattnelsonUC",
    "displayName": "mattnelsonUC",
    "profileUrl": "https://sketchfab.com/mattnelsonUC",
    "account": "basic",
    "avatar": {
      "uri": "https://api.sketchfab.com/v3/avatars/5a60abd05e1f499f8ecef3462403bc98",
      "images": [
        {
          "size": 1888,
          "width": 32,
          "url": "https://media.sketchfab.com/avatars/5a60abd05e1f499f8ecef3462403bc98/447bec613c4c4fee8d2f440b2a05caeb.png",
          "height": 32
        },
        {
          "size": 3426,
          "width": 48,
          "url": "https://media.sketchfab.com/avatars/5a60abd05e1f499f8ecef3462403bc98/0f905b474a214ce7b0014bec29f5b675.png",
          "height": 48
        },
        {
          "size": 7747,
          "width": 90,
          "url": "https://media.sketchfab.com/avatars/5a60abd05e1f499f8ecef3462403bc98/14c9173fded64af996ed91d1dd726d63.png",
          "height": 90
        },
        {
          "size": 8877,
          "width": 100,
          "url": "https://media.sketchfab.com/avatars/5a60abd05e1f499f8ecef3462403bc98/ef975d7bfc4644aaa9588daaa15c1899.png",
          "height": 100
        }
      ]
    },
    "uri": "https://api.sketchfab.com/v3/users/e18828da356a4357a0b24cb372dc2f96"
  },
  "description": "",
  "faceCount": 20,
  "createdAt": "2021-01-21T00:17:45.994736",
  "vertexCount": 12,
  "isAgeRestricted": false,
  "archives": {
    "glb": {
      "textureCount": 1,
      "size": 1475284,
      "type": "glb",
      "textureMaxResolution": 2048,
      "faceCount": 20,
      "vertexCount": 32
    },
    "gltf": {
      "textureCount": 1,
      "size": 1396906,
      "type": "gltf",
      "textureMaxResolution": 2048,
      "faceCount": 20,
      "vertexCount": 32
    },
    "source": {
      "textureCount": null,
      "size": 3458355,
      "type": "source",
      "textureMaxResolution": null,
      "faceCount": null,
      "vertexCount": null
    },
    "usdz": {
      "textureCount": null,
      "size": 1476655,
      "type": "usdz",
      "textureMaxResolution": null,
      "faceCount": null,
      "vertexCount": null
    }
  },
  "license": "by"
}