{
  "uri": "https://api.sketchfab.com/v3/models/6e1655f62c184f78bbb8d8a68d749995",
  "uid": "6e1655f62c184f78bbb8d8a68d749995",
  "name": "Fire Extinguisher",
  "staffpickedAt": null,
  "viewCount": 715,
  "likeCount": 37,
  "animationCount": 0,
  "viewerUrl": "https://sketchfab.com/3d-models/6e1655f62c184f78bbb8d8a68d749995",
  "embedUrl": "https://sketchfab.com/models/6e1655f62c184f78bbb8d8a68d749995/embed",
  "commentCount": 1,
  "isDownloadable": true,
  "publishedAt": "2020-01-10T18:46:17.588624",
  "tags": [
    {
      "name": "truck",
      "slug": "truck",
      "uri": "https://api.sketchfab.com/v3/tags/truck"
    },
    {
      "name": "911",
      "slug": "911",
      "uri": "https://api.sketchfab.com/v3/tags/911"
    },
    {
      "name": "red",
      "slug": "red",
      "uri": "https://api.sketchfab.com/v3/tags/red"
    },
    {
      "name": "historic",
      "slug": "historic",
      "uri": "https://api.sketchfab.com/v3/tags/historic"
    },
    {
      "name": "university",
      "slug": "university",
      "uri": "https://api.sketchfab.com/v3/tags/university"
    },
    {
      "name": "indianapolis",
      "slug": "indianapolis",
      "uri": "https://api.sketchfab.com/v3/tags/indianapolis"
    },
    {
      "name": "vintage",
      "slug": "vintage",
      "uri": "https://api.sketchfab.com/v3/tags/vintage"
    },
    {
      "name": "extinguisher",
      "slug": "extinguisher",
      "uri": "https://api.sketchfab.com/v3/tags/extinguisher"
    },
    {
      "name": "equipment",
      "slug": "equipment",
      "uri": "https://api.sketchfab.com/v3/tags/equipment"
    },
    {
      "name": "indiana",
      "slug": "indiana",
      "uri": "https://api.sketchfab.com/v3/tags/indiana"
    },
    {
      "name": "department",
      "slug": "department",
      "uri": "https://api.sketchfab.com/v3/tags/department"
    },
    {
      "name": "50",
      "slug": "50",
      "uri": "https://api.sketchfab.com/v3/tags/50"
    },
    {
      "name": "metal",
      "slug": "metal",
      "uri": "https://api.sketchfab.com/v3/tags/metal"
    },
    {
      "name": "fire",
      "slug": "fire",
      "uri": "https://api.sketchfab.com/v3/tags/fire"
    },
    {
      "name": "scanned",
      "slug": "scanned",
      "uri": "https://api.sketchfab.com/v3/tags/scanned"
    },
    {
      "name": "smoke",
      "slug": "smoke",
      "uri": "https://api.sketchfab.com/v3/tags/smoke"
    },
    {
      "name": "metallic",
      "slug": "metallic",
      "uri": "https://api.sketchfab.com/v3/tags/metallic"
    },
    {
      "name": "ifd",
      "slug": "ifd",
      "uri": "https://api.sketchfab.com/v3/tags/ifd"
    },
    {
      "name": "iupui",
      "slug": "iupui",
      "uri": "https://api.sketchfab.com/v3/tags/iupui"
    },
    {
      "name": "purdue",
      "slug": "purdue",
      "uri": "https://api.sketchfab.com/v3/tags/purdue"
    },
    {
      "name": "saftey",
      "slug": "saftey",
      "uri": "https://api.sketchfab.com/v3/tags/saftey"
    },
    {
      "name": "3d",
      "slug": "3d",
      "uri": "https://api.sketchfab.com/v3/tags/3d"
    },
    {
      "name": "scan",
      "slug": "scan",
      "uri": "https://api.sketchfab.com/v3/tags/scan"
    },
    {
      "name": "creature",
      "slug": "creature",
      "uri": "https://api.sketchfab.com/v3/tags/creature"
    },
    {
      "name": "history",
      "slug": "history",
      "uri": "https://api.sketchfab.com/v3/tags/history"
    },
    {
      "name": "dept",
      "slug": "dept",
      "uri": "https://api.sketchfab.com/v3/tags/dept"
    }
  ],
  "categories": [
    {
      "name": "cultural-heritage-history"
    },
    {
      "name": "science-technology"
    }
  ],
  "thumbnails": {
    "images": [
      {
        "uid": "feb80a13b1db402a9754e9df9cf5fad0",
        "size": 111366,
        "width": 1920,
        "url": "https://media.sketchfab.com/models/6e1655f62c184f78bbb8d8a68d749995/thumbnails/6ccdf16640364dba922ea4cf08a57955/6ffab0be2f754ec582822ec3aa32bbee.jpeg",
        "height": 1080
      },
      {
        "uid": "e49116f4c42a44a4bc62e5e35d166da3",
        "size": 36158,
        "width": 1024,
        "url": "https://media.sketchfab.com/models/6e1655f62c184f78bbb8d8a68d749995/thumbnails/6ccdf16640364dba922ea4cf08a57955/f66971d79f974f669fa5d5e17fccbfd8.jpeg",
        "height": 576
      },
      {
        "uid": "f22a06298a3e4abeb82bf37f3b4a4b4a",
        "size": 20762,
        "width": 720,
        "url": "https://media.sketchfab.com/models/6e1655f62c184f78bbb8d8a68d749995/thumbnails/6ccdf16640364dba922ea4cf08a57955/c224793375b946c69b79caf395bda29b.jpeg",
        "height": 405
      },
      {
        "uid": "55878f4e7af04d529aca02ff1e4eca81",
        "size": 4279,
        "width": 256,
        "url": "https://media.sketchfab.com/models/6e1655f62c184f78bbb8d8a68d749995/thumbnails/6ccdf16640364dba922ea4cf08a57955/7bc7c5d2e1d84df884e861d2ebce157a.jpeg",
        "height": 144
      },
      {
        "uid": "2418edd590e64186b9176f57a306287d",
        "size": 1112,
        "width": 64,
        "url": "https://media.sketchfab.com/models/6e1655f62c184f78bbb8d8a68d749995/thumbnails/6ccdf16640364dba922ea4cf08a57955/45db7d29dd824cc1a785ae5d6d3944b3.jpeg",
        "height": 36
      }
    ]
  },
  "user": {
    "uid": "a768a9b082e04d8c9fe5ea70cee836b5",
    "username": "connectionsxr",
    "displayName": "Connections XR",
    "profileUrl": "https://sketchfab.com/connectionsxr",
    "account": "prem",
    "avatar": {
      "uri": "https://api.sketchfab.com/v3/avatars/72fe785763d74d669910e0971e5e2c20",
      "images": [
        {
          "size": 1252,
          "width": 32,
          "url": "https://media.sketchfab.com/avatars/72fe785763d74d669910e0971e5e2c20/aba6265b77624372aab3b07e4626bacb.png",
          "height": 32
        },
        {
          "size": 2046,
          "width": 48,
          "url": "https://media.sketchfab.com/avatars/72fe785763d74d669910e0971e5e2c20/c2563137c1284ce281699de310498dc6.png",
          "height": 48
        },
        {
          "size": 4477,
          "width": 90,
          "url": "https://media.sketchfab.com/avatars/72fe785763d74d669910e0971e5e2c20/a923bbc5e20f48ce8e901e6fe4586daa.png",
          "height": 90
        },
        {
          "size": 5144,
          "width": 100,
          "url": "https://media.sketchfab.com/avatars/72fe785763d74d669910e0971e5e2c20/0ce9a59a187f422fa61739803794e063.png",
          "height": 100
        }
      ]
    },
    "uri": "https://api.sketchfab.com/v3/users/a768a9b082e04d8c9fe5ea70cee836b5"
  },
  "description": "This item was 3D scanned using a Creaform Go Scan 50.\n\nFor more information about this object, feel free to visit: https://www.visitindy.com/indianapolis-firefighters-museum-historical-society\n\nFor more information about the 3D Digitization Program at IUPUI visit: https://www.ulib.iupui.edu/digitalscholarship/3ddig",
  "faceCount": 1343251,
  "createdAt": "2020-01-10T18:42:28.083805",
  "vertexCount": 671645,
  "isAgeRestricted": false,
  "archives": {
    "glb": {
      "textureCount": 1,
      "size": 48833420,
      "type": "glb",
      "textureMaxResolution": 2048,
      "faceCount": 1343251,
      "vertexCount": 925780
    },
    "gltf": {
      "textureCount": 1,
      "size": 32901461,
      "type": "gltf",
      "textureMaxResolution": 2048,
      "faceCount": 1343251,
      "vertexCount": 925780
    },
    "source": {
      "textureCount": null,
      "size": 100887255,
      "type": "source",
      "textureMaxResolution": null,
      "faceCount": null,
      "vertexCount": null
    },
    "usdz": {
      "textureCount": null,
      "size": 34358851,
      "type": "usdz",
      "textureMaxResolution": null,
      "faceCount": null,
      "vertexCount": null
    }
  },
  "license": "by"
}