{
  "uri": "https://api.sketchfab.com/v3/models/6e197e79254b430da1addd32b2842e51",
  "uid": "6e197e79254b430da1addd32b2842e51",
  "name": "Horno - Inflatable - Interior",
  "staffpickedAt": null,
  "viewCount": 1,
  "likeCount": 0,
  "animationCount": 0,
  "viewerUrl": "https://sketchfab.com/3d-models/6e197e79254b430da1addd32b2842e51",
  "embedUrl": "https://sketchfab.com/models/6e197e79254b430da1addd32b2842e51/embed",
  "commentCount": 0,
  "isDownloadable": true,
  "publishedAt": "2022-05-08T00:21:06.585069",
  "tags": [
    {
      "name": "3dscannerapp",
      "slug": "3dscannerapp",
      "uri": "https://api.sketchfab.com/v3/tags/3dscannerapp"
    }
  ],
  "categories": [],
  "thumbnails": {
    "images": [
      {
        "uid": "623582a94fba46fa9519da4a551d7055",
        "size": 89703,
        "width": 1920,
        "url": "https://media.sketchfab.com/models/6e197e79254b430da1addd32b2842e51/thumbnails/54b79bb8ec82457b956c13da59acf01b/77858d89c8ec43f7b4022f8217fb1472.jpeg",
        "height": 1080
      },
      {
        "uid": "7a9252b9a01d45f68222d4c208533b28",
        "size": 28259,
        "width": 1024,
        "url": "https://media.sketchfab.com/models/6e197e79254b430da1addd32b2842e51/thumbnails/54b79bb8ec82457b956c13da59acf01b/88d8c9a72ac149618d2e118b62b6511c.jpeg",
        "height": 576
      },
      {
        "uid": "ddebdda8c40749f0a290878feb51cc9f",
        "size": 15707,
        "width": 720,
        "url": "https://media.sketchfab.com/models/6e197e79254b430da1addd32b2842e51/thumbnails/54b79bb8ec82457b956c13da59acf01b/0bd49f170e38499e9d76d5d8b12f4989.jpeg",
        "height": 405
      },
      {
        "uid": "5b2dad0ac7714089ad35cbcd7e30201f",
        "size": 3138,
        "width": 256,
        "url": "https://media.sketchfab.com/models/6e197e79254b430da1addd32b2842e51/thumbnails/54b79bb8ec82457b956c13da59acf01b/1dce5002dc1e44b4bfe8ba18e8f56397.jpeg",
        "height": 144
      },
      {
        "uid": "999f42e3fa7a482fbc6931aab9e8c0a9",
        "size": 956,
        "width": 64,
        "url": "https://media.sketchfab.com/models/6e197e79254b430da1addd32b2842e51/thumbnails/54b79bb8ec82457b956c13da59acf01b/6d7a276661f841b4b0aa1561ff07b08d.jpeg",
        "height": 36
      }
    ]
  },
  "user": {
    "uid": "8be4e90f0d6044b3bd013c440c71098f",
    "username": "louis.curson",
    "displayName": "louis.curson",
    "profileUrl": "https://sketchfab.com/louis.curson",
    "account": "basic",
    "avatar": {
      "uri": "https://api.sketchfab.com/v3/avatars/78fa317e46024a5283765aa34df5e508",
      "images": [
        {
          "size": 6421,
          "width": 100,
          "url": "https://media.sketchfab.com/avatars/78fa317e46024a5283765aa34df5e508/aec92fe9a74e499c98d759362cd7f02f.jpeg",
          "height": 100
        },
        {
          "size": 2518,
          "width": 48,
          "url": "https://media.sketchfab.com/avatars/78fa317e46024a5283765aa34df5e508/17fa177ffaa344a2b2fc8e78efd40fbb.jpeg",
          "height": 48
        },
        {
          "size": 5653,
          "width": 90,
          "url": "https://media.sketchfab.com/avatars/78fa317e46024a5283765aa34df5e508/02162695bdc840faa3bcb2d418309c5e.jpeg",
          "height": 90
        },
        {
          "size": 1350,
          "width": 32,
          "url": "https://media.sketchfab.com/avatars/78fa317e46024a5283765aa34df5e508/6fde876cbded4cd48d36a76029e3aa02.jpeg",
          "height": 32
        }
      ]
    },
    "uri": "https://api.sketchfab.com/v3/users/8be4e90f0d6044b3bd013c440c71098f"
  },
  "description": "Uploaded with 3dScannerApp.com",
  "faceCount": 32235,
  "createdAt": "2022-05-08T00:20:32.089329",
  "vertexCount": 15679,
  "isAgeRestricted": false,
  "archives": {
    "glb": {
      "textureCount": 1,
      "size": 8129644,
      "type": "glb",
      "textureMaxResolution": 8192,
      "faceCount": 31176,
      "vertexCount": 18071
    },
    "gltf": {
      "textureCount": 1,
      "size": 6856248,
      "type": "gltf",
      "textureMaxResolution": 8192,
      "faceCount": 31176,
      "vertexCount": 18071
    },
    "source": {
      "textureCount": null,
      "size": 8094908,
      "type": "source",
      "textureMaxResolution": null,
      "faceCount": null,
      "vertexCount": null
    },
    "usdz": {
      "textureCount": null,
      "size": 2095012,
      "type": "usdz",
      "textureMaxResolution": null,
      "faceCount": null,
      "vertexCount": null
    }
  },
  "license": "by"
}