{
  "uri": "https://api.sketchfab.com/v3/models/6e228f8486814a8c8c12b7d47b163830",
  "uid": "6e228f8486814a8c8c12b7d47b163830",
  "name": "Mr.Brainy (superhero)",
  "staffpickedAt": null,
  "viewCount": 106,
  "likeCount": 8,
  "animationCount": 0,
  "viewerUrl": "https://sketchfab.com/3d-models/6e228f8486814a8c8c12b7d47b163830",
  "embedUrl": "https://sketchfab.com/models/6e228f8486814a8c8c12b7d47b163830/embed",
  "commentCount": 0,
  "isDownloadable": true,
  "publishedAt": "2021-04-04T07:42:27.637673",
  "tags": [
    {
      "name": "brain",
      "slug": "brain",
      "uri": "https://api.sketchfab.com/v3/tags/brain"
    },
    {
      "name": "scientist",
      "slug": "scientist",
      "uri": "https://api.sketchfab.com/v3/tags/scientist"
    },
    {
      "name": "pandemic",
      "slug": "pandemic",
      "uri": "https://api.sketchfab.com/v3/tags/pandemic"
    },
    {
      "name": "vaccine",
      "slug": "vaccine",
      "uri": "https://api.sketchfab.com/v3/tags/vaccine"
    },
    {
      "name": "brainy",
      "slug": "brainy",
      "uri": "https://api.sketchfab.com/v3/tags/brainy"
    },
    {
      "name": "marvelmanogna",
      "slug": "marvelmanogna",
      "uri": "https://api.sketchfab.com/v3/tags/marvelmanogna"
    },
    {
      "name": "storesuperherochallenge",
      "slug": "storesuperherochallenge",
      "uri": "https://api.sketchfab.com/v3/tags/storesuperherochallenge"
    }
  ],
  "categories": [
    {
      "name": "characters-creatures"
    },
    {
      "name": "science-technology"
    }
  ],
  "thumbnails": {
    "images": [
      {
        "uid": "3fe584cadcf745bbb0c715e89068c913",
        "size": 297535,
        "width": 1920,
        "url": "https://media.sketchfab.com/models/6e228f8486814a8c8c12b7d47b163830/thumbnails/27f91f9c80614787838d621c12f0a0c8/002a0db1625544ffb796b376acf2b3d6.jpeg",
        "height": 1080
      },
      {
        "uid": "f0f752a78ae44d84b251f9a7de7d0362",
        "size": 40364,
        "width": 1024,
        "url": "https://media.sketchfab.com/models/6e228f8486814a8c8c12b7d47b163830/thumbnails/27f91f9c80614787838d621c12f0a0c8/a75822eb1ba0418c8d590b09b40b0b32.jpeg",
        "height": 576
      },
      {
        "uid": "4e5641dd288848ae86cf90083532e205",
        "size": 17745,
        "width": 720,
        "url": "https://media.sketchfab.com/models/6e228f8486814a8c8c12b7d47b163830/thumbnails/27f91f9c80614787838d621c12f0a0c8/14bd2d3bd96c4678a9a260cea44dc8e1.jpeg",
        "height": 405
      },
      {
        "uid": "98ca287b282c4005ae91c0232dd4c9b3",
        "size": 3231,
        "width": 256,
        "url": "https://media.sketchfab.com/models/6e228f8486814a8c8c12b7d47b163830/thumbnails/27f91f9c80614787838d621c12f0a0c8/2cb4d144958945578aa0c0395400cf0e.jpeg",
        "height": 144
      },
      {
        "uid": "b4e278cf9db44bffa6f3da60e210d636",
        "size": 673,
        "width": 64,
        "url": "https://media.sketchfab.com/models/6e228f8486814a8c8c12b7d47b163830/thumbnails/27f91f9c80614787838d621c12f0a0c8/833c2a98cc5e4e8dac41797a1c619abf.jpeg",
        "height": 36
      }
    ]
  },
  "user": {
    "uid": "696fe63b2f324075b94d0be8f91d286f",
    "username": "manogna",
    "displayName": "manogna",
    "profileUrl": "https://sketchfab.com/manogna",
    "account": "basic",
    "avatar": {
      "uri": "https://api.sketchfab.com/v3/avatars/6e8334d5802e4a36b0599b9b2aa799c7",
      "images": [
        {
          "size": 822,
          "width": 32,
          "url": "https://media.sketchfab.com/avatars/6e8334d5802e4a36b0599b9b2aa799c7/225555c8d0bb414ca833337860b57fab.jpeg",
          "height": 32
        },
        {
          "size": 1352,
          "width": 48,
          "url": "https://media.sketchfab.com/avatars/6e8334d5802e4a36b0599b9b2aa799c7/d86e3795d9884f9c87cae46fe2f53a01.jpeg",
          "height": 48
        },
        {
          "size": 3610,
          "width": 90,
          "url": "https://media.sketchfab.com/avatars/6e8334d5802e4a36b0599b9b2aa799c7/08fac4b07ca34490bde4a147b49e3376.jpeg",
          "height": 90
        },
        {
          "size": 4320,
          "width": 100,
          "url": "https://media.sketchfab.com/avatars/6e8334d5802e4a36b0599b9b2aa799c7/2808c0014f524d8e8557f938072971dc.jpeg",
          "height": 100
        }
      ]
    },
    "uri": "https://api.sketchfab.com/v3/users/696fe63b2f324075b94d0be8f91d286f"
  },
  "description": "Entry for StoreSuperheroChallenge.\nMy superhero name  is Brainy, he represents the strength of  human brain.\nHis superpowers are inventing, good memory power, naughty, etc.\nIn the scene he is inventing vaccine for covid-19 to save the World from this pandemic\n.",
  "faceCount": 119384,
  "createdAt": "2021-04-04T07:20:56.626600",
  "vertexCount": 59768,
  "isAgeRestricted": false,
  "archives": {
    "glb": {
      "textureCount": 0,
      "size": 4373760,
      "type": "glb",
      "textureMaxResolution": 0,
      "faceCount": 119384,
      "vertexCount": 60855
    },
    "gltf": {
      "textureCount": 0,
      "size": 2116288,
      "type": "gltf",
      "textureMaxResolution": 0,
      "faceCount": 119384,
      "vertexCount": 60855
    },
    "source": {
      "textureCount": null,
      "size": 3711138,
      "type": "source",
      "textureMaxResolution": null,
      "faceCount": null,
      "vertexCount": null
    },
    "usdz": {
      "textureCount": null,
      "size": 1676869,
      "type": "usdz",
      "textureMaxResolution": null,
      "faceCount": null,
      "vertexCount": null
    }
  },
  "license": "by"
}