{
  "uri": "https://api.sketchfab.com/v3/models/6e22295c80584956babcfee328194171",
  "uid": "6e22295c80584956babcfee328194171",
  "name": "Residência Jorge",
  "staffpickedAt": null,
  "viewCount": 217,
  "likeCount": 2,
  "animationCount": 0,
  "viewerUrl": "https://sketchfab.com/3d-models/6e22295c80584956babcfee328194171",
  "embedUrl": "https://sketchfab.com/models/6e22295c80584956babcfee328194171/embed",
  "commentCount": 0,
  "isDownloadable": true,
  "publishedAt": "2020-09-11T21:35:51.380632",
  "tags": [],
  "categories": [],
  "thumbnails": {
    "images": [
      {
        "uid": "b9c6031f8dc240c585b569061391ea97",
        "size": 111538,
        "width": 1920,
        "url": "https://media.sketchfab.com/models/6e22295c80584956babcfee328194171/thumbnails/5c3de33b7f304668a10c24ae2b0c0793/e748547e571141f5a658f387ccb8d57b.jpeg",
        "height": 1080
      },
      {
        "uid": "d1bb132ac2e447cf87a1346313e44a3a",
        "size": 43347,
        "width": 1024,
        "url": "https://media.sketchfab.com/models/6e22295c80584956babcfee328194171/thumbnails/5c3de33b7f304668a10c24ae2b0c0793/eeb25072dae64057bb80e0ab92289d89.jpeg",
        "height": 576
      },
      {
        "uid": "f10c99f2345c4bfcb1ced00de4d9f581",
        "size": 26146,
        "width": 720,
        "url": "https://media.sketchfab.com/models/6e22295c80584956babcfee328194171/thumbnails/5c3de33b7f304668a10c24ae2b0c0793/23c0baf4d5c14b96a5287501e7cfba2c.jpeg",
        "height": 405
      },
      {
        "uid": "56cebb0c03a44fc4bd1290f46b6d1a8c",
        "size": 5362,
        "width": 256,
        "url": "https://media.sketchfab.com/models/6e22295c80584956babcfee328194171/thumbnails/5c3de33b7f304668a10c24ae2b0c0793/3165834ac16f427b85b5e8bf7406e112.jpeg",
        "height": 144
      },
      {
        "uid": "a2daa333f8a94f3cb96fe588ae758225",
        "size": 859,
        "width": 64,
        "url": "https://media.sketchfab.com/models/6e22295c80584956babcfee328194171/thumbnails/5c3de33b7f304668a10c24ae2b0c0793/c3d70bd7463f4ca4bef063e6fa31ded3.jpeg",
        "height": 36
      }
    ]
  },
  "user": {
    "uid": "e9b85615e09347528cc7d23e7f0f9454",
    "username": "Engenheirobrenooliveira",
    "displayName": "Breno Oliveira Engenharia",
    "profileUrl": "https://sketchfab.com/Engenheirobrenooliveira",
    "account": "basic",
    "avatar": {
      "uri": "https://api.sketchfab.com/v3/avatars/359f2405d58a49ee91c8145d3b87a775",
      "images": [
        {
          "size": 1547,
          "width": 32,
          "url": "https://media.sketchfab.com/avatars/359f2405d58a49ee91c8145d3b87a775/c6e1cf32d28a45278b5ac7c919d00f54.png",
          "height": 32
        },
        {
          "size": 3047,
          "width": 48,
          "url": "https://media.sketchfab.com/avatars/359f2405d58a49ee91c8145d3b87a775/3447b3de2d6d455b8f23ac4047f400fb.png",
          "height": 48
        },
        {
          "size": 9149,
          "width": 90,
          "url": "https://media.sketchfab.com/avatars/359f2405d58a49ee91c8145d3b87a775/feb71d13eeae46fbb7d92d7283d345e9.png",
          "height": 90
        },
        {
          "size": 10940,
          "width": 100,
          "url": "https://media.sketchfab.com/avatars/359f2405d58a49ee91c8145d3b87a775/b2f3f3331f444ae98ebced5f576a6e3d.png",
          "height": 100
        }
      ]
    },
    "uri": "https://api.sketchfab.com/v3/users/e9b85615e09347528cc7d23e7f0f9454"
  },
  "description": "Final",
  "faceCount": 70184,
  "createdAt": "2020-09-11T21:31:32.835288",
  "vertexCount": 25776,
  "isAgeRestricted": false,
  "archives": {
    "glb": {
      "textureCount": 0,
      "size": 1833568,
      "type": "glb",
      "textureMaxResolution": 0,
      "faceCount": 27609,
      "vertexCount": 37336
    },
    "gltf": {
      "textureCount": 0,
      "size": 245908,
      "type": "gltf",
      "textureMaxResolution": 0,
      "faceCount": 27609,
      "vertexCount": 37336
    },
    "source": {
      "textureCount": null,
      "size": 8331496,
      "type": "source",
      "textureMaxResolution": null,
      "faceCount": null,
      "vertexCount": null
    },
    "usdz": {
      "textureCount": null,
      "size": 996141,
      "type": "usdz",
      "textureMaxResolution": null,
      "faceCount": null,
      "vertexCount": null
    }
  },
  "license": "by"
}