{
  "uri": "https://api.sketchfab.com/v3/models/6e2790597fef446ca31eb4029c116eef",
  "uid": "6e2790597fef446ca31eb4029c116eef",
  "name": "Australian Old School Bench",
  "staffpickedAt": null,
  "viewCount": 5,
  "likeCount": 1,
  "animationCount": 0,
  "viewerUrl": "https://sketchfab.com/3d-models/6e2790597fef446ca31eb4029c116eef",
  "embedUrl": "https://sketchfab.com/models/6e2790597fef446ca31eb4029c116eef/embed",
  "commentCount": 0,
  "isDownloadable": true,
  "publishedAt": "2021-07-24T10:19:02.819940",
  "tags": [
    {
      "name": "bench",
      "slug": "bench",
      "uri": "https://api.sketchfab.com/v3/tags/bench"
    }
  ],
  "categories": [],
  "thumbnails": {
    "images": [
      {
        "uid": "14b2996da3cf4fed8ed94b9c1be7d858",
        "size": 225520,
        "width": 1920,
        "url": "https://media.sketchfab.com/models/6e2790597fef446ca31eb4029c116eef/thumbnails/015e0029961b4106854bf92566b65566/a40c3114416b4820934f88652edb0639.jpeg",
        "height": 1080
      },
      {
        "uid": "b59eb08c1e834952a988f1a498aced71",
        "size": 78745,
        "width": 1024,
        "url": "https://media.sketchfab.com/models/6e2790597fef446ca31eb4029c116eef/thumbnails/015e0029961b4106854bf92566b65566/53911ba207f443bdb0590f0586c46dc9.jpeg",
        "height": 576
      },
      {
        "uid": "5b5cd60e2b9d4b078d1010ddab7dfacf",
        "size": 45411,
        "width": 720,
        "url": "https://media.sketchfab.com/models/6e2790597fef446ca31eb4029c116eef/thumbnails/015e0029961b4106854bf92566b65566/707344772a4b4cd0a555791ed4c3d231.jpeg",
        "height": 405
      },
      {
        "uid": "7d18aed6f83f4d5bbfb42ece32e22df9",
        "size": 8762,
        "width": 256,
        "url": "https://media.sketchfab.com/models/6e2790597fef446ca31eb4029c116eef/thumbnails/015e0029961b4106854bf92566b65566/5c5fb6c33bec4e6889170d96bf8a6873.jpeg",
        "height": 144
      },
      {
        "uid": "d2d70324f905463e8ae80c357c9ff4d4",
        "size": 1537,
        "width": 64,
        "url": "https://media.sketchfab.com/models/6e2790597fef446ca31eb4029c116eef/thumbnails/015e0029961b4106854bf92566b65566/347fbf5c83fb414b83b9e3bd94abf686.jpeg",
        "height": 36
      }
    ]
  },
  "user": {
    "uid": "8aa96bc46a4f49e6a14625c956f3b0f7",
    "username": "jimmygunawan",
    "displayName": "Jimmy Gunawan",
    "profileUrl": "https://sketchfab.com/jimmygunawan",
    "account": "basic",
    "avatar": {
      "uri": "https://api.sketchfab.com/v3/avatars/c2e855a11f48489e9646310840bac501",
      "images": [
        {
          "size": 1927,
          "width": 32,
          "url": "https://media.sketchfab.com/avatars/c2e855a11f48489e9646310840bac501/acda410095e9443aa165cc83b4a72412.png",
          "height": 32
        },
        {
          "size": 3701,
          "width": 48,
          "url": "https://media.sketchfab.com/avatars/c2e855a11f48489e9646310840bac501/b18d3c528d834162813ca0a67b6bb502.png",
          "height": 48
        },
        {
          "size": 10905,
          "width": 90,
          "url": "https://media.sketchfab.com/avatars/c2e855a11f48489e9646310840bac501/493426508eab4cb09f5dcb85830f01e8.png",
          "height": 90
        },
        {
          "size": 13153,
          "width": 100,
          "url": "https://media.sketchfab.com/avatars/c2e855a11f48489e9646310840bac501/0b8a0d0ef71b411eb12c0dd815cabea9.png",
          "height": 100
        }
      ]
    },
    "uri": "https://api.sketchfab.com/v3/users/8aa96bc46a4f49e6a14625c956f3b0f7"
  },
  "description": "Shot at night time by simply taking photos around the front part of the bench.",
  "faceCount": 61364,
  "createdAt": "2021-07-24T10:14:46.494314",
  "vertexCount": 30820,
  "isAgeRestricted": false,
  "archives": {
    "glb": {
      "textureCount": 3,
      "size": 34076052,
      "type": "glb",
      "textureMaxResolution": 4096,
      "faceCount": 61364,
      "vertexCount": 35119
    },
    "gltf": {
      "textureCount": 3,
      "size": 33370137,
      "type": "gltf",
      "textureMaxResolution": 4096,
      "faceCount": 61364,
      "vertexCount": 35119
    },
    "source": {
      "textureCount": null,
      "size": 81288063,
      "type": "source",
      "textureMaxResolution": null,
      "faceCount": null,
      "vertexCount": null
    },
    "usdz": {
      "textureCount": null,
      "size": 4493551,
      "type": "usdz",
      "textureMaxResolution": null,
      "faceCount": null,
      "vertexCount": null
    }
  },
  "license": "by"
}