{
  "uri": "https://api.sketchfab.com/v3/models/6e272211da374485ad677cb59c751a05",
  "uid": "6e272211da374485ad677cb59c751a05",
  "name": "Card_01_Earth",
  "staffpickedAt": null,
  "viewCount": 55,
  "likeCount": 3,
  "animationCount": 0,
  "viewerUrl": "https://sketchfab.com/3d-models/6e272211da374485ad677cb59c751a05",
  "embedUrl": "https://sketchfab.com/models/6e272211da374485ad677cb59c751a05/embed",
  "commentCount": 0,
  "isDownloadable": true,
  "publishedAt": "2020-12-19T10:07:39.039041",
  "tags": [],
  "categories": [],
  "thumbnails": {
    "images": [
      {
        "uid": "7cc474e517594a9286489f0381956841",
        "size": 76612,
        "width": 1920,
        "url": "https://media.sketchfab.com/models/6e272211da374485ad677cb59c751a05/thumbnails/8c6ab2e8b98344aaa6703c779b79426f/e05786e15d7747ceaf120e7c2b80d3ce.jpeg",
        "height": 1080
      },
      {
        "uid": "c1edaf0ccc16435aa8fba437e94ce7ef",
        "size": 28064,
        "width": 1024,
        "url": "https://media.sketchfab.com/models/6e272211da374485ad677cb59c751a05/thumbnails/8c6ab2e8b98344aaa6703c779b79426f/8aa97b703b2f4dac94406f368c08c0c7.jpeg",
        "height": 576
      },
      {
        "uid": "11d1b54ba33648d29591bfb7ccf5bf16",
        "size": 16883,
        "width": 720,
        "url": "https://media.sketchfab.com/models/6e272211da374485ad677cb59c751a05/thumbnails/8c6ab2e8b98344aaa6703c779b79426f/e5ff55250ad44bdeaca3e14a2d4f84e8.jpeg",
        "height": 405
      },
      {
        "uid": "f30c4ea3a6ac4990939b69f9b3a65ecc",
        "size": 3844,
        "width": 256,
        "url": "https://media.sketchfab.com/models/6e272211da374485ad677cb59c751a05/thumbnails/8c6ab2e8b98344aaa6703c779b79426f/8a23c16e88864d61aa14b5a5b28b82ec.jpeg",
        "height": 144
      },
      {
        "uid": "0296d4a881b24393a32474d5ae14c41f",
        "size": 742,
        "width": 64,
        "url": "https://media.sketchfab.com/models/6e272211da374485ad677cb59c751a05/thumbnails/8c6ab2e8b98344aaa6703c779b79426f/27ed92fe01814d7aa3393777444e94f0.jpeg",
        "height": 36
      }
    ]
  },
  "user": {
    "uid": "ca6926c4d9444ae883359ceb4cb7ce53",
    "username": "AustinHicks",
    "displayName": "Austin Hicks",
    "profileUrl": "https://sketchfab.com/AustinHicks",
    "account": "basic",
    "avatar": {
      "uri": "https://api.sketchfab.com/v3/avatars/e0446754afe94d2583122b01fcafcbb2",
      "images": [
        {
          "size": 2644,
          "width": 100,
          "url": "https://media.sketchfab.com/avatars/e0446754afe94d2583122b01fcafcbb2/36dc4e8ecaf64594a0aaa863a66e29eb.jpeg",
          "height": 100
        },
        {
          "size": 2299,
          "width": 90,
          "url": "https://media.sketchfab.com/avatars/e0446754afe94d2583122b01fcafcbb2/5c2078bfbf0f4ae68f42fb79c5c1e6c2.jpeg",
          "height": 90
        },
        {
          "size": 1115,
          "width": 48,
          "url": "https://media.sketchfab.com/avatars/e0446754afe94d2583122b01fcafcbb2/491516237978402ebd9f281f6a362070.jpeg",
          "height": 48
        },
        {
          "size": 728,
          "width": 32,
          "url": "https://media.sketchfab.com/avatars/e0446754afe94d2583122b01fcafcbb2/7ad4211766a94aa3ac277e2b31381b2b.jpeg",
          "height": 32
        }
      ]
    },
    "uri": "https://api.sketchfab.com/v3/users/ca6926c4d9444ae883359ceb4cb7ce53"
  },
  "description": "",
  "faceCount": 12416,
  "createdAt": "2020-12-08T04:45:10.099411",
  "vertexCount": 6465,
  "isAgeRestricted": false,
  "archives": {
    "glb": {
      "textureCount": 0,
      "size": 441496,
      "type": "glb",
      "textureMaxResolution": 0,
      "faceCount": 12416,
      "vertexCount": 9075
    },
    "gltf": {
      "textureCount": 0,
      "size": 185697,
      "type": "gltf",
      "textureMaxResolution": 0,
      "faceCount": 12416,
      "vertexCount": 9075
    },
    "source": {
      "textureCount": null,
      "size": 313090,
      "type": "source",
      "textureMaxResolution": null,
      "faceCount": null,
      "vertexCount": null
    },
    "usdz": {
      "textureCount": null,
      "size": 228422,
      "type": "usdz",
      "textureMaxResolution": null,
      "faceCount": null,
      "vertexCount": null
    }
  },
  "license": "by"
}