{
  "uri": "https://api.sketchfab.com/v3/models/6e2bffbd61ff473dbca7ed16a08c074e",
  "uid": "6e2bffbd61ff473dbca7ed16a08c074e",
  "name": "New York Studio",
  "staffpickedAt": null,
  "viewCount": 5,
  "likeCount": 0,
  "animationCount": 0,
  "viewerUrl": "https://sketchfab.com/3d-models/6e2bffbd61ff473dbca7ed16a08c074e",
  "embedUrl": "https://sketchfab.com/models/6e2bffbd61ff473dbca7ed16a08c074e/embed",
  "commentCount": 0,
  "isDownloadable": true,
  "publishedAt": "2021-08-17T22:10:55.520259",
  "tags": [
    {
      "name": "3d",
      "slug": "3d",
      "uri": "https://api.sketchfab.com/v3/tags/3d"
    },
    {
      "name": "design",
      "slug": "design",
      "uri": "https://api.sketchfab.com/v3/tags/design"
    },
    {
      "name": "home",
      "slug": "home",
      "uri": "https://api.sketchfab.com/v3/tags/home"
    }
  ],
  "categories": [],
  "thumbnails": {
    "images": [
      {
        "uid": "b0a7b38552e14628bfdb955a40947b3b",
        "size": 68004,
        "width": 1920,
        "url": "https://media.sketchfab.com/models/6e2bffbd61ff473dbca7ed16a08c074e/thumbnails/edc5b1424216449ebacd1b8bb34fe4a5/3ab2523b180c4b20944770363b2d09ac.jpeg",
        "height": 1080
      },
      {
        "uid": "5d4949122fcd4cc29fee7820797a1631",
        "size": 20660,
        "width": 1024,
        "url": "https://media.sketchfab.com/models/6e2bffbd61ff473dbca7ed16a08c074e/thumbnails/edc5b1424216449ebacd1b8bb34fe4a5/0a4401e864f94e36b99f8aa924a45c1e.jpeg",
        "height": 576
      },
      {
        "uid": "8a6b207596af4ceb93a38d906e3b7b16",
        "size": 11354,
        "width": 720,
        "url": "https://media.sketchfab.com/models/6e2bffbd61ff473dbca7ed16a08c074e/thumbnails/edc5b1424216449ebacd1b8bb34fe4a5/376a66df6bca4bd08ace64daef4eac74.jpeg",
        "height": 405
      },
      {
        "uid": "da3f38a47ec5475b95d8b4ea50f9fe7d",
        "size": 2459,
        "width": 256,
        "url": "https://media.sketchfab.com/models/6e2bffbd61ff473dbca7ed16a08c074e/thumbnails/edc5b1424216449ebacd1b8bb34fe4a5/5c5eb3f384fd4ec99b3eff9ac93d8b9f.jpeg",
        "height": 144
      },
      {
        "uid": "45a3046064634986bdfa2eb7393b6913",
        "size": 825,
        "width": 64,
        "url": "https://media.sketchfab.com/models/6e2bffbd61ff473dbca7ed16a08c074e/thumbnails/edc5b1424216449ebacd1b8bb34fe4a5/86aa2e9bc44c436087b27c8cf1b1a934.jpeg",
        "height": 36
      }
    ]
  },
  "user": {
    "uid": "690dba639c13453e8f162de87edff67f",
    "username": "homedesign3d",
    "displayName": "Home Design 3D",
    "profileUrl": "https://sketchfab.com/homedesign3d",
    "account": "prem",
    "avatar": {
      "uri": "https://api.sketchfab.com/v3/avatars/a071741bdf9940f4ae18e8040a61faa5",
      "images": [
        {
          "size": 4544,
          "width": 32,
          "url": "https://media.sketchfab.com/avatars/a071741bdf9940f4ae18e8040a61faa5/6f2293831ab94491bf20fa1c17751abd.png",
          "height": 32
        },
        {
          "size": 5982,
          "width": 48,
          "url": "https://media.sketchfab.com/avatars/a071741bdf9940f4ae18e8040a61faa5/32acfb38b1134650ab27e179a9843a0c.png",
          "height": 48
        },
        {
          "size": 10325,
          "width": 90,
          "url": "https://media.sketchfab.com/avatars/a071741bdf9940f4ae18e8040a61faa5/25d5af261a64421a9a264ea6096f3c4c.png",
          "height": 90
        },
        {
          "size": 11374,
          "width": 100,
          "url": "https://media.sketchfab.com/avatars/a071741bdf9940f4ae18e8040a61faa5/de3e5d11ac71483bbb8b70f962bd587f.png",
          "height": 100
        }
      ]
    },
    "uri": "https://api.sketchfab.com/v3/users/690dba639c13453e8f162de87edff67f"
  },
  "description": "Home Design 3D",
  "faceCount": 125566,
  "createdAt": "2021-08-17T22:07:58.959246",
  "vertexCount": 102559,
  "isAgeRestricted": false,
  "archives": {
    "glb": {
      "textureCount": 50,
      "size": 9769568,
      "type": "glb",
      "textureMaxResolution": 1024,
      "faceCount": 125557,
      "vertexCount": 139614
    },
    "gltf": {
      "textureCount": 50,
      "size": 5642909,
      "type": "gltf",
      "textureMaxResolution": 1024,
      "faceCount": 125557,
      "vertexCount": 139614
    },
    "source": {
      "textureCount": null,
      "size": 12304364,
      "type": "source",
      "textureMaxResolution": null,
      "faceCount": null,
      "vertexCount": null
    },
    "usdz": {
      "textureCount": null,
      "size": 8285263,
      "type": "usdz",
      "textureMaxResolution": null,
      "faceCount": null,
      "vertexCount": null
    }
  },
  "license": "by-nc-sa"
}