{
  "uri": "https://api.sketchfab.com/v3/models/6e2b07084d4a4e0aa4c5602fa7a04cf0",
  "uid": "6e2b07084d4a4e0aa4c5602fa7a04cf0",
  "name": "C Feathers",
  "staffpickedAt": null,
  "viewCount": 34,
  "likeCount": 1,
  "animationCount": 0,
  "viewerUrl": "https://sketchfab.com/3d-models/6e2b07084d4a4e0aa4c5602fa7a04cf0",
  "embedUrl": "https://sketchfab.com/models/6e2b07084d4a4e0aa4c5602fa7a04cf0/embed",
  "commentCount": 0,
  "isDownloadable": true,
  "publishedAt": "2021-03-07T20:55:00.744563",
  "tags": [
    {
      "name": "feathers",
      "slug": "feathers",
      "uri": "https://api.sketchfab.com/v3/tags/feathers"
    },
    {
      "name": "condor",
      "slug": "condor",
      "uri": "https://api.sketchfab.com/v3/tags/condor"
    },
    {
      "name": "ckuta",
      "slug": "ckuta",
      "uri": "https://api.sketchfab.com/v3/tags/ckuta"
    }
  ],
  "categories": [
    {
      "name": "art-abstract"
    }
  ],
  "thumbnails": {
    "images": [
      {
        "uid": "612ec4e27efe412b955d85330b8b8ad2",
        "size": 45414,
        "width": 1920,
        "url": "https://media.sketchfab.com/models/6e2b07084d4a4e0aa4c5602fa7a04cf0/thumbnails/02313a358cd74f63bf381e5e27e7c2c7/2308a02c295142e583cb46426f462ba0.jpeg",
        "height": 1080
      },
      {
        "uid": "123e4c5944ff41ffa7a83c9146f4567f",
        "size": 16073,
        "width": 1024,
        "url": "https://media.sketchfab.com/models/6e2b07084d4a4e0aa4c5602fa7a04cf0/thumbnails/02313a358cd74f63bf381e5e27e7c2c7/c04635c228914fb18e33e87e6dc378df.jpeg",
        "height": 576
      },
      {
        "uid": "8c3bbeefc1f5427ca6dfc04ded878c9c",
        "size": 9497,
        "width": 720,
        "url": "https://media.sketchfab.com/models/6e2b07084d4a4e0aa4c5602fa7a04cf0/thumbnails/02313a358cd74f63bf381e5e27e7c2c7/c75176c75be84468888595b1ca05d6d7.jpeg",
        "height": 405
      },
      {
        "uid": "3cbc1e2b6b3c4671ad33a2df15cbc452",
        "size": 2046,
        "width": 256,
        "url": "https://media.sketchfab.com/models/6e2b07084d4a4e0aa4c5602fa7a04cf0/thumbnails/02313a358cd74f63bf381e5e27e7c2c7/afe5d08619af4a4da195e19ccf9841ee.jpeg",
        "height": 144
      },
      {
        "uid": "a7f6c6f04e084d04b659f0690c0e7aa6",
        "size": 543,
        "width": 64,
        "url": "https://media.sketchfab.com/models/6e2b07084d4a4e0aa4c5602fa7a04cf0/thumbnails/02313a358cd74f63bf381e5e27e7c2c7/1fda8c808ef746fca972565578c87932.jpeg",
        "height": 36
      }
    ]
  },
  "user": {
    "uid": "3469588c0b934625b81b4eabef54270a",
    "username": "ckuta",
    "displayName": "ckuta",
    "profileUrl": "https://sketchfab.com/ckuta",
    "account": "basic",
    "avatar": {
      "uri": "https://api.sketchfab.com/v3/avatars/3ef1bd11d3eb4b57a0b353e8f2e5fc3e",
      "images": [
        {
          "size": 680,
          "width": 32,
          "url": "https://media.sketchfab.com/avatars/3ef1bd11d3eb4b57a0b353e8f2e5fc3e/116042a0854e40538adab302b593683d.jpeg",
          "height": 32
        },
        {
          "size": 1253,
          "width": 48,
          "url": "https://media.sketchfab.com/avatars/3ef1bd11d3eb4b57a0b353e8f2e5fc3e/efea16be51d04eb7a00cb9ea0b43b87f.jpeg",
          "height": 48
        },
        {
          "size": 2797,
          "width": 90,
          "url": "https://media.sketchfab.com/avatars/3ef1bd11d3eb4b57a0b353e8f2e5fc3e/ac9b469ccec74caf923a81fb2f0be3ed.jpeg",
          "height": 90
        },
        {
          "size": 3215,
          "width": 100,
          "url": "https://media.sketchfab.com/avatars/3ef1bd11d3eb4b57a0b353e8f2e5fc3e/a075e1d43d2f446c949b5967b470c757.jpeg",
          "height": 100
        }
      ]
    },
    "uri": "https://api.sketchfab.com/v3/users/3469588c0b934625b81b4eabef54270a"
  },
  "description": "",
  "faceCount": 4512,
  "createdAt": "2021-03-07T20:53:13.007038",
  "vertexCount": 2258,
  "isAgeRestricted": false,
  "archives": {
    "glb": {
      "textureCount": 1,
      "size": 2721660,
      "type": "glb",
      "textureMaxResolution": 2048,
      "faceCount": 4512,
      "vertexCount": 2399
    },
    "gltf": {
      "textureCount": 1,
      "size": 2637669,
      "type": "gltf",
      "textureMaxResolution": 2048,
      "faceCount": 4512,
      "vertexCount": 2399
    },
    "source": {
      "textureCount": null,
      "size": 8027775,
      "type": "source",
      "textureMaxResolution": null,
      "faceCount": null,
      "vertexCount": null
    },
    "usdz": {
      "textureCount": null,
      "size": 474368,
      "type": "usdz",
      "textureMaxResolution": null,
      "faceCount": null,
      "vertexCount": null
    }
  },
  "license": "by"
}