{
  "uri": "https://api.sketchfab.com/v3/models/6e3197d9e6f44558bee398eb0f5ce1aa",
  "uid": "6e3197d9e6f44558bee398eb0f5ce1aa",
  "name": "Ship",
  "staffpickedAt": null,
  "viewCount": 228,
  "likeCount": 1,
  "animationCount": 0,
  "viewerUrl": "https://sketchfab.com/3d-models/6e3197d9e6f44558bee398eb0f5ce1aa",
  "embedUrl": "https://sketchfab.com/models/6e3197d9e6f44558bee398eb0f5ce1aa/embed",
  "commentCount": 0,
  "isDownloadable": true,
  "publishedAt": "2021-06-26T22:20:16.802955",
  "tags": [
    {
      "name": "battleship",
      "slug": "battleship",
      "uri": "https://api.sketchfab.com/v3/tags/battleship"
    },
    {
      "name": "pirateship",
      "slug": "pirateship",
      "uri": "https://api.sketchfab.com/v3/tags/pirateship"
    },
    {
      "name": "sailship",
      "slug": "sailship",
      "uri": "https://api.sketchfab.com/v3/tags/sailship"
    },
    {
      "name": "woodenship",
      "slug": "woodenship",
      "uri": "https://api.sketchfab.com/v3/tags/woodenship"
    },
    {
      "name": "ship",
      "slug": "ship",
      "uri": "https://api.sketchfab.com/v3/tags/ship"
    }
  ],
  "categories": [],
  "thumbnails": {
    "images": [
      {
        "uid": "e26e1ebdb81e4fd5a2ef10bf9e60782a",
        "size": 42457,
        "width": 1920,
        "url": "https://media.sketchfab.com/models/6e3197d9e6f44558bee398eb0f5ce1aa/thumbnails/4538f359e5ca4cb38daed5ed75dab27f/ad59e4fd7e8845248a0a9e86c6288c70.jpeg",
        "height": 1080
      },
      {
        "uid": "fb443e6bcf774d809b13a31b6534f3d9",
        "size": 13791,
        "width": 1024,
        "url": "https://media.sketchfab.com/models/6e3197d9e6f44558bee398eb0f5ce1aa/thumbnails/4538f359e5ca4cb38daed5ed75dab27f/5b7c252a7be449b7b3e57e5628492165.jpeg",
        "height": 576
      },
      {
        "uid": "7e8418a4ba754c14aff2b8fabce9b51d",
        "size": 7679,
        "width": 720,
        "url": "https://media.sketchfab.com/models/6e3197d9e6f44558bee398eb0f5ce1aa/thumbnails/4538f359e5ca4cb38daed5ed75dab27f/58b69efa7add42c18cfa7d2407875b76.jpeg",
        "height": 405
      },
      {
        "uid": "02afb0f6a4a74b35827d2268f06aaea7",
        "size": 1764,
        "width": 256,
        "url": "https://media.sketchfab.com/models/6e3197d9e6f44558bee398eb0f5ce1aa/thumbnails/4538f359e5ca4cb38daed5ed75dab27f/ff2ad4eedafe4236a71abe4cbb3c1bc8.jpeg",
        "height": 144
      },
      {
        "uid": "d3275038b47343ee9b897236171672dd",
        "size": 765,
        "width": 64,
        "url": "https://media.sketchfab.com/models/6e3197d9e6f44558bee398eb0f5ce1aa/thumbnails/4538f359e5ca4cb38daed5ed75dab27f/adb712869a42468daae5c6efba9194ce.jpeg",
        "height": 36
      }
    ]
  },
  "user": {
    "uid": "cc925325f17d48d4841e04e67e4befd1",
    "username": "snorreVS",
    "displayName": "snorreVS",
    "profileUrl": "https://sketchfab.com/snorreVS",
    "account": "basic",
    "avatar": {
      "uri": "https://api.sketchfab.com/v3/avatars/78fa317e46024a5283765aa34df5e508",
      "images": [
        {
          "size": 6421,
          "width": 100,
          "url": "https://media.sketchfab.com/avatars/78fa317e46024a5283765aa34df5e508/aec92fe9a74e499c98d759362cd7f02f.jpeg",
          "height": 100
        },
        {
          "size": 2518,
          "width": 48,
          "url": "https://media.sketchfab.com/avatars/78fa317e46024a5283765aa34df5e508/17fa177ffaa344a2b2fc8e78efd40fbb.jpeg",
          "height": 48
        },
        {
          "size": 5653,
          "width": 90,
          "url": "https://media.sketchfab.com/avatars/78fa317e46024a5283765aa34df5e508/02162695bdc840faa3bcb2d418309c5e.jpeg",
          "height": 90
        },
        {
          "size": 1350,
          "width": 32,
          "url": "https://media.sketchfab.com/avatars/78fa317e46024a5283765aa34df5e508/6fde876cbded4cd48d36a76029e3aa02.jpeg",
          "height": 32
        }
      ]
    },
    "uri": "https://api.sketchfab.com/v3/users/cc925325f17d48d4841e04e67e4befd1"
  },
  "description": "this is my first ship so sorry if it is not that good. you may use this for youtube videos but please but a like in the description. you have to texture it youself. a good webside is textures.com . i hope you like it and if you do like it. it will just help me to make a now one or upgrade it.",
  "faceCount": 20116,
  "createdAt": "2021-06-26T22:16:52.682006",
  "vertexCount": 10836,
  "isAgeRestricted": false,
  "archives": {
    "glb": {
      "textureCount": 0,
      "size": 1180548,
      "type": "glb",
      "textureMaxResolution": 0,
      "faceCount": 20116,
      "vertexCount": 27770
    },
    "gltf": {
      "textureCount": 0,
      "size": 222842,
      "type": "gltf",
      "textureMaxResolution": 0,
      "faceCount": 20116,
      "vertexCount": 27770
    },
    "source": {
      "textureCount": null,
      "size": 3198740,
      "type": "source",
      "textureMaxResolution": null,
      "faceCount": null,
      "vertexCount": null
    },
    "usdz": {
      "textureCount": null,
      "size": 640559,
      "type": "usdz",
      "textureMaxResolution": null,
      "faceCount": null,
      "vertexCount": null
    }
  },
  "license": "by"
}