{
  "uri": "https://api.sketchfab.com/v3/models/6e31419378ee4ed799c00422c3c3fe83",
  "uid": "6e31419378ee4ed799c00422c3c3fe83",
  "name": "PB145 Bread Hi",
  "staffpickedAt": null,
  "viewCount": 98,
  "likeCount": 6,
  "animationCount": 0,
  "viewerUrl": "https://sketchfab.com/3d-models/6e31419378ee4ed799c00422c3c3fe83",
  "embedUrl": "https://sketchfab.com/models/6e31419378ee4ed799c00422c3c3fe83/embed",
  "commentCount": 0,
  "isDownloadable": true,
  "publishedAt": "2018-03-05T12:20:24.529320",
  "tags": [
    {
      "name": "food",
      "slug": "food",
      "uri": "https://api.sketchfab.com/v3/tags/food"
    },
    {
      "name": "bread",
      "slug": "bread",
      "uri": "https://api.sketchfab.com/v3/tags/bread"
    },
    {
      "name": "realitycapture",
      "slug": "realitycapture",
      "uri": "https://api.sketchfab.com/v3/tags/realitycapture"
    },
    {
      "name": "3d-coat",
      "slug": "3d-coat",
      "uri": "https://api.sketchfab.com/v3/tags/3d-coat"
    },
    {
      "name": "scan",
      "slug": "scan",
      "uri": "https://api.sketchfab.com/v3/tags/scan"
    }
  ],
  "categories": [
    {
      "name": "food-drink"
    }
  ],
  "thumbnails": {
    "images": [
      {
        "uid": "db77eafdfa2e416490f56828836bb459",
        "size": 122567,
        "width": 1920,
        "url": "https://media.sketchfab.com/models/6e31419378ee4ed799c00422c3c3fe83/thumbnails/81c86f9b422344cab15955a7e46b0d83/50bdd737a7494f0fa01184020e9a125c.jpeg",
        "height": 1080
      },
      {
        "uid": "d26bfab14cd848c1a30be45c70e6e173",
        "size": 26049,
        "width": 1024,
        "url": "https://media.sketchfab.com/models/6e31419378ee4ed799c00422c3c3fe83/thumbnails/81c86f9b422344cab15955a7e46b0d83/c46de1b61fa74f158e265c8ac2a0a6db.jpeg",
        "height": 576
      },
      {
        "uid": "d58230f5a06c4b56b8e3f1d2550ee2e6",
        "size": 13740,
        "width": 720,
        "url": "https://media.sketchfab.com/models/6e31419378ee4ed799c00422c3c3fe83/thumbnails/81c86f9b422344cab15955a7e46b0d83/10c2d0885f4e42c6a2a82d2285fc0eeb.jpeg",
        "height": 405
      },
      {
        "uid": "c8d9fe528e084d06810bb024cb1534cb",
        "size": 2669,
        "width": 256,
        "url": "https://media.sketchfab.com/models/6e31419378ee4ed799c00422c3c3fe83/thumbnails/81c86f9b422344cab15955a7e46b0d83/201a5cbcc2924f27945209d8dd9f5299.jpeg",
        "height": 144
      },
      {
        "uid": "2ee0de0a99044ba0b79fd4a53d68622b",
        "size": 642,
        "width": 64,
        "url": "https://media.sketchfab.com/models/6e31419378ee4ed799c00422c3c3fe83/thumbnails/81c86f9b422344cab15955a7e46b0d83/ddc1e99e3596400686e7ae3d7f46be40.jpeg",
        "height": 36
      }
    ]
  },
  "user": {
    "uid": "cdf0aaca683f420f88e56750bb9753db",
    "username": "pbr-scans",
    "displayName": "Makovetkyi Volodymyr",
    "profileUrl": "https://sketchfab.com/pbr-scans",
    "account": "basic",
    "avatar": {
      "uri": "https://api.sketchfab.com/v3/avatars/8065d4642d264a9c83082f6e041b6193",
      "images": [
        {
          "size": 834,
          "width": 32,
          "url": "https://media.sketchfab.com/avatars/8065d4642d264a9c83082f6e041b6193/a0c6c2f5c93f4bcc9118ffa956e22c91.jpeg",
          "height": 32
        },
        {
          "size": 1289,
          "width": 48,
          "url": "https://media.sketchfab.com/avatars/8065d4642d264a9c83082f6e041b6193/3232cece810d4aeabd76a6da5c52c604.jpeg",
          "height": 48
        },
        {
          "size": 3224,
          "width": 90,
          "url": "https://media.sketchfab.com/avatars/8065d4642d264a9c83082f6e041b6193/3043473e8f6446d8801d939c2f0ce73a.jpeg",
          "height": 90
        },
        {
          "size": 3679,
          "width": 100,
          "url": "https://media.sketchfab.com/avatars/8065d4642d264a9c83082f6e041b6193/3603ae3efeba49368eb6017aeb1f8951.jpeg",
          "height": 100
        }
      ]
    },
    "uri": "https://api.sketchfab.com/v3/users/cdf0aaca683f420f88e56750bb9753db"
  },
  "description": "Bread",
  "faceCount": 90764,
  "createdAt": "2018-03-05T12:14:45.697380",
  "vertexCount": 45384,
  "isAgeRestricted": false,
  "archives": {
    "glb": {
      "textureCount": 3,
      "size": 35971656,
      "type": "glb",
      "textureMaxResolution": 4096,
      "faceCount": 90764,
      "vertexCount": 47151
    },
    "gltf": {
      "textureCount": 3,
      "size": 34552573,
      "type": "gltf",
      "textureMaxResolution": 4096,
      "faceCount": 90764,
      "vertexCount": 47151
    },
    "source": {
      "textureCount": null,
      "size": 26400246,
      "type": "source",
      "textureMaxResolution": null,
      "faceCount": null,
      "vertexCount": null
    },
    "usdz": {
      "textureCount": null,
      "size": 5943993,
      "type": "usdz",
      "textureMaxResolution": null,
      "faceCount": null,
      "vertexCount": null
    }
  },
  "license": "by"
}