{
  "uri": "https://api.sketchfab.com/v3/models/6e320ea1def14bc6b00ac5b295861f2b",
  "uid": "6e320ea1def14bc6b00ac5b295861f2b",
  "name": "AK-A4 Gun Model",
  "staffpickedAt": null,
  "viewCount": 2128,
  "likeCount": 33,
  "animationCount": 1,
  "viewerUrl": "https://sketchfab.com/3d-models/6e320ea1def14bc6b00ac5b295861f2b",
  "embedUrl": "https://sketchfab.com/models/6e320ea1def14bc6b00ac5b295861f2b/embed",
  "commentCount": 1,
  "isDownloadable": true,
  "publishedAt": "2019-12-15T21:27:15.960284",
  "tags": [
    {
      "name": "maya2019",
      "slug": "maya2019",
      "uri": "https://api.sketchfab.com/v3/tags/maya2019"
    },
    {
      "name": "substancepainter",
      "slug": "substancepainter",
      "uri": "https://api.sketchfab.com/v3/tags/substancepainter"
    },
    {
      "name": "substance",
      "slug": "substance",
      "uri": "https://api.sketchfab.com/v3/tags/substance"
    }
  ],
  "categories": [
    {
      "name": "electronics-gadgets"
    },
    {
      "name": "science-technology"
    }
  ],
  "thumbnails": {
    "images": [
      {
        "uid": "6b28d3eb4d674a9697d3a7083ef04fbc",
        "size": 80836,
        "width": 1920,
        "url": "https://media.sketchfab.com/models/6e320ea1def14bc6b00ac5b295861f2b/thumbnails/70a9dbcda39e424b92f71de6c6895af7/468356aed8454625ad1e707d4037e1cb.jpeg",
        "height": 1080
      },
      {
        "uid": "8a58cb6566e4414391b14192e9fb2328",
        "size": 26449,
        "width": 1024,
        "url": "https://media.sketchfab.com/models/6e320ea1def14bc6b00ac5b295861f2b/thumbnails/70a9dbcda39e424b92f71de6c6895af7/4fbe60c91fe8471e9404dd6d19add981.jpeg",
        "height": 576
      },
      {
        "uid": "de9598409d9044e7b20f0b406f3f60cc",
        "size": 15629,
        "width": 720,
        "url": "https://media.sketchfab.com/models/6e320ea1def14bc6b00ac5b295861f2b/thumbnails/70a9dbcda39e424b92f71de6c6895af7/f13f460a61544ad7ac17b656970f1925.jpeg",
        "height": 405
      },
      {
        "uid": "265222ad26b94538aa1671fad19d78aa",
        "size": 3481,
        "width": 256,
        "url": "https://media.sketchfab.com/models/6e320ea1def14bc6b00ac5b295861f2b/thumbnails/70a9dbcda39e424b92f71de6c6895af7/0ff2f8953f6c442d9716c15e2383e2b0.jpeg",
        "height": 144
      },
      {
        "uid": "b4d818a5c8fe4d5493c67c1dc4040369",
        "size": 1003,
        "width": 64,
        "url": "https://media.sketchfab.com/models/6e320ea1def14bc6b00ac5b295861f2b/thumbnails/70a9dbcda39e424b92f71de6c6895af7/bb54121473014782afdd89a8e75a1e86.jpeg",
        "height": 36
      }
    ]
  },
  "user": {
    "uid": "238c7709a00a431580e7bf457447b622",
    "username": "Qu3st10n",
    "displayName": "Qu3st10n",
    "profileUrl": "https://sketchfab.com/Qu3st10n",
    "account": "basic",
    "avatar": {
      "uri": "https://api.sketchfab.com/v3/avatars/14a6af8bf70f4f6fa619f64f8691576a",
      "images": [
        {
          "size": 1645,
          "width": 100,
          "url": "https://media.sketchfab.com/avatars/14a6af8bf70f4f6fa619f64f8691576a/7ebdc34ab0f7427592921663060401d9.jpeg",
          "height": 100
        },
        {
          "size": 1376,
          "width": 90,
          "url": "https://media.sketchfab.com/avatars/14a6af8bf70f4f6fa619f64f8691576a/68c76b92a20149a4af0c3aa9c328e046.jpeg",
          "height": 90
        },
        {
          "size": 728,
          "width": 48,
          "url": "https://media.sketchfab.com/avatars/14a6af8bf70f4f6fa619f64f8691576a/db2f5dc444404bafb88b485132916b69.jpeg",
          "height": 48
        },
        {
          "size": 470,
          "width": 32,
          "url": "https://media.sketchfab.com/avatars/14a6af8bf70f4f6fa619f64f8691576a/a7ce4000a3dd4f2894fa2729f31cdd9a.jpeg",
          "height": 32
        }
      ]
    },
    "uri": "https://api.sketchfab.com/v3/users/238c7709a00a431580e7bf457447b622"
  },
  "description": "Gun model that I made for school - It's a imaginary concept if US and soviet tech would've mixed.\nAn AK-47 and a M4-A4 fuzed into one gun.",
  "faceCount": 19785,
  "createdAt": "2019-12-15T20:41:05.232950",
  "vertexCount": 10589,
  "isAgeRestricted": false,
  "archives": {
    "glb": {
      "textureCount": 13,
      "size": 47698788,
      "type": "glb",
      "textureMaxResolution": 4096,
      "faceCount": 19785,
      "vertexCount": 30771
    },
    "gltf": {
      "textureCount": 13,
      "size": 46023863,
      "type": "gltf",
      "textureMaxResolution": 4096,
      "faceCount": 19785,
      "vertexCount": 30771
    },
    "source": {
      "textureCount": null,
      "size": 47370656,
      "type": "source",
      "textureMaxResolution": null,
      "faceCount": null,
      "vertexCount": null
    },
    "usdz": {
      "textureCount": null,
      "size": 8589071,
      "type": "usdz",
      "textureMaxResolution": null,
      "faceCount": null,
      "vertexCount": null
    }
  },
  "license": "by-nc-sa"
}