{
  "uri": "https://api.sketchfab.com/v3/models/6e334a7a0a5244d5b9cc61f4bd025941",
  "uid": "6e334a7a0a5244d5b9cc61f4bd025941",
  "name": "Techno Research Park, Kumamoto, Japan",
  "staffpickedAt": null,
  "viewCount": 2,
  "likeCount": 0,
  "animationCount": 0,
  "viewerUrl": "https://sketchfab.com/3d-models/6e334a7a0a5244d5b9cc61f4bd025941",
  "embedUrl": "https://sketchfab.com/models/6e334a7a0a5244d5b9cc61f4bd025941/embed",
  "commentCount": 0,
  "isDownloadable": true,
  "publishedAt": "2022-02-24T09:43:29.219902",
  "tags": [
    {
      "name": "scaniverse",
      "slug": "scaniverse",
      "uri": "https://api.sketchfab.com/v3/tags/scaniverse"
    }
  ],
  "categories": [],
  "thumbnails": {
    "images": [
      {
        "uid": "d6a0e9573a064feface1afd0188f4732",
        "size": 64337,
        "width": 1920,
        "url": "https://media.sketchfab.com/models/6e334a7a0a5244d5b9cc61f4bd025941/thumbnails/72ed9771ed19499ca34dabdeb04cec69/bbdfea3a37dd4005b78378b14463f7c7.jpeg",
        "height": 1080
      },
      {
        "uid": "7192bf98c8a34842b34e2c908545c95d",
        "size": 20189,
        "width": 1024,
        "url": "https://media.sketchfab.com/models/6e334a7a0a5244d5b9cc61f4bd025941/thumbnails/72ed9771ed19499ca34dabdeb04cec69/3f10a98491494e73bd7ef58c24ae7683.jpeg",
        "height": 576
      },
      {
        "uid": "a3e484e2fd2f4ea998f73f6fc13df93c",
        "size": 11348,
        "width": 720,
        "url": "https://media.sketchfab.com/models/6e334a7a0a5244d5b9cc61f4bd025941/thumbnails/72ed9771ed19499ca34dabdeb04cec69/b6192d12ea4c4df0a336f95b655be018.jpeg",
        "height": 405
      },
      {
        "uid": "164e7b9fe83f4f48a635561ca7227198",
        "size": 2329,
        "width": 256,
        "url": "https://media.sketchfab.com/models/6e334a7a0a5244d5b9cc61f4bd025941/thumbnails/72ed9771ed19499ca34dabdeb04cec69/adf17b71403a4814a001909fb25de0a5.jpeg",
        "height": 144
      },
      {
        "uid": "a731d3e557614118857ac432b1c0e2f0",
        "size": 850,
        "width": 64,
        "url": "https://media.sketchfab.com/models/6e334a7a0a5244d5b9cc61f4bd025941/thumbnails/72ed9771ed19499ca34dabdeb04cec69/053c5df8bb4a4304bdd27d6cf972ef04.jpeg",
        "height": 36
      }
    ]
  },
  "user": {
    "uid": "0aaa6a5561324f87a391497f1d13e80f",
    "username": "makoragi",
    "displayName": "makoragi",
    "profileUrl": "https://sketchfab.com/makoragi",
    "account": "pro",
    "avatar": {
      "uri": "https://api.sketchfab.com/v3/avatars/2b09768670f544ddbe8d031f24e54877",
      "images": [
        {
          "size": 4200,
          "width": 100,
          "url": "https://media.sketchfab.com/avatars/2b09768670f544ddbe8d031f24e54877/889a3445e1bc4ec3acb1ca5db30f2351.jpeg",
          "height": 100
        },
        {
          "size": 3747,
          "width": 90,
          "url": "https://media.sketchfab.com/avatars/2b09768670f544ddbe8d031f24e54877/daad58f03b08428fb48cb15db267b8ee.jpeg",
          "height": 90
        },
        {
          "size": 1558,
          "width": 48,
          "url": "https://media.sketchfab.com/avatars/2b09768670f544ddbe8d031f24e54877/2fc89a0cecd04ab69e769fafbb751b5d.jpeg",
          "height": 48
        },
        {
          "size": 923,
          "width": 32,
          "url": "https://media.sketchfab.com/avatars/2b09768670f544ddbe8d031f24e54877/824db217db6e427b9f15c51e18ca2716.jpeg",
          "height": 32
        }
      ]
    },
    "uri": "https://api.sketchfab.com/v3/users/0aaa6a5561324f87a391497f1d13e80f"
  },
  "description": "📍 [テクノ中央緑地, 上益城郡益城町, 熊本県](https://scaniver.se/L32.82268,130.84395)",
  "faceCount": 263810,
  "createdAt": "2022-02-24T09:42:15.514125",
  "vertexCount": 139823,
  "isAgeRestricted": false,
  "archives": {
    "glb": {
      "textureCount": 1,
      "size": 37244996,
      "type": "glb",
      "textureMaxResolution": 8192,
      "faceCount": 263708,
      "vertexCount": 200010
    },
    "gltf": {
      "textureCount": 1,
      "size": 33344575,
      "type": "gltf",
      "textureMaxResolution": 8192,
      "faceCount": 263708,
      "vertexCount": 200010
    },
    "source": {
      "textureCount": null,
      "size": 42922451,
      "type": "source",
      "textureMaxResolution": null,
      "faceCount": null,
      "vertexCount": null
    },
    "usdz": {
      "textureCount": null,
      "size": 11362842,
      "type": "usdz",
      "textureMaxResolution": null,
      "faceCount": null,
      "vertexCount": null
    }
  },
  "license": "by-nc-sa"
}