{
  "uri": "https://api.sketchfab.com/v3/models/6e34d9f464ec4f778da97ce5eec22d9c",
  "uid": "6e34d9f464ec4f778da97ce5eec22d9c",
  "name": "11803D",
  "staffpickedAt": null,
  "viewCount": 9,
  "likeCount": 0,
  "animationCount": 0,
  "viewerUrl": "https://sketchfab.com/3d-models/6e34d9f464ec4f778da97ce5eec22d9c",
  "embedUrl": "https://sketchfab.com/models/6e34d9f464ec4f778da97ce5eec22d9c/embed",
  "commentCount": 0,
  "isDownloadable": true,
  "publishedAt": "2019-12-16T02:27:54.048593",
  "tags": [],
  "categories": [],
  "thumbnails": {
    "images": [
      {
        "uid": "61fde1950a6b475f983b258609c12245",
        "size": 74880,
        "width": 1920,
        "url": "https://media.sketchfab.com/models/6e34d9f464ec4f778da97ce5eec22d9c/thumbnails/32568106ab1541039f761de3756904b5/1831a90d04174d429f9de89e7d4fd571.jpeg",
        "height": 1080
      },
      {
        "uid": "83a70eb2941b4deead21bd8ef3eb8eb5",
        "size": 26340,
        "width": 1024,
        "url": "https://media.sketchfab.com/models/6e34d9f464ec4f778da97ce5eec22d9c/thumbnails/32568106ab1541039f761de3756904b5/2174e872d974455e80357bfc156bd45b.jpeg",
        "height": 576
      },
      {
        "uid": "a4d7da4b0a7b48958d85d19e80793ee0",
        "size": 14588,
        "width": 720,
        "url": "https://media.sketchfab.com/models/6e34d9f464ec4f778da97ce5eec22d9c/thumbnails/32568106ab1541039f761de3756904b5/1f72190402b04e1d880e05604a53f085.jpeg",
        "height": 405
      },
      {
        "uid": "387578cf3aeb412b8e6f533dad8178c7",
        "size": 2444,
        "width": 256,
        "url": "https://media.sketchfab.com/models/6e34d9f464ec4f778da97ce5eec22d9c/thumbnails/32568106ab1541039f761de3756904b5/326e31705f814d15980531a69161160f.jpeg",
        "height": 144
      },
      {
        "uid": "3e82cb8a8da144deb89f275b756ac5f7",
        "size": 564,
        "width": 64,
        "url": "https://media.sketchfab.com/models/6e34d9f464ec4f778da97ce5eec22d9c/thumbnails/32568106ab1541039f761de3756904b5/16d9783da2b2426585cb110340052ab5.jpeg",
        "height": 36
      }
    ]
  },
  "user": {
    "uid": "f2b19546cc97473c9b0849ca831955cd",
    "username": "ZahnSelmer",
    "displayName": "ZahnSelmer",
    "profileUrl": "https://sketchfab.com/ZahnSelmer",
    "account": "basic",
    "avatar": {
      "uri": "https://api.sketchfab.com/v3/avatars/78fa317e46024a5283765aa34df5e508",
      "images": [
        {
          "size": 6421,
          "width": 100,
          "url": "https://media.sketchfab.com/avatars/78fa317e46024a5283765aa34df5e508/aec92fe9a74e499c98d759362cd7f02f.jpeg",
          "height": 100
        },
        {
          "size": 2518,
          "width": 48,
          "url": "https://media.sketchfab.com/avatars/78fa317e46024a5283765aa34df5e508/17fa177ffaa344a2b2fc8e78efd40fbb.jpeg",
          "height": 48
        },
        {
          "size": 5653,
          "width": 90,
          "url": "https://media.sketchfab.com/avatars/78fa317e46024a5283765aa34df5e508/02162695bdc840faa3bcb2d418309c5e.jpeg",
          "height": 90
        },
        {
          "size": 1350,
          "width": 32,
          "url": "https://media.sketchfab.com/avatars/78fa317e46024a5283765aa34df5e508/6fde876cbded4cd48d36a76029e3aa02.jpeg",
          "height": 32
        }
      ]
    },
    "uri": "https://api.sketchfab.com/v3/users/f2b19546cc97473c9b0849ca831955cd"
  },
  "description": "",
  "faceCount": 39861,
  "createdAt": "2019-12-16T02:25:45.846426",
  "vertexCount": 37858,
  "isAgeRestricted": false,
  "archives": {
    "glb": {
      "textureCount": 0,
      "size": 7033620,
      "type": "glb",
      "textureMaxResolution": 0,
      "faceCount": 28519,
      "vertexCount": 73205
    },
    "gltf": {
      "textureCount": 0,
      "size": 512765,
      "type": "gltf",
      "textureMaxResolution": 0,
      "faceCount": 28519,
      "vertexCount": 73205
    },
    "source": {
      "textureCount": null,
      "size": 1744005,
      "type": "source",
      "textureMaxResolution": null,
      "faceCount": null,
      "vertexCount": null
    },
    "usdz": {
      "textureCount": null,
      "size": 924876,
      "type": "usdz",
      "textureMaxResolution": null,
      "faceCount": null,
      "vertexCount": null
    }
  },
  "license": "by"
}