{
  "uri": "https://api.sketchfab.com/v3/models/6e37c234d0574193a50b078eeb7058df",
  "uid": "6e37c234d0574193a50b078eeb7058df",
  "name": "Medkit",
  "staffpickedAt": null,
  "viewCount": 2,
  "likeCount": 0,
  "animationCount": 0,
  "viewerUrl": "https://sketchfab.com/3d-models/6e37c234d0574193a50b078eeb7058df",
  "embedUrl": "https://sketchfab.com/models/6e37c234d0574193a50b078eeb7058df/embed",
  "commentCount": 0,
  "isDownloadable": true,
  "publishedAt": "2021-06-30T09:44:21.428199",
  "tags": [
    {
      "name": "red",
      "slug": "red",
      "uri": "https://api.sketchfab.com/v3/tags/red"
    },
    {
      "name": "medkit",
      "slug": "medkit",
      "uri": "https://api.sketchfab.com/v3/tags/medkit"
    },
    {
      "name": "box",
      "slug": "box",
      "uri": "https://api.sketchfab.com/v3/tags/box"
    },
    {
      "name": "3d",
      "slug": "3d",
      "uri": "https://api.sketchfab.com/v3/tags/3d"
    },
    {
      "name": "wood",
      "slug": "wood",
      "uri": "https://api.sketchfab.com/v3/tags/wood"
    }
  ],
  "categories": [],
  "thumbnails": {
    "images": [
      {
        "uid": "a6ca76f3d8e9440b828650393f271ede",
        "size": 338917,
        "width": 1920,
        "url": "https://media.sketchfab.com/models/6e37c234d0574193a50b078eeb7058df/thumbnails/b8e6611b3fa2419dbd5b7b369f50246e/89c803e34779429087fa5c56d134ab11.jpeg",
        "height": 1080
      },
      {
        "uid": "a2220972c55a46e8a3cf9244a5ca6348",
        "size": 42905,
        "width": 1024,
        "url": "https://media.sketchfab.com/models/6e37c234d0574193a50b078eeb7058df/thumbnails/b8e6611b3fa2419dbd5b7b369f50246e/db7360f98fd1443db1689092cd66db0e.jpeg",
        "height": 576
      },
      {
        "uid": "814b1acc185048d4805dd727b0cb94f0",
        "size": 19375,
        "width": 720,
        "url": "https://media.sketchfab.com/models/6e37c234d0574193a50b078eeb7058df/thumbnails/b8e6611b3fa2419dbd5b7b369f50246e/6f18326cdb9343438cb39da71950ec7b.jpeg",
        "height": 405
      },
      {
        "uid": "3bdfada11fef422fac38efce7fd9f98e",
        "size": 3358,
        "width": 256,
        "url": "https://media.sketchfab.com/models/6e37c234d0574193a50b078eeb7058df/thumbnails/b8e6611b3fa2419dbd5b7b369f50246e/de3562079092477b9fdc2c6bcbf55346.jpeg",
        "height": 144
      },
      {
        "uid": "302204e9bab040979dd935175ba14055",
        "size": 969,
        "width": 64,
        "url": "https://media.sketchfab.com/models/6e37c234d0574193a50b078eeb7058df/thumbnails/b8e6611b3fa2419dbd5b7b369f50246e/e3e03d30deb440c282f0a1e4f0955be7.jpeg",
        "height": 36
      }
    ]
  },
  "user": {
    "uid": "89ee50a3f21c42cd83b29ed2ff5a95e7",
    "username": "Michinata",
    "displayName": "Michinata",
    "profileUrl": "https://sketchfab.com/Michinata",
    "account": "basic",
    "avatar": {
      "uri": "https://api.sketchfab.com/v3/avatars/21ba5f55062647029c0d6fa32082895d",
      "images": [
        {
          "size": 2079,
          "width": 32,
          "url": "https://media.sketchfab.com/avatars/21ba5f55062647029c0d6fa32082895d/5d6decd575994f30bb60f1d6d1a16146.png",
          "height": 32
        },
        {
          "size": 4060,
          "width": 48,
          "url": "https://media.sketchfab.com/avatars/21ba5f55062647029c0d6fa32082895d/0ecfc272f76848daad1701e45c85e2c0.png",
          "height": 48
        },
        {
          "size": 11514,
          "width": 90,
          "url": "https://media.sketchfab.com/avatars/21ba5f55062647029c0d6fa32082895d/ab960d7a6c434936a8ca181a743d388c.png",
          "height": 90
        },
        {
          "size": 13596,
          "width": 100,
          "url": "https://media.sketchfab.com/avatars/21ba5f55062647029c0d6fa32082895d/969e0f61a8d34136ba7b62dd1f4d8197.png",
          "height": 100
        }
      ]
    },
    "uri": "https://api.sketchfab.com/v3/users/89ee50a3f21c42cd83b29ed2ff5a95e7"
  },
  "description": "A medkit with a wood-like texture.",
  "faceCount": 1958,
  "createdAt": "2021-06-30T09:39:50.223434",
  "vertexCount": 919,
  "isAgeRestricted": false,
  "archives": {
    "glb": {
      "textureCount": 1,
      "size": 636988,
      "type": "glb",
      "textureMaxResolution": 1024,
      "faceCount": 1683,
      "vertexCount": 2986
    },
    "gltf": {
      "textureCount": 1,
      "size": 542848,
      "type": "gltf",
      "textureMaxResolution": 1024,
      "faceCount": 1683,
      "vertexCount": 2986
    },
    "source": {
      "textureCount": null,
      "size": 1887299,
      "type": "source",
      "textureMaxResolution": null,
      "faceCount": null,
      "vertexCount": null
    },
    "usdz": {
      "textureCount": null,
      "size": 186317,
      "type": "usdz",
      "textureMaxResolution": null,
      "faceCount": null,
      "vertexCount": null
    }
  },
  "license": "by"
}