{
  "uri": "https://api.sketchfab.com/v3/models/6e389c36b78746a88a844ebd11195d21",
  "uid": "6e389c36b78746a88a844ebd11195d21",
  "name": "Sheep Warrior",
  "staffpickedAt": null,
  "viewCount": 314,
  "likeCount": 17,
  "animationCount": 0,
  "viewerUrl": "https://sketchfab.com/3d-models/6e389c36b78746a88a844ebd11195d21",
  "embedUrl": "https://sketchfab.com/models/6e389c36b78746a88a844ebd11195d21/embed",
  "commentCount": 1,
  "isDownloadable": true,
  "publishedAt": "2021-04-21T19:19:12.373737",
  "tags": [
    {
      "name": "armor",
      "slug": "armor",
      "uri": "https://api.sketchfab.com/v3/tags/armor"
    },
    {
      "name": "sheep",
      "slug": "sheep",
      "uri": "https://api.sketchfab.com/v3/tags/sheep"
    },
    {
      "name": "warrior",
      "slug": "warrior",
      "uri": "https://api.sketchfab.com/v3/tags/warrior"
    },
    {
      "name": "medieval",
      "slug": "medieval",
      "uri": "https://api.sketchfab.com/v3/tags/medieval"
    },
    {
      "name": "substancepainter",
      "slug": "substancepainter",
      "uri": "https://api.sketchfab.com/v3/tags/substancepainter"
    }
  ],
  "categories": [
    {
      "name": "animals-pets"
    },
    {
      "name": "characters-creatures"
    }
  ],
  "thumbnails": {
    "images": [
      {
        "uid": "c0924a1926e941829996f7083b07348b",
        "size": 61789,
        "width": 1920,
        "url": "https://media.sketchfab.com/models/6e389c36b78746a88a844ebd11195d21/thumbnails/99ff12913e3047c481bfe387edf0b8ed/23ab045d5fbc46618b3e02cbfccf5fdb.jpeg",
        "height": 1080
      },
      {
        "uid": "ef8c42cd6d194a5e98b540f76bdd145a",
        "size": 20961,
        "width": 1024,
        "url": "https://media.sketchfab.com/models/6e389c36b78746a88a844ebd11195d21/thumbnails/99ff12913e3047c481bfe387edf0b8ed/74a12d4c1feb421e88bff10971211a4d.jpeg",
        "height": 576
      },
      {
        "uid": "beeb4dd21b8842c599bd6759cdef88f4",
        "size": 12362,
        "width": 720,
        "url": "https://media.sketchfab.com/models/6e389c36b78746a88a844ebd11195d21/thumbnails/99ff12913e3047c481bfe387edf0b8ed/56b0b2b92e3b4dcab1564fbbe6f58242.jpeg",
        "height": 405
      },
      {
        "uid": "5436f1028e764980b88ee075df0bf20d",
        "size": 2897,
        "width": 256,
        "url": "https://media.sketchfab.com/models/6e389c36b78746a88a844ebd11195d21/thumbnails/99ff12913e3047c481bfe387edf0b8ed/dc9f69db4d2047e89ab2f6aed94d5465.jpeg",
        "height": 144
      },
      {
        "uid": "541f766b4b8d41d98195bfe277d3f7e2",
        "size": 659,
        "width": 64,
        "url": "https://media.sketchfab.com/models/6e389c36b78746a88a844ebd11195d21/thumbnails/99ff12913e3047c481bfe387edf0b8ed/9834bd6a7e1940cd96a5dbe0f03d16c5.jpeg",
        "height": 36
      }
    ]
  },
  "user": {
    "uid": "9ec5de02b0f64f33bb2f0b35dd08d2d4",
    "username": "alanrocull",
    "displayName": "StagMath",
    "profileUrl": "https://sketchfab.com/alanrocull",
    "account": "basic",
    "avatar": {
      "uri": "https://api.sketchfab.com/v3/avatars/bcea98cedcb64f89af6635baa95a18e5",
      "images": [
        {
          "size": 1659,
          "width": 32,
          "url": "https://media.sketchfab.com/avatars/bcea98cedcb64f89af6635baa95a18e5/0e88ed3822e7401ab4fc82526f37e7f2.png",
          "height": 32
        },
        {
          "size": 2691,
          "width": 48,
          "url": "https://media.sketchfab.com/avatars/bcea98cedcb64f89af6635baa95a18e5/95bcaf3c0a4341b5baca3550a2621a6f.png",
          "height": 48
        },
        {
          "size": 6167,
          "width": 90,
          "url": "https://media.sketchfab.com/avatars/bcea98cedcb64f89af6635baa95a18e5/48d378ceff384f85a2e043acfe43cb7f.png",
          "height": 90
        },
        {
          "size": 7113,
          "width": 100,
          "url": "https://media.sketchfab.com/avatars/bcea98cedcb64f89af6635baa95a18e5/46fd2267b14c4d69bd8760bfc0d3558e.png",
          "height": 100
        }
      ]
    },
    "uri": "https://api.sketchfab.com/v3/users/9ec5de02b0f64f33bb2f0b35dd08d2d4"
  },
  "description": "A warmaiden. Not rigged and no weapon as of right now, but ideally she would have a war hammer.\n\nCGT 116 Final Project. Modeled in Maya, textured in Substance Painter. Some materials I made in Substance Designer.\nI used 4K maps originally, but downscaled them to 2K for uploading to Sketchfab.\n\nEnjoy!",
  "faceCount": 27438,
  "createdAt": "2021-04-21T18:29:16.249931",
  "vertexCount": 14113,
  "isAgeRestricted": false,
  "archives": {
    "glb": {
      "textureCount": 18,
      "size": 48571500,
      "type": "glb",
      "textureMaxResolution": 2048,
      "faceCount": 27438,
      "vertexCount": 15735
    },
    "gltf": {
      "textureCount": 18,
      "size": 48073156,
      "type": "gltf",
      "textureMaxResolution": 2048,
      "faceCount": 27438,
      "vertexCount": 15735
    },
    "source": {
      "textureCount": null,
      "size": 57606275,
      "type": "source",
      "textureMaxResolution": null,
      "faceCount": null,
      "vertexCount": null
    },
    "usdz": {
      "textureCount": null,
      "size": 5867276,
      "type": "usdz",
      "textureMaxResolution": null,
      "faceCount": null,
      "vertexCount": null
    }
  },
  "license": "by"
}