{
  "uri": "https://api.sketchfab.com/v3/models/6e380ddc1d054ec5880f41c6e5a2d8f7",
  "uid": "6e380ddc1d054ec5880f41c6e5a2d8f7",
  "name": "Nieve 3",
  "staffpickedAt": null,
  "viewCount": 8,
  "likeCount": 0,
  "animationCount": 0,
  "viewerUrl": "https://sketchfab.com/3d-models/6e380ddc1d054ec5880f41c6e5a2d8f7",
  "embedUrl": "https://sketchfab.com/models/6e380ddc1d054ec5880f41c6e5a2d8f7/embed",
  "commentCount": 0,
  "isDownloadable": true,
  "publishedAt": "2020-08-30T22:03:17.392172",
  "tags": [],
  "categories": [],
  "thumbnails": {
    "images": [
      {
        "uid": "3397d9c8f15a43b5adcad3821dcb38b1",
        "size": 85291,
        "width": 1920,
        "url": "https://media.sketchfab.com/models/6e380ddc1d054ec5880f41c6e5a2d8f7/thumbnails/1d73ffaf89bc42159b608ae024f0975c/dcca1c5b887546f9a0bd9fbe1e613b09.jpeg",
        "height": 1080
      },
      {
        "uid": "0f4a61e5146e460aa85d1fdff0dff9a5",
        "size": 30488,
        "width": 1024,
        "url": "https://media.sketchfab.com/models/6e380ddc1d054ec5880f41c6e5a2d8f7/thumbnails/1d73ffaf89bc42159b608ae024f0975c/787caba9f37a4278b726f03ef9c493c2.jpeg",
        "height": 576
      },
      {
        "uid": "dd220599949c45f8a5dc3a6b12261a86",
        "size": 18391,
        "width": 720,
        "url": "https://media.sketchfab.com/models/6e380ddc1d054ec5880f41c6e5a2d8f7/thumbnails/1d73ffaf89bc42159b608ae024f0975c/cae2007e1f8f46189c4226b8d213d13a.jpeg",
        "height": 405
      },
      {
        "uid": "2c58145852ec45668c3de4321607b21c",
        "size": 4004,
        "width": 256,
        "url": "https://media.sketchfab.com/models/6e380ddc1d054ec5880f41c6e5a2d8f7/thumbnails/1d73ffaf89bc42159b608ae024f0975c/395810b7f6734f1d829297739f98f1b4.jpeg",
        "height": 144
      },
      {
        "uid": "68d78c09a0e24088a132bf0ad266782d",
        "size": 798,
        "width": 64,
        "url": "https://media.sketchfab.com/models/6e380ddc1d054ec5880f41c6e5a2d8f7/thumbnails/1d73ffaf89bc42159b608ae024f0975c/65881dab2710494eb3d94452d4b643e0.jpeg",
        "height": 36
      }
    ]
  },
  "user": {
    "uid": "a9d2c1f82254446d8eab197c1317ff3f",
    "username": "adrinuk",
    "displayName": "adrinuk",
    "profileUrl": "https://sketchfab.com/adrinuk",
    "account": "basic",
    "avatar": {
      "uri": "https://api.sketchfab.com/v3/avatars/5f04624d46a646f6b9774c1ae1a502bf",
      "images": [
        {
          "size": 3262,
          "width": 32,
          "url": "https://media.sketchfab.com/avatars/5f04624d46a646f6b9774c1ae1a502bf/6e1a10094917420da269eddcab77bf0e.png",
          "height": 32
        },
        {
          "size": 6713,
          "width": 48,
          "url": "https://media.sketchfab.com/avatars/5f04624d46a646f6b9774c1ae1a502bf/c09752190c91425694dbcc2dadbdb210.png",
          "height": 48
        },
        {
          "size": 22000,
          "width": 90,
          "url": "https://media.sketchfab.com/avatars/5f04624d46a646f6b9774c1ae1a502bf/ad846b8ed03f490c8c38cfb88b7297f7.png",
          "height": 90
        },
        {
          "size": 26854,
          "width": 100,
          "url": "https://media.sketchfab.com/avatars/5f04624d46a646f6b9774c1ae1a502bf/7a0dc28d7059437cb962172aafe767a0.png",
          "height": 100
        }
      ]
    },
    "uri": "https://api.sketchfab.com/v3/users/a9d2c1f82254446d8eab197c1317ff3f"
  },
  "description": "Nieve 3",
  "faceCount": 7070,
  "createdAt": "2020-08-30T22:02:33.651763",
  "vertexCount": 3851,
  "isAgeRestricted": false,
  "archives": {
    "glb": {
      "textureCount": 1,
      "size": 996228,
      "type": "glb",
      "textureMaxResolution": 1024,
      "faceCount": 7070,
      "vertexCount": 21210
    },
    "gltf": {
      "textureCount": 1,
      "size": 535824,
      "type": "gltf",
      "textureMaxResolution": 1024,
      "faceCount": 7070,
      "vertexCount": 21210
    },
    "source": {
      "textureCount": null,
      "size": 1659927,
      "type": "source",
      "textureMaxResolution": null,
      "faceCount": null,
      "vertexCount": null
    },
    "usdz": {
      "textureCount": null,
      "size": 912878,
      "type": "usdz",
      "textureMaxResolution": null,
      "faceCount": null,
      "vertexCount": null
    }
  },
  "license": "by"
}