{
  "uri": "https://api.sketchfab.com/v3/models/6e3dc3c335544ca78472fa625d3710d3",
  "uid": "6e3dc3c335544ca78472fa625d3710d3",
  "name": "Forge World Forerunner Tower - (FREE DOWNLOAD)",
  "staffpickedAt": null,
  "viewCount": 907,
  "likeCount": 41,
  "animationCount": 0,
  "viewerUrl": "https://sketchfab.com/3d-models/6e3dc3c335544ca78472fa625d3710d3",
  "embedUrl": "https://sketchfab.com/models/6e3dc3c335544ca78472fa625d3710d3/embed",
  "commentCount": 3,
  "isDownloadable": true,
  "publishedAt": "2021-04-26T17:21:54.199255",
  "tags": [
    {
      "name": "tower",
      "slug": "tower",
      "uri": "https://api.sketchfab.com/v3/tags/tower"
    },
    {
      "name": "landscape",
      "slug": "landscape",
      "uri": "https://api.sketchfab.com/v3/tags/landscape"
    },
    {
      "name": "fanart",
      "slug": "fanart",
      "uri": "https://api.sketchfab.com/v3/tags/fanart"
    },
    {
      "name": "terrain",
      "slug": "terrain",
      "uri": "https://api.sketchfab.com/v3/tags/terrain"
    },
    {
      "name": "reach",
      "slug": "reach",
      "uri": "https://api.sketchfab.com/v3/tags/reach"
    },
    {
      "name": "new",
      "slug": "new",
      "uri": "https://api.sketchfab.com/v3/tags/new"
    },
    {
      "name": "hi",
      "slug": "hi",
      "uri": "https://api.sketchfab.com/v3/tags/hi"
    },
    {
      "name": "hr",
      "slug": "hr",
      "uri": "https://api.sketchfab.com/v3/tags/hr"
    },
    {
      "name": "dl",
      "slug": "dl",
      "uri": "https://api.sketchfab.com/v3/tags/dl"
    },
    {
      "name": "forge",
      "slug": "forge",
      "uri": "https://api.sketchfab.com/v3/tags/forge"
    },
    {
      "name": "remake",
      "slug": "remake",
      "uri": "https://api.sketchfab.com/v3/tags/remake"
    },
    {
      "name": "map",
      "slug": "map",
      "uri": "https://api.sketchfab.com/v3/tags/map"
    },
    {
      "name": "structures",
      "slug": "structures",
      "uri": "https://api.sketchfab.com/v3/tags/structures"
    },
    {
      "name": "optimized",
      "slug": "optimized",
      "uri": "https://api.sketchfab.com/v3/tags/optimized"
    },
    {
      "name": "skybox",
      "slug": "skybox",
      "uri": "https://api.sketchfab.com/v3/tags/skybox"
    },
    {
      "name": "downloadable",
      "slug": "downloadable",
      "uri": "https://api.sketchfab.com/v3/tags/downloadable"
    },
    {
      "name": "canvas",
      "slug": "canvas",
      "uri": "https://api.sketchfab.com/v3/tags/canvas"
    },
    {
      "name": "spire",
      "slug": "spire",
      "uri": "https://api.sketchfab.com/v3/tags/spire"
    },
    {
      "name": "haloreach",
      "slug": "haloreach",
      "uri": "https://api.sketchfab.com/v3/tags/haloreach"
    },
    {
      "name": "h3",
      "slug": "h3",
      "uri": "https://api.sketchfab.com/v3/tags/h3"
    },
    {
      "name": "forgeworld",
      "slug": "forgeworld",
      "uri": "https://api.sketchfab.com/v3/tags/forgeworld"
    },
    {
      "name": "forerunner",
      "slug": "forerunner",
      "uri": "https://api.sketchfab.com/v3/tags/forerunner"
    },
    {
      "name": "substancepainter",
      "slug": "substancepainter",
      "uri": "https://api.sketchfab.com/v3/tags/substancepainter"
    },
    {
      "name": "substance",
      "slug": "substance",
      "uri": "https://api.sketchfab.com/v3/tags/substance"
    },
    {
      "name": "painter",
      "slug": "painter",
      "uri": "https://api.sketchfab.com/v3/tags/painter"
    },
    {
      "name": "game",
      "slug": "game",
      "uri": "https://api.sketchfab.com/v3/tags/game"
    },
    {
      "name": "3d",
      "slug": "3d",
      "uri": "https://api.sketchfab.com/v3/tags/3d"
    },
    {
      "name": "blender",
      "slug": "blender",
      "uri": "https://api.sketchfab.com/v3/tags/blender"
    },
    {
      "name": "pbr",
      "slug": "pbr",
      "uri": "https://api.sketchfab.com/v3/tags/pbr"
    },
    {
      "name": "download",
      "slug": "download",
      "uri": "https://api.sketchfab.com/v3/tags/download"
    }
  ],
  "categories": [
    {
      "name": "architecture"
    },
    {
      "name": "science-technology"
    }
  ],
  "thumbnails": {
    "images": [
      {
        "uid": "88979e836c574d73ae1b2a4317f5cb7b",
        "size": 81889,
        "width": 1920,
        "url": "https://media.sketchfab.com/models/6e3dc3c335544ca78472fa625d3710d3/thumbnails/1e6b20ea7397410684b9ebb4f4dd856f/5561d53974b849ee92afd83014b931f1.jpeg",
        "height": 1080
      },
      {
        "uid": "451672c281654de0858aa28484e73c87",
        "size": 25930,
        "width": 1024,
        "url": "https://media.sketchfab.com/models/6e3dc3c335544ca78472fa625d3710d3/thumbnails/1e6b20ea7397410684b9ebb4f4dd856f/215d5dd344c544628bcf56f9277e5cbe.jpeg",
        "height": 576
      },
      {
        "uid": "3a894660f1fa4cd58540e0b673213671",
        "size": 14617,
        "width": 720,
        "url": "https://media.sketchfab.com/models/6e3dc3c335544ca78472fa625d3710d3/thumbnails/1e6b20ea7397410684b9ebb4f4dd856f/fe5217f2ddcb47bdabcf487391033621.jpeg",
        "height": 405
      },
      {
        "uid": "37abf017ea114d82a145a604596a47fb",
        "size": 2750,
        "width": 256,
        "url": "https://media.sketchfab.com/models/6e3dc3c335544ca78472fa625d3710d3/thumbnails/1e6b20ea7397410684b9ebb4f4dd856f/5363634391bd46ec9e629cf9366939fa.jpeg",
        "height": 144
      },
      {
        "uid": "8c17120cc01d44d399b2f4f25111fbf9",
        "size": 585,
        "width": 64,
        "url": "https://media.sketchfab.com/models/6e3dc3c335544ca78472fa625d3710d3/thumbnails/1e6b20ea7397410684b9ebb4f4dd856f/b146da901f30455eaadacd22b6711636.jpeg",
        "height": 36
      }
    ]
  },
  "user": {
    "uid": "6458f596d2a7482a8aee06bdbe1f7cbf",
    "username": "Glitch5970",
    "displayName": "Glitch5970",
    "profileUrl": "https://sketchfab.com/Glitch5970",
    "account": "basic",
    "avatar": {
      "uri": "https://api.sketchfab.com/v3/avatars/fa09a02e614c40d280aab9f88cf22c3c",
      "images": [
        {
          "size": 2897,
          "width": 32,
          "url": "https://media.sketchfab.com/avatars/fa09a02e614c40d280aab9f88cf22c3c/0717ffebe97740f9b8169785b831e636.png",
          "height": 32
        },
        {
          "size": 5289,
          "width": 48,
          "url": "https://media.sketchfab.com/avatars/fa09a02e614c40d280aab9f88cf22c3c/efb5b9b56cee45538abaefe6fb6d400f.png",
          "height": 48
        },
        {
          "size": 13819,
          "width": 90,
          "url": "https://media.sketchfab.com/avatars/fa09a02e614c40d280aab9f88cf22c3c/5c71ae697158411e822aad77036d17e9.png",
          "height": 90
        },
        {
          "size": 16289,
          "width": 100,
          "url": "https://media.sketchfab.com/avatars/fa09a02e614c40d280aab9f88cf22c3c/9503e3d537f94890a1e21ecda13381e2.png",
          "height": 100
        }
      ]
    },
    "uri": "https://api.sketchfab.com/v3/users/6458f596d2a7482a8aee06bdbe1f7cbf"
  },
  "description": "Modeled in Blender, textured in Substance Painter\n\nBased on a Forerunner structure in the map Forge World from Halo Reach!\n\n1 material total\n\nFree to use!",
  "faceCount": 1124,
  "createdAt": "2021-04-26T14:53:25.428414",
  "vertexCount": 648,
  "isAgeRestricted": false,
  "archives": {
    "glb": {
      "textureCount": 4,
      "size": 44351196,
      "type": "glb",
      "textureMaxResolution": 4096,
      "faceCount": 1118,
      "vertexCount": 1548
    },
    "gltf": {
      "textureCount": 4,
      "size": 44184112,
      "type": "gltf",
      "textureMaxResolution": 4096,
      "faceCount": 1118,
      "vertexCount": 1548
    },
    "source": {
      "textureCount": null,
      "size": 57455225,
      "type": "source",
      "textureMaxResolution": null,
      "faceCount": null,
      "vertexCount": null
    },
    "usdz": {
      "textureCount": null,
      "size": 4246506,
      "type": "usdz",
      "textureMaxResolution": null,
      "faceCount": null,
      "vertexCount": null
    }
  },
  "license": "by"
}