{
  "uri": "https://api.sketchfab.com/v3/models/6e47547c9ff543819b84aeb495a632ae",
  "uid": "6e47547c9ff543819b84aeb495a632ae",
  "name": "Leaves 120x60デスク C脚 OAK",
  "staffpickedAt": null,
  "viewCount": 56,
  "likeCount": 0,
  "animationCount": 0,
  "viewerUrl": "https://sketchfab.com/3d-models/6e47547c9ff543819b84aeb495a632ae",
  "embedUrl": "https://sketchfab.com/models/6e47547c9ff543819b84aeb495a632ae/embed",
  "commentCount": 0,
  "isDownloadable": true,
  "publishedAt": "2021-09-29T01:37:12.065683",
  "tags": [
    {
      "name": "wooden",
      "slug": "wooden",
      "uri": "https://api.sketchfab.com/v3/tags/wooden"
    },
    {
      "name": "oak",
      "slug": "oak",
      "uri": "https://api.sketchfab.com/v3/tags/oak"
    },
    {
      "name": "desk",
      "slug": "desk",
      "uri": "https://api.sketchfab.com/v3/tags/desk"
    },
    {
      "name": "furniture",
      "slug": "furniture",
      "uri": "https://api.sketchfab.com/v3/tags/furniture"
    },
    {
      "name": "classe",
      "slug": "classe",
      "uri": "https://api.sketchfab.com/v3/tags/classe"
    },
    {
      "name": "madeinjapan",
      "slug": "madeinjapan",
      "uri": "https://api.sketchfab.com/v3/tags/madeinjapan"
    },
    {
      "name": "leaves",
      "slug": "leaves",
      "uri": "https://api.sketchfab.com/v3/tags/leaves"
    },
    {
      "name": "legnatec",
      "slug": "legnatec",
      "uri": "https://api.sketchfab.com/v3/tags/legnatec"
    }
  ],
  "categories": [
    {
      "name": "furniture-home"
    }
  ],
  "thumbnails": {
    "images": [
      {
        "uid": "cf495c186b9247e68bdeb6107094c233",
        "size": 68190,
        "width": 1920,
        "url": "https://media.sketchfab.com/models/6e47547c9ff543819b84aeb495a632ae/thumbnails/aa6e63835c764347846f86272899e2a2/80a073db55e244d29a2d67b5fdc129d5.jpeg",
        "height": 1080
      },
      {
        "uid": "b78f45e022c54067a1a0216b5282b652",
        "size": 22432,
        "width": 1024,
        "url": "https://media.sketchfab.com/models/6e47547c9ff543819b84aeb495a632ae/thumbnails/aa6e63835c764347846f86272899e2a2/d0e9ee1857084c29b5830d724495300c.jpeg",
        "height": 576
      },
      {
        "uid": "a937fb2e203142fc9840021536703b6d",
        "size": 12877,
        "width": 720,
        "url": "https://media.sketchfab.com/models/6e47547c9ff543819b84aeb495a632ae/thumbnails/aa6e63835c764347846f86272899e2a2/bc3a2c7363c94be29c8fdffae89d0a65.jpeg",
        "height": 405
      },
      {
        "uid": "3b7d64ebc6564d3abdd07e6e35131a7c",
        "size": 2891,
        "width": 256,
        "url": "https://media.sketchfab.com/models/6e47547c9ff543819b84aeb495a632ae/thumbnails/aa6e63835c764347846f86272899e2a2/1d67c962831b4732a39a36218e14a4ea.jpeg",
        "height": 144
      },
      {
        "uid": "5d43ecb43db9402f865b6cd4d228397a",
        "size": 892,
        "width": 64,
        "url": "https://media.sketchfab.com/models/6e47547c9ff543819b84aeb495a632ae/thumbnails/aa6e63835c764347846f86272899e2a2/7a71901948104809a5f3eab64c0047c0.jpeg",
        "height": 36
      }
    ]
  },
  "user": {
    "uid": "2877f65a5ab44257906e55f4e02de6a5",
    "username": "classe-saga",
    "displayName": "classe-saga",
    "profileUrl": "https://sketchfab.com/classe-saga",
    "account": "prem",
    "avatar": {
      "uri": "https://api.sketchfab.com/v3/avatars/5e33a9cade5941e8b4bc1071e7634ff7",
      "images": [
        {
          "size": 1061,
          "width": 32,
          "url": "https://media.sketchfab.com/avatars/5e33a9cade5941e8b4bc1071e7634ff7/a04f6f742c644aff820f1b0f277d08fb.jpeg",
          "height": 32
        },
        {
          "size": 1553,
          "width": 48,
          "url": "https://media.sketchfab.com/avatars/5e33a9cade5941e8b4bc1071e7634ff7/e4f5b60c06604b1ab5930fd69d87eb6d.jpeg",
          "height": 48
        },
        {
          "size": 2799,
          "width": 90,
          "url": "https://media.sketchfab.com/avatars/5e33a9cade5941e8b4bc1071e7634ff7/d9b1b3d1aa9a4a0bbdabc4792227035a.jpeg",
          "height": 90
        },
        {
          "size": 3055,
          "width": 100,
          "url": "https://media.sketchfab.com/avatars/5e33a9cade5941e8b4bc1071e7634ff7/a481c3c80cad445d9029aebfd0079c97.jpeg",
          "height": 100
        }
      ]
    },
    "uri": "https://api.sketchfab.com/v3/users/2877f65a5ab44257906e55f4e02de6a5"
  },
  "description": "",
  "faceCount": 87606,
  "createdAt": "2021-09-29T01:35:12.045318",
  "vertexCount": 43837,
  "isAgeRestricted": false,
  "archives": {
    "glb": {
      "textureCount": 3,
      "size": 8652408,
      "type": "glb",
      "textureMaxResolution": 1024,
      "faceCount": 87606,
      "vertexCount": 61038
    },
    "gltf": {
      "textureCount": 3,
      "size": 2665018,
      "type": "gltf",
      "textureMaxResolution": 1024,
      "faceCount": 87606,
      "vertexCount": 61038
    },
    "gltf-ar": {
      "textureCount": null,
      "size": 210311,
      "type": "gltf-ar",
      "textureMaxResolution": null,
      "faceCount": null,
      "vertexCount": null
    },
    "source": {
      "textureCount": null,
      "size": 7106249,
      "type": "source",
      "textureMaxResolution": null,
      "faceCount": null,
      "vertexCount": null
    },
    "usdz": {
      "textureCount": null,
      "size": 3146149,
      "type": "usdz",
      "textureMaxResolution": null,
      "faceCount": null,
      "vertexCount": null
    }
  },
  "license": "by"
}