{
  "uri": "https://api.sketchfab.com/v3/models/6e4caab2b0834efdad3a56050489e694",
  "uid": "6e4caab2b0834efdad3a56050489e694",
  "name": "XYZ_2020",
  "staffpickedAt": null,
  "viewCount": 1,
  "likeCount": 0,
  "animationCount": 0,
  "viewerUrl": "https://sketchfab.com/3d-models/6e4caab2b0834efdad3a56050489e694",
  "embedUrl": "https://sketchfab.com/models/6e4caab2b0834efdad3a56050489e694/embed",
  "commentCount": 0,
  "isDownloadable": true,
  "publishedAt": "2020-03-06T19:54:26.593830",
  "tags": [
    {
      "name": "pamir",
      "slug": "pamir",
      "uri": "https://api.sketchfab.com/v3/tags/pamir"
    }
  ],
  "categories": [],
  "thumbnails": {
    "images": [
      {
        "uid": "11195b7a6312420fa5742f57bf0ffc88",
        "size": 60925,
        "width": 1920,
        "url": "https://media.sketchfab.com/models/6e4caab2b0834efdad3a56050489e694/thumbnails/fd91fa60c94e45deaf99eaa1dd34eb1b/6f3d146590d04795b70e741b1e92169c.jpeg",
        "height": 1080
      },
      {
        "uid": "b36a078f8b1542f0ab7e3a041e2bc01c",
        "size": 18565,
        "width": 1024,
        "url": "https://media.sketchfab.com/models/6e4caab2b0834efdad3a56050489e694/thumbnails/fd91fa60c94e45deaf99eaa1dd34eb1b/3100f9af9a2d46eabf2cd6665651b92c.jpeg",
        "height": 576
      },
      {
        "uid": "8f37db2099334e009675eecfe1f91a30",
        "size": 10076,
        "width": 720,
        "url": "https://media.sketchfab.com/models/6e4caab2b0834efdad3a56050489e694/thumbnails/fd91fa60c94e45deaf99eaa1dd34eb1b/e6abf026e0c74e789aa9dafa309c2792.jpeg",
        "height": 405
      },
      {
        "uid": "0ead44435f9c475f9093954828edf38f",
        "size": 1814,
        "width": 256,
        "url": "https://media.sketchfab.com/models/6e4caab2b0834efdad3a56050489e694/thumbnails/fd91fa60c94e45deaf99eaa1dd34eb1b/bd5a4a178c884be8bad9d76e3984f07a.jpeg",
        "height": 144
      },
      {
        "uid": "b7e1c651798447bea2b7036a2d4c91db",
        "size": 525,
        "width": 64,
        "url": "https://media.sketchfab.com/models/6e4caab2b0834efdad3a56050489e694/thumbnails/fd91fa60c94e45deaf99eaa1dd34eb1b/d57d860e847e4fec8e274eff9167b70e.jpeg",
        "height": 36
      }
    ]
  },
  "user": {
    "uid": "247614ba93c64d09bdde278c11f9f8ec",
    "username": "tomaspluta",
    "displayName": "tomaspluta",
    "profileUrl": "https://sketchfab.com/tomaspluta",
    "account": "pro",
    "avatar": {
      "uri": "https://api.sketchfab.com/v3/avatars/3ef1bd11d3eb4b57a0b353e8f2e5fc3e",
      "images": [
        {
          "size": 680,
          "width": 32,
          "url": "https://media.sketchfab.com/avatars/3ef1bd11d3eb4b57a0b353e8f2e5fc3e/116042a0854e40538adab302b593683d.jpeg",
          "height": 32
        },
        {
          "size": 1253,
          "width": 48,
          "url": "https://media.sketchfab.com/avatars/3ef1bd11d3eb4b57a0b353e8f2e5fc3e/efea16be51d04eb7a00cb9ea0b43b87f.jpeg",
          "height": 48
        },
        {
          "size": 2797,
          "width": 90,
          "url": "https://media.sketchfab.com/avatars/3ef1bd11d3eb4b57a0b353e8f2e5fc3e/ac9b469ccec74caf923a81fb2f0be3ed.jpeg",
          "height": 90
        },
        {
          "size": 3215,
          "width": 100,
          "url": "https://media.sketchfab.com/avatars/3ef1bd11d3eb4b57a0b353e8f2e5fc3e/a075e1d43d2f446c949b5967b470c757.jpeg",
          "height": 100
        }
      ]
    },
    "uri": "https://api.sketchfab.com/v3/users/247614ba93c64d09bdde278c11f9f8ec"
  },
  "description": "Building exported from Pamir.",
  "faceCount": 282,
  "createdAt": "2020-02-28T06:36:36.215254",
  "vertexCount": 129,
  "isAgeRestricted": false,
  "archives": {
    "glb": {
      "textureCount": 4,
      "size": 243728,
      "type": "glb",
      "textureMaxResolution": 512,
      "faceCount": 282,
      "vertexCount": 558
    },
    "gltf": {
      "textureCount": 4,
      "size": 223058,
      "type": "gltf",
      "textureMaxResolution": 512,
      "faceCount": 282,
      "vertexCount": 558
    },
    "source": {
      "textureCount": null,
      "size": 444089,
      "type": "source",
      "textureMaxResolution": null,
      "faceCount": null,
      "vertexCount": null
    },
    "usdz": {
      "textureCount": null,
      "size": 241581,
      "type": "usdz",
      "textureMaxResolution": null,
      "faceCount": null,
      "vertexCount": null
    }
  },
  "license": "by"
}