{
  "uri": "https://api.sketchfab.com/v3/models/6e4c9948932e4c52ab310bd0ed24504c",
  "uid": "6e4c9948932e4c52ab310bd0ed24504c",
  "name": "Светильник 1975-1P Favourite",
  "staffpickedAt": null,
  "viewCount": 10,
  "likeCount": 0,
  "animationCount": 0,
  "viewerUrl": "https://sketchfab.com/3d-models/6e4c9948932e4c52ab310bd0ed24504c",
  "embedUrl": "https://sketchfab.com/models/6e4c9948932e4c52ab310bd0ed24504c/embed",
  "commentCount": 0,
  "isDownloadable": true,
  "publishedAt": "2020-05-22T07:02:34.855483",
  "tags": [
    {
      "name": "lamp",
      "slug": "lamp",
      "uri": "https://api.sketchfab.com/v3/tags/lamp"
    }
  ],
  "categories": [
    {
      "name": "furniture-home"
    }
  ],
  "thumbnails": {
    "images": [
      {
        "uid": "1009b9e47c974654be66f127b9b13b33",
        "size": 27308,
        "width": 1920,
        "url": "https://media.sketchfab.com/models/6e4c9948932e4c52ab310bd0ed24504c/thumbnails/0ae3ac1209984f1dbd6486d2083402d6/e36dceac22ae4c9687f47c3735ea944e.jpeg",
        "height": 1080
      },
      {
        "uid": "4359f275b7a9438dba07da0f148a7578",
        "size": 9128,
        "width": 1024,
        "url": "https://media.sketchfab.com/models/6e4c9948932e4c52ab310bd0ed24504c/thumbnails/0ae3ac1209984f1dbd6486d2083402d6/4bbc32e941724cada2ed57b8ff16c1b6.jpeg",
        "height": 576
      },
      {
        "uid": "f7ea63fc105843dba5814110a619115e",
        "size": 5146,
        "width": 720,
        "url": "https://media.sketchfab.com/models/6e4c9948932e4c52ab310bd0ed24504c/thumbnails/0ae3ac1209984f1dbd6486d2083402d6/25ecc2f42b5a4410a5852c5a03b1824c.jpeg",
        "height": 405
      },
      {
        "uid": "d5625c333825419dab218f08d4adc6ba",
        "size": 1107,
        "width": 256,
        "url": "https://media.sketchfab.com/models/6e4c9948932e4c52ab310bd0ed24504c/thumbnails/0ae3ac1209984f1dbd6486d2083402d6/6f72df810a90479dbf22ecaf942542ef.jpeg",
        "height": 144
      },
      {
        "uid": "0b1f226f1c464c569fd02c5dd9e00663",
        "size": 380,
        "width": 64,
        "url": "https://media.sketchfab.com/models/6e4c9948932e4c52ab310bd0ed24504c/thumbnails/0ae3ac1209984f1dbd6486d2083402d6/c02e7f88fae148a1899094e0de844eba.jpeg",
        "height": 36
      }
    ]
  },
  "user": {
    "uid": "3a44be237d75401982ae2d54f1ddbbc2",
    "username": "fedomo",
    "displayName": "fedomo.ru",
    "profileUrl": "https://sketchfab.com/fedomo",
    "account": "basic",
    "avatar": {
      "uri": "https://api.sketchfab.com/v3/avatars/2a5bb38ced1649d7bc2a8fcaa0ff3631",
      "images": [
        {
          "size": 554,
          "width": 32,
          "url": "https://media.sketchfab.com/avatars/2a5bb38ced1649d7bc2a8fcaa0ff3631/ef6b7fa9a9cd4cedbaa795cf4892747a.jpeg",
          "height": 32
        },
        {
          "size": 692,
          "width": 48,
          "url": "https://media.sketchfab.com/avatars/2a5bb38ced1649d7bc2a8fcaa0ff3631/032f860f918c4ab087ac882935f6f0f4.jpeg",
          "height": 48
        },
        {
          "size": 1311,
          "width": 90,
          "url": "https://media.sketchfab.com/avatars/2a5bb38ced1649d7bc2a8fcaa0ff3631/1e0070abec8646a68fae9653353fe7b6.jpeg",
          "height": 90
        },
        {
          "size": 1548,
          "width": 100,
          "url": "https://media.sketchfab.com/avatars/2a5bb38ced1649d7bc2a8fcaa0ff3631/b89d112f3905460baf1840c7911a2a92.jpeg",
          "height": 100
        }
      ]
    },
    "uri": "https://api.sketchfab.com/v3/users/3a44be237d75401982ae2d54f1ddbbc2"
  },
  "description": "[Подвесной светильник черный E27 Favourite Situla 1975-1P\n](https://www.fedomo.ru/product/1975-1p-podves-favourite-situla-1-lampa-chernyi-s-prozrachnym_91748/\n)<br>Больше товаров на fedomo.ru",
  "faceCount": 85962,
  "createdAt": "2020-05-20T11:43:56.757815",
  "vertexCount": 70869,
  "isAgeRestricted": false,
  "archives": {
    "glb": {
      "textureCount": 1,
      "size": 5710576,
      "type": "glb",
      "textureMaxResolution": 2048,
      "faceCount": 85860,
      "vertexCount": 132925
    },
    "gltf": {
      "textureCount": 1,
      "size": 2384086,
      "type": "gltf",
      "textureMaxResolution": 2048,
      "faceCount": 85860,
      "vertexCount": 132925
    },
    "source": {
      "textureCount": null,
      "size": 7579124,
      "type": "source",
      "textureMaxResolution": null,
      "faceCount": null,
      "vertexCount": null
    },
    "usdz": {
      "textureCount": null,
      "size": 4705273,
      "type": "usdz",
      "textureMaxResolution": null,
      "faceCount": null,
      "vertexCount": null
    }
  },
  "license": "by"
}