{
  "uri": "https://api.sketchfab.com/v3/models/6e4f4adaa43642689e963fbb2a0057e3",
  "uid": "6e4f4adaa43642689e963fbb2a0057e3",
  "name": "Blue Couch",
  "staffpickedAt": null,
  "viewCount": 1,
  "likeCount": 0,
  "animationCount": 0,
  "viewerUrl": "https://sketchfab.com/3d-models/6e4f4adaa43642689e963fbb2a0057e3",
  "embedUrl": "https://sketchfab.com/models/6e4f4adaa43642689e963fbb2a0057e3/embed",
  "commentCount": 0,
  "isDownloadable": true,
  "publishedAt": "2022-08-24T11:03:46.385316",
  "tags": [
    {
      "name": "sofa",
      "slug": "sofa",
      "uri": "https://api.sketchfab.com/v3/tags/sofa"
    },
    {
      "name": "couch",
      "slug": "couch",
      "uri": "https://api.sketchfab.com/v3/tags/couch"
    },
    {
      "name": "furniture",
      "slug": "furniture",
      "uri": "https://api.sketchfab.com/v3/tags/furniture"
    },
    {
      "name": "funiture",
      "slug": "funiture",
      "uri": "https://api.sketchfab.com/v3/tags/funiture"
    },
    {
      "name": "3d-design",
      "slug": "3d-design",
      "uri": "https://api.sketchfab.com/v3/tags/3d-design"
    },
    {
      "name": "blue",
      "slug": "blue",
      "uri": "https://api.sketchfab.com/v3/tags/blue"
    }
  ],
  "categories": [
    {
      "name": "furniture-home"
    }
  ],
  "thumbnails": {
    "images": [
      {
        "uid": "fa522a955c2f4b5bbf23fb580e264d85",
        "size": 44251,
        "width": 1920,
        "url": "https://media.sketchfab.com/models/6e4f4adaa43642689e963fbb2a0057e3/thumbnails/878e0c429bcc401ca24c23dd8d782e7a/15301c45785743d3bb70ab3cea480694.jpeg",
        "height": 1080
      },
      {
        "uid": "bad63d5d88854630a2997b8a400b0915",
        "size": 14932,
        "width": 1024,
        "url": "https://media.sketchfab.com/models/6e4f4adaa43642689e963fbb2a0057e3/thumbnails/878e0c429bcc401ca24c23dd8d782e7a/71f33d848db940c1a40318f426388147.jpeg",
        "height": 576
      },
      {
        "uid": "dcdffa3bc3074cdf95c91e465ea76828",
        "size": 8937,
        "width": 720,
        "url": "https://media.sketchfab.com/models/6e4f4adaa43642689e963fbb2a0057e3/thumbnails/878e0c429bcc401ca24c23dd8d782e7a/8771c3e52f9b4a16a1acc8ece89c4215.jpeg",
        "height": 405
      },
      {
        "uid": "492547273a5f4f7aa3bd60a01cd67392",
        "size": 2340,
        "width": 256,
        "url": "https://media.sketchfab.com/models/6e4f4adaa43642689e963fbb2a0057e3/thumbnails/878e0c429bcc401ca24c23dd8d782e7a/6f6d4c1dee2f4e0ba352a05b225c7638.jpeg",
        "height": 144
      },
      {
        "uid": "9c7b8cc3771146b0bd6fc1539f4e9347",
        "size": 949,
        "width": 64,
        "url": "https://media.sketchfab.com/models/6e4f4adaa43642689e963fbb2a0057e3/thumbnails/878e0c429bcc401ca24c23dd8d782e7a/bd02209c750847eba8e4f81b3d7b23a5.jpeg",
        "height": 36
      }
    ]
  },
  "user": {
    "uid": "7a9d491e97b440cda9c8a40e01ec7820",
    "username": "seailz",
    "displayName": "seailz",
    "profileUrl": "https://sketchfab.com/seailz",
    "account": "basic",
    "avatar": {
      "uri": "https://api.sketchfab.com/v3/avatars/3ef1bd11d3eb4b57a0b353e8f2e5fc3e",
      "images": [
        {
          "size": 680,
          "width": 32,
          "url": "https://media.sketchfab.com/avatars/3ef1bd11d3eb4b57a0b353e8f2e5fc3e/116042a0854e40538adab302b593683d.jpeg",
          "height": 32
        },
        {
          "size": 1253,
          "width": 48,
          "url": "https://media.sketchfab.com/avatars/3ef1bd11d3eb4b57a0b353e8f2e5fc3e/efea16be51d04eb7a00cb9ea0b43b87f.jpeg",
          "height": 48
        },
        {
          "size": 2797,
          "width": 90,
          "url": "https://media.sketchfab.com/avatars/3ef1bd11d3eb4b57a0b353e8f2e5fc3e/ac9b469ccec74caf923a81fb2f0be3ed.jpeg",
          "height": 90
        },
        {
          "size": 3215,
          "width": 100,
          "url": "https://media.sketchfab.com/avatars/3ef1bd11d3eb4b57a0b353e8f2e5fc3e/a075e1d43d2f446c949b5967b470c757.jpeg",
          "height": 100
        }
      ]
    },
    "uri": "https://api.sketchfab.com/v3/users/7a9d491e97b440cda9c8a40e01ec7820"
  },
  "description": "A custom blue sofa/couch made in blender!",
  "faceCount": 180412,
  "createdAt": "2022-08-24T11:02:40.676557",
  "vertexCount": 90224,
  "isAgeRestricted": false,
  "archives": {
    "glb": {
      "textureCount": 0,
      "size": 13711184,
      "type": "glb",
      "textureMaxResolution": 0,
      "faceCount": 180412,
      "vertexCount": 360376
    },
    "gltf": {
      "textureCount": 0,
      "size": 3909115,
      "type": "gltf",
      "textureMaxResolution": 0,
      "faceCount": 180412,
      "vertexCount": 360376
    },
    "source": {
      "textureCount": null,
      "size": 4218972,
      "type": "source",
      "textureMaxResolution": null,
      "faceCount": null,
      "vertexCount": null
    },
    "usdz": {
      "textureCount": null,
      "size": 2212316,
      "type": "usdz",
      "textureMaxResolution": null,
      "faceCount": null,
      "vertexCount": null
    }
  },
  "license": "by"
}