{
  "uri": "https://api.sketchfab.com/v3/models/6e57b18e53964e12a4b12544e0454fc4",
  "uid": "6e57b18e53964e12a4b12544e0454fc4",
  "name": "tpap heaj 2019",
  "staffpickedAt": null,
  "viewCount": 40,
  "likeCount": 0,
  "animationCount": 0,
  "viewerUrl": "https://sketchfab.com/3d-models/6e57b18e53964e12a4b12544e0454fc4",
  "embedUrl": "https://sketchfab.com/models/6e57b18e53964e12a4b12544e0454fc4/embed",
  "commentCount": 0,
  "isDownloadable": true,
  "publishedAt": "2019-10-04T08:04:47.287010",
  "tags": [
    {
      "name": "orc",
      "slug": "orc",
      "uri": "https://api.sketchfab.com/v3/tags/orc"
    },
    {
      "name": "fantastique",
      "slug": "fantastique",
      "uri": "https://api.sketchfab.com/v3/tags/fantastique"
    },
    {
      "name": "3d-art",
      "slug": "3d-art",
      "uri": "https://api.sketchfab.com/v3/tags/3d-art"
    }
  ],
  "categories": [
    {
      "name": "characters-creatures"
    }
  ],
  "thumbnails": {
    "images": [
      {
        "uid": "655c46f738644cbeacb997a6e2393172",
        "size": 55444,
        "width": 1920,
        "url": "https://media.sketchfab.com/models/6e57b18e53964e12a4b12544e0454fc4/thumbnails/e1ea158b6a5f49c7bc52c67835a1f6fc/611f803b9cb14c3e8b2e9df370bae48c.jpeg",
        "height": 1080
      },
      {
        "uid": "128f1e49e6ea49a2a5a68dca27bd2173",
        "size": 19776,
        "width": 1024,
        "url": "https://media.sketchfab.com/models/6e57b18e53964e12a4b12544e0454fc4/thumbnails/e1ea158b6a5f49c7bc52c67835a1f6fc/4c211a8c6c1143278f11e97bdf1e523c.jpeg",
        "height": 576
      },
      {
        "uid": "802cf5dce70840e79ad84e6571ed4af3",
        "size": 12169,
        "width": 720,
        "url": "https://media.sketchfab.com/models/6e57b18e53964e12a4b12544e0454fc4/thumbnails/e1ea158b6a5f49c7bc52c67835a1f6fc/d95dadc74c64436999381ec71eb9f69c.jpeg",
        "height": 405
      },
      {
        "uid": "be92d1c1811d4a1584276fd1899242f3",
        "size": 2865,
        "width": 256,
        "url": "https://media.sketchfab.com/models/6e57b18e53964e12a4b12544e0454fc4/thumbnails/e1ea158b6a5f49c7bc52c67835a1f6fc/08833aff2f5c410da7318ed818976532.jpeg",
        "height": 144
      },
      {
        "uid": "1f1af75106f54f0ca098ea9601fb8c5a",
        "size": 633,
        "width": 64,
        "url": "https://media.sketchfab.com/models/6e57b18e53964e12a4b12544e0454fc4/thumbnails/e1ea158b6a5f49c7bc52c67835a1f6fc/ebc28be444a94658aed09ff7f6066e06.jpeg",
        "height": 36
      }
    ]
  },
  "user": {
    "uid": "5fb314e7a3e44dc58c97e1bbe8de41bb",
    "username": "Jalyneo",
    "displayName": "Jalyneo",
    "profileUrl": "https://sketchfab.com/Jalyneo",
    "account": "basic",
    "avatar": {
      "uri": "https://api.sketchfab.com/v3/avatars/51af6a870cce449eb75b0345feebaebb",
      "images": [
        {
          "size": 5719,
          "width": 90,
          "url": "https://media.sketchfab.com/avatars/51af6a870cce449eb75b0345feebaebb/2ef0f894055b4bb69123b2a27fa2d379.jpeg",
          "height": 90
        },
        {
          "size": 6496,
          "width": 100,
          "url": "https://media.sketchfab.com/avatars/51af6a870cce449eb75b0345feebaebb/ab11eedf96374486acb544f71a23b165.jpeg",
          "height": 100
        },
        {
          "size": 1359,
          "width": 32,
          "url": "https://media.sketchfab.com/avatars/51af6a870cce449eb75b0345feebaebb/35f6f9b6c9a14a548ce472582d8a9bb5.jpeg",
          "height": 32
        },
        {
          "size": 2584,
          "width": 48,
          "url": "https://media.sketchfab.com/avatars/51af6a870cce449eb75b0345feebaebb/a8072a51447c4d41ab177b357111b420.jpeg",
          "height": 48
        }
      ]
    },
    "uri": "https://api.sketchfab.com/v3/users/5fb314e7a3e44dc58c97e1bbe8de41bb"
  },
  "description": "Prototype de modélisation pour impression 3D\ntransformation d'un étudiant en orc \nProjet Heaj Tpap 2019 Jv Game Art",
  "faceCount": 471520,
  "createdAt": "2019-10-04T08:02:09.697286",
  "vertexCount": 235760,
  "isAgeRestricted": false,
  "archives": {
    "glb": {
      "textureCount": 0,
      "size": 12339572,
      "type": "glb",
      "textureMaxResolution": 0,
      "faceCount": 471520,
      "vertexCount": 278209
    },
    "gltf": {
      "textureCount": 0,
      "size": 7400476,
      "type": "gltf",
      "textureMaxResolution": 0,
      "faceCount": 471520,
      "vertexCount": 278209
    },
    "source": {
      "textureCount": null,
      "size": 15182778,
      "type": "source",
      "textureMaxResolution": null,
      "faceCount": null,
      "vertexCount": null
    },
    "usdz": {
      "textureCount": null,
      "size": 7687524,
      "type": "usdz",
      "textureMaxResolution": null,
      "faceCount": null,
      "vertexCount": null
    }
  },
  "license": "by"
}