{
  "uri": "https://api.sketchfab.com/v3/models/6e5ae427f4414bc2aa0abed54af6f1d2",
  "uid": "6e5ae427f4414bc2aa0abed54af6f1d2",
  "name": "Me ready figure",
  "staffpickedAt": null,
  "viewCount": 84,
  "likeCount": 5,
  "animationCount": 0,
  "viewerUrl": "https://sketchfab.com/3d-models/6e5ae427f4414bc2aa0abed54af6f1d2",
  "embedUrl": "https://sketchfab.com/models/6e5ae427f4414bc2aa0abed54af6f1d2/embed",
  "commentCount": 1,
  "isDownloadable": true,
  "publishedAt": "2021-05-11T15:39:14.122480",
  "tags": [
    {
      "name": "ready",
      "slug": "ready",
      "uri": "https://api.sketchfab.com/v3/tags/ready"
    },
    {
      "name": "asset",
      "slug": "asset",
      "uri": "https://api.sketchfab.com/v3/tags/asset"
    },
    {
      "name": "game",
      "slug": "game",
      "uri": "https://api.sketchfab.com/v3/tags/game"
    },
    {
      "name": "nyi",
      "slug": "nyi",
      "uri": "https://api.sketchfab.com/v3/tags/nyi"
    }
  ],
  "categories": [
    {
      "name": "characters-creatures"
    },
    {
      "name": "people"
    }
  ],
  "thumbnails": {
    "images": [
      {
        "uid": "92678eb40aa6448a90ebd0a92f332098",
        "size": 42831,
        "width": 1920,
        "url": "https://media.sketchfab.com/models/6e5ae427f4414bc2aa0abed54af6f1d2/thumbnails/2ba4ba42a5d84f9c8184947c858b1d9c/f4c97bc7add94066b0802b094017c764.jpeg",
        "height": 1080
      },
      {
        "uid": "7abbdd3315f14da8ac509b123f97c58d",
        "size": 14024,
        "width": 1024,
        "url": "https://media.sketchfab.com/models/6e5ae427f4414bc2aa0abed54af6f1d2/thumbnails/2ba4ba42a5d84f9c8184947c858b1d9c/e0e4f2be6d66475380cea9cc1d0f9ee9.jpeg",
        "height": 576
      },
      {
        "uid": "e2ef3067102d4dcf9c5fd0afad69c015",
        "size": 8503,
        "width": 720,
        "url": "https://media.sketchfab.com/models/6e5ae427f4414bc2aa0abed54af6f1d2/thumbnails/2ba4ba42a5d84f9c8184947c858b1d9c/dd8af35168d841aab5e652ef0bc2c0a6.jpeg",
        "height": 405
      },
      {
        "uid": "751dedc0fd13436aa3649006f80d38fc",
        "size": 2139,
        "width": 256,
        "url": "https://media.sketchfab.com/models/6e5ae427f4414bc2aa0abed54af6f1d2/thumbnails/2ba4ba42a5d84f9c8184947c858b1d9c/c4df4727afe94bfe9dbd4bd846ceecb4.jpeg",
        "height": 144
      },
      {
        "uid": "5f71c11166bd49749fc342fc88b82dd1",
        "size": 632,
        "width": 64,
        "url": "https://media.sketchfab.com/models/6e5ae427f4414bc2aa0abed54af6f1d2/thumbnails/2ba4ba42a5d84f9c8184947c858b1d9c/f0c55eb99f9343cba1a50a4bd9e324ca.jpeg",
        "height": 36
      }
    ]
  },
  "user": {
    "uid": "cbea58918d2049aaab384c5a23606505",
    "username": "Nyilonelycompany",
    "displayName": "Nyilonelycompany",
    "profileUrl": "https://sketchfab.com/Nyilonelycompany",
    "account": "basic",
    "avatar": {
      "uri": "https://api.sketchfab.com/v3/avatars/2c7130df8fe5416382fb54b5f9f7632b",
      "images": [
        {
          "size": 1745,
          "width": 32,
          "url": "https://media.sketchfab.com/avatars/2c7130df8fe5416382fb54b5f9f7632b/6c2684fa6dee45ceabd99ad092e54921.png",
          "height": 32
        },
        {
          "size": 3156,
          "width": 48,
          "url": "https://media.sketchfab.com/avatars/2c7130df8fe5416382fb54b5f9f7632b/3dab521b7f9e4232971ee24c6128bc14.png",
          "height": 48
        },
        {
          "size": 8529,
          "width": 90,
          "url": "https://media.sketchfab.com/avatars/2c7130df8fe5416382fb54b5f9f7632b/32652d07676243cdb923c036748ccff5.png",
          "height": 90
        },
        {
          "size": 10178,
          "width": 100,
          "url": "https://media.sketchfab.com/avatars/2c7130df8fe5416382fb54b5f9f7632b/fdcf4598d7c94b82b6ace3d124b1cab6.png",
          "height": 100
        }
      ]
    },
    "uri": "https://api.sketchfab.com/v3/users/cbea58918d2049aaab384c5a23606505"
  },
  "description": "Game Ready fbx nyi asset",
  "faceCount": 46314,
  "createdAt": "2021-05-11T15:36:31.627219",
  "vertexCount": 23661,
  "isAgeRestricted": false,
  "archives": {
    "glb": {
      "textureCount": 6,
      "size": 9020328,
      "type": "glb",
      "textureMaxResolution": 2048,
      "faceCount": 46314,
      "vertexCount": 25633
    },
    "gltf": {
      "textureCount": 6,
      "size": 8525153,
      "type": "gltf",
      "textureMaxResolution": 2048,
      "faceCount": 46314,
      "vertexCount": 25633
    },
    "source": {
      "textureCount": null,
      "size": 14777609,
      "type": "source",
      "textureMaxResolution": null,
      "faceCount": null,
      "vertexCount": null
    },
    "usdz": {
      "textureCount": null,
      "size": 2040394,
      "type": "usdz",
      "textureMaxResolution": null,
      "faceCount": null,
      "vertexCount": null
    }
  },
  "license": "by"
}