{
  "uri": "https://api.sketchfab.com/v3/models/6e5a68792d8847a58b447913f240f684",
  "uid": "6e5a68792d8847a58b447913f240f684",
  "name": "19TS407_NIETOAUT_Auterive",
  "staffpickedAt": null,
  "viewCount": 6,
  "likeCount": 0,
  "animationCount": 0,
  "viewerUrl": "https://sketchfab.com/3d-models/6e5a68792d8847a58b447913f240f684",
  "embedUrl": "https://sketchfab.com/models/6e5a68792d8847a58b447913f240f684/embed",
  "commentCount": 0,
  "isDownloadable": true,
  "publishedAt": "2019-12-13T15:40:02.606290",
  "tags": [
    {
      "name": "pamir",
      "slug": "pamir",
      "uri": "https://api.sketchfab.com/v3/tags/pamir"
    }
  ],
  "categories": [],
  "thumbnails": {
    "images": [
      {
        "uid": "c6ed21e4bf1645428901c1b1903c7110",
        "size": 87292,
        "width": 1920,
        "url": "https://media.sketchfab.com/models/6e5a68792d8847a58b447913f240f684/thumbnails/13f69e0376a14ebe8123a5565a357190/67878de991944576ba36326a22fac74d.jpeg",
        "height": 1080
      },
      {
        "uid": "6757c2d2526949ca9c64672577a8efdc",
        "size": 25723,
        "width": 1024,
        "url": "https://media.sketchfab.com/models/6e5a68792d8847a58b447913f240f684/thumbnails/13f69e0376a14ebe8123a5565a357190/831a18257e1348bfac8e9adbee825717.jpeg",
        "height": 576
      },
      {
        "uid": "84ba86f19e5c43fbb4f747f8a09f28c3",
        "size": 13738,
        "width": 720,
        "url": "https://media.sketchfab.com/models/6e5a68792d8847a58b447913f240f684/thumbnails/13f69e0376a14ebe8123a5565a357190/ddccac94b9f042f29483c7def7a544e3.jpeg",
        "height": 405
      },
      {
        "uid": "5b7e3565a3454f86a08a3c1f6cfe3103",
        "size": 2235,
        "width": 256,
        "url": "https://media.sketchfab.com/models/6e5a68792d8847a58b447913f240f684/thumbnails/13f69e0376a14ebe8123a5565a357190/323cdd08cf69419a8b4a17b9013a0b0c.jpeg",
        "height": 144
      },
      {
        "uid": "a1784215d3a249f894fcc91698eaf479",
        "size": 506,
        "width": 64,
        "url": "https://media.sketchfab.com/models/6e5a68792d8847a58b447913f240f684/thumbnails/13f69e0376a14ebe8123a5565a357190/2515ede0e03a4314bc09a3e50b8f9f35.jpeg",
        "height": 36
      }
    ]
  },
  "user": {
    "uid": "3879688d5e0449b1a8c833000ca017a3",
    "username": "boisariegeois",
    "displayName": "boisariegeois",
    "profileUrl": "https://sketchfab.com/boisariegeois",
    "account": "basic",
    "avatar": {
      "uri": "https://api.sketchfab.com/v3/avatars/78fa317e46024a5283765aa34df5e508",
      "images": [
        {
          "size": 6421,
          "width": 100,
          "url": "https://media.sketchfab.com/avatars/78fa317e46024a5283765aa34df5e508/aec92fe9a74e499c98d759362cd7f02f.jpeg",
          "height": 100
        },
        {
          "size": 2518,
          "width": 48,
          "url": "https://media.sketchfab.com/avatars/78fa317e46024a5283765aa34df5e508/17fa177ffaa344a2b2fc8e78efd40fbb.jpeg",
          "height": 48
        },
        {
          "size": 5653,
          "width": 90,
          "url": "https://media.sketchfab.com/avatars/78fa317e46024a5283765aa34df5e508/02162695bdc840faa3bcb2d418309c5e.jpeg",
          "height": 90
        },
        {
          "size": 1350,
          "width": 32,
          "url": "https://media.sketchfab.com/avatars/78fa317e46024a5283765aa34df5e508/6fde876cbded4cd48d36a76029e3aa02.jpeg",
          "height": 32
        }
      ]
    },
    "uri": "https://api.sketchfab.com/v3/users/3879688d5e0449b1a8c833000ca017a3"
  },
  "description": "Building exported from Pamir.",
  "faceCount": 22604,
  "createdAt": "2019-12-13T15:34:06.035477",
  "vertexCount": 18122,
  "isAgeRestricted": false,
  "archives": {
    "glb": {
      "textureCount": 4,
      "size": 1759552,
      "type": "glb",
      "textureMaxResolution": 512,
      "faceCount": 22604,
      "vertexCount": 43837
    },
    "gltf": {
      "textureCount": 4,
      "size": 418940,
      "type": "gltf",
      "textureMaxResolution": 512,
      "faceCount": 22604,
      "vertexCount": 43837
    },
    "source": {
      "textureCount": null,
      "size": 915345,
      "type": "source",
      "textureMaxResolution": null,
      "faceCount": null,
      "vertexCount": null
    },
    "usdz": {
      "textureCount": null,
      "size": 1448113,
      "type": "usdz",
      "textureMaxResolution": null,
      "faceCount": null,
      "vertexCount": null
    }
  },
  "license": "by-nc"
}