{
  "uri": "https://api.sketchfab.com/v3/models/6e5b3f853fb34fc9926888a553172e34",
  "uid": "6e5b3f853fb34fc9926888a553172e34",
  "name": "Сочи 12,0",
  "staffpickedAt": null,
  "viewCount": 108,
  "likeCount": 10,
  "animationCount": 0,
  "viewerUrl": "https://sketchfab.com/3d-models/6e5b3f853fb34fc9926888a553172e34",
  "embedUrl": "https://sketchfab.com/models/6e5b3f853fb34fc9926888a553172e34/embed",
  "commentCount": 0,
  "isDownloadable": true,
  "publishedAt": "2021-08-01T23:05:03.101553",
  "tags": [],
  "categories": [
    {
      "name": "architecture"
    }
  ],
  "thumbnails": {
    "images": [
      {
        "uid": "6247997c3009443e86b68c488e0f5df1",
        "size": 318514,
        "width": 1920,
        "url": "https://media.sketchfab.com/models/6e5b3f853fb34fc9926888a553172e34/thumbnails/adf49e8103274b1da7a3cb3f22a68d87/3e82ad8dd7d24d8aa250d7d21be7c4ce.jpeg",
        "height": 1080
      },
      {
        "uid": "9a7040a07ff8450b979020f15137fabf",
        "size": 76824,
        "width": 1024,
        "url": "https://media.sketchfab.com/models/6e5b3f853fb34fc9926888a553172e34/thumbnails/adf49e8103274b1da7a3cb3f22a68d87/8cd5eaa330ce49b4939d90d9a59435f9.jpeg",
        "height": 576
      },
      {
        "uid": "1bfed0123c544d12abcc250cf0b1231c",
        "size": 38591,
        "width": 720,
        "url": "https://media.sketchfab.com/models/6e5b3f853fb34fc9926888a553172e34/thumbnails/adf49e8103274b1da7a3cb3f22a68d87/d1f40b3b3d024a879d0ab1cecc4f00ff.jpeg",
        "height": 405
      },
      {
        "uid": "1cce499db6c24d40b440f713bb096b0f",
        "size": 5769,
        "width": 256,
        "url": "https://media.sketchfab.com/models/6e5b3f853fb34fc9926888a553172e34/thumbnails/adf49e8103274b1da7a3cb3f22a68d87/dfacde9186a54b849a013a31ee54f855.jpeg",
        "height": 144
      },
      {
        "uid": "a62003d9bfa5428299d0561219cd07d0",
        "size": 1159,
        "width": 64,
        "url": "https://media.sketchfab.com/models/6e5b3f853fb34fc9926888a553172e34/thumbnails/adf49e8103274b1da7a3cb3f22a68d87/6a08a8ec498e45d889f5dc3008e9c0c5.jpeg",
        "height": 36
      }
    ]
  },
  "user": {
    "uid": "b8ca276de1e6485398a0a088f4995f02",
    "username": "labarch",
    "displayName": "labarch",
    "profileUrl": "https://sketchfab.com/labarch",
    "account": "basic",
    "avatar": {
      "uri": "https://api.sketchfab.com/v3/avatars/35a56f4dacef4d6ca208234fd98755d9",
      "images": [
        {
          "size": 1115,
          "width": 32,
          "url": "https://media.sketchfab.com/avatars/35a56f4dacef4d6ca208234fd98755d9/af14dc8ee40d4116832e9418839beae4.jpeg",
          "height": 32
        },
        {
          "size": 1456,
          "width": 48,
          "url": "https://media.sketchfab.com/avatars/35a56f4dacef4d6ca208234fd98755d9/24e7ff24bab143a48a3cf0ca6b8a7004.jpeg",
          "height": 48
        },
        {
          "size": 2562,
          "width": 90,
          "url": "https://media.sketchfab.com/avatars/35a56f4dacef4d6ca208234fd98755d9/5b6af38285494171be19c9b6ede4e036.jpeg",
          "height": 90
        },
        {
          "size": 2965,
          "width": 100,
          "url": "https://media.sketchfab.com/avatars/35a56f4dacef4d6ca208234fd98755d9/70180a17f45f40adb422020d492ba76c.jpeg",
          "height": 100
        }
      ]
    },
    "uri": "https://api.sketchfab.com/v3/users/b8ca276de1e6485398a0a088f4995f02"
  },
  "description": "",
  "faceCount": 642031,
  "createdAt": "2021-08-01T22:44:50.034605",
  "vertexCount": 340061,
  "isAgeRestricted": false,
  "archives": {
    "glb": {
      "textureCount": 17,
      "size": 43008852,
      "type": "glb",
      "textureMaxResolution": 2048,
      "faceCount": 631894,
      "vertexCount": 979547
    },
    "gltf": {
      "textureCount": 17,
      "size": 15963019,
      "type": "gltf",
      "textureMaxResolution": 2048,
      "faceCount": 631894,
      "vertexCount": 979547
    },
    "source": {
      "textureCount": null,
      "size": 42799027,
      "type": "source",
      "textureMaxResolution": null,
      "faceCount": null,
      "vertexCount": null
    },
    "usdz": {
      "textureCount": null,
      "size": 32183451,
      "type": "usdz",
      "textureMaxResolution": null,
      "faceCount": null,
      "vertexCount": null
    }
  },
  "license": "by"
}