{
  "uri": "https://api.sketchfab.com/v3/models/6e5c1b7197e74c3fbc8e38493d8ccc11",
  "uid": "6e5c1b7197e74c3fbc8e38493d8ccc11",
  "name": "Mecanismo 2",
  "staffpickedAt": null,
  "viewCount": 3,
  "likeCount": 0,
  "animationCount": 1,
  "viewerUrl": "https://sketchfab.com/3d-models/6e5c1b7197e74c3fbc8e38493d8ccc11",
  "embedUrl": "https://sketchfab.com/models/6e5c1b7197e74c3fbc8e38493d8ccc11/embed",
  "commentCount": 0,
  "isDownloadable": true,
  "publishedAt": "2021-10-18T18:09:10.560803",
  "tags": [],
  "categories": [],
  "thumbnails": {
    "images": [
      {
        "uid": "ba3b7d52e82146529a245be26abb29d0",
        "size": 48416,
        "width": 1920,
        "url": "https://media.sketchfab.com/models/6e5c1b7197e74c3fbc8e38493d8ccc11/thumbnails/99ad33d4ef144070ba77b7edba5f4149/9b17fd67bd3e4f3bab26b884af9bc672.jpeg",
        "height": 1080
      },
      {
        "uid": "54f5a62f1a664452be0dc87c6b3f7c45",
        "size": 17093,
        "width": 1024,
        "url": "https://media.sketchfab.com/models/6e5c1b7197e74c3fbc8e38493d8ccc11/thumbnails/99ad33d4ef144070ba77b7edba5f4149/8562e430ade845cb9e58bad819355903.jpeg",
        "height": 576
      },
      {
        "uid": "bd287376577644b88b0bf575bcb49137",
        "size": 10054,
        "width": 720,
        "url": "https://media.sketchfab.com/models/6e5c1b7197e74c3fbc8e38493d8ccc11/thumbnails/99ad33d4ef144070ba77b7edba5f4149/bab9bc2fc9934cb9b77f69f372093f69.jpeg",
        "height": 405
      },
      {
        "uid": "da1e51049a8f4a5cb4fbdb45601b8340",
        "size": 2487,
        "width": 256,
        "url": "https://media.sketchfab.com/models/6e5c1b7197e74c3fbc8e38493d8ccc11/thumbnails/99ad33d4ef144070ba77b7edba5f4149/3be5b467bbf041e7a02584d40692b72d.jpeg",
        "height": 144
      },
      {
        "uid": "958d130a3d0141e89fbb5e689b6f0d4e",
        "size": 898,
        "width": 64,
        "url": "https://media.sketchfab.com/models/6e5c1b7197e74c3fbc8e38493d8ccc11/thumbnails/99ad33d4ef144070ba77b7edba5f4149/b9f0970975014248907faf9df96230b3.jpeg",
        "height": 36
      }
    ]
  },
  "user": {
    "uid": "277b6b7c4e884673a158f5fbc5cef0c3",
    "username": "UCN_Virtual",
    "displayName": "UCN VIRTUAL",
    "profileUrl": "https://sketchfab.com/UCN_Virtual",
    "account": "basic",
    "avatar": {
      "uri": "https://api.sketchfab.com/v3/avatars/44cb6bc9b76d4f8fb410e872f299aa80",
      "images": [
        {
          "size": 1099,
          "width": 32,
          "url": "https://media.sketchfab.com/avatars/44cb6bc9b76d4f8fb410e872f299aa80/62be9cc7a32b456c9a6144725f63f055.png",
          "height": 32
        },
        {
          "size": 1827,
          "width": 48,
          "url": "https://media.sketchfab.com/avatars/44cb6bc9b76d4f8fb410e872f299aa80/1d514336b5c8449381a2440e08951d95.png",
          "height": 48
        },
        {
          "size": 3951,
          "width": 90,
          "url": "https://media.sketchfab.com/avatars/44cb6bc9b76d4f8fb410e872f299aa80/26b96f94100a4f1f8683b241ff4a4f04.png",
          "height": 90
        },
        {
          "size": 4450,
          "width": 100,
          "url": "https://media.sketchfab.com/avatars/44cb6bc9b76d4f8fb410e872f299aa80/d9c7c5795a10461cb555adcd774c54a4.png",
          "height": 100
        }
      ]
    },
    "uri": "https://api.sketchfab.com/v3/users/277b6b7c4e884673a158f5fbc5cef0c3"
  },
  "description": "",
  "faceCount": 4682,
  "createdAt": "2021-10-18T18:07:07.477452",
  "vertexCount": 2412,
  "isAgeRestricted": false,
  "archives": {
    "glb": {
      "textureCount": 1,
      "size": 1234380,
      "type": "glb",
      "textureMaxResolution": 2048,
      "faceCount": 4682,
      "vertexCount": 4760
    },
    "gltf": {
      "textureCount": 1,
      "size": 1025985,
      "type": "gltf",
      "textureMaxResolution": 2048,
      "faceCount": 4682,
      "vertexCount": 4760
    },
    "source": {
      "textureCount": null,
      "size": 1206848,
      "type": "source",
      "textureMaxResolution": null,
      "faceCount": null,
      "vertexCount": null
    },
    "usdz": {
      "textureCount": null,
      "size": 1109357,
      "type": "usdz",
      "textureMaxResolution": null,
      "faceCount": null,
      "vertexCount": null
    }
  },
  "license": "by"
}