{
  "uri": "https://api.sketchfab.com/v3/models/6e5f16846d9d41e998d83b3203307867",
  "uid": "6e5f16846d9d41e998d83b3203307867",
  "name": "Tanum 255 1 Fig 1 SHFA",
  "staffpickedAt": null,
  "viewCount": 8,
  "likeCount": 0,
  "animationCount": 0,
  "viewerUrl": "https://sketchfab.com/3d-models/6e5f16846d9d41e998d83b3203307867",
  "embedUrl": "https://sketchfab.com/models/6e5f16846d9d41e998d83b3203307867/embed",
  "commentCount": 0,
  "isDownloadable": true,
  "publishedAt": "2019-02-25T14:03:44.916991",
  "tags": [
    {
      "name": "laserscanning",
      "slug": "laserscanning",
      "uri": "https://api.sketchfab.com/v3/tags/laserscanning"
    },
    {
      "name": "rockart",
      "slug": "rockart",
      "uri": "https://api.sketchfab.com/v3/tags/rockart"
    },
    {
      "name": "shfa",
      "slug": "shfa",
      "uri": "https://api.sketchfab.com/v3/tags/shfa"
    },
    {
      "name": "tanum",
      "slug": "tanum",
      "uri": "https://api.sketchfab.com/v3/tags/tanum"
    },
    {
      "name": "fossum",
      "slug": "fossum",
      "uri": "https://api.sketchfab.com/v3/tags/fossum"
    }
  ],
  "categories": [
    {
      "name": "cultural-heritage-history"
    }
  ],
  "thumbnails": {
    "images": [
      {
        "uid": "6aad9f357c1248829e3971bb5fc5e8d1",
        "size": 587,
        "width": 64,
        "url": "https://media.sketchfab.com/models/6e5f16846d9d41e998d83b3203307867/thumbnails/7ea9fe489c644af0a31cdeb8ee4b6033/3a167fcce5e14455a726a65b8ff08b3e.jpeg",
        "height": 36
      },
      {
        "uid": "7d47c52ae6044d30a432ee9852960829",
        "size": 2485,
        "width": 256,
        "url": "https://media.sketchfab.com/models/6e5f16846d9d41e998d83b3203307867/thumbnails/7ea9fe489c644af0a31cdeb8ee4b6033/ad063ad59f2a42028a1bb672d92f94ee.jpeg",
        "height": 144
      },
      {
        "uid": "48658855dcb1408aa32cef0b01b67f0d",
        "size": 31951,
        "width": 1024,
        "url": "https://media.sketchfab.com/models/6e5f16846d9d41e998d83b3203307867/thumbnails/7ea9fe489c644af0a31cdeb8ee4b6033/64fcc8754ad34b6a816b17b5bf18b639.jpeg",
        "height": 576
      },
      {
        "uid": "7fe05e97af094ca786e77efe62ada3cc",
        "size": 114182,
        "width": 1920,
        "url": "https://media.sketchfab.com/models/6e5f16846d9d41e998d83b3203307867/thumbnails/7ea9fe489c644af0a31cdeb8ee4b6033/87af249ec19b4009aafd138687bd1618.jpeg",
        "height": 1080
      },
      {
        "uid": "df9111f2ab2f42f4b9dcfb71045600bf",
        "size": 15925,
        "width": 720,
        "url": "https://media.sketchfab.com/models/6e5f16846d9d41e998d83b3203307867/thumbnails/7ea9fe489c644af0a31cdeb8ee4b6033/5cd7000cc34543b18928ad7de4e43ff7.jpeg",
        "height": 405
      }
    ]
  },
  "user": {
    "uid": "36daefdf4dc94818ae9315ab3f77d734",
    "username": "SHFA-3D",
    "displayName": "SHFA",
    "profileUrl": "https://sketchfab.com/SHFA-3D",
    "account": "basic",
    "avatar": {
      "uri": "https://api.sketchfab.com/v3/avatars/d71bf5aa66d946f884c6f3b0de1b527d",
      "images": [
        {
          "size": 3922,
          "width": 100,
          "url": "https://media.sketchfab.com/avatars/d71bf5aa66d946f884c6f3b0de1b527d/9ff3f6ab16044ad893192be079917e9c.jpeg",
          "height": 100
        },
        {
          "size": 3440,
          "width": 90,
          "url": "https://media.sketchfab.com/avatars/d71bf5aa66d946f884c6f3b0de1b527d/54b46a4b14f14a71977618264c429888.jpeg",
          "height": 90
        },
        {
          "size": 1565,
          "width": 48,
          "url": "https://media.sketchfab.com/avatars/d71bf5aa66d946f884c6f3b0de1b527d/1bbd843c77d840aebbe11035632f2f2c.jpeg",
          "height": 48
        },
        {
          "size": 901,
          "width": 32,
          "url": "https://media.sketchfab.com/avatars/d71bf5aa66d946f884c6f3b0de1b527d/a92dd1d6bb9f4f7a8eeff6c266da2ffb.jpeg",
          "height": 32
        }
      ]
    },
    "uri": "https://api.sketchfab.com/v3/users/36daefdf4dc94818ae9315ab3f77d734"
  },
  "description": "Laserscan of a part of the panel at Fossum",
  "faceCount": 1521772,
  "createdAt": "2019-02-25T13:57:17.247969",
  "vertexCount": 766485,
  "isAgeRestricted": false,
  "archives": {
    "glb": {
      "textureCount": 0,
      "size": 42317524,
      "type": "glb",
      "textureMaxResolution": 0,
      "faceCount": 1521772,
      "vertexCount": 1001875
    },
    "gltf": {
      "textureCount": 0,
      "size": 20410163,
      "type": "gltf",
      "textureMaxResolution": 0,
      "faceCount": 1521772,
      "vertexCount": 1001875
    },
    "source": {
      "textureCount": null,
      "size": 76089014,
      "type": "source",
      "textureMaxResolution": null,
      "faceCount": null,
      "vertexCount": null
    },
    "usdz": {
      "textureCount": null,
      "size": 28196963,
      "type": "usdz",
      "textureMaxResolution": null,
      "faceCount": null,
      "vertexCount": null
    }
  },
  "license": "by"
}