{
  "uri": "https://api.sketchfab.com/v3/models/6e64a3d8df3a453d8cf7e5a3fb44b802",
  "uid": "6e64a3d8df3a453d8cf7e5a3fb44b802",
  "name": "Torso of a Running Youth",
  "staffpickedAt": null,
  "viewCount": 660,
  "likeCount": 9,
  "animationCount": 0,
  "viewerUrl": "https://sketchfab.com/3d-models/6e64a3d8df3a453d8cf7e5a3fb44b802",
  "embedUrl": "https://sketchfab.com/models/6e64a3d8df3a453d8cf7e5a3fb44b802/embed",
  "commentCount": 0,
  "isDownloadable": true,
  "publishedAt": "2015-08-19T15:44:56",
  "tags": [
    {
      "name": "marble",
      "slug": "marble",
      "uri": "https://api.sketchfab.com/v3/tags/marble"
    },
    {
      "name": "statue",
      "slug": "statue",
      "uri": "https://api.sketchfab.com/v3/tags/statue"
    },
    {
      "name": "museum",
      "slug": "museum",
      "uri": "https://api.sketchfab.com/v3/tags/museum"
    },
    {
      "name": "roman",
      "slug": "roman",
      "uri": "https://api.sketchfab.com/v3/tags/roman"
    }
  ],
  "categories": [
    {
      "name": "cultural-heritage-history"
    }
  ],
  "thumbnails": {
    "images": [
      {
        "uid": "b52fd204f4b04a19982da67c47f3fddd",
        "size": 1845,
        "width": 100,
        "url": "https://media.sketchfab.com/models/6e64a3d8df3a453d8cf7e5a3fb44b802/thumbnails/5b1b88194f60456ab29ad072e96afbbf/100x100.jpeg",
        "height": 100
      },
      {
        "uid": "6d807d6564e247f7b9f40cf20af2432d",
        "size": 885,
        "width": 50,
        "url": "https://media.sketchfab.com/models/6e64a3d8df3a453d8cf7e5a3fb44b802/thumbnails/5b1b88194f60456ab29ad072e96afbbf/50x50.jpeg",
        "height": 50
      },
      {
        "uid": "5b1b0f902ada459e9eac5912a9ff4ba5",
        "size": 11862,
        "width": 640,
        "url": "https://media.sketchfab.com/models/6e64a3d8df3a453d8cf7e5a3fb44b802/thumbnails/5b1b88194f60456ab29ad072e96afbbf/640.jpeg",
        "height": 360
      },
      {
        "uid": "410cacde8da44c79976e5313d945fadd",
        "size": 19588,
        "width": 854,
        "url": "https://media.sketchfab.com/models/6e64a3d8df3a453d8cf7e5a3fb44b802/thumbnails/5b1b88194f60456ab29ad072e96afbbf/854.jpeg",
        "height": 480
      },
      {
        "uid": "fdca00cef5a24a32a0b6bc10d6adf5bb",
        "size": 6796,
        "width": 448,
        "url": "https://media.sketchfab.com/models/6e64a3d8df3a453d8cf7e5a3fb44b802/thumbnails/5b1b88194f60456ab29ad072e96afbbf/448.jpeg",
        "height": 252
      },
      {
        "uid": "8ee91e226494466098315c33418467e0",
        "size": 4457,
        "width": 200,
        "url": "https://media.sketchfab.com/models/6e64a3d8df3a453d8cf7e5a3fb44b802/thumbnails/5b1b88194f60456ab29ad072e96afbbf/200x200.jpeg",
        "height": 200
      },
      {
        "uid": "de938ee631b44b93b12a7bb1ee431a16",
        "size": 27951,
        "width": 1024,
        "url": "https://media.sketchfab.com/models/6e64a3d8df3a453d8cf7e5a3fb44b802/thumbnails/5b1b88194f60456ab29ad072e96afbbf/1024.jpeg",
        "height": 576
      }
    ]
  },
  "user": {
    "uid": "d02d0cafafba41938f45b2a6a5b69ba5",
    "username": "imamuseum",
    "displayName": "Newfields",
    "profileUrl": "https://sketchfab.com/imamuseum",
    "account": "pro",
    "avatar": {
      "uri": "https://api.sketchfab.com/v3/avatars/b6d7e587b0034314a538ff8b573dbcc7",
      "images": [
        {
          "size": 3221,
          "width": 32,
          "url": "https://media.sketchfab.com/avatars/b6d7e587b0034314a538ff8b573dbcc7/6fe3e1fb976c43619fe55aec127cda8c.png",
          "height": 32
        },
        {
          "size": 6372,
          "width": 48,
          "url": "https://media.sketchfab.com/avatars/b6d7e587b0034314a538ff8b573dbcc7/0dd41ed9da2c4bc5bc1a87fc74fb7898.png",
          "height": 48
        },
        {
          "size": 19470,
          "width": 90,
          "url": "https://media.sketchfab.com/avatars/b6d7e587b0034314a538ff8b573dbcc7/cfd1a7e93d7d4c5ea840fd7021b0fde4.png",
          "height": 90
        },
        {
          "size": 23471,
          "width": 100,
          "url": "https://media.sketchfab.com/avatars/b6d7e587b0034314a538ff8b573dbcc7/beb019b2d70c4d1c9d1ffe94285417f2.png",
          "height": 100
        }
      ]
    },
    "uri": "https://api.sketchfab.com/v3/users/d02d0cafafba41938f45b2a6a5b69ba5"
  },
  "description": "### Torso of a Running Youth\n**culture:** Roman  \n**creation date:** 1st century A.D.  \n**materials:** White Marble  \n**dimensions:** H: 20 1/2 in.  \n**accession number:** 61.141  \n**credit line:** Gift of Mr. and Mrs. J. W. Alsdorf  \n\n\nPhotography, reconstruction, and modeling by Matthew Brennan, Virtual World Heritage Laboratory, Indiana University\n  \n  \nMore Information: http://collection.imamuseum.org/artwork/31731/",
  "faceCount": 81708,
  "createdAt": "2015-08-19T15:38:51",
  "vertexCount": 40858,
  "isAgeRestricted": false,
  "archives": {
    "glb": {
      "textureCount": 1,
      "size": 2691716,
      "type": "glb",
      "textureMaxResolution": 1024,
      "faceCount": 81708,
      "vertexCount": 43313
    },
    "gltf": {
      "textureCount": 1,
      "size": 1870593,
      "type": "gltf",
      "textureMaxResolution": 1024,
      "faceCount": 81708,
      "vertexCount": 43313
    },
    "source": {
      "textureCount": null,
      "size": 1833604,
      "type": "source",
      "textureMaxResolution": null,
      "faceCount": null,
      "vertexCount": null
    },
    "usdz": {
      "textureCount": null,
      "size": 2069925,
      "type": "usdz",
      "textureMaxResolution": null,
      "faceCount": null,
      "vertexCount": null
    }
  },
  "license": "by-nc"
}