{
  "uri": "https://api.sketchfab.com/v3/models/6e6458f62f1c441b89ee186efa5a92ab",
  "uid": "6e6458f62f1c441b89ee186efa5a92ab",
  "name": "Карниз Gaudi Decor P 898",
  "staffpickedAt": null,
  "viewCount": 38,
  "likeCount": 0,
  "animationCount": 0,
  "viewerUrl": "https://sketchfab.com/3d-models/6e6458f62f1c441b89ee186efa5a92ab",
  "embedUrl": "https://sketchfab.com/models/6e6458f62f1c441b89ee186efa5a92ab/embed",
  "commentCount": 0,
  "isDownloadable": true,
  "publishedAt": "2021-04-05T11:05:28.607445",
  "tags": [],
  "categories": [],
  "thumbnails": {
    "images": [
      {
        "uid": "2b4620ce122542fab4b3fb7e5366c771",
        "size": 24231,
        "width": 1920,
        "url": "https://media.sketchfab.com/models/6e6458f62f1c441b89ee186efa5a92ab/thumbnails/3758378122d54183b9065df4e739ea56/90429f9f9fb440278485a14daf90dd82.jpeg",
        "height": 1080
      },
      {
        "uid": "f13e0d19b6454007b303aa11ef214e4b",
        "size": 8376,
        "width": 1024,
        "url": "https://media.sketchfab.com/models/6e6458f62f1c441b89ee186efa5a92ab/thumbnails/3758378122d54183b9065df4e739ea56/2625761bc02c4cbcbadd535e0170d86c.jpeg",
        "height": 576
      },
      {
        "uid": "0ad43c29626144f4acbb179bd4716d39",
        "size": 4963,
        "width": 720,
        "url": "https://media.sketchfab.com/models/6e6458f62f1c441b89ee186efa5a92ab/thumbnails/3758378122d54183b9065df4e739ea56/a20d6b8360ab421cb435b718fea4e136.jpeg",
        "height": 405
      },
      {
        "uid": "7f930bbe31c74722b852b08419445231",
        "size": 1278,
        "width": 256,
        "url": "https://media.sketchfab.com/models/6e6458f62f1c441b89ee186efa5a92ab/thumbnails/3758378122d54183b9065df4e739ea56/b048ef204ae34432a589ed231437b6a7.jpeg",
        "height": 144
      },
      {
        "uid": "6dd8cc7983694367817bd72fd46a4a8e",
        "size": 492,
        "width": 64,
        "url": "https://media.sketchfab.com/models/6e6458f62f1c441b89ee186efa5a92ab/thumbnails/3758378122d54183b9065df4e739ea56/9e5cd72423fe494d84bb909ec2543ce5.jpeg",
        "height": 36
      }
    ]
  },
  "user": {
    "uid": "8a70cc44c5a94549bf83de3dcc19b30e",
    "username": "profdecorgroup",
    "displayName": "Prof Decor Group",
    "profileUrl": "https://sketchfab.com/profdecorgroup",
    "account": "basic",
    "avatar": {
      "uri": "https://api.sketchfab.com/v3/avatars/6ac7f574c2d74a8c9ee7cd423a1c138b",
      "images": [
        {
          "size": 584,
          "width": 32,
          "url": "https://media.sketchfab.com/avatars/6ac7f574c2d74a8c9ee7cd423a1c138b/4738708b32a64b099a77424ad37099d0.jpeg",
          "height": 32
        },
        {
          "size": 1008,
          "width": 48,
          "url": "https://media.sketchfab.com/avatars/6ac7f574c2d74a8c9ee7cd423a1c138b/24c867b9f4034a329794f0451b304194.jpeg",
          "height": 48
        },
        {
          "size": 1855,
          "width": 90,
          "url": "https://media.sketchfab.com/avatars/6ac7f574c2d74a8c9ee7cd423a1c138b/b6478f2fc1d4499ea80cbf9abb54ab8e.jpeg",
          "height": 90
        },
        {
          "size": 2176,
          "width": 100,
          "url": "https://media.sketchfab.com/avatars/6ac7f574c2d74a8c9ee7cd423a1c138b/db84ca5ba0394a13b78b72e79af7107f.jpeg",
          "height": 100
        }
      ]
    },
    "uri": "https://api.sketchfab.com/v3/users/8a70cc44c5a94549bf83de3dcc19b30e"
  },
  "description": "Купить Карниз Gaudi Decor P 898 https://prof-decor.com.ua/product/poliuretanovi-viroby-ta-dekory/karniz-gaudi-decor-p-898-2m",
  "faceCount": 880,
  "createdAt": "2021-04-05T10:39:51.895555",
  "vertexCount": 442,
  "isAgeRestricted": false,
  "archives": {
    "glb": {
      "textureCount": 0,
      "size": 33456,
      "type": "glb",
      "textureMaxResolution": 0,
      "faceCount": 880,
      "vertexCount": 884
    },
    "gltf": {
      "textureCount": 0,
      "size": 12337,
      "type": "gltf",
      "textureMaxResolution": 0,
      "faceCount": 880,
      "vertexCount": 884
    },
    "source": {
      "textureCount": null,
      "size": 27736,
      "type": "source",
      "textureMaxResolution": null,
      "faceCount": null,
      "vertexCount": null
    },
    "usdz": {
      "textureCount": null,
      "size": 26389,
      "type": "usdz",
      "textureMaxResolution": null,
      "faceCount": null,
      "vertexCount": null
    }
  },
  "license": "by"
}