{
  "uri": "https://api.sketchfab.com/v3/models/6e663481f18644268449458784e8a4d7",
  "uid": "6e663481f18644268449458784e8a4d7",
  "name": "Niagara Falls",
  "staffpickedAt": null,
  "viewCount": 329,
  "likeCount": 0,
  "animationCount": 0,
  "viewerUrl": "https://sketchfab.com/3d-models/6e663481f18644268449458784e8a4d7",
  "embedUrl": "https://sketchfab.com/models/6e663481f18644268449458784e8a4d7/embed",
  "commentCount": 0,
  "isDownloadable": true,
  "publishedAt": "2020-04-23T22:51:48.285135",
  "tags": [
    {
      "name": "google",
      "slug": "google",
      "uri": "https://api.sketchfab.com/v3/tags/google"
    },
    {
      "name": "satellite",
      "slug": "satellite",
      "uri": "https://api.sketchfab.com/v3/tags/satellite"
    },
    {
      "name": "newyork",
      "slug": "newyork",
      "uri": "https://api.sketchfab.com/v3/tags/newyork"
    },
    {
      "name": "canada",
      "slug": "canada",
      "uri": "https://api.sketchfab.com/v3/tags/canada"
    },
    {
      "name": "3dscanning",
      "slug": "3dscanning",
      "uri": "https://api.sketchfab.com/v3/tags/3dscanning"
    },
    {
      "name": "falls",
      "slug": "falls",
      "uri": "https://api.sketchfab.com/v3/tags/falls"
    },
    {
      "name": "niagara",
      "slug": "niagara",
      "uri": "https://api.sketchfab.com/v3/tags/niagara"
    },
    {
      "name": "googleearth",
      "slug": "googleearth",
      "uri": "https://api.sketchfab.com/v3/tags/googleearth"
    },
    {
      "name": "niagara-falls",
      "slug": "niagara-falls",
      "uri": "https://api.sketchfab.com/v3/tags/niagara-falls"
    },
    {
      "name": "metashape",
      "slug": "metashape",
      "uri": "https://api.sketchfab.com/v3/tags/metashape"
    },
    {
      "name": "agisoft",
      "slug": "agisoft",
      "uri": "https://api.sketchfab.com/v3/tags/agisoft"
    },
    {
      "name": "photogrammetry",
      "slug": "photogrammetry",
      "uri": "https://api.sketchfab.com/v3/tags/photogrammetry"
    },
    {
      "name": "googleearthstudio",
      "slug": "googleearthstudio",
      "uri": "https://api.sketchfab.com/v3/tags/googleearthstudio"
    }
  ],
  "categories": [
    {
      "name": "nature-plants"
    },
    {
      "name": "places-travel"
    }
  ],
  "thumbnails": {
    "images": [
      {
        "uid": "857491b637f4441e8a7d7bc450f1e18f",
        "size": 47823,
        "width": 1920,
        "url": "https://media.sketchfab.com/models/6e663481f18644268449458784e8a4d7/thumbnails/d9935c5ea33a419d8e0774ced538b386/a5700281443d499ba85a400ce1de3e38.jpeg",
        "height": 1080
      },
      {
        "uid": "1e3fa4a6c0bd45b391a6eb0453b07226",
        "size": 14819,
        "width": 1024,
        "url": "https://media.sketchfab.com/models/6e663481f18644268449458784e8a4d7/thumbnails/d9935c5ea33a419d8e0774ced538b386/f13229c9fac3486293257a7b9919e156.jpeg",
        "height": 576
      },
      {
        "uid": "2e91804d7f0f42f390fa16af13932dc1",
        "size": 8374,
        "width": 720,
        "url": "https://media.sketchfab.com/models/6e663481f18644268449458784e8a4d7/thumbnails/d9935c5ea33a419d8e0774ced538b386/7936293f39844d738a9e5b9fd04052c1.jpeg",
        "height": 405
      },
      {
        "uid": "d75860ad914f436ebe46d7b58a87cd18",
        "size": 1676,
        "width": 256,
        "url": "https://media.sketchfab.com/models/6e663481f18644268449458784e8a4d7/thumbnails/d9935c5ea33a419d8e0774ced538b386/39af73162ce54ee3b6ca574855320fda.jpeg",
        "height": 144
      },
      {
        "uid": "cfa71c9a620d49b987046ff4a4fda5a7",
        "size": 472,
        "width": 64,
        "url": "https://media.sketchfab.com/models/6e663481f18644268449458784e8a4d7/thumbnails/d9935c5ea33a419d8e0774ced538b386/6372aea6f1864a1f8ba637fcd4b98301.jpeg",
        "height": 36
      }
    ]
  },
  "user": {
    "uid": "cf382fb068e64510af6bb8e62c95747c",
    "username": "ariadams",
    "displayName": "ariadams",
    "profileUrl": "https://sketchfab.com/ariadams",
    "account": "basic",
    "avatar": {
      "uri": "https://api.sketchfab.com/v3/avatars/3ef1bd11d3eb4b57a0b353e8f2e5fc3e",
      "images": [
        {
          "size": 680,
          "width": 32,
          "url": "https://media.sketchfab.com/avatars/3ef1bd11d3eb4b57a0b353e8f2e5fc3e/116042a0854e40538adab302b593683d.jpeg",
          "height": 32
        },
        {
          "size": 1253,
          "width": 48,
          "url": "https://media.sketchfab.com/avatars/3ef1bd11d3eb4b57a0b353e8f2e5fc3e/efea16be51d04eb7a00cb9ea0b43b87f.jpeg",
          "height": 48
        },
        {
          "size": 2797,
          "width": 90,
          "url": "https://media.sketchfab.com/avatars/3ef1bd11d3eb4b57a0b353e8f2e5fc3e/ac9b469ccec74caf923a81fb2f0be3ed.jpeg",
          "height": 90
        },
        {
          "size": 3215,
          "width": 100,
          "url": "https://media.sketchfab.com/avatars/3ef1bd11d3eb4b57a0b353e8f2e5fc3e/a075e1d43d2f446c949b5967b470c757.jpeg",
          "height": 100
        }
      ]
    },
    "uri": "https://api.sketchfab.com/v3/users/cf382fb068e64510af6bb8e62c95747c"
  },
  "description": "This is a 3D render of Niagara falls.  The model was created using Google Earth Studio in conjunction with Metashape Pro.",
  "faceCount": 870154,
  "createdAt": "2020-04-23T22:43:32.342273",
  "vertexCount": 438078,
  "isAgeRestricted": false,
  "archives": {
    "glb": {
      "textureCount": 1,
      "size": 142547032,
      "type": "glb",
      "textureMaxResolution": 4096,
      "faceCount": 870154,
      "vertexCount": 2610462
    },
    "gltf": {
      "textureCount": 1,
      "size": 43521771,
      "type": "gltf",
      "textureMaxResolution": 4096,
      "faceCount": 870154,
      "vertexCount": 2610462
    },
    "source": {
      "textureCount": null,
      "size": 53852035,
      "type": "source",
      "textureMaxResolution": null,
      "faceCount": null,
      "vertexCount": null
    },
    "usdz": {
      "textureCount": null,
      "size": 90300350,
      "type": "usdz",
      "textureMaxResolution": null,
      "faceCount": null,
      "vertexCount": null
    }
  },
  "license": "by"
}