{
  "uri": "https://api.sketchfab.com/v3/models/6e67a42b10f34daf82d4e5c0697882fc",
  "uid": "6e67a42b10f34daf82d4e5c0697882fc",
  "name": "Untitled Scan 2",
  "staffpickedAt": null,
  "viewCount": 8,
  "likeCount": 1,
  "animationCount": 0,
  "viewerUrl": "https://sketchfab.com/3d-models/6e67a42b10f34daf82d4e5c0697882fc",
  "embedUrl": "https://sketchfab.com/models/6e67a42b10f34daf82d4e5c0697882fc/embed",
  "commentCount": 0,
  "isDownloadable": true,
  "publishedAt": "2021-08-20T18:31:03.879918",
  "tags": [
    {
      "name": "3dscannerapp",
      "slug": "3dscannerapp",
      "uri": "https://api.sketchfab.com/v3/tags/3dscannerapp"
    }
  ],
  "categories": [],
  "thumbnails": {
    "images": [
      {
        "uid": "62cb32b481174b86a89e2274f475cef2",
        "size": 86387,
        "width": 1920,
        "url": "https://media.sketchfab.com/models/6e67a42b10f34daf82d4e5c0697882fc/thumbnails/a424efcdb8fc4749b5e1abcb34e0dac6/eb8ad86f69ce4ba3b4c0954e250c5ced.jpeg",
        "height": 1080
      },
      {
        "uid": "f8e6fc8ce68d4172af76c1253ad5d856",
        "size": 26496,
        "width": 1024,
        "url": "https://media.sketchfab.com/models/6e67a42b10f34daf82d4e5c0697882fc/thumbnails/a424efcdb8fc4749b5e1abcb34e0dac6/a99e9e1124fd4f21a82c7c6583724278.jpeg",
        "height": 576
      },
      {
        "uid": "cd1c8c10596f4fc180313bce1ec6220d",
        "size": 14553,
        "width": 720,
        "url": "https://media.sketchfab.com/models/6e67a42b10f34daf82d4e5c0697882fc/thumbnails/a424efcdb8fc4749b5e1abcb34e0dac6/7de2fa5ce1c94a018b55e032e7ec2861.jpeg",
        "height": 405
      },
      {
        "uid": "502969358966460fbe5f77eb5c18eac8",
        "size": 2920,
        "width": 256,
        "url": "https://media.sketchfab.com/models/6e67a42b10f34daf82d4e5c0697882fc/thumbnails/a424efcdb8fc4749b5e1abcb34e0dac6/eec857f6224b46578ad22ac124e04574.jpeg",
        "height": 144
      },
      {
        "uid": "2837ad507d914ab4b37707cf3e79ddfe",
        "size": 913,
        "width": 64,
        "url": "https://media.sketchfab.com/models/6e67a42b10f34daf82d4e5c0697882fc/thumbnails/a424efcdb8fc4749b5e1abcb34e0dac6/d0debc1f540346a1ac7cc49e7cfb850a.jpeg",
        "height": 36
      }
    ]
  },
  "user": {
    "uid": "1ad11283e9b64213accce057dbd1d868",
    "username": "wlhanley",
    "displayName": "wlhanley",
    "profileUrl": "https://sketchfab.com/wlhanley",
    "account": "basic",
    "avatar": {
      "uri": "https://api.sketchfab.com/v3/avatars/3ef1bd11d3eb4b57a0b353e8f2e5fc3e",
      "images": [
        {
          "size": 680,
          "width": 32,
          "url": "https://media.sketchfab.com/avatars/3ef1bd11d3eb4b57a0b353e8f2e5fc3e/116042a0854e40538adab302b593683d.jpeg",
          "height": 32
        },
        {
          "size": 1253,
          "width": 48,
          "url": "https://media.sketchfab.com/avatars/3ef1bd11d3eb4b57a0b353e8f2e5fc3e/efea16be51d04eb7a00cb9ea0b43b87f.jpeg",
          "height": 48
        },
        {
          "size": 2797,
          "width": 90,
          "url": "https://media.sketchfab.com/avatars/3ef1bd11d3eb4b57a0b353e8f2e5fc3e/ac9b469ccec74caf923a81fb2f0be3ed.jpeg",
          "height": 90
        },
        {
          "size": 3215,
          "width": 100,
          "url": "https://media.sketchfab.com/avatars/3ef1bd11d3eb4b57a0b353e8f2e5fc3e/a075e1d43d2f446c949b5967b470c757.jpeg",
          "height": 100
        }
      ]
    },
    "uri": "https://api.sketchfab.com/v3/users/1ad11283e9b64213accce057dbd1d868"
  },
  "description": "Uploaded with 3dScannerApp.com",
  "faceCount": 1150257,
  "createdAt": "2021-08-20T18:29:56.485560",
  "vertexCount": 602327,
  "isAgeRestricted": false,
  "archives": {
    "glb": {
      "textureCount": 1,
      "size": 61414004,
      "type": "glb",
      "textureMaxResolution": 8192,
      "faceCount": 1105313,
      "vertexCount": 957844
    },
    "gltf": {
      "textureCount": 1,
      "size": 40149994,
      "type": "gltf",
      "textureMaxResolution": 8192,
      "faceCount": 1105313,
      "vertexCount": 957844
    },
    "source": {
      "textureCount": null,
      "size": 37636849,
      "type": "source",
      "textureMaxResolution": null,
      "faceCount": null,
      "vertexCount": null
    },
    "usdz": {
      "textureCount": null,
      "size": 36768607,
      "type": "usdz",
      "textureMaxResolution": null,
      "faceCount": null,
      "vertexCount": null
    }
  },
  "license": "by"
}