{
  "uri": "https://api.sketchfab.com/v3/models/6e69010f861f4613a44336cda2a5b535",
  "uid": "6e69010f861f4613a44336cda2a5b535",
  "name": "0136_22",
  "staffpickedAt": null,
  "viewCount": 2,
  "likeCount": 0,
  "animationCount": 0,
  "viewerUrl": "https://sketchfab.com/3d-models/6e69010f861f4613a44336cda2a5b535",
  "embedUrl": "https://sketchfab.com/models/6e69010f861f4613a44336cda2a5b535/embed",
  "commentCount": 0,
  "isDownloadable": true,
  "publishedAt": "2022-02-07T09:20:24.459838",
  "tags": [
    {
      "name": "pamir",
      "slug": "pamir",
      "uri": "https://api.sketchfab.com/v3/tags/pamir"
    }
  ],
  "categories": [],
  "thumbnails": {
    "images": [
      {
        "uid": "603745d2bdf649f1945aa4dc959b7d16",
        "size": 75392,
        "width": 1920,
        "url": "https://media.sketchfab.com/models/6e69010f861f4613a44336cda2a5b535/thumbnails/6d40590394034cfb8e0cedddb6db1980/dab450f7004746b59c4b5f4eadfcac1f.jpeg",
        "height": 1080
      },
      {
        "uid": "34bc73d036704d37997c34fa55c4df59",
        "size": 22703,
        "width": 1024,
        "url": "https://media.sketchfab.com/models/6e69010f861f4613a44336cda2a5b535/thumbnails/6d40590394034cfb8e0cedddb6db1980/794882c378a24614aeb1c9b2e2d285a1.jpeg",
        "height": 576
      },
      {
        "uid": "966482f729144fb2b370669aee213171",
        "size": 11823,
        "width": 720,
        "url": "https://media.sketchfab.com/models/6e69010f861f4613a44336cda2a5b535/thumbnails/6d40590394034cfb8e0cedddb6db1980/e5bc14d9fca245d2b8d80d9568c7680b.jpeg",
        "height": 405
      },
      {
        "uid": "95cf981eedcd43c4b21de24b1cd85ee1",
        "size": 2347,
        "width": 256,
        "url": "https://media.sketchfab.com/models/6e69010f861f4613a44336cda2a5b535/thumbnails/6d40590394034cfb8e0cedddb6db1980/489b3512960b4e9587299630f0b4b04d.jpeg",
        "height": 144
      },
      {
        "uid": "21065f24f50948a5a0dd850a295873e1",
        "size": 843,
        "width": 64,
        "url": "https://media.sketchfab.com/models/6e69010f861f4613a44336cda2a5b535/thumbnails/6d40590394034cfb8e0cedddb6db1980/19267cc76d81451e8a6d82a6b999ec53.jpeg",
        "height": 36
      }
    ]
  },
  "user": {
    "uid": "158efb0494044f2991ecd04322ab25c4",
    "username": "rmeszaros",
    "displayName": "rmeszaros",
    "profileUrl": "https://sketchfab.com/rmeszaros",
    "account": "basic",
    "avatar": {
      "uri": "https://api.sketchfab.com/v3/avatars/3ef1bd11d3eb4b57a0b353e8f2e5fc3e",
      "images": [
        {
          "size": 680,
          "width": 32,
          "url": "https://media.sketchfab.com/avatars/3ef1bd11d3eb4b57a0b353e8f2e5fc3e/116042a0854e40538adab302b593683d.jpeg",
          "height": 32
        },
        {
          "size": 1253,
          "width": 48,
          "url": "https://media.sketchfab.com/avatars/3ef1bd11d3eb4b57a0b353e8f2e5fc3e/efea16be51d04eb7a00cb9ea0b43b87f.jpeg",
          "height": 48
        },
        {
          "size": 2797,
          "width": 90,
          "url": "https://media.sketchfab.com/avatars/3ef1bd11d3eb4b57a0b353e8f2e5fc3e/ac9b469ccec74caf923a81fb2f0be3ed.jpeg",
          "height": 90
        },
        {
          "size": 3215,
          "width": 100,
          "url": "https://media.sketchfab.com/avatars/3ef1bd11d3eb4b57a0b353e8f2e5fc3e/a075e1d43d2f446c949b5967b470c757.jpeg",
          "height": 100
        }
      ]
    },
    "uri": "https://api.sketchfab.com/v3/users/158efb0494044f2991ecd04322ab25c4"
  },
  "description": "Building exported from MiTek Pamir.",
  "faceCount": 550,
  "createdAt": "2022-02-07T09:19:33.199781",
  "vertexCount": 308,
  "isAgeRestricted": false,
  "archives": {
    "glb": {
      "textureCount": 6,
      "size": 844384,
      "type": "glb",
      "textureMaxResolution": 2048,
      "faceCount": 550,
      "vertexCount": 1074
    },
    "gltf": {
      "textureCount": 6,
      "size": 801749,
      "type": "gltf",
      "textureMaxResolution": 2048,
      "faceCount": 550,
      "vertexCount": 1074
    },
    "source": {
      "textureCount": null,
      "size": 1960760,
      "type": "source",
      "textureMaxResolution": null,
      "faceCount": null,
      "vertexCount": null
    },
    "usdz": {
      "textureCount": null,
      "size": 834882,
      "type": "usdz",
      "textureMaxResolution": null,
      "faceCount": null,
      "vertexCount": null
    }
  },
  "license": "by"
}