{
  "uri": "https://api.sketchfab.com/v3/models/6e6aa2af50f741afa9f921d4c234a1e1",
  "uid": "6e6aa2af50f741afa9f921d4c234a1e1",
  "name": "Fantasy Tavern",
  "staffpickedAt": null,
  "viewCount": 101,
  "likeCount": 7,
  "animationCount": 0,
  "viewerUrl": "https://sketchfab.com/3d-models/6e6aa2af50f741afa9f921d4c234a1e1",
  "embedUrl": "https://sketchfab.com/models/6e6aa2af50f741afa9f921d4c234a1e1/embed",
  "commentCount": 0,
  "isDownloadable": true,
  "publishedAt": "2020-05-09T07:41:01.741069",
  "tags": [
    {
      "name": "untextured",
      "slug": "untextured",
      "uri": "https://api.sketchfab.com/v3/tags/untextured"
    },
    {
      "name": "medieval",
      "slug": "medieval",
      "uri": "https://api.sketchfab.com/v3/tags/medieval"
    },
    {
      "name": "tavern",
      "slug": "tavern",
      "uri": "https://api.sketchfab.com/v3/tags/tavern"
    },
    {
      "name": "table",
      "slug": "table",
      "uri": "https://api.sketchfab.com/v3/tags/table"
    },
    {
      "name": "blank",
      "slug": "blank",
      "uri": "https://api.sketchfab.com/v3/tags/blank"
    },
    {
      "name": "trd",
      "slug": "trd",
      "uri": "https://api.sketchfab.com/v3/tags/trd"
    },
    {
      "name": "blender3d-modeling",
      "slug": "blender3d-modeling",
      "uri": "https://api.sketchfab.com/v3/tags/blender3d-modeling"
    },
    {
      "name": "lighting",
      "slug": "lighting",
      "uri": "https://api.sketchfab.com/v3/tags/lighting"
    },
    {
      "name": "3d",
      "slug": "3d",
      "uri": "https://api.sketchfab.com/v3/tags/3d"
    },
    {
      "name": "blender",
      "slug": "blender",
      "uri": "https://api.sketchfab.com/v3/tags/blender"
    },
    {
      "name": "chair",
      "slug": "chair",
      "uri": "https://api.sketchfab.com/v3/tags/chair"
    },
    {
      "name": "model",
      "slug": "model",
      "uri": "https://api.sketchfab.com/v3/tags/model"
    },
    {
      "name": "building",
      "slug": "building",
      "uri": "https://api.sketchfab.com/v3/tags/building"
    },
    {
      "name": "fantasy",
      "slug": "fantasy",
      "uri": "https://api.sketchfab.com/v3/tags/fantasy"
    },
    {
      "name": "bazza",
      "slug": "bazza",
      "uri": "https://api.sketchfab.com/v3/tags/bazza"
    }
  ],
  "categories": [
    {
      "name": "architecture"
    },
    {
      "name": "art-abstract"
    }
  ],
  "thumbnails": {
    "images": [
      {
        "uid": "61ebb62c32c54ccfb8ede5edd6b4ab99",
        "size": 41519,
        "width": 1920,
        "url": "https://media.sketchfab.com/models/6e6aa2af50f741afa9f921d4c234a1e1/thumbnails/2020d3175f2d4c9b95f6e91883c9b3e8/748a01729d72484593f190189873315d.jpeg",
        "height": 1080
      },
      {
        "uid": "fdfb5398abca4103b98a696ba4632828",
        "size": 15763,
        "width": 1024,
        "url": "https://media.sketchfab.com/models/6e6aa2af50f741afa9f921d4c234a1e1/thumbnails/2020d3175f2d4c9b95f6e91883c9b3e8/5955a2acf2a94aa58def9ae5c41c8383.jpeg",
        "height": 576
      },
      {
        "uid": "5cd1e8e2aa5848f386f45bb7e219c253",
        "size": 9260,
        "width": 720,
        "url": "https://media.sketchfab.com/models/6e6aa2af50f741afa9f921d4c234a1e1/thumbnails/2020d3175f2d4c9b95f6e91883c9b3e8/a7529241f46a4d8d818dad771111eece.jpeg",
        "height": 405
      },
      {
        "uid": "609aed13f639498cb4abd1f00627a3b4",
        "size": 1967,
        "width": 256,
        "url": "https://media.sketchfab.com/models/6e6aa2af50f741afa9f921d4c234a1e1/thumbnails/2020d3175f2d4c9b95f6e91883c9b3e8/21237ba42ea34684a572e5ea7bc05ef9.jpeg",
        "height": 144
      },
      {
        "uid": "fe869877089546b48a2308d366e58354",
        "size": 480,
        "width": 64,
        "url": "https://media.sketchfab.com/models/6e6aa2af50f741afa9f921d4c234a1e1/thumbnails/2020d3175f2d4c9b95f6e91883c9b3e8/8a3fe566b8874fd38be610a87abf1e67.jpeg",
        "height": 36
      }
    ]
  },
  "user": {
    "uid": "19cc954e3e76404199e89fb561e562e5",
    "username": "BazzaTRD",
    "displayName": "BazzaTRD",
    "profileUrl": "https://sketchfab.com/BazzaTRD",
    "account": "basic",
    "avatar": {
      "uri": "https://api.sketchfab.com/v3/avatars/cd06adce2c3a48e99c5f6cd9a9f32ee5",
      "images": [
        {
          "size": 750,
          "width": 32,
          "url": "https://media.sketchfab.com/avatars/cd06adce2c3a48e99c5f6cd9a9f32ee5/215f610d416946ac8f9dcfc9b7d36a88.png",
          "height": 32
        },
        {
          "size": 1250,
          "width": 48,
          "url": "https://media.sketchfab.com/avatars/cd06adce2c3a48e99c5f6cd9a9f32ee5/10df0e5f125d43e19cb6068e57cf6f2b.png",
          "height": 48
        },
        {
          "size": 2514,
          "width": 90,
          "url": "https://media.sketchfab.com/avatars/cd06adce2c3a48e99c5f6cd9a9f32ee5/a9eb2d7279e5493ebfc25e4688d945e0.png",
          "height": 90
        },
        {
          "size": 2811,
          "width": 100,
          "url": "https://media.sketchfab.com/avatars/cd06adce2c3a48e99c5f6cd9a9f32ee5/63c8e5a15606484f85b707b3d80dde83.png",
          "height": 100
        }
      ]
    },
    "uri": "https://api.sketchfab.com/v3/users/19cc954e3e76404199e89fb561e562e5"
  },
  "description": "I was inspired by Ilysia's (an upcoming vrmmo) tavern building to make this. Tried to keep it close to the same style but i still have long ways to go. THERE IS NO INTERIOR. [https://www.youtube.com/watch?v=_B_uQe33ZlA](http://)",
  "faceCount": 88486,
  "createdAt": "2020-05-09T07:36:56.545413",
  "vertexCount": 45069,
  "isAgeRestricted": false,
  "archives": {
    "glb": {
      "textureCount": 0,
      "size": 3500940,
      "type": "glb",
      "textureMaxResolution": 0,
      "faceCount": 88430,
      "vertexCount": 69293
    },
    "gltf": {
      "textureCount": 0,
      "size": 579337,
      "type": "gltf",
      "textureMaxResolution": 0,
      "faceCount": 88430,
      "vertexCount": 69293
    },
    "source": {
      "textureCount": null,
      "size": 5079450,
      "type": "source",
      "textureMaxResolution": null,
      "faceCount": null,
      "vertexCount": null
    },
    "usdz": {
      "textureCount": null,
      "size": 789344,
      "type": "usdz",
      "textureMaxResolution": null,
      "faceCount": null,
      "vertexCount": null
    }
  },
  "license": "by"
}