{
  "uri": "https://api.sketchfab.com/v3/models/6e6b1269f2a04722b17db219b0fce1db",
  "uid": "6e6b1269f2a04722b17db219b0fce1db",
  "name": "Mk1 inline cockpit from Poly by Google",
  "staffpickedAt": null,
  "viewCount": 3,
  "likeCount": 0,
  "animationCount": 0,
  "viewerUrl": "https://sketchfab.com/3d-models/6e6b1269f2a04722b17db219b0fce1db",
  "embedUrl": "https://sketchfab.com/models/6e6b1269f2a04722b17db219b0fce1db/embed",
  "commentCount": 0,
  "isDownloadable": true,
  "publishedAt": "2021-01-06T04:46:06.037078",
  "tags": [
    {
      "name": "google",
      "slug": "google",
      "uri": "https://api.sketchfab.com/v3/tags/google"
    },
    {
      "name": "video-games",
      "slug": "video-games",
      "uri": "https://api.sketchfab.com/v3/tags/video-games"
    },
    {
      "name": "poly",
      "slug": "poly",
      "uri": "https://api.sketchfab.com/v3/tags/poly"
    }
  ],
  "categories": [],
  "thumbnails": {
    "images": [
      {
        "uid": "420e974805e5417db76467974a3b64c4",
        "size": 31321,
        "width": 1920,
        "url": "https://media.sketchfab.com/models/6e6b1269f2a04722b17db219b0fce1db/thumbnails/86e9612012c74717b1a794ff1fcdd50a/e5926c94e3c44d66a1f4ec0659b272c3.jpeg",
        "height": 1080
      },
      {
        "uid": "90a239d2d01947d68281e29a7bad5e1c",
        "size": 11523,
        "width": 1024,
        "url": "https://media.sketchfab.com/models/6e6b1269f2a04722b17db219b0fce1db/thumbnails/86e9612012c74717b1a794ff1fcdd50a/19141ac9150a4be9b190aff39dc536eb.jpeg",
        "height": 576
      },
      {
        "uid": "b01a67b47d884d7baca5a92b8068799b",
        "size": 7456,
        "width": 720,
        "url": "https://media.sketchfab.com/models/6e6b1269f2a04722b17db219b0fce1db/thumbnails/86e9612012c74717b1a794ff1fcdd50a/435ab9f52f5f4de683a4232acbc33c48.jpeg",
        "height": 405
      },
      {
        "uid": "af88ff3a6715403f8d887bf326cd6c61",
        "size": 1910,
        "width": 256,
        "url": "https://media.sketchfab.com/models/6e6b1269f2a04722b17db219b0fce1db/thumbnails/86e9612012c74717b1a794ff1fcdd50a/dea079549c074d02b480373e98433f83.jpeg",
        "height": 144
      },
      {
        "uid": "9983d475987d409bacaa8a38747d72a4",
        "size": 535,
        "width": 64,
        "url": "https://media.sketchfab.com/models/6e6b1269f2a04722b17db219b0fce1db/thumbnails/86e9612012c74717b1a794ff1fcdd50a/14650471f8414dc6873bf48327afe860.jpeg",
        "height": 36
      }
    ]
  },
  "user": {
    "uid": "bf7a02b212e9410484469b999a5e6cda",
    "username": "ie-niels",
    "displayName": "IronEqual",
    "profileUrl": "https://sketchfab.com/ie-niels",
    "account": "basic",
    "avatar": {
      "uri": "https://api.sketchfab.com/v3/avatars/7ac6762ee9fc46e1961beffeaa9279fd",
      "images": [
        {
          "size": 1029,
          "width": 32,
          "url": "https://media.sketchfab.com/avatars/7ac6762ee9fc46e1961beffeaa9279fd/d16e7f3ce7ca451cb68135c08fbe47c2.png",
          "height": 32
        },
        {
          "size": 1517,
          "width": 48,
          "url": "https://media.sketchfab.com/avatars/7ac6762ee9fc46e1961beffeaa9279fd/a261f3cbd8b84bd7ae4d8c7d86be53d4.png",
          "height": 48
        },
        {
          "size": 2485,
          "width": 90,
          "url": "https://media.sketchfab.com/avatars/7ac6762ee9fc46e1961beffeaa9279fd/c836ea2ace19418fb7db56f90948d5d5.png",
          "height": 90
        },
        {
          "size": 2991,
          "width": 100,
          "url": "https://media.sketchfab.com/avatars/7ac6762ee9fc46e1961beffeaa9279fd/ed3b6df97cba4752a60c9dd71d75bde9.png",
          "height": 100
        }
      ]
    },
    "uri": "https://api.sketchfab.com/v3/users/bf7a02b212e9410484469b999a5e6cda"
  },
  "description": "This is a backup of a Poly Asset named Mk1 inline cockpit. Saved from Poly by Google. Preview may be without textures, they are still in the Download ZIP with a preview thumbnail.",
  "faceCount": 648,
  "createdAt": "2021-01-06T04:45:35.430597",
  "vertexCount": 326,
  "isAgeRestricted": false,
  "archives": {
    "glb": {
      "textureCount": 0,
      "size": 46272,
      "type": "glb",
      "textureMaxResolution": 0,
      "faceCount": 648,
      "vertexCount": 1137
    },
    "gltf": {
      "textureCount": 0,
      "size": 14956,
      "type": "gltf",
      "textureMaxResolution": 0,
      "faceCount": 648,
      "vertexCount": 1137
    },
    "source": {
      "textureCount": null,
      "size": 1298861,
      "type": "source",
      "textureMaxResolution": null,
      "faceCount": null,
      "vertexCount": null
    },
    "usdz": {
      "textureCount": null,
      "size": 31167,
      "type": "usdz",
      "textureMaxResolution": null,
      "faceCount": null,
      "vertexCount": null
    }
  },
  "license": "by"
}