{
  "uri": "https://api.sketchfab.com/v3/models/6e6cf244f7de45aea5054ef56079aada",
  "uid": "6e6cf244f7de45aea5054ef56079aada",
  "name": "Typing Bubble (3D Icon)",
  "staffpickedAt": null,
  "viewCount": 118,
  "likeCount": 2,
  "animationCount": 0,
  "viewerUrl": "https://sketchfab.com/3d-models/6e6cf244f7de45aea5054ef56079aada",
  "embedUrl": "https://sketchfab.com/models/6e6cf244f7de45aea5054ef56079aada/embed",
  "commentCount": 0,
  "isDownloadable": true,
  "publishedAt": "2021-02-01T22:31:02.446692",
  "tags": [
    {
      "name": "icon",
      "slug": "icon",
      "uri": "https://api.sketchfab.com/v3/tags/icon"
    },
    {
      "name": "bubble",
      "slug": "bubble",
      "uri": "https://api.sketchfab.com/v3/tags/bubble"
    },
    {
      "name": "typing",
      "slug": "typing",
      "uri": "https://api.sketchfab.com/v3/tags/typing"
    },
    {
      "name": "texting",
      "slug": "texting",
      "uri": "https://api.sketchfab.com/v3/tags/texting"
    }
  ],
  "categories": [
    {
      "name": "science-technology"
    }
  ],
  "thumbnails": {
    "images": [
      {
        "uid": "705f5bd0037e4194ad2c65834f8aca04",
        "size": 42076,
        "width": 1920,
        "url": "https://media.sketchfab.com/models/6e6cf244f7de45aea5054ef56079aada/thumbnails/ffe4b727bac5484ab86cf5ed830b3ff9/a5978cefff8f4e95bb6533cb814576d7.jpeg",
        "height": 1080
      },
      {
        "uid": "bfbf018ea1a041fda8e320fb1163bb32",
        "size": 16049,
        "width": 1024,
        "url": "https://media.sketchfab.com/models/6e6cf244f7de45aea5054ef56079aada/thumbnails/ffe4b727bac5484ab86cf5ed830b3ff9/ccda0dc6070e4b30a8eff116790464a2.jpeg",
        "height": 576
      },
      {
        "uid": "892d906f2b344395b48f14f7c0392d5a",
        "size": 9952,
        "width": 720,
        "url": "https://media.sketchfab.com/models/6e6cf244f7de45aea5054ef56079aada/thumbnails/ffe4b727bac5484ab86cf5ed830b3ff9/1c817c82ba494c119eb225b42d12a7d5.jpeg",
        "height": 405
      },
      {
        "uid": "5b5d3cab5fb74a9094855e8dcad011ee",
        "size": 2744,
        "width": 256,
        "url": "https://media.sketchfab.com/models/6e6cf244f7de45aea5054ef56079aada/thumbnails/ffe4b727bac5484ab86cf5ed830b3ff9/0cb64fa91ae34d2fa1a7a1378673cfa4.jpeg",
        "height": 144
      },
      {
        "uid": "843d2355f58b4067808655e9be0edf9b",
        "size": 755,
        "width": 64,
        "url": "https://media.sketchfab.com/models/6e6cf244f7de45aea5054ef56079aada/thumbnails/ffe4b727bac5484ab86cf5ed830b3ff9/2326df3e8d254deab024cfcce6e81a73.jpeg",
        "height": 36
      }
    ]
  },
  "user": {
    "uid": "58afabec24404ebba0d5ea4594b66db3",
    "username": "pravdin",
    "displayName": "Alexander",
    "profileUrl": "https://sketchfab.com/pravdin",
    "account": "basic",
    "avatar": {
      "uri": "https://api.sketchfab.com/v3/avatars/fb51df081d08497db26c5312d62ee2ae",
      "images": [
        {
          "size": 655,
          "width": 32,
          "url": "https://media.sketchfab.com/avatars/fb51df081d08497db26c5312d62ee2ae/4e645f8dee30441db99531adc4aae93e.png",
          "height": 32
        },
        {
          "size": 765,
          "width": 48,
          "url": "https://media.sketchfab.com/avatars/fb51df081d08497db26c5312d62ee2ae/07fac353b1c8478a9af308039288ecf6.png",
          "height": 48
        },
        {
          "size": 1067,
          "width": 90,
          "url": "https://media.sketchfab.com/avatars/fb51df081d08497db26c5312d62ee2ae/cf21b532c25c4bcba4d8a48b826fad92.png",
          "height": 90
        },
        {
          "size": 1136,
          "width": 100,
          "url": "https://media.sketchfab.com/avatars/fb51df081d08497db26c5312d62ee2ae/fc075ed52d01419fa960009338dca4b1.png",
          "height": 100
        }
      ]
    },
    "uri": "https://api.sketchfab.com/v3/users/58afabec24404ebba0d5ea4594b66db3"
  },
  "description": "HighPoly Typing Bubble 3D Icon",
  "faceCount": 75648,
  "createdAt": "2021-02-01T22:27:06.350017",
  "vertexCount": 37826,
  "isAgeRestricted": false,
  "archives": {
    "glb": {
      "textureCount": 0,
      "size": 2154052,
      "type": "glb",
      "textureMaxResolution": 0,
      "faceCount": 75648,
      "vertexCount": 38886
    },
    "gltf": {
      "textureCount": 0,
      "size": 1093958,
      "type": "gltf",
      "textureMaxResolution": 0,
      "faceCount": 75648,
      "vertexCount": 38886
    },
    "source": {
      "textureCount": null,
      "size": 5592928,
      "type": "source",
      "textureMaxResolution": null,
      "faceCount": null,
      "vertexCount": null
    },
    "usdz": {
      "textureCount": null,
      "size": 983505,
      "type": "usdz",
      "textureMaxResolution": null,
      "faceCount": null,
      "vertexCount": null
    }
  },
  "license": "by"
}