{
  "uri": "https://api.sketchfab.com/v3/models/6e6cf87fb41f4198a74e9940290622a5",
  "uid": "6e6cf87fb41f4198a74e9940290622a5",
  "name": "Sword",
  "staffpickedAt": null,
  "viewCount": 2,
  "likeCount": 0,
  "animationCount": 0,
  "viewerUrl": "https://sketchfab.com/3d-models/6e6cf87fb41f4198a74e9940290622a5",
  "embedUrl": "https://sketchfab.com/models/6e6cf87fb41f4198a74e9940290622a5/embed",
  "commentCount": 0,
  "isDownloadable": true,
  "publishedAt": "2019-08-07T17:57:01.733693",
  "tags": [],
  "categories": [],
  "thumbnails": {
    "images": [
      {
        "uid": "890d4fa38831471099ebe408888371fe",
        "size": 33819,
        "width": 1920,
        "url": "https://media.sketchfab.com/models/6e6cf87fb41f4198a74e9940290622a5/thumbnails/49b966f019eb4a2b8373eee9d6bd2c62/3f2b53abe23247d58df23a429f355d78.jpeg",
        "height": 1080
      },
      {
        "uid": "b19f58d916fc4551b409017f3f5d00de",
        "size": 12464,
        "width": 1024,
        "url": "https://media.sketchfab.com/models/6e6cf87fb41f4198a74e9940290622a5/thumbnails/49b966f019eb4a2b8373eee9d6bd2c62/9c7cedb9d6354e7990017fe93cd50a76.jpeg",
        "height": 576
      },
      {
        "uid": "6089d6b300f44461aa102b590cb6c1f1",
        "size": 7961,
        "width": 720,
        "url": "https://media.sketchfab.com/models/6e6cf87fb41f4198a74e9940290622a5/thumbnails/49b966f019eb4a2b8373eee9d6bd2c62/a81940ee7b664f82b426daac89fb1b9a.jpeg",
        "height": 405
      },
      {
        "uid": "e888d8b4f748408a8473cbad6ba11a51",
        "size": 2219,
        "width": 256,
        "url": "https://media.sketchfab.com/models/6e6cf87fb41f4198a74e9940290622a5/thumbnails/49b966f019eb4a2b8373eee9d6bd2c62/eaa035103e29482a9b2c24127788931a.jpeg",
        "height": 144
      },
      {
        "uid": "bb081fda42544a9dac58baab678e3571",
        "size": 638,
        "width": 64,
        "url": "https://media.sketchfab.com/models/6e6cf87fb41f4198a74e9940290622a5/thumbnails/49b966f019eb4a2b8373eee9d6bd2c62/e5d7bed64c734a91819d849845800a64.jpeg",
        "height": 36
      }
    ]
  },
  "user": {
    "uid": "8d946c9bf19c4d0ab9e0b8dd2ef8d72d",
    "username": "amrshatnawi2006",
    "displayName": "amrshatnawi2006",
    "profileUrl": "https://sketchfab.com/amrshatnawi2006",
    "account": "basic",
    "avatar": {
      "uri": "https://api.sketchfab.com/v3/avatars/e7186097289e4b7c9df226ac00cf46a8",
      "images": [
        {
          "size": 875,
          "width": 32,
          "url": "https://media.sketchfab.com/avatars/e7186097289e4b7c9df226ac00cf46a8/57d36271670a4493bfec59a26d83b42f.png",
          "height": 32
        },
        {
          "size": 1231,
          "width": 48,
          "url": "https://media.sketchfab.com/avatars/e7186097289e4b7c9df226ac00cf46a8/895e3cd253f14160aa0e2fd65e940a84.png",
          "height": 48
        },
        {
          "size": 1987,
          "width": 90,
          "url": "https://media.sketchfab.com/avatars/e7186097289e4b7c9df226ac00cf46a8/c3dc97089a8b4d7abf09308c0315c40f.png",
          "height": 90
        },
        {
          "size": 3382,
          "width": 100,
          "url": "https://media.sketchfab.com/avatars/e7186097289e4b7c9df226ac00cf46a8/55f19f795bb44f3d80ffeb0059539dcb.png",
          "height": 100
        }
      ]
    },
    "uri": "https://api.sketchfab.com/v3/users/8d946c9bf19c4d0ab9e0b8dd2ef8d72d"
  },
  "description": "Simpley a Sword\n(its my first model so please dont hate)",
  "faceCount": 810,
  "createdAt": "2019-08-07T17:49:35.200298",
  "vertexCount": 454,
  "isAgeRestricted": false,
  "archives": {
    "glb": {
      "textureCount": 0,
      "size": 64216,
      "type": "glb",
      "textureMaxResolution": 0,
      "faceCount": 762,
      "vertexCount": 1524
    },
    "gltf": {
      "textureCount": 0,
      "size": 17407,
      "type": "gltf",
      "textureMaxResolution": 0,
      "faceCount": 762,
      "vertexCount": 1524
    },
    "source": {
      "textureCount": null,
      "size": 37582,
      "type": "source",
      "textureMaxResolution": null,
      "faceCount": null,
      "vertexCount": null
    },
    "usdz": {
      "textureCount": null,
      "size": 41399,
      "type": "usdz",
      "textureMaxResolution": null,
      "faceCount": null,
      "vertexCount": null
    }
  },
  "license": "by"
}