{
  "uri": "https://api.sketchfab.com/v3/models/6e6f60de32ad477399acf529699bba72",
  "uid": "6e6f60de32ad477399acf529699bba72",
  "name": "logo 100.ai",
  "staffpickedAt": null,
  "viewCount": 43,
  "likeCount": 1,
  "animationCount": 0,
  "viewerUrl": "https://sketchfab.com/3d-models/6e6f60de32ad477399acf529699bba72",
  "embedUrl": "https://sketchfab.com/models/6e6f60de32ad477399acf529699bba72/embed",
  "commentCount": 0,
  "isDownloadable": true,
  "publishedAt": "2018-03-09T18:25:28.155270",
  "tags": [
    {
      "name": "cinema4d",
      "slug": "cinema4d",
      "uri": "https://api.sketchfab.com/v3/tags/cinema4d"
    }
  ],
  "categories": [],
  "thumbnails": {
    "images": [
      {
        "uid": "b30f1404fbff49e89176be29e0f0af8c",
        "size": 89530,
        "width": 1920,
        "url": "https://media.sketchfab.com/models/6e6f60de32ad477399acf529699bba72/thumbnails/77e7019710764d27995c2a087e13f4ca/5779d88b4894469dad2810df2d0bbc31.jpeg",
        "height": 1080
      },
      {
        "uid": "7aa91c480adf4ff2b34c8b2f1496b518",
        "size": 26776,
        "width": 1024,
        "url": "https://media.sketchfab.com/models/6e6f60de32ad477399acf529699bba72/thumbnails/77e7019710764d27995c2a087e13f4ca/36626cc5088341db9ea6a8810d0f7433.jpeg",
        "height": 576
      },
      {
        "uid": "4b4ae6ab74e54d4c9f2cfcbd21d06abd",
        "size": 16351,
        "width": 720,
        "url": "https://media.sketchfab.com/models/6e6f60de32ad477399acf529699bba72/thumbnails/77e7019710764d27995c2a087e13f4ca/30bcdcc7f5074f50a9b828d3a06b431b.jpeg",
        "height": 405
      },
      {
        "uid": "fb1a7cc215fa4c0eb32b89c458d0090b",
        "size": 3806,
        "width": 256,
        "url": "https://media.sketchfab.com/models/6e6f60de32ad477399acf529699bba72/thumbnails/77e7019710764d27995c2a087e13f4ca/2fc54599d46d4799bbcdcce639f2bf83.jpeg",
        "height": 144
      },
      {
        "uid": "876f90e882714da4913fade1ae8f46a2",
        "size": 801,
        "width": 64,
        "url": "https://media.sketchfab.com/models/6e6f60de32ad477399acf529699bba72/thumbnails/77e7019710764d27995c2a087e13f4ca/9bc9da755a8f4e5d80268b666c2e8592.jpeg",
        "height": 36
      }
    ]
  },
  "user": {
    "uid": "3eb5c5deebc7473c9e0b4a0c05c0b18d",
    "username": "markdo",
    "displayName": "markdo",
    "profileUrl": "https://sketchfab.com/markdo",
    "account": "basic",
    "avatar": {
      "uri": "https://api.sketchfab.com/v3/avatars/932a53c38c944b4c92ba9b4e36b18f01",
      "images": [
        {
          "size": 3705,
          "width": 100,
          "url": "https://media.sketchfab.com/avatars/932a53c38c944b4c92ba9b4e36b18f01/a6ed039e8549435ba69e630e233bab52.jpeg",
          "height": 100
        },
        {
          "size": 3230,
          "width": 90,
          "url": "https://media.sketchfab.com/avatars/932a53c38c944b4c92ba9b4e36b18f01/32770c3207a54c6585c1b2760c32efab.jpeg",
          "height": 90
        },
        {
          "size": 1215,
          "width": 48,
          "url": "https://media.sketchfab.com/avatars/932a53c38c944b4c92ba9b4e36b18f01/200f49292a65483285877d1d4543692c.jpeg",
          "height": 48
        },
        {
          "size": 738,
          "width": 32,
          "url": "https://media.sketchfab.com/avatars/932a53c38c944b4c92ba9b4e36b18f01/ce17fe3b36d94bd4af0deb9f512e1184.jpeg",
          "height": 32
        }
      ]
    },
    "uri": "https://api.sketchfab.com/v3/users/3eb5c5deebc7473c9e0b4a0c05c0b18d"
  },
  "description": "logo 100.ai",
  "faceCount": 13038,
  "createdAt": "2018-03-09T18:25:18.671757",
  "vertexCount": 9299,
  "isAgeRestricted": false,
  "archives": {
    "glb": {
      "textureCount": 0,
      "size": 906524,
      "type": "glb",
      "textureMaxResolution": 0,
      "faceCount": 13038,
      "vertexCount": 23350
    },
    "gltf": {
      "textureCount": 0,
      "size": 290660,
      "type": "gltf",
      "textureMaxResolution": 0,
      "faceCount": 13038,
      "vertexCount": 23350
    },
    "source": {
      "textureCount": null,
      "size": 471966,
      "type": "source",
      "textureMaxResolution": null,
      "faceCount": null,
      "vertexCount": null
    },
    "usdz": {
      "textureCount": null,
      "size": 578127,
      "type": "usdz",
      "textureMaxResolution": null,
      "faceCount": null,
      "vertexCount": null
    }
  },
  "license": "by"
}