{
  "uri": "https://api.sketchfab.com/v3/models/6e720626f92842089b9adfb790d830f9",
  "uid": "6e720626f92842089b9adfb790d830f9",
  "name": "Pelvis and Sacrum",
  "staffpickedAt": null,
  "viewCount": 59,
  "likeCount": 0,
  "animationCount": 0,
  "viewerUrl": "https://sketchfab.com/3d-models/6e720626f92842089b9adfb790d830f9",
  "embedUrl": "https://sketchfab.com/models/6e720626f92842089b9adfb790d830f9/embed",
  "commentCount": 0,
  "isDownloadable": true,
  "publishedAt": "2019-12-05T14:18:14.491303",
  "tags": [],
  "categories": [],
  "thumbnails": {
    "images": [
      {
        "uid": "d04309e01ed048ed9ce2b00f6c3c5ea9",
        "size": 44392,
        "width": 1920,
        "url": "https://media.sketchfab.com/models/6e720626f92842089b9adfb790d830f9/thumbnails/011faa892aa04cae937ae25972de4460/711445a730cc4c9a833b66c49b785219.jpeg",
        "height": 1080
      },
      {
        "uid": "6c5f1cc7ea61458c9a8c75c3e7b221e2",
        "size": 17532,
        "width": 1024,
        "url": "https://media.sketchfab.com/models/6e720626f92842089b9adfb790d830f9/thumbnails/011faa892aa04cae937ae25972de4460/1ddefb79e7a648069335565a7bb45282.jpeg",
        "height": 576
      },
      {
        "uid": "3e5ac0eb273d4859800e5bd1ef36a7d7",
        "size": 11151,
        "width": 720,
        "url": "https://media.sketchfab.com/models/6e720626f92842089b9adfb790d830f9/thumbnails/011faa892aa04cae937ae25972de4460/237b53de4fef4f45b781901fa5e0d6ff.jpeg",
        "height": 405
      },
      {
        "uid": "3effdc82c308447386f369520d37952d",
        "size": 2841,
        "width": 256,
        "url": "https://media.sketchfab.com/models/6e720626f92842089b9adfb790d830f9/thumbnails/011faa892aa04cae937ae25972de4460/bc8bfee4a733479688c370e16ee19518.jpeg",
        "height": 144
      },
      {
        "uid": "5a940f901292435fb6e88e8acd9dc25e",
        "size": 668,
        "width": 64,
        "url": "https://media.sketchfab.com/models/6e720626f92842089b9adfb790d830f9/thumbnails/011faa892aa04cae937ae25972de4460/7baa6f076711471d8530c677ea94d36d.jpeg",
        "height": 36
      }
    ]
  },
  "user": {
    "uid": "3b244c8cbc444de6bc5afa4c3cd8718a",
    "username": "skeletonwars",
    "displayName": "Team Skeleton Wars",
    "profileUrl": "https://sketchfab.com/skeletonwars",
    "account": "basic",
    "avatar": {
      "uri": "https://api.sketchfab.com/v3/avatars/51af6a870cce449eb75b0345feebaebb",
      "images": [
        {
          "size": 5719,
          "width": 90,
          "url": "https://media.sketchfab.com/avatars/51af6a870cce449eb75b0345feebaebb/2ef0f894055b4bb69123b2a27fa2d379.jpeg",
          "height": 90
        },
        {
          "size": 6496,
          "width": 100,
          "url": "https://media.sketchfab.com/avatars/51af6a870cce449eb75b0345feebaebb/ab11eedf96374486acb544f71a23b165.jpeg",
          "height": 100
        },
        {
          "size": 1359,
          "width": 32,
          "url": "https://media.sketchfab.com/avatars/51af6a870cce449eb75b0345feebaebb/35f6f9b6c9a14a548ce472582d8a9bb5.jpeg",
          "height": 32
        },
        {
          "size": 2584,
          "width": 48,
          "url": "https://media.sketchfab.com/avatars/51af6a870cce449eb75b0345feebaebb/a8072a51447c4d41ab177b357111b420.jpeg",
          "height": 48
        }
      ]
    },
    "uri": "https://api.sketchfab.com/v3/users/3b244c8cbc444de6bc5afa4c3cd8718a"
  },
  "description": "Articulated human pelvis and tailbone",
  "faceCount": 158474,
  "createdAt": "2019-12-05T14:17:30.497111",
  "vertexCount": 80347,
  "isAgeRestricted": false,
  "archives": {
    "glb": {
      "textureCount": 0,
      "size": 7150356,
      "type": "glb",
      "textureMaxResolution": 0,
      "faceCount": 158474,
      "vertexCount": 204822
    },
    "gltf": {
      "textureCount": 0,
      "size": 3080088,
      "type": "gltf",
      "textureMaxResolution": 0,
      "faceCount": 158474,
      "vertexCount": 204822
    },
    "source": {
      "textureCount": null,
      "size": 17721540,
      "type": "source",
      "textureMaxResolution": null,
      "faceCount": null,
      "vertexCount": null
    },
    "usdz": {
      "textureCount": null,
      "size": 5292271,
      "type": "usdz",
      "textureMaxResolution": null,
      "faceCount": null,
      "vertexCount": null
    }
  },
  "license": "by"
}