{
  "uri": "https://api.sketchfab.com/v3/models/6e794b748d1f422e92ba8f3b688eb19c",
  "uid": "6e794b748d1f422e92ba8f3b688eb19c",
  "name": "Светильник 2087-3P Favourite",
  "staffpickedAt": null,
  "viewCount": 4,
  "likeCount": 0,
  "animationCount": 0,
  "viewerUrl": "https://sketchfab.com/3d-models/6e794b748d1f422e92ba8f3b688eb19c",
  "embedUrl": "https://sketchfab.com/models/6e794b748d1f422e92ba8f3b688eb19c/embed",
  "commentCount": 0,
  "isDownloadable": true,
  "publishedAt": "2020-05-25T07:17:35.861404",
  "tags": [
    {
      "name": "lamp",
      "slug": "lamp",
      "uri": "https://api.sketchfab.com/v3/tags/lamp"
    }
  ],
  "categories": [
    {
      "name": "furniture-home"
    }
  ],
  "thumbnails": {
    "images": [
      {
        "uid": "79e3dcaf6fef47af89dd1a6f28d28ff8",
        "size": 26867,
        "width": 1920,
        "url": "https://media.sketchfab.com/models/6e794b748d1f422e92ba8f3b688eb19c/thumbnails/26858e08f864435fa459199e04d45e0c/c864a9c36b3f4f96866cb413cd5b4f64.jpeg",
        "height": 1080
      },
      {
        "uid": "5ba74895296e4e02bcdd107ab4b63526",
        "size": 8584,
        "width": 1024,
        "url": "https://media.sketchfab.com/models/6e794b748d1f422e92ba8f3b688eb19c/thumbnails/26858e08f864435fa459199e04d45e0c/4c0b2763e8e14af992835280f446fce4.jpeg",
        "height": 576
      },
      {
        "uid": "9e930a37aeeb4b478be0c231573c1285",
        "size": 4947,
        "width": 720,
        "url": "https://media.sketchfab.com/models/6e794b748d1f422e92ba8f3b688eb19c/thumbnails/26858e08f864435fa459199e04d45e0c/9d6175e0a05945fbba143b27ee6e9916.jpeg",
        "height": 405
      },
      {
        "uid": "80ff0441266b4480b551b289e92da924",
        "size": 1097,
        "width": 256,
        "url": "https://media.sketchfab.com/models/6e794b748d1f422e92ba8f3b688eb19c/thumbnails/26858e08f864435fa459199e04d45e0c/2fbcd40cdb3643baa6f5b3ded83a8885.jpeg",
        "height": 144
      },
      {
        "uid": "b5a53e13d6484995acdb9eff6c0cb05a",
        "size": 389,
        "width": 64,
        "url": "https://media.sketchfab.com/models/6e794b748d1f422e92ba8f3b688eb19c/thumbnails/26858e08f864435fa459199e04d45e0c/092079ba193647afaaa991afb0eee345.jpeg",
        "height": 36
      }
    ]
  },
  "user": {
    "uid": "3a44be237d75401982ae2d54f1ddbbc2",
    "username": "fedomo",
    "displayName": "fedomo.ru",
    "profileUrl": "https://sketchfab.com/fedomo",
    "account": "basic",
    "avatar": {
      "uri": "https://api.sketchfab.com/v3/avatars/2a5bb38ced1649d7bc2a8fcaa0ff3631",
      "images": [
        {
          "size": 554,
          "width": 32,
          "url": "https://media.sketchfab.com/avatars/2a5bb38ced1649d7bc2a8fcaa0ff3631/ef6b7fa9a9cd4cedbaa795cf4892747a.jpeg",
          "height": 32
        },
        {
          "size": 692,
          "width": 48,
          "url": "https://media.sketchfab.com/avatars/2a5bb38ced1649d7bc2a8fcaa0ff3631/032f860f918c4ab087ac882935f6f0f4.jpeg",
          "height": 48
        },
        {
          "size": 1311,
          "width": 90,
          "url": "https://media.sketchfab.com/avatars/2a5bb38ced1649d7bc2a8fcaa0ff3631/1e0070abec8646a68fae9653353fe7b6.jpeg",
          "height": 90
        },
        {
          "size": 1548,
          "width": 100,
          "url": "https://media.sketchfab.com/avatars/2a5bb38ced1649d7bc2a8fcaa0ff3631/b89d112f3905460baf1840c7911a2a92.jpeg",
          "height": 100
        }
      ]
    },
    "uri": "https://api.sketchfab.com/v3/users/3a44be237d75401982ae2d54f1ddbbc2"
  },
  "description": "[Подвесной светильник коричневый E27 Favourite Pignatta 2087-3P\n](https://www.fedomo.ru/product/2087-3p-lyustra-podvesnaya-favourite-pignatta-3-lampy-korichnevyi_99018/\n)<br>Больше товаров на fedomo.ru",
  "faceCount": 18856,
  "createdAt": "2020-05-25T04:46:36.199600",
  "vertexCount": 10112,
  "isAgeRestricted": false,
  "archives": {
    "glb": {
      "textureCount": 1,
      "size": 2354324,
      "type": "glb",
      "textureMaxResolution": 2048,
      "faceCount": 18808,
      "vertexCount": 16239
    },
    "gltf": {
      "textureCount": 1,
      "size": 1826204,
      "type": "gltf",
      "textureMaxResolution": 2048,
      "faceCount": 18808,
      "vertexCount": 16239
    },
    "source": {
      "textureCount": null,
      "size": 7893700,
      "type": "source",
      "textureMaxResolution": null,
      "faceCount": null,
      "vertexCount": null
    },
    "usdz": {
      "textureCount": null,
      "size": 2147368,
      "type": "usdz",
      "textureMaxResolution": null,
      "faceCount": null,
      "vertexCount": null
    }
  },
  "license": "by"
}