{
  "uri": "https://api.sketchfab.com/v3/models/6e7be5df569a4d7e910e2a1b65df5b1c",
  "uid": "6e7be5df569a4d7e910e2a1b65df5b1c",
  "name": "14bis",
  "staffpickedAt": null,
  "viewCount": 3044,
  "likeCount": 66,
  "animationCount": 0,
  "viewerUrl": "https://sketchfab.com/3d-models/6e7be5df569a4d7e910e2a1b65df5b1c",
  "embedUrl": "https://sketchfab.com/models/6e7be5df569a4d7e910e2a1b65df5b1c/embed",
  "commentCount": 10,
  "isDownloadable": true,
  "publishedAt": "2014-05-12T09:22:06",
  "tags": [],
  "categories": [
    {
      "name": "cars-vehicles"
    }
  ],
  "thumbnails": {
    "images": [
      {
        "uid": "7cb9a0e7811d408fa25960581476c104",
        "size": 134819,
        "width": 1920,
        "url": "https://media.sketchfab.com/models/6e7be5df569a4d7e910e2a1b65df5b1c/thumbnails/aff6898618094a01be3402a1eded412d/b07b9222ab964084afaa0bd3a86263ae.jpeg",
        "height": 1080
      },
      {
        "uid": "0a83b52bcd384b09a005c3910d860427",
        "size": 38726,
        "width": 1024,
        "url": "https://media.sketchfab.com/models/6e7be5df569a4d7e910e2a1b65df5b1c/thumbnails/aff6898618094a01be3402a1eded412d/ae4cc5b729dd4712a0808e7f9664829d.jpeg",
        "height": 576
      },
      {
        "uid": "6fd7a80f8fb14f01b8252ac0402f857b",
        "size": 22262,
        "width": 720,
        "url": "https://media.sketchfab.com/models/6e7be5df569a4d7e910e2a1b65df5b1c/thumbnails/aff6898618094a01be3402a1eded412d/1220078621134e2fbbd9c2b6202b1005.jpeg",
        "height": 405
      },
      {
        "uid": "c55b5769e9094b5aa9b7d7ed0f739d3c",
        "size": 5060,
        "width": 256,
        "url": "https://media.sketchfab.com/models/6e7be5df569a4d7e910e2a1b65df5b1c/thumbnails/aff6898618094a01be3402a1eded412d/051dc9be5f114e98aca80be6fd2f9295.jpeg",
        "height": 144
      },
      {
        "uid": "8b9e7379d6024f429b826eae26093067",
        "size": 965,
        "width": 64,
        "url": "https://media.sketchfab.com/models/6e7be5df569a4d7e910e2a1b65df5b1c/thumbnails/aff6898618094a01be3402a1eded412d/43affbdc7b9d4403a3604df5ebc62492.jpeg",
        "height": 36
      }
    ]
  },
  "user": {
    "uid": "7b84e3140ee04cf3ac6941dc5eeced34",
    "username": "helijah",
    "displayName": "helijah",
    "profileUrl": "https://sketchfab.com/helijah",
    "account": "basic",
    "avatar": {
      "uri": "https://api.sketchfab.com/v3/avatars/0c9fca61d8e44a978fe93b9bb0529b89",
      "images": [
        {
          "size": 600,
          "width": 32,
          "url": "https://media.sketchfab.com/avatars/0c9fca61d8e44a978fe93b9bb0529b89/7aa4dfa2b6dc406d853cf3852700adce.jpeg",
          "height": 32
        },
        {
          "size": 861,
          "width": 48,
          "url": "https://media.sketchfab.com/avatars/0c9fca61d8e44a978fe93b9bb0529b89/95be0e8658e44a828d3d6e044abfe282.jpeg",
          "height": 48
        },
        {
          "size": 1966,
          "width": 90,
          "url": "https://media.sketchfab.com/avatars/0c9fca61d8e44a978fe93b9bb0529b89/19a6421b4846444bb95a771deb69f138.jpeg",
          "height": 90
        },
        {
          "size": 2348,
          "width": 100,
          "url": "https://media.sketchfab.com/avatars/0c9fca61d8e44a978fe93b9bb0529b89/0293c1c6077a4b229b229e81468d1157.jpeg",
          "height": 100
        }
      ]
    },
    "uri": "https://api.sketchfab.com/v3/users/7b84e3140ee04cf3ac6941dc5eeced34"
  },
  "description": "The 14-bis was a pioneer era canard biplane designed by Brazilian engineer Alberto Santos-Dumont. On 23 October 1906, in Paris, France, it performed the first officially witnessed unaided takeoff and flight by a heavier-than-air aircraft (Source Wikipedia)",
  "faceCount": 69189,
  "createdAt": "2014-05-12T09:22:06",
  "vertexCount": 48271,
  "isAgeRestricted": false,
  "archives": {
    "glb": {
      "textureCount": 5,
      "size": 4420112,
      "type": "glb",
      "textureMaxResolution": 1024,
      "faceCount": 69189,
      "vertexCount": 83221
    },
    "gltf": {
      "textureCount": 5,
      "size": 2595704,
      "type": "gltf",
      "textureMaxResolution": 1024,
      "faceCount": 69189,
      "vertexCount": 83221
    },
    "source": {
      "textureCount": null,
      "size": 3153739,
      "type": "source",
      "textureMaxResolution": null,
      "faceCount": null,
      "vertexCount": null
    },
    "usdz": {
      "textureCount": null,
      "size": 3022792,
      "type": "usdz",
      "textureMaxResolution": null,
      "faceCount": null,
      "vertexCount": null
    }
  },
  "license": "by"
}