{
  "uri": "https://api.sketchfab.com/v3/models/6e7db95b39864af0b99d4b01b9c6ba06",
  "uid": "6e7db95b39864af0b99d4b01b9c6ba06",
  "name": "Calcite Vase No. 21, Mleiha, Sharjah, UAE",
  "staffpickedAt": null,
  "viewCount": 36,
  "likeCount": 0,
  "animationCount": 0,
  "viewerUrl": "https://sketchfab.com/3d-models/6e7db95b39864af0b99d4b01b9c6ba06",
  "embedUrl": "https://sketchfab.com/models/6e7db95b39864af0b99d4b01b9c6ba06/embed",
  "commentCount": 0,
  "isDownloadable": true,
  "publishedAt": "2019-02-27T17:11:26.097199",
  "tags": [
    {
      "name": "uae",
      "slug": "uae",
      "uri": "https://api.sketchfab.com/v3/tags/uae"
    },
    {
      "name": "sharjah",
      "slug": "sharjah",
      "uri": "https://api.sketchfab.com/v3/tags/sharjah"
    },
    {
      "name": "gdh",
      "slug": "gdh",
      "uri": "https://api.sketchfab.com/v3/tags/gdh"
    },
    {
      "name": "realitycapture",
      "slug": "realitycapture",
      "uri": "https://api.sketchfab.com/v3/tags/realitycapture"
    },
    {
      "name": "photogrammetry",
      "slug": "photogrammetry",
      "uri": "https://api.sketchfab.com/v3/tags/photogrammetry"
    },
    {
      "name": "mleiha",
      "slug": "mleiha",
      "uri": "https://api.sketchfab.com/v3/tags/mleiha"
    },
    {
      "name": "globaldigitalheritage",
      "slug": "globaldigitalheritage",
      "uri": "https://api.sketchfab.com/v3/tags/globaldigitalheritage"
    },
    {
      "name": "pre-islamic",
      "slug": "pre-islamic",
      "uri": "https://api.sketchfab.com/v3/tags/pre-islamic"
    }
  ],
  "categories": [
    {
      "name": "cultural-heritage-history"
    }
  ],
  "thumbnails": {
    "images": [
      {
        "uid": "37ab94f3d26b4fbba4871b50cdd98462",
        "size": 115735,
        "width": 1920,
        "url": "https://media.sketchfab.com/models/6e7db95b39864af0b99d4b01b9c6ba06/thumbnails/026e3b91fc1e44f5a790aacb170fd409/14bbb4651f4b4bac9849a0c0a4716939.jpeg",
        "height": 1080
      },
      {
        "uid": "51345843faed4797831fec4159cc5069",
        "size": 36286,
        "width": 1024,
        "url": "https://media.sketchfab.com/models/6e7db95b39864af0b99d4b01b9c6ba06/thumbnails/026e3b91fc1e44f5a790aacb170fd409/11ce06f9fca142bf81d4086b15ddf6b5.jpeg",
        "height": 576
      },
      {
        "uid": "0877aeb4affb4536b097b43b0e32d45a",
        "size": 20277,
        "width": 720,
        "url": "https://media.sketchfab.com/models/6e7db95b39864af0b99d4b01b9c6ba06/thumbnails/026e3b91fc1e44f5a790aacb170fd409/f882c2fb052242039589072912dbf837.jpeg",
        "height": 405
      },
      {
        "uid": "11c5d140339240dbbaaaa1f24c8830d7",
        "size": 4157,
        "width": 256,
        "url": "https://media.sketchfab.com/models/6e7db95b39864af0b99d4b01b9c6ba06/thumbnails/026e3b91fc1e44f5a790aacb170fd409/ac6d50c9431d4014b0771feedf52c3db.jpeg",
        "height": 144
      },
      {
        "uid": "b01dd5ab8ed14c00ad3fffb330f9b430",
        "size": 833,
        "width": 64,
        "url": "https://media.sketchfab.com/models/6e7db95b39864af0b99d4b01b9c6ba06/thumbnails/026e3b91fc1e44f5a790aacb170fd409/16bd2ba98adb4aada9cdfc2ce48c9b70.jpeg",
        "height": 36
      }
    ]
  },
  "user": {
    "uid": "c6c27d4322fe41c4a157d96f56c47fd3",
    "username": "GlobalDigitalHeritage",
    "displayName": "Global Digital Heritage",
    "profileUrl": "https://sketchfab.com/GlobalDigitalHeritage",
    "account": "prem",
    "avatar": {
      "uri": "https://api.sketchfab.com/v3/avatars/358d54e8dad0427aaf8ed7196a5f7118",
      "images": [
        {
          "size": 890,
          "width": 32,
          "url": "https://media.sketchfab.com/avatars/358d54e8dad0427aaf8ed7196a5f7118/a4640be7458748cea890b13446041eeb.jpeg",
          "height": 32
        },
        {
          "size": 1534,
          "width": 48,
          "url": "https://media.sketchfab.com/avatars/358d54e8dad0427aaf8ed7196a5f7118/1d5cf1e8df3a47ba83d1f46592d5a401.jpeg",
          "height": 48
        },
        {
          "size": 4199,
          "width": 90,
          "url": "https://media.sketchfab.com/avatars/358d54e8dad0427aaf8ed7196a5f7118/de8ec49daa924b35a43384e26331a233.jpeg",
          "height": 90
        },
        {
          "size": 5059,
          "width": 100,
          "url": "https://media.sketchfab.com/avatars/358d54e8dad0427aaf8ed7196a5f7118/d6f35c2e71da4ccd8ca2b37ef7c4cd8e.jpeg",
          "height": 100
        }
      ]
    },
    "uri": "https://api.sketchfab.com/v3/users/c6c27d4322fe41c4a157d96f56c47fd3"
  },
  "description": "Calcite Vase No. 21 of 47, from cache, Mleiha, Sharjah, UAE. The find was made by the Sharjah Archaeology Authority. 2nd-3rd Century CE. 258 photos. Completely processed (aligned, scaled, modeled, cleaned, simplified, unwrapped, textured, meshed) in Reality Capture.\n\nJ. Mª Córdoba 2016. La era de Mleiha: navegantes y caravanas antes del Islam. Pp 83-130 (Figure p. 92). In EN LOS CONFINES DE ORIENTE PRÓXIMO: El hallazgo moderno del país de Magán. Museo Arqueológico Nacional Catálogo de la Exposición Temporal Celebrada entre el 18 de abril y el 29 de mayo de 2016. Comisario: J. Mª Córdoba Zoilo. Comisarias adjuntas: C. del Cerro Linares, Mª C. Pérez Díe, E. Pons Mellado.",
  "faceCount": 5907908,
  "createdAt": "2019-02-27T00:33:31.271623",
  "vertexCount": 2953956,
  "isAgeRestricted": false,
  "archives": {
    "glb": {
      "textureCount": 1,
      "size": 202000836,
      "type": "glb",
      "textureMaxResolution": 8192,
      "faceCount": 5907908,
      "vertexCount": 3704272
    },
    "gltf": {
      "textureCount": 1,
      "size": 132585787,
      "type": "gltf",
      "textureMaxResolution": 8192,
      "faceCount": 5907908,
      "vertexCount": 3704272
    },
    "source": {
      "textureCount": null,
      "size": 282447366,
      "type": "source",
      "textureMaxResolution": null,
      "faceCount": null,
      "vertexCount": null
    },
    "usdz": {
      "textureCount": null,
      "size": 136638275,
      "type": "usdz",
      "textureMaxResolution": null,
      "faceCount": null,
      "vertexCount": null
    }
  },
  "license": "by-nc"
}