{
  "uri": "https://api.sketchfab.com/v3/models/6e7e761e49bb4a9ea67377d9697c3a5c",
  "uid": "6e7e761e49bb4a9ea67377d9697c3a5c",
  "name": "Splash TORUS 2",
  "staffpickedAt": null,
  "viewCount": 3,
  "likeCount": 0,
  "animationCount": 0,
  "viewerUrl": "https://sketchfab.com/3d-models/6e7e761e49bb4a9ea67377d9697c3a5c",
  "embedUrl": "https://sketchfab.com/models/6e7e761e49bb4a9ea67377d9697c3a5c/embed",
  "commentCount": 0,
  "isDownloadable": true,
  "publishedAt": "2022-03-28T15:05:54.769954",
  "tags": [],
  "categories": [],
  "thumbnails": {
    "images": [
      {
        "uid": "c88bc92d3e8147979b0b4a04a5c63128",
        "size": 74267,
        "width": 1920,
        "url": "https://media.sketchfab.com/models/6e7e761e49bb4a9ea67377d9697c3a5c/thumbnails/34f6d241bff74616a66a062688111229/39124e70024d4ac58fa6f19abfda0316.jpeg",
        "height": 1080
      },
      {
        "uid": "a5b540bc3a694469821c080cdaceedc5",
        "size": 29386,
        "width": 1024,
        "url": "https://media.sketchfab.com/models/6e7e761e49bb4a9ea67377d9697c3a5c/thumbnails/34f6d241bff74616a66a062688111229/8f76fd7df911426f9b2bb17380a2bebe.jpeg",
        "height": 576
      },
      {
        "uid": "e8e2b5af870446faa5f19db880908828",
        "size": 18640,
        "width": 720,
        "url": "https://media.sketchfab.com/models/6e7e761e49bb4a9ea67377d9697c3a5c/thumbnails/34f6d241bff74616a66a062688111229/fb8df1755c5f4b12890ad852958c1246.jpeg",
        "height": 405
      },
      {
        "uid": "a2a47b1de62a4671b24c269eef6e3668",
        "size": 4654,
        "width": 256,
        "url": "https://media.sketchfab.com/models/6e7e761e49bb4a9ea67377d9697c3a5c/thumbnails/34f6d241bff74616a66a062688111229/dc73a6f4268644a1acd99e2a17802670.jpeg",
        "height": 144
      },
      {
        "uid": "7bd9a293a36a41be9d41a16ccc28ce9a",
        "size": 1158,
        "width": 64,
        "url": "https://media.sketchfab.com/models/6e7e761e49bb4a9ea67377d9697c3a5c/thumbnails/34f6d241bff74616a66a062688111229/a1ba5118b4b64f7c84ffe91756173366.jpeg",
        "height": 36
      }
    ]
  },
  "user": {
    "uid": "7313bc5a017a4a59a1fa56fc59c5acf6",
    "username": "ctfab",
    "displayName": "echoflowers.org",
    "profileUrl": "https://sketchfab.com/ctfab",
    "account": "basic",
    "avatar": {
      "uri": "https://api.sketchfab.com/v3/avatars/01512adea7b94cfc97a5f786cfcce2fe",
      "images": [
        {
          "size": 449,
          "width": 32,
          "url": "https://media.sketchfab.com/avatars/01512adea7b94cfc97a5f786cfcce2fe/f36dffb4afb44c22854c1070aa6edf5d.jpeg",
          "height": 32
        },
        {
          "size": 601,
          "width": 48,
          "url": "https://media.sketchfab.com/avatars/01512adea7b94cfc97a5f786cfcce2fe/50d1483fe9ae4ffebe1ccd62e1db11b0.jpeg",
          "height": 48
        },
        {
          "size": 1275,
          "width": 90,
          "url": "https://media.sketchfab.com/avatars/01512adea7b94cfc97a5f786cfcce2fe/cb268029002f49f4a5ade5e75c0fe114.jpeg",
          "height": 90
        },
        {
          "size": 1505,
          "width": 100,
          "url": "https://media.sketchfab.com/avatars/01512adea7b94cfc97a5f786cfcce2fe/0d7c034bd340475c84644f6efc6460ca.jpeg",
          "height": 100
        }
      ]
    },
    "uri": "https://api.sketchfab.com/v3/users/7313bc5a017a4a59a1fa56fc59c5acf6"
  },
  "description": "",
  "faceCount": 1234,
  "createdAt": "2022-03-28T14:27:58.466954",
  "vertexCount": 1009,
  "isAgeRestricted": false,
  "archives": {
    "glb": {
      "textureCount": 0,
      "size": 135012,
      "type": "glb",
      "textureMaxResolution": 0,
      "faceCount": 1234,
      "vertexCount": 1056
    },
    "gltf": {
      "textureCount": 0,
      "size": 26019,
      "type": "gltf",
      "textureMaxResolution": 0,
      "faceCount": 1234,
      "vertexCount": 1056
    },
    "source": {
      "textureCount": null,
      "size": 47556,
      "type": "source",
      "textureMaxResolution": null,
      "faceCount": null,
      "vertexCount": null
    },
    "usdz": {
      "textureCount": null,
      "size": 33176,
      "type": "usdz",
      "textureMaxResolution": null,
      "faceCount": null,
      "vertexCount": null
    }
  },
  "license": "by"
}