{
  "uri": "https://api.sketchfab.com/v3/models/6e7e40d359df48ffa99f02ffd5d37459",
  "uid": "6e7e40d359df48ffa99f02ffd5d37459",
  "name": "rgb keyboard",
  "staffpickedAt": null,
  "viewCount": 42,
  "likeCount": 1,
  "animationCount": 0,
  "viewerUrl": "https://sketchfab.com/3d-models/6e7e40d359df48ffa99f02ffd5d37459",
  "embedUrl": "https://sketchfab.com/models/6e7e40d359df48ffa99f02ffd5d37459/embed",
  "commentCount": 0,
  "isDownloadable": true,
  "publishedAt": "2022-01-02T11:28:40.551055",
  "tags": [
    {
      "name": "keyboards",
      "slug": "keyboards",
      "uri": "https://api.sketchfab.com/v3/tags/keyboards"
    },
    {
      "name": "keyboard",
      "slug": "keyboard",
      "uri": "https://api.sketchfab.com/v3/tags/keyboard"
    },
    {
      "name": "keyboardgaming",
      "slug": "keyboardgaming",
      "uri": "https://api.sketchfab.com/v3/tags/keyboardgaming"
    },
    {
      "name": "keyboard-keyboardgaming",
      "slug": "keyboard-keyboardgaming",
      "uri": "https://api.sketchfab.com/v3/tags/keyboard-keyboardgaming"
    }
  ],
  "categories": [
    {
      "name": "electronics-gadgets"
    }
  ],
  "thumbnails": {
    "images": [
      {
        "uid": "3e9fba6064154a11bf20605c4b0e2134",
        "size": 380522,
        "width": 1920,
        "url": "https://media.sketchfab.com/models/6e7e40d359df48ffa99f02ffd5d37459/thumbnails/79b5761c008248e5a5039a81182c6304/4717a18cb0cb4f95aa6e6a50fcec6d0d.jpeg",
        "height": 1080
      },
      {
        "uid": "6bd92847cfb14ff5ba2be2870e05f92f",
        "size": 83477,
        "width": 1024,
        "url": "https://media.sketchfab.com/models/6e7e40d359df48ffa99f02ffd5d37459/thumbnails/79b5761c008248e5a5039a81182c6304/c7db3922b50d4369ba9eb6c4f992d1ae.jpeg",
        "height": 576
      },
      {
        "uid": "13471958366049a8ac7c3c322b460b0c",
        "size": 47566,
        "width": 720,
        "url": "https://media.sketchfab.com/models/6e7e40d359df48ffa99f02ffd5d37459/thumbnails/79b5761c008248e5a5039a81182c6304/73f2aa1596a74fa18fbbf66a249184bf.jpeg",
        "height": 405
      },
      {
        "uid": "b8e1c2325534429ebfb16cf7cd35e8f5",
        "size": 9401,
        "width": 256,
        "url": "https://media.sketchfab.com/models/6e7e40d359df48ffa99f02ffd5d37459/thumbnails/79b5761c008248e5a5039a81182c6304/1b30dcf9bea7441fb24568ca7bba62b9.jpeg",
        "height": 144
      },
      {
        "uid": "006cd4fe3f264794a591b15521a553e2",
        "size": 1308,
        "width": 64,
        "url": "https://media.sketchfab.com/models/6e7e40d359df48ffa99f02ffd5d37459/thumbnails/79b5761c008248e5a5039a81182c6304/6289be05ca6344d0977c430c726be355.jpeg",
        "height": 36
      }
    ]
  },
  "user": {
    "uid": "2810a848fb0747d699c2c73ae28ef8b9",
    "username": "triangle_3",
    "displayName": "triangle_3",
    "profileUrl": "https://sketchfab.com/triangle_3",
    "account": "basic",
    "avatar": {
      "uri": "https://api.sketchfab.com/v3/avatars/5ad780e743ce4f9aa80661fe685451af",
      "images": [
        {
          "size": 889,
          "width": 32,
          "url": "https://media.sketchfab.com/avatars/5ad780e743ce4f9aa80661fe685451af/8380e2c98ba3416d94f0dd7c7ec05461.jpeg",
          "height": 32
        },
        {
          "size": 1115,
          "width": 48,
          "url": "https://media.sketchfab.com/avatars/5ad780e743ce4f9aa80661fe685451af/0da00944706c453d8ac9b839de324f97.jpeg",
          "height": 48
        },
        {
          "size": 1960,
          "width": 90,
          "url": "https://media.sketchfab.com/avatars/5ad780e743ce4f9aa80661fe685451af/baf3590eac1c425c90208c4b9e0c212f.jpeg",
          "height": 90
        },
        {
          "size": 2245,
          "width": 100,
          "url": "https://media.sketchfab.com/avatars/5ad780e743ce4f9aa80661fe685451af/9a3d37364f88419c80fbae9e74b8010a.jpeg",
          "height": 100
        }
      ]
    },
    "uri": "https://api.sketchfab.com/v3/users/2810a848fb0747d699c2c73ae28ef8b9"
  },
  "description": "Feel free to use this model in your projects. Hope you like it. See my other models if your life doesn't make sense.",
  "faceCount": 14230,
  "createdAt": "2022-01-02T11:13:34.969568",
  "vertexCount": 10800,
  "isAgeRestricted": false,
  "archives": {
    "glb": {
      "textureCount": 4,
      "size": 1771960,
      "type": "glb",
      "textureMaxResolution": 2048,
      "faceCount": 14230,
      "vertexCount": 14621
    },
    "gltf": {
      "textureCount": 4,
      "size": 1236858,
      "type": "gltf",
      "textureMaxResolution": 2048,
      "faceCount": 14230,
      "vertexCount": 14621
    },
    "source": {
      "textureCount": null,
      "size": 6649138,
      "type": "source",
      "textureMaxResolution": null,
      "faceCount": null,
      "vertexCount": null
    },
    "usdz": {
      "textureCount": null,
      "size": 1390045,
      "type": "usdz",
      "textureMaxResolution": null,
      "faceCount": null,
      "vertexCount": null
    }
  },
  "license": "by"
}