{
  "uri": "https://api.sketchfab.com/v3/models/6e7fb4a4787241e38bea9daa0ffc580b",
  "uid": "6e7fb4a4787241e38bea9daa0ffc580b",
  "name": "ÉCROU NOYÉ CYLINDRIQUE MOLETE TÊTE PLATE",
  "staffpickedAt": null,
  "viewCount": 65,
  "likeCount": 1,
  "animationCount": 0,
  "viewerUrl": "https://sketchfab.com/3d-models/6e7fb4a4787241e38bea9daa0ffc580b",
  "embedUrl": "https://sketchfab.com/models/6e7fb4a4787241e38bea9daa0ffc580b/embed",
  "commentCount": 0,
  "isDownloadable": true,
  "publishedAt": "2019-07-25T08:27:29.389906",
  "tags": [],
  "categories": [],
  "thumbnails": {
    "images": [
      {
        "uid": "bf9713b3a74845958401a7b921b08599",
        "size": 81705,
        "width": 1920,
        "url": "https://media.sketchfab.com/models/6e7fb4a4787241e38bea9daa0ffc580b/thumbnails/c209cd359c7f40c89f76f5df7c23aaee/37d14b3f921049ef9e278983337c4050.jpeg",
        "height": 1080
      },
      {
        "uid": "ec6d60024b444ee98fddaa926df99f74",
        "size": 18445,
        "width": 1024,
        "url": "https://media.sketchfab.com/models/6e7fb4a4787241e38bea9daa0ffc580b/thumbnails/c209cd359c7f40c89f76f5df7c23aaee/8744dcb473e249f6ab1137eb8a7580fb.jpeg",
        "height": 576
      },
      {
        "uid": "8bde00e1000647be80279222163a09cf",
        "size": 9473,
        "width": 720,
        "url": "https://media.sketchfab.com/models/6e7fb4a4787241e38bea9daa0ffc580b/thumbnails/c209cd359c7f40c89f76f5df7c23aaee/706b7d6236294eee96cfc3797048336a.jpeg",
        "height": 405
      },
      {
        "uid": "f4e8b580f9f945379478123f54e64b02",
        "size": 2383,
        "width": 256,
        "url": "https://media.sketchfab.com/models/6e7fb4a4787241e38bea9daa0ffc580b/thumbnails/c209cd359c7f40c89f76f5df7c23aaee/013f251063ed4162b5046192c8e65841.jpeg",
        "height": 144
      },
      {
        "uid": "1c56023898a44918bc83fc748eac12b2",
        "size": 658,
        "width": 64,
        "url": "https://media.sketchfab.com/models/6e7fb4a4787241e38bea9daa0ffc580b/thumbnails/c209cd359c7f40c89f76f5df7c23aaee/1e4d56a40d17418687a4a97bcae5928a.jpeg",
        "height": 36
      }
    ]
  },
  "user": {
    "uid": "f0e876b6e0e9495db413350034711326",
    "username": "Foubert-visserie",
    "displayName": "Linksy Groupe",
    "profileUrl": "https://sketchfab.com/Foubert-visserie",
    "account": "basic",
    "avatar": {
      "uri": "https://api.sketchfab.com/v3/avatars/37527adf73e2409384b284cd4745d74e",
      "images": [
        {
          "size": 2252,
          "width": 32,
          "url": "https://media.sketchfab.com/avatars/37527adf73e2409384b284cd4745d74e/eafe93eb19324ab1a623bd22b4e024d1.png",
          "height": 32
        },
        {
          "size": 4639,
          "width": 48,
          "url": "https://media.sketchfab.com/avatars/37527adf73e2409384b284cd4745d74e/b9a846cb643c4377b14bbb6556be87de.png",
          "height": 48
        },
        {
          "size": 15152,
          "width": 90,
          "url": "https://media.sketchfab.com/avatars/37527adf73e2409384b284cd4745d74e/06508c4ae5814a66be87b6c8b6625ef8.png",
          "height": 90
        },
        {
          "size": 18473,
          "width": 100,
          "url": "https://media.sketchfab.com/avatars/37527adf73e2409384b284cd4745d74e/e3cc9544bb784fd99332672dd3230eaf.png",
          "height": 100
        }
      ]
    },
    "uri": "https://api.sketchfab.com/v3/users/f0e876b6e0e9495db413350034711326"
  },
  "description": "",
  "faceCount": 2448,
  "createdAt": "2019-07-25T08:26:49.939193",
  "vertexCount": 1668,
  "isAgeRestricted": false,
  "archives": {
    "glb": {
      "textureCount": 0,
      "size": 105652,
      "type": "glb",
      "textureMaxResolution": 0,
      "faceCount": 2448,
      "vertexCount": 2068
    },
    "gltf": {
      "textureCount": 0,
      "size": 28831,
      "type": "gltf",
      "textureMaxResolution": 0,
      "faceCount": 2448,
      "vertexCount": 2068
    },
    "source": {
      "textureCount": null,
      "size": 297954,
      "type": "source",
      "textureMaxResolution": null,
      "faceCount": null,
      "vertexCount": null
    },
    "usdz": {
      "textureCount": null,
      "size": 59438,
      "type": "usdz",
      "textureMaxResolution": null,
      "faceCount": null,
      "vertexCount": null
    }
  },
  "license": "by"
}