{
  "uri": "https://api.sketchfab.com/v3/models/6e833503504940cc9a236072db5398ea",
  "uid": "6e833503504940cc9a236072db5398ea",
  "name": "Raiway Carriage B",
  "staffpickedAt": null,
  "viewCount": 6,
  "likeCount": 0,
  "animationCount": 0,
  "viewerUrl": "https://sketchfab.com/3d-models/6e833503504940cc9a236072db5398ea",
  "embedUrl": "https://sketchfab.com/models/6e833503504940cc9a236072db5398ea/embed",
  "commentCount": 0,
  "isDownloadable": true,
  "publishedAt": "2021-06-17T19:22:19.974792",
  "tags": [],
  "categories": [],
  "thumbnails": {
    "images": [
      {
        "uid": "1702b09b03474d06b32c1f486e0da004",
        "size": 48186,
        "width": 1920,
        "url": "https://media.sketchfab.com/models/6e833503504940cc9a236072db5398ea/thumbnails/332ae64d5c4142509f98f50f573e5c07/b445e00a9e9a47e8b059c34afada99ba.jpeg",
        "height": 1080
      },
      {
        "uid": "1184ff8f76eb44c980ad7f02cf5f5664",
        "size": 16243,
        "width": 1024,
        "url": "https://media.sketchfab.com/models/6e833503504940cc9a236072db5398ea/thumbnails/332ae64d5c4142509f98f50f573e5c07/93ff460417e34a08a7304ebd3fc6721f.jpeg",
        "height": 576
      },
      {
        "uid": "d51dcc71089b4cf5b5f8d375b8f720cb",
        "size": 9557,
        "width": 720,
        "url": "https://media.sketchfab.com/models/6e833503504940cc9a236072db5398ea/thumbnails/332ae64d5c4142509f98f50f573e5c07/3da3624db74e4cd096f5c486491f19b5.jpeg",
        "height": 405
      },
      {
        "uid": "fb99232071534761b9d3614de6264162",
        "size": 2356,
        "width": 256,
        "url": "https://media.sketchfab.com/models/6e833503504940cc9a236072db5398ea/thumbnails/332ae64d5c4142509f98f50f573e5c07/52df40953cc24455ba4f1395fc469c4e.jpeg",
        "height": 144
      },
      {
        "uid": "74af75ac392545b1b6c167ca60193b9d",
        "size": 893,
        "width": 64,
        "url": "https://media.sketchfab.com/models/6e833503504940cc9a236072db5398ea/thumbnails/332ae64d5c4142509f98f50f573e5c07/838cebe1ecd64e1eaec5828d162ddbac.jpeg",
        "height": 36
      }
    ]
  },
  "user": {
    "uid": "da02847224fd4bca81fdc3f9409365c2",
    "username": "tzuhuaniln",
    "displayName": "tzuhuaniln",
    "profileUrl": "https://sketchfab.com/tzuhuaniln",
    "account": "basic",
    "avatar": {
      "uri": "https://api.sketchfab.com/v3/avatars/c256d5cbe33f4bc7b473db489bfb84d2",
      "images": [
        {
          "size": 591,
          "width": 32,
          "url": "https://media.sketchfab.com/avatars/c256d5cbe33f4bc7b473db489bfb84d2/d9f2ec2c7a454a8990c596a4c16651f3.jpeg",
          "height": 32
        },
        {
          "size": 742,
          "width": 48,
          "url": "https://media.sketchfab.com/avatars/c256d5cbe33f4bc7b473db489bfb84d2/4d9d53ffaf5a4b9388b5758d2a5a1f40.jpeg",
          "height": 48
        },
        {
          "size": 1537,
          "width": 90,
          "url": "https://media.sketchfab.com/avatars/c256d5cbe33f4bc7b473db489bfb84d2/770261bf0c164f4a901adb5d1e94d91f.jpeg",
          "height": 90
        },
        {
          "size": 1651,
          "width": 100,
          "url": "https://media.sketchfab.com/avatars/c256d5cbe33f4bc7b473db489bfb84d2/111e7bc04c0f498d87b8d4c78c00a658.jpeg",
          "height": 100
        }
      ]
    },
    "uri": "https://api.sketchfab.com/v3/users/da02847224fd4bca81fdc3f9409365c2"
  },
  "description": "",
  "faceCount": 3568,
  "createdAt": "2021-06-17T19:22:00.785308",
  "vertexCount": 902,
  "isAgeRestricted": false,
  "archives": {
    "glb": {
      "textureCount": 1,
      "size": 321352,
      "type": "glb",
      "textureMaxResolution": 1024,
      "faceCount": 3568,
      "vertexCount": 4148
    },
    "gltf": {
      "textureCount": 1,
      "size": 133472,
      "type": "gltf",
      "textureMaxResolution": 1024,
      "faceCount": 3568,
      "vertexCount": 4148
    },
    "source": {
      "textureCount": null,
      "size": 602717,
      "type": "source",
      "textureMaxResolution": null,
      "faceCount": null,
      "vertexCount": null
    },
    "usdz": {
      "textureCount": null,
      "size": 283488,
      "type": "usdz",
      "textureMaxResolution": null,
      "faceCount": null,
      "vertexCount": null
    }
  },
  "license": "by"
}