{
  "uri": "https://api.sketchfab.com/v3/models/6e84953190b14cfba06b131f2b844cce",
  "uid": "6e84953190b14cfba06b131f2b844cce",
  "name": "AU-24461 5",
  "staffpickedAt": null,
  "viewCount": 12,
  "likeCount": 0,
  "animationCount": 0,
  "viewerUrl": "https://sketchfab.com/3d-models/6e84953190b14cfba06b131f2b844cce",
  "embedUrl": "https://sketchfab.com/models/6e84953190b14cfba06b131f2b844cce/embed",
  "commentCount": 0,
  "isDownloadable": true,
  "publishedAt": "2021-02-17T20:41:30.540162",
  "tags": [],
  "categories": [],
  "thumbnails": {
    "images": [
      {
        "uid": "d81a4b4a62d1489e83283e38a4274be0",
        "size": 66157,
        "width": 1920,
        "url": "https://media.sketchfab.com/models/6e84953190b14cfba06b131f2b844cce/thumbnails/d38b17327cce47c48549593baed23aa8/519d2adccf4a43eaa0cabdc8c23ec726.jpeg",
        "height": 1080
      },
      {
        "uid": "3681dfa6a9054c2bb9e3b65a867ec1bf",
        "size": 21562,
        "width": 1024,
        "url": "https://media.sketchfab.com/models/6e84953190b14cfba06b131f2b844cce/thumbnails/d38b17327cce47c48549593baed23aa8/57b07f33bfbf4d40b75fadf0a9ccbf7a.jpeg",
        "height": 576
      },
      {
        "uid": "4fef53220fb0438b92a49b749e6f7418",
        "size": 12832,
        "width": 720,
        "url": "https://media.sketchfab.com/models/6e84953190b14cfba06b131f2b844cce/thumbnails/d38b17327cce47c48549593baed23aa8/74b902cc460a43828284b05fbd6feac6.jpeg",
        "height": 405
      },
      {
        "uid": "3071c294a964438d9035ca89d41d1331",
        "size": 3024,
        "width": 256,
        "url": "https://media.sketchfab.com/models/6e84953190b14cfba06b131f2b844cce/thumbnails/d38b17327cce47c48549593baed23aa8/a3f2d6298f204626853f88af4af41e9d.jpeg",
        "height": 144
      },
      {
        "uid": "9b2b47684d00496388490012b6bb477e",
        "size": 640,
        "width": 64,
        "url": "https://media.sketchfab.com/models/6e84953190b14cfba06b131f2b844cce/thumbnails/d38b17327cce47c48549593baed23aa8/2e57e1e429774f43a2a99eb8d8f2f66a.jpeg",
        "height": 36
      }
    ]
  },
  "user": {
    "uid": "a86190f6b3db4c78b780074325661ddc",
    "username": "automicgoldapril",
    "displayName": "automicgoldapril",
    "profileUrl": "https://sketchfab.com/automicgoldapril",
    "account": "basic",
    "avatar": {
      "uri": "https://api.sketchfab.com/v3/avatars/51af6a870cce449eb75b0345feebaebb",
      "images": [
        {
          "size": 5719,
          "width": 90,
          "url": "https://media.sketchfab.com/avatars/51af6a870cce449eb75b0345feebaebb/2ef0f894055b4bb69123b2a27fa2d379.jpeg",
          "height": 90
        },
        {
          "size": 6496,
          "width": 100,
          "url": "https://media.sketchfab.com/avatars/51af6a870cce449eb75b0345feebaebb/ab11eedf96374486acb544f71a23b165.jpeg",
          "height": 100
        },
        {
          "size": 1359,
          "width": 32,
          "url": "https://media.sketchfab.com/avatars/51af6a870cce449eb75b0345feebaebb/35f6f9b6c9a14a548ce472582d8a9bb5.jpeg",
          "height": 32
        },
        {
          "size": 2584,
          "width": 48,
          "url": "https://media.sketchfab.com/avatars/51af6a870cce449eb75b0345feebaebb/a8072a51447c4d41ab177b357111b420.jpeg",
          "height": 48
        }
      ]
    },
    "uri": "https://api.sketchfab.com/v3/users/a86190f6b3db4c78b780074325661ddc"
  },
  "description": "",
  "faceCount": 96612,
  "createdAt": "2021-02-17T20:40:36.160019",
  "vertexCount": 48297,
  "isAgeRestricted": false,
  "archives": {
    "glb": {
      "textureCount": 0,
      "size": 3798060,
      "type": "glb",
      "textureMaxResolution": 0,
      "faceCount": 96612,
      "vertexCount": 72949
    },
    "gltf": {
      "textureCount": 0,
      "size": 1507968,
      "type": "gltf",
      "textureMaxResolution": 0,
      "faceCount": 96612,
      "vertexCount": 72949
    },
    "source": {
      "textureCount": null,
      "size": 2022839,
      "type": "source",
      "textureMaxResolution": null,
      "faceCount": null,
      "vertexCount": null
    },
    "usdz": {
      "textureCount": null,
      "size": 1967054,
      "type": "usdz",
      "textureMaxResolution": null,
      "faceCount": null,
      "vertexCount": null
    }
  },
  "license": "by"
}