{
  "uri": "https://api.sketchfab.com/v3/models/6e867f9e2eaf4f578dc3f283b052b735",
  "uid": "6e867f9e2eaf4f578dc3f283b052b735",
  "name": "tarabya-brunnen",
  "staffpickedAt": null,
  "viewCount": 2,
  "likeCount": 1,
  "animationCount": 0,
  "viewerUrl": "https://sketchfab.com/3d-models/6e867f9e2eaf4f578dc3f283b052b735",
  "embedUrl": "https://sketchfab.com/models/6e867f9e2eaf4f578dc3f283b052b735/embed",
  "commentCount": 0,
  "isDownloadable": true,
  "publishedAt": "2021-04-24T15:32:09.061757",
  "tags": [
    {
      "name": "3dscannerapp",
      "slug": "3dscannerapp",
      "uri": "https://api.sketchfab.com/v3/tags/3dscannerapp"
    }
  ],
  "categories": [],
  "thumbnails": {
    "images": [
      {
        "uid": "405db2c14c374f5e959abf0ad43f1132",
        "size": 63575,
        "width": 1920,
        "url": "https://media.sketchfab.com/models/6e867f9e2eaf4f578dc3f283b052b735/thumbnails/80ef702787cc40b488803283b34e91eb/ee047a691c0a432082690169cbc4abcb.jpeg",
        "height": 1080
      },
      {
        "uid": "dc8a8d5a59e049ab93e8e8f27ca9175d",
        "size": 20731,
        "width": 1024,
        "url": "https://media.sketchfab.com/models/6e867f9e2eaf4f578dc3f283b052b735/thumbnails/80ef702787cc40b488803283b34e91eb/96ca8f2d570e460cb18743944f36497a.jpeg",
        "height": 576
      },
      {
        "uid": "6b58e3f41e824f72b0330cd9ad4ab5fd",
        "size": 11690,
        "width": 720,
        "url": "https://media.sketchfab.com/models/6e867f9e2eaf4f578dc3f283b052b735/thumbnails/80ef702787cc40b488803283b34e91eb/0a794a902e9348b9ab2e36506784461a.jpeg",
        "height": 405
      },
      {
        "uid": "339cf42964454a8e96674864c756e678",
        "size": 2406,
        "width": 256,
        "url": "https://media.sketchfab.com/models/6e867f9e2eaf4f578dc3f283b052b735/thumbnails/80ef702787cc40b488803283b34e91eb/578dceb150f9430994f5532ac2ee080f.jpeg",
        "height": 144
      },
      {
        "uid": "e390dd2773844a06a12a377057637326",
        "size": 549,
        "width": 64,
        "url": "https://media.sketchfab.com/models/6e867f9e2eaf4f578dc3f283b052b735/thumbnails/80ef702787cc40b488803283b34e91eb/bf42bd73bc5642ed9bfa93a7a45d8781.jpeg",
        "height": 36
      }
    ]
  },
  "user": {
    "uid": "85dbe734da1542bdbe05b7e2618090e2",
    "username": "rw.techmedia",
    "displayName": "rw",
    "profileUrl": "https://sketchfab.com/rw.techmedia",
    "account": "basic",
    "avatar": {
      "uri": "https://api.sketchfab.com/v3/avatars/78fa317e46024a5283765aa34df5e508",
      "images": [
        {
          "size": 6421,
          "width": 100,
          "url": "https://media.sketchfab.com/avatars/78fa317e46024a5283765aa34df5e508/aec92fe9a74e499c98d759362cd7f02f.jpeg",
          "height": 100
        },
        {
          "size": 2518,
          "width": 48,
          "url": "https://media.sketchfab.com/avatars/78fa317e46024a5283765aa34df5e508/17fa177ffaa344a2b2fc8e78efd40fbb.jpeg",
          "height": 48
        },
        {
          "size": 5653,
          "width": 90,
          "url": "https://media.sketchfab.com/avatars/78fa317e46024a5283765aa34df5e508/02162695bdc840faa3bcb2d418309c5e.jpeg",
          "height": 90
        },
        {
          "size": 1350,
          "width": 32,
          "url": "https://media.sketchfab.com/avatars/78fa317e46024a5283765aa34df5e508/6fde876cbded4cd48d36a76029e3aa02.jpeg",
          "height": 32
        }
      ]
    },
    "uri": "https://api.sketchfab.com/v3/users/85dbe734da1542bdbe05b7e2618090e2"
  },
  "description": "Uploaded with 3dScannerApp.com",
  "faceCount": 49413,
  "createdAt": "2021-04-24T15:31:34.385669",
  "vertexCount": 26301,
  "isAgeRestricted": false,
  "archives": {
    "glb": {
      "textureCount": 1,
      "size": 9970520,
      "type": "glb",
      "textureMaxResolution": 2048,
      "faceCount": 49021,
      "vertexCount": 147063
    },
    "gltf": {
      "textureCount": 1,
      "size": 6103257,
      "type": "gltf",
      "textureMaxResolution": 2048,
      "faceCount": 49021,
      "vertexCount": 147063
    },
    "source": {
      "textureCount": null,
      "size": 14304563,
      "type": "source",
      "textureMaxResolution": null,
      "faceCount": null,
      "vertexCount": null
    },
    "usdz": {
      "textureCount": null,
      "size": 9382612,
      "type": "usdz",
      "textureMaxResolution": null,
      "faceCount": null,
      "vertexCount": null
    }
  },
  "license": "by"
}