{
  "uri": "https://api.sketchfab.com/v3/models/6e868ed1735b4b05ae636a713ffd8e9f",
  "uid": "6e868ed1735b4b05ae636a713ffd8e9f",
  "name": "0190",
  "staffpickedAt": null,
  "viewCount": 1,
  "likeCount": 0,
  "animationCount": 0,
  "viewerUrl": "https://sketchfab.com/3d-models/6e868ed1735b4b05ae636a713ffd8e9f",
  "embedUrl": "https://sketchfab.com/models/6e868ed1735b4b05ae636a713ffd8e9f/embed",
  "commentCount": 0,
  "isDownloadable": true,
  "publishedAt": "2022-05-03T16:07:27.365801",
  "tags": [],
  "categories": [],
  "thumbnails": {
    "images": [
      {
        "uid": "af98e97fdf0146dbb94081ae2173eb07",
        "size": 179200,
        "width": 1920,
        "url": "https://media.sketchfab.com/models/6e868ed1735b4b05ae636a713ffd8e9f/thumbnails/73d5d02e00c947d0b24064707defe1a7/3b8f2e95610a42d5857305ef8d478188.jpeg",
        "height": 1080
      },
      {
        "uid": "95ea81b03c6c43318872cdd508edcc72",
        "size": 65010,
        "width": 1024,
        "url": "https://media.sketchfab.com/models/6e868ed1735b4b05ae636a713ffd8e9f/thumbnails/73d5d02e00c947d0b24064707defe1a7/1e56746ba2cf4512b7272bc4c5619233.jpeg",
        "height": 576
      },
      {
        "uid": "17136e8c9d5e408abbed7a1fbe724e65",
        "size": 37239,
        "width": 720,
        "url": "https://media.sketchfab.com/models/6e868ed1735b4b05ae636a713ffd8e9f/thumbnails/73d5d02e00c947d0b24064707defe1a7/a6d2411ea9aa4167932c39687f22c936.jpeg",
        "height": 405
      },
      {
        "uid": "3e4a63b77f1b429cb381ac4674b4e1b3",
        "size": 6430,
        "width": 256,
        "url": "https://media.sketchfab.com/models/6e868ed1735b4b05ae636a713ffd8e9f/thumbnails/73d5d02e00c947d0b24064707defe1a7/51c99b077ab3484c92ca50254cb36702.jpeg",
        "height": 144
      },
      {
        "uid": "736c650f13ae407ea7260a9a69f2e1d8",
        "size": 1181,
        "width": 64,
        "url": "https://media.sketchfab.com/models/6e868ed1735b4b05ae636a713ffd8e9f/thumbnails/73d5d02e00c947d0b24064707defe1a7/f57894f38d4a44038f4f071b97310989.jpeg",
        "height": 36
      }
    ]
  },
  "user": {
    "uid": "db6909418efc4c788bc5a8f2abeba84f",
    "username": "Victor.Reis",
    "displayName": "Reiz Engenharia",
    "profileUrl": "https://sketchfab.com/Victor.Reis",
    "account": "basic",
    "avatar": {
      "uri": "https://api.sketchfab.com/v3/avatars/631f7b868a2a40d2aa56ee5235769cea",
      "images": [
        {
          "size": 757,
          "width": 32,
          "url": "https://media.sketchfab.com/avatars/631f7b868a2a40d2aa56ee5235769cea/083e15d05140481c8926807c94edbb3e.png",
          "height": 32
        },
        {
          "size": 1292,
          "width": 48,
          "url": "https://media.sketchfab.com/avatars/631f7b868a2a40d2aa56ee5235769cea/7e7fa47a95e942dcb7f627d41f09f82a.png",
          "height": 48
        },
        {
          "size": 2433,
          "width": 90,
          "url": "https://media.sketchfab.com/avatars/631f7b868a2a40d2aa56ee5235769cea/d73e32d1b493410fb294e889aeec01a2.png",
          "height": 90
        },
        {
          "size": 2663,
          "width": 100,
          "url": "https://media.sketchfab.com/avatars/631f7b868a2a40d2aa56ee5235769cea/f4a771f0085846e384e59589c689af8a.png",
          "height": 100
        }
      ]
    },
    "uri": "https://api.sketchfab.com/v3/users/db6909418efc4c788bc5a8f2abeba84f"
  },
  "description": "",
  "faceCount": 81224,
  "createdAt": "2022-05-03T15:58:00.497812",
  "vertexCount": 34422,
  "isAgeRestricted": false,
  "archives": {
    "glb": {
      "textureCount": 0,
      "size": 3693612,
      "type": "glb",
      "textureMaxResolution": 0,
      "faceCount": 44984,
      "vertexCount": 78616
    },
    "gltf": {
      "textureCount": 0,
      "size": 567032,
      "type": "gltf",
      "textureMaxResolution": 0,
      "faceCount": 44984,
      "vertexCount": 78616
    },
    "source": {
      "textureCount": null,
      "size": 14484059,
      "type": "source",
      "textureMaxResolution": null,
      "faceCount": null,
      "vertexCount": null
    },
    "usdz": {
      "textureCount": null,
      "size": 2109202,
      "type": "usdz",
      "textureMaxResolution": null,
      "faceCount": null,
      "vertexCount": null
    }
  },
  "license": "by"
}