{
  "uri": "https://api.sketchfab.com/v3/models/6e8a7b1643834b6bb2883067b3b61acc",
  "uid": "6e8a7b1643834b6bb2883067b3b61acc",
  "name": "Ana's Bedroom with your cabide for Banca",
  "staffpickedAt": null,
  "viewCount": 3227,
  "likeCount": 58,
  "animationCount": 0,
  "viewerUrl": "https://sketchfab.com/3d-models/6e8a7b1643834b6bb2883067b3b61acc",
  "embedUrl": "https://sketchfab.com/models/6e8a7b1643834b6bb2883067b3b61acc/embed",
  "commentCount": 0,
  "isDownloadable": true,
  "publishedAt": "2017-07-28T18:49:06.031543",
  "tags": [
    {
      "name": "hat",
      "slug": "hat",
      "uri": "https://api.sketchfab.com/v3/tags/hat"
    },
    {
      "name": "bedroom",
      "slug": "bedroom",
      "uri": "https://api.sketchfab.com/v3/tags/bedroom"
    },
    {
      "name": "tie",
      "slug": "tie",
      "uri": "https://api.sketchfab.com/v3/tags/tie"
    },
    {
      "name": "interiores",
      "slug": "interiores",
      "uri": "https://api.sketchfab.com/v3/tags/interiores"
    },
    {
      "name": "cabide",
      "slug": "cabide",
      "uri": "https://api.sketchfab.com/v3/tags/cabide"
    },
    {
      "name": "ifal",
      "slug": "ifal",
      "uri": "https://api.sketchfab.com/v3/tags/ifal"
    },
    {
      "name": "irving",
      "slug": "irving",
      "uri": "https://api.sketchfab.com/v3/tags/irving"
    },
    {
      "name": "pinture",
      "slug": "pinture",
      "uri": "https://api.sketchfab.com/v3/tags/pinture"
    },
    {
      "name": "design",
      "slug": "design",
      "uri": "https://api.sketchfab.com/v3/tags/design"
    },
    {
      "name": "home",
      "slug": "home",
      "uri": "https://api.sketchfab.com/v3/tags/home"
    }
  ],
  "categories": [
    {
      "name": "furniture-home"
    },
    {
      "name": "places-travel"
    }
  ],
  "thumbnails": {
    "images": [
      {
        "uid": "de5207bbd95d49c58ee14bd88fb2eb32",
        "size": 88349,
        "width": 1024,
        "url": "https://media.sketchfab.com/models/6e8a7b1643834b6bb2883067b3b61acc/thumbnails/4d00764a2170436686e0fc36279d6600/1024x576.jpeg",
        "height": 576
      },
      {
        "uid": "af5320ae7b544a60aafafbf0c3ae3263",
        "size": 49907,
        "width": 720,
        "url": "https://media.sketchfab.com/models/6e8a7b1643834b6bb2883067b3b61acc/thumbnails/4d00764a2170436686e0fc36279d6600/720x405.jpeg",
        "height": 405
      },
      {
        "uid": "17f596769cff4216a9281e7d49fdc9cd",
        "size": 8936,
        "width": 256,
        "url": "https://media.sketchfab.com/models/6e8a7b1643834b6bb2883067b3b61acc/thumbnails/4d00764a2170436686e0fc36279d6600/256x144.jpeg",
        "height": 144
      },
      {
        "uid": "cd7b1fb00dbe4cafa775ebd01ef25864",
        "size": 1567,
        "width": 64,
        "url": "https://media.sketchfab.com/models/6e8a7b1643834b6bb2883067b3b61acc/thumbnails/4d00764a2170436686e0fc36279d6600/64x36.jpeg",
        "height": 36
      }
    ]
  },
  "user": {
    "uid": "6ae25cb95d80434db82bb43f95ed8434",
    "username": "xlochex",
    "displayName": "Irving Samuel",
    "profileUrl": "https://sketchfab.com/xlochex",
    "account": "basic",
    "avatar": {
      "uri": "https://api.sketchfab.com/v3/avatars/24248e89f2914e1faef3596bc2f91601",
      "images": [
        {
          "size": 1054,
          "width": 32,
          "url": "https://media.sketchfab.com/avatars/24248e89f2914e1faef3596bc2f91601/73ccc959f3b541bebcb57e74d01f58f5.jpeg",
          "height": 32
        },
        {
          "size": 1545,
          "width": 48,
          "url": "https://media.sketchfab.com/avatars/24248e89f2914e1faef3596bc2f91601/63c5cf379884413f9a4891a39ffac94e.jpeg",
          "height": 48
        },
        {
          "size": 3627,
          "width": 90,
          "url": "https://media.sketchfab.com/avatars/24248e89f2914e1faef3596bc2f91601/d85f3c02bdf34814be6a5aaedd89349c.jpeg",
          "height": 90
        },
        {
          "size": 4212,
          "width": 100,
          "url": "https://media.sketchfab.com/avatars/24248e89f2914e1faef3596bc2f91601/5808e0aab9d94d6cbec06adbc2adc6e8.jpeg",
          "height": 100
        }
      ]
    },
    "uri": "https://api.sketchfab.com/v3/users/6ae25cb95d80434db82bb43f95ed8434"
  },
  "description": "Bedroom and others objects, with details and perfects visions for rendering",
  "faceCount": 8039761,
  "createdAt": "2017-07-28T17:40:47.871007",
  "vertexCount": 4027544,
  "isAgeRestricted": false,
  "archives": {
    "glb": {
      "textureCount": 13,
      "size": 241680224,
      "type": "glb",
      "textureMaxResolution": 2048,
      "faceCount": 8039761,
      "vertexCount": 4218042
    },
    "gltf": {
      "textureCount": 13,
      "size": 90319909,
      "type": "gltf",
      "textureMaxResolution": 2048,
      "faceCount": 8039761,
      "vertexCount": 4218042
    },
    "source": {
      "textureCount": null,
      "size": 56246919,
      "type": "source",
      "textureMaxResolution": null,
      "faceCount": null,
      "vertexCount": null
    },
    "usdz": {
      "textureCount": null,
      "size": 94925307,
      "type": "usdz",
      "textureMaxResolution": null,
      "faceCount": null,
      "vertexCount": null
    }
  },
  "license": "by"
}