{
  "uri": "https://api.sketchfab.com/v3/models/6e8b60dbcd8b433fbc2a197f625c1613",
  "uid": "6e8b60dbcd8b433fbc2a197f625c1613",
  "name": "parcelle de terrain auvergne",
  "staffpickedAt": null,
  "viewCount": 54,
  "likeCount": 2,
  "animationCount": 0,
  "viewerUrl": "https://sketchfab.com/3d-models/6e8b60dbcd8b433fbc2a197f625c1613",
  "embedUrl": "https://sketchfab.com/models/6e8b60dbcd8b433fbc2a197f625c1613/embed",
  "commentCount": 0,
  "isDownloadable": true,
  "publishedAt": "2021-03-29T05:26:08.011708",
  "tags": [],
  "categories": [
    {
      "name": "architecture"
    }
  ],
  "thumbnails": {
    "images": [
      {
        "uid": "9a378ad39e144ed8b84877048efe68cb",
        "size": 668479,
        "width": 1920,
        "url": "https://media.sketchfab.com/models/6e8b60dbcd8b433fbc2a197f625c1613/thumbnails/ed28eb1b46114b4aafefd1613efbe772/ee6ce046b38f41c49c8bd262a390d9f1.jpeg",
        "height": 1080
      },
      {
        "uid": "a5292b09e5f946ac8491b2c230195b67",
        "size": 119600,
        "width": 1024,
        "url": "https://media.sketchfab.com/models/6e8b60dbcd8b433fbc2a197f625c1613/thumbnails/ed28eb1b46114b4aafefd1613efbe772/1b09aba6e7844e48ad77e94272cd0613.jpeg",
        "height": 576
      },
      {
        "uid": "26a48945d06f4fb29351f4ea381e36fb",
        "size": 58803,
        "width": 720,
        "url": "https://media.sketchfab.com/models/6e8b60dbcd8b433fbc2a197f625c1613/thumbnails/ed28eb1b46114b4aafefd1613efbe772/85979cc23eb24585b69acec60afeb157.jpeg",
        "height": 405
      },
      {
        "uid": "52f282f88c67494eb34cc6d7be5bbb92",
        "size": 8772,
        "width": 256,
        "url": "https://media.sketchfab.com/models/6e8b60dbcd8b433fbc2a197f625c1613/thumbnails/ed28eb1b46114b4aafefd1613efbe772/d7be7bd600494294878f0fbdd9c0a9d9.jpeg",
        "height": 144
      },
      {
        "uid": "d2079ab7305f47f1a3a37928368be0d9",
        "size": 1208,
        "width": 64,
        "url": "https://media.sketchfab.com/models/6e8b60dbcd8b433fbc2a197f625c1613/thumbnails/ed28eb1b46114b4aafefd1613efbe772/44e232b1005c49c8a2b7e211874695fe.jpeg",
        "height": 36
      }
    ]
  },
  "user": {
    "uid": "318d929156374f758bebfd4fbeb1ec0b",
    "username": "lgreg4343",
    "displayName": "lgreg4343",
    "profileUrl": "https://sketchfab.com/lgreg4343",
    "account": "basic",
    "avatar": {
      "uri": "https://api.sketchfab.com/v3/avatars/bc83deb535104217a38717256a1ae8de",
      "images": [
        {
          "size": 756,
          "width": 32,
          "url": "https://media.sketchfab.com/avatars/bc83deb535104217a38717256a1ae8de/d2bfc70a70ba439bbe44860c456a893e.jpeg",
          "height": 32
        },
        {
          "size": 1180,
          "width": 48,
          "url": "https://media.sketchfab.com/avatars/bc83deb535104217a38717256a1ae8de/776eb354f2cc48798f8e0e87f4eae8de.jpeg",
          "height": 48
        },
        {
          "size": 2869,
          "width": 90,
          "url": "https://media.sketchfab.com/avatars/bc83deb535104217a38717256a1ae8de/ee7e87179eac49bea2d2aca5948af23d.jpeg",
          "height": 90
        },
        {
          "size": 3364,
          "width": 100,
          "url": "https://media.sketchfab.com/avatars/bc83deb535104217a38717256a1ae8de/c2f87f9df99045be81e16bf4018a7179.jpeg",
          "height": 100
        }
      ]
    },
    "uri": "https://api.sketchfab.com/v3/users/318d929156374f758bebfd4fbeb1ec0b"
  },
  "description": "présentattion des différentes possibilités de prestations de mon future cabinet conseilqui sera crée en mai 2021[](http://)https://www.facebook.com/laurent.gregoire.7106/videos/278447117035563",
  "faceCount": 161767,
  "createdAt": "2021-03-29T05:11:01.474970",
  "vertexCount": 81857,
  "isAgeRestricted": false,
  "archives": {
    "glb": {
      "textureCount": 0,
      "size": 7141384,
      "type": "glb",
      "textureMaxResolution": 0,
      "faceCount": 161767,
      "vertexCount": 108264
    },
    "gltf": {
      "textureCount": 0,
      "size": 3740289,
      "type": "gltf",
      "textureMaxResolution": 0,
      "faceCount": 161767,
      "vertexCount": 108264
    },
    "source": {
      "textureCount": null,
      "size": 23974384,
      "type": "source",
      "textureMaxResolution": null,
      "faceCount": null,
      "vertexCount": null
    },
    "usdz": {
      "textureCount": null,
      "size": 3103009,
      "type": "usdz",
      "textureMaxResolution": null,
      "faceCount": null,
      "vertexCount": null
    }
  },
  "license": "by"
}