{
  "uri": "https://api.sketchfab.com/v3/models/6e8bef81e4b24ac69951756835ba0fe7",
  "uid": "6e8bef81e4b24ac69951756835ba0fe7",
  "name": "Bear",
  "staffpickedAt": null,
  "viewCount": 490,
  "likeCount": 29,
  "animationCount": 0,
  "viewerUrl": "https://sketchfab.com/3d-models/6e8bef81e4b24ac69951756835ba0fe7",
  "embedUrl": "https://sketchfab.com/models/6e8bef81e4b24ac69951756835ba0fe7/embed",
  "commentCount": 0,
  "isDownloadable": true,
  "publishedAt": "2021-11-13T05:28:33.604829",
  "tags": [
    {
      "name": "bear",
      "slug": "bear",
      "uri": "https://api.sketchfab.com/v3/tags/bear"
    },
    {
      "name": "germany",
      "slug": "germany",
      "uri": "https://api.sketchfab.com/v3/tags/germany"
    },
    {
      "name": "berlin",
      "slug": "berlin",
      "uri": "https://api.sketchfab.com/v3/tags/berlin"
    },
    {
      "name": "history-of-art",
      "slug": "history-of-art",
      "uri": "https://api.sketchfab.com/v3/tags/history-of-art"
    },
    {
      "name": "photoscan",
      "slug": "photoscan",
      "uri": "https://api.sketchfab.com/v3/tags/photoscan"
    },
    {
      "name": "photogrammetry",
      "slug": "photogrammetry",
      "uri": "https://api.sketchfab.com/v3/tags/photogrammetry"
    },
    {
      "name": "animal",
      "slug": "animal",
      "uri": "https://api.sketchfab.com/v3/tags/animal"
    }
  ],
  "categories": [],
  "thumbnails": {
    "images": [
      {
        "uid": "05b083897e12469694246d88121b650e",
        "size": 224813,
        "width": 1920,
        "url": "https://media.sketchfab.com/models/6e8bef81e4b24ac69951756835ba0fe7/thumbnails/fc76e58f23614897af7078edcb249546/8db62e0252434923bd4d382d9ed584e1.jpeg",
        "height": 1080
      },
      {
        "uid": "6509a7e3c2ef42b78611992c9e85603b",
        "size": 65679,
        "width": 1024,
        "url": "https://media.sketchfab.com/models/6e8bef81e4b24ac69951756835ba0fe7/thumbnails/fc76e58f23614897af7078edcb249546/77f6179e33824ce98aadc2e30d86b2ca.jpeg",
        "height": 576
      },
      {
        "uid": "4626d6cc99884f7a9b6b0039a05c7999",
        "size": 35109,
        "width": 720,
        "url": "https://media.sketchfab.com/models/6e8bef81e4b24ac69951756835ba0fe7/thumbnails/fc76e58f23614897af7078edcb249546/d9862461090e47a9ba3bfa5c8a6a1375.jpeg",
        "height": 405
      },
      {
        "uid": "b5fa2d27295f40a0b9488b58b10e6815",
        "size": 5451,
        "width": 256,
        "url": "https://media.sketchfab.com/models/6e8bef81e4b24ac69951756835ba0fe7/thumbnails/fc76e58f23614897af7078edcb249546/39875163b4b544639b5474046746fffe.jpeg",
        "height": 144
      },
      {
        "uid": "a55861e37c3a4955ade0dadec655c998",
        "size": 1115,
        "width": 64,
        "url": "https://media.sketchfab.com/models/6e8bef81e4b24ac69951756835ba0fe7/thumbnails/fc76e58f23614897af7078edcb249546/6c9aa62a91c841cdb949f7692a9b303f.jpeg",
        "height": 36
      }
    ]
  },
  "user": {
    "uid": "1bfaae317dae4204b8f758f6b76c7998",
    "username": "vimune",
    "displayName": "VIMUNE",
    "profileUrl": "https://sketchfab.com/vimune",
    "account": "pro",
    "avatar": {
      "uri": "https://api.sketchfab.com/v3/avatars/306ef33108f54bd4847a2f490e62a1ab",
      "images": [
        {
          "size": 1613,
          "width": 32,
          "url": "https://media.sketchfab.com/avatars/306ef33108f54bd4847a2f490e62a1ab/b744c7fee9714afe94d22d202f3d7233.png",
          "height": 32
        },
        {
          "size": 2379,
          "width": 48,
          "url": "https://media.sketchfab.com/avatars/306ef33108f54bd4847a2f490e62a1ab/4b159f68afa14a1880e6f347a3f6caea.png",
          "height": 48
        },
        {
          "size": 4339,
          "width": 90,
          "url": "https://media.sketchfab.com/avatars/306ef33108f54bd4847a2f490e62a1ab/5bbae8cceb8144bf91ccc6448ec3b450.png",
          "height": 90
        },
        {
          "size": 4643,
          "width": 100,
          "url": "https://media.sketchfab.com/avatars/306ef33108f54bd4847a2f490e62a1ab/0f5be2d96b1e4cf39fccc882335f0345.png",
          "height": 100
        }
      ]
    },
    "uri": "https://api.sketchfab.com/v3/users/1bfaae317dae4204b8f758f6b76c7998"
  },
  "description": "-- coming soon --",
  "faceCount": 2000174,
  "createdAt": "2021-11-13T05:24:58.174441",
  "vertexCount": 1000089,
  "isAgeRestricted": false,
  "archives": {
    "glb": {
      "textureCount": 1,
      "size": 78132272,
      "type": "glb",
      "textureMaxResolution": 4096,
      "faceCount": 2000174,
      "vertexCount": 1503817
    },
    "gltf": {
      "textureCount": 1,
      "size": 51136696,
      "type": "gltf",
      "textureMaxResolution": 4096,
      "faceCount": 2000174,
      "vertexCount": 1503817
    },
    "source": {
      "textureCount": null,
      "size": 63168016,
      "type": "source",
      "textureMaxResolution": null,
      "faceCount": null,
      "vertexCount": null
    },
    "usdz": {
      "textureCount": null,
      "size": 60226624,
      "type": "usdz",
      "textureMaxResolution": null,
      "faceCount": null,
      "vertexCount": null
    }
  },
  "license": "by"
}