{
  "uri": "https://api.sketchfab.com/v3/models/6e8d260bdeb64291a9274d11b9f3271e",
  "uid": "6e8d260bdeb64291a9274d11b9f3271e",
  "name": "Tanum 262 1 Fig 7 Hfg SHFA",
  "staffpickedAt": null,
  "viewCount": 31,
  "likeCount": 1,
  "animationCount": 0,
  "viewerUrl": "https://sketchfab.com/3d-models/6e8d260bdeb64291a9274d11b9f3271e",
  "embedUrl": "https://sketchfab.com/models/6e8d260bdeb64291a9274d11b9f3271e/embed",
  "commentCount": 0,
  "isDownloadable": true,
  "publishedAt": "2019-03-22T09:56:24.103124",
  "tags": [
    {
      "name": "laserscanning",
      "slug": "laserscanning",
      "uri": "https://api.sketchfab.com/v3/tags/laserscanning"
    },
    {
      "name": "rockart",
      "slug": "rockart",
      "uri": "https://api.sketchfab.com/v3/tags/rockart"
    },
    {
      "name": "shfa",
      "slug": "shfa",
      "uri": "https://api.sketchfab.com/v3/tags/shfa"
    },
    {
      "name": "tanum",
      "slug": "tanum",
      "uri": "https://api.sketchfab.com/v3/tags/tanum"
    },
    {
      "name": "balken",
      "slug": "balken",
      "uri": "https://api.sketchfab.com/v3/tags/balken"
    }
  ],
  "categories": [
    {
      "name": "cultural-heritage-history"
    }
  ],
  "thumbnails": {
    "images": [
      {
        "uid": "2771c5b7bc6e42cc9882efc566349043",
        "size": 149431,
        "width": 1920,
        "url": "https://media.sketchfab.com/models/6e8d260bdeb64291a9274d11b9f3271e/thumbnails/f6bfd9163b914668924aee14d0ae60b9/cc55ecc3b25d495da10fb7e68e5dc3c7.jpeg",
        "height": 1080
      },
      {
        "uid": "07dc355cb5264a8992b94eee80b94df4",
        "size": 46892,
        "width": 1024,
        "url": "https://media.sketchfab.com/models/6e8d260bdeb64291a9274d11b9f3271e/thumbnails/f6bfd9163b914668924aee14d0ae60b9/72cf6d082e6349fda8978f6fa3f64834.jpeg",
        "height": 576
      },
      {
        "uid": "05d6cf5e0ee8471d9056af21857bbbec",
        "size": 24725,
        "width": 720,
        "url": "https://media.sketchfab.com/models/6e8d260bdeb64291a9274d11b9f3271e/thumbnails/f6bfd9163b914668924aee14d0ae60b9/bc35cc8bce794e829af00630a648695c.jpeg",
        "height": 405
      },
      {
        "uid": "ed3db9bb15a8413096e17d1afecb264c",
        "size": 3824,
        "width": 256,
        "url": "https://media.sketchfab.com/models/6e8d260bdeb64291a9274d11b9f3271e/thumbnails/f6bfd9163b914668924aee14d0ae60b9/3a00c080db2a4100a521716b6ec1d87c.jpeg",
        "height": 144
      },
      {
        "uid": "bcdbde065aa0406a8d72a0812ad9d9c7",
        "size": 715,
        "width": 64,
        "url": "https://media.sketchfab.com/models/6e8d260bdeb64291a9274d11b9f3271e/thumbnails/f6bfd9163b914668924aee14d0ae60b9/30fe60eed14d49048d197eff663ff87f.jpeg",
        "height": 36
      }
    ]
  },
  "user": {
    "uid": "36daefdf4dc94818ae9315ab3f77d734",
    "username": "SHFA-3D",
    "displayName": "SHFA",
    "profileUrl": "https://sketchfab.com/SHFA-3D",
    "account": "basic",
    "avatar": {
      "uri": "https://api.sketchfab.com/v3/avatars/d71bf5aa66d946f884c6f3b0de1b527d",
      "images": [
        {
          "size": 3922,
          "width": 100,
          "url": "https://media.sketchfab.com/avatars/d71bf5aa66d946f884c6f3b0de1b527d/9ff3f6ab16044ad893192be079917e9c.jpeg",
          "height": 100
        },
        {
          "size": 3440,
          "width": 90,
          "url": "https://media.sketchfab.com/avatars/d71bf5aa66d946f884c6f3b0de1b527d/54b46a4b14f14a71977618264c429888.jpeg",
          "height": 90
        },
        {
          "size": 1565,
          "width": 48,
          "url": "https://media.sketchfab.com/avatars/d71bf5aa66d946f884c6f3b0de1b527d/1bbd843c77d840aebbe11035632f2f2c.jpeg",
          "height": 48
        },
        {
          "size": 901,
          "width": 32,
          "url": "https://media.sketchfab.com/avatars/d71bf5aa66d946f884c6f3b0de1b527d/a92dd1d6bb9f4f7a8eeff6c266da2ffb.jpeg",
          "height": 32
        }
      ]
    },
    "uri": "https://api.sketchfab.com/v3/users/36daefdf4dc94818ae9315ab3f77d734"
  },
  "description": "Laserscan of one of the human figures on this panel",
  "faceCount": 1227987,
  "createdAt": "2019-03-22T09:52:41.583418",
  "vertexCount": 617871,
  "isAgeRestricted": false,
  "archives": {
    "glb": {
      "textureCount": 0,
      "size": 34971764,
      "type": "glb",
      "textureMaxResolution": 0,
      "faceCount": 1227987,
      "vertexCount": 842763
    },
    "gltf": {
      "textureCount": 0,
      "size": 16989634,
      "type": "gltf",
      "textureMaxResolution": 0,
      "faceCount": 1227987,
      "vertexCount": 842763
    },
    "source": {
      "textureCount": null,
      "size": 61399780,
      "type": "source",
      "textureMaxResolution": null,
      "faceCount": null,
      "vertexCount": null
    },
    "usdz": {
      "textureCount": null,
      "size": 23534064,
      "type": "usdz",
      "textureMaxResolution": null,
      "faceCount": null,
      "vertexCount": null
    }
  },
  "license": "by"
}