{
  "uri": "https://api.sketchfab.com/v3/models/6e9108e9746e4ad2b653ab5cf8c2276f",
  "uid": "6e9108e9746e4ad2b653ab5cf8c2276f",
  "name": "Material test with separate textures",
  "staffpickedAt": null,
  "viewCount": 5,
  "likeCount": 0,
  "animationCount": 0,
  "viewerUrl": "https://sketchfab.com/3d-models/6e9108e9746e4ad2b653ab5cf8c2276f",
  "embedUrl": "https://sketchfab.com/models/6e9108e9746e4ad2b653ab5cf8c2276f/embed",
  "commentCount": 0,
  "isDownloadable": true,
  "publishedAt": "2021-09-30T15:20:31.724017",
  "tags": [],
  "categories": [],
  "thumbnails": {
    "images": [
      {
        "uid": "884d21fd3b06425f8d4ace80283aed0e",
        "size": 83578,
        "width": 1920,
        "url": "https://media.sketchfab.com/models/6e9108e9746e4ad2b653ab5cf8c2276f/thumbnails/a3a9be97f4e948c08b9dcf9f3d96ec44/99f31221c13a4d2b9c0d48c0571d2c3e.jpeg",
        "height": 1080
      },
      {
        "uid": "c92a386a3b28497095acc1f65295a1b7",
        "size": 24439,
        "width": 1024,
        "url": "https://media.sketchfab.com/models/6e9108e9746e4ad2b653ab5cf8c2276f/thumbnails/a3a9be97f4e948c08b9dcf9f3d96ec44/61e6e1da67924c71a3c57cd12758a3c1.jpeg",
        "height": 576
      },
      {
        "uid": "9ce43260981f474f9c84410989790d37",
        "size": 13452,
        "width": 720,
        "url": "https://media.sketchfab.com/models/6e9108e9746e4ad2b653ab5cf8c2276f/thumbnails/a3a9be97f4e948c08b9dcf9f3d96ec44/3f64939e0ef94fe2b00dd0efca4b0fcc.jpeg",
        "height": 405
      },
      {
        "uid": "6b71010455a8457b98cfa532398ee08a",
        "size": 2979,
        "width": 256,
        "url": "https://media.sketchfab.com/models/6e9108e9746e4ad2b653ab5cf8c2276f/thumbnails/a3a9be97f4e948c08b9dcf9f3d96ec44/6082ccac4f794cdb963d9ae00530904a.jpeg",
        "height": 144
      },
      {
        "uid": "d16bf5bab28543dcaf9d73f37797ab3c",
        "size": 948,
        "width": 64,
        "url": "https://media.sketchfab.com/models/6e9108e9746e4ad2b653ab5cf8c2276f/thumbnails/a3a9be97f4e948c08b9dcf9f3d96ec44/c8b96a3b701d4950b3482be87f824a01.jpeg",
        "height": 36
      }
    ]
  },
  "user": {
    "uid": "1192f0f87c324ca69489010aaa6c5e05",
    "username": "erich",
    "displayName": "Eric Haines",
    "profileUrl": "https://sketchfab.com/erich",
    "account": "pro",
    "avatar": {
      "uri": "https://api.sketchfab.com/v3/avatars/1de043de8ac84b02a1fc2cad4c20236a",
      "images": [
        {
          "size": 4030,
          "width": 100,
          "url": "https://media.sketchfab.com/avatars/1de043de8ac84b02a1fc2cad4c20236a/87ad8aaeda044e83bc61717a4fde6299.jpeg",
          "height": 100
        },
        {
          "size": 3444,
          "width": 90,
          "url": "https://media.sketchfab.com/avatars/1de043de8ac84b02a1fc2cad4c20236a/72fe3c0dcab644f0b79f0ed9f02b4381.jpeg",
          "height": 90
        },
        {
          "size": 1300,
          "width": 48,
          "url": "https://media.sketchfab.com/avatars/1de043de8ac84b02a1fc2cad4c20236a/013a8a4f52734a3791cb7c0378c054c1.jpeg",
          "height": 48
        },
        {
          "size": 793,
          "width": 32,
          "url": "https://media.sketchfab.com/avatars/1de043de8ac84b02a1fc2cad4c20236a/c386566c15e14995926e9bab5356cb0e.jpeg",
          "height": 32
        }
      ]
    },
    "uri": "https://api.sketchfab.com/v3/users/1192f0f87c324ca69489010aaa6c5e05"
  },
  "description": "Experiment, uploading separate textures, one per unique face texture. Sketchfab does not handle transparency and cutouts properly for this model. The alpha channel in some textures uploaded is evidently ignored at this point.",
  "faceCount": 838,
  "createdAt": "2021-09-30T15:10:56.695540",
  "vertexCount": 613,
  "isAgeRestricted": false,
  "archives": {
    "glb": {
      "textureCount": 28,
      "size": 179000,
      "type": "glb",
      "textureMaxResolution": 64,
      "faceCount": 838,
      "vertexCount": 1412
    },
    "gltf": {
      "textureCount": 28,
      "size": 115159,
      "type": "gltf",
      "textureMaxResolution": 64,
      "faceCount": 838,
      "vertexCount": 1412
    },
    "source": {
      "textureCount": null,
      "size": 348060,
      "type": "source",
      "textureMaxResolution": null,
      "faceCount": null,
      "vertexCount": null
    },
    "usdz": {
      "textureCount": null,
      "size": 142617,
      "type": "usdz",
      "textureMaxResolution": null,
      "faceCount": null,
      "vertexCount": null
    }
  },
  "license": "by"
}