{
  "uri": "https://api.sketchfab.com/v3/models/6e95e3f69bef41f5ba8034f38a79e55d",
  "uid": "6e95e3f69bef41f5ba8034f38a79e55d",
  "name": "Modelo: Lote 719",
  "staffpickedAt": null,
  "viewCount": 13,
  "likeCount": 0,
  "animationCount": 0,
  "viewerUrl": "https://sketchfab.com/3d-models/6e95e3f69bef41f5ba8034f38a79e55d",
  "embedUrl": "https://sketchfab.com/models/6e95e3f69bef41f5ba8034f38a79e55d/embed",
  "commentCount": 0,
  "isDownloadable": true,
  "publishedAt": "2020-10-21T07:06:17.773353",
  "tags": [],
  "categories": [],
  "thumbnails": {
    "images": [
      {
        "uid": "0273b4bfef3647a795bc4c035cdeee94",
        "size": 150604,
        "width": 1920,
        "url": "https://media.sketchfab.com/models/6e95e3f69bef41f5ba8034f38a79e55d/thumbnails/2a69db01e3b045ac929ff246d70d57a4/963d018d24ef426fb406a83066fa022d.jpeg",
        "height": 1080
      },
      {
        "uid": "1e844a43e09c436b9b7931d05e4c8ac9",
        "size": 48379,
        "width": 1024,
        "url": "https://media.sketchfab.com/models/6e95e3f69bef41f5ba8034f38a79e55d/thumbnails/2a69db01e3b045ac929ff246d70d57a4/3db9a6f1ade4446ab51a83ab82a2362d.jpeg",
        "height": 576
      },
      {
        "uid": "aca72b8c414c42aaae3d22987b2ed923",
        "size": 26958,
        "width": 720,
        "url": "https://media.sketchfab.com/models/6e95e3f69bef41f5ba8034f38a79e55d/thumbnails/2a69db01e3b045ac929ff246d70d57a4/b5004d5f5466482db89ae67970091910.jpeg",
        "height": 405
      },
      {
        "uid": "0dc6e750643d446a8d459e6fa12dde68",
        "size": 4396,
        "width": 256,
        "url": "https://media.sketchfab.com/models/6e95e3f69bef41f5ba8034f38a79e55d/thumbnails/2a69db01e3b045ac929ff246d70d57a4/054780bd016347df83c5f9a8a27aa886.jpeg",
        "height": 144
      },
      {
        "uid": "5b470f1292984ea8bdfa1019a6a596e5",
        "size": 751,
        "width": 64,
        "url": "https://media.sketchfab.com/models/6e95e3f69bef41f5ba8034f38a79e55d/thumbnails/2a69db01e3b045ac929ff246d70d57a4/8afca4ad4cdf4afc9124386c144f5978.jpeg",
        "height": 36
      }
    ]
  },
  "user": {
    "uid": "738d71b887504e518779be420d75e69e",
    "username": "spectralgeo",
    "displayName": "spectralgeo",
    "profileUrl": "https://sketchfab.com/spectralgeo",
    "account": "basic",
    "avatar": {
      "uri": "https://api.sketchfab.com/v3/avatars/3ef1bd11d3eb4b57a0b353e8f2e5fc3e",
      "images": [
        {
          "size": 680,
          "width": 32,
          "url": "https://media.sketchfab.com/avatars/3ef1bd11d3eb4b57a0b353e8f2e5fc3e/116042a0854e40538adab302b593683d.jpeg",
          "height": 32
        },
        {
          "size": 1253,
          "width": 48,
          "url": "https://media.sketchfab.com/avatars/3ef1bd11d3eb4b57a0b353e8f2e5fc3e/efea16be51d04eb7a00cb9ea0b43b87f.jpeg",
          "height": 48
        },
        {
          "size": 2797,
          "width": 90,
          "url": "https://media.sketchfab.com/avatars/3ef1bd11d3eb4b57a0b353e8f2e5fc3e/ac9b469ccec74caf923a81fb2f0be3ed.jpeg",
          "height": 90
        },
        {
          "size": 3215,
          "width": 100,
          "url": "https://media.sketchfab.com/avatars/3ef1bd11d3eb4b57a0b353e8f2e5fc3e/a075e1d43d2f446c949b5967b470c757.jpeg",
          "height": 100
        }
      ]
    },
    "uri": "https://api.sketchfab.com/v3/users/738d71b887504e518779be420d75e69e"
  },
  "description": "SpectralGeo Modelo3D",
  "faceCount": 390891,
  "createdAt": "2020-10-21T07:03:01.723152",
  "vertexCount": 210738,
  "isAgeRestricted": false,
  "archives": {
    "glb": {
      "textureCount": 9,
      "size": 27097656,
      "type": "glb",
      "textureMaxResolution": 4096,
      "faceCount": 390859,
      "vertexCount": 255133
    },
    "gltf": {
      "textureCount": 9,
      "size": 22115198,
      "type": "gltf",
      "textureMaxResolution": 4096,
      "faceCount": 390859,
      "vertexCount": 255133
    },
    "source": {
      "textureCount": null,
      "size": 41454322,
      "type": "source",
      "textureMaxResolution": null,
      "faceCount": null,
      "vertexCount": null
    },
    "usdz": {
      "textureCount": null,
      "size": 13498484,
      "type": "usdz",
      "textureMaxResolution": null,
      "faceCount": null,
      "vertexCount": null
    }
  },
  "license": "by"
}