{
  "uri": "https://api.sketchfab.com/v3/models/6e986e2ee5a4439d9cf28aeee683b8aa",
  "uid": "6e986e2ee5a4439d9cf28aeee683b8aa",
  "name": "lime stone, Hanti Cave, Okinawa, Japan",
  "staffpickedAt": null,
  "viewCount": 4,
  "likeCount": 0,
  "animationCount": 0,
  "viewerUrl": "https://sketchfab.com/3d-models/6e986e2ee5a4439d9cf28aeee683b8aa",
  "embedUrl": "https://sketchfab.com/models/6e986e2ee5a4439d9cf28aeee683b8aa/embed",
  "commentCount": 0,
  "isDownloadable": true,
  "publishedAt": "2022-05-18T15:30:51.942482",
  "tags": [
    {
      "name": "scaniverse",
      "slug": "scaniverse",
      "uri": "https://api.sketchfab.com/v3/tags/scaniverse"
    }
  ],
  "categories": [],
  "thumbnails": {
    "images": [
      {
        "uid": "bf303813a88847c48ddf5474e8da78bd",
        "size": 141492,
        "width": 1920,
        "url": "https://media.sketchfab.com/models/6e986e2ee5a4439d9cf28aeee683b8aa/thumbnails/b70c67fa3d1a464f95183fffde1a218a/de18cfb3d98f404280d3709673b8b696.jpeg",
        "height": 1080
      },
      {
        "uid": "bdd05d4b01534c76bd24daa78cbb1f28",
        "size": 45325,
        "width": 1024,
        "url": "https://media.sketchfab.com/models/6e986e2ee5a4439d9cf28aeee683b8aa/thumbnails/b70c67fa3d1a464f95183fffde1a218a/e15a20bc280f409ab06a4d4d3928c221.jpeg",
        "height": 576
      },
      {
        "uid": "84f17ffd16e44f678cc3f3d073bca789",
        "size": 25431,
        "width": 720,
        "url": "https://media.sketchfab.com/models/6e986e2ee5a4439d9cf28aeee683b8aa/thumbnails/b70c67fa3d1a464f95183fffde1a218a/9ec896e0097a4c3582df39be4b013f22.jpeg",
        "height": 405
      },
      {
        "uid": "49d29a6a8bda4739b5da37b3144ada83",
        "size": 4746,
        "width": 256,
        "url": "https://media.sketchfab.com/models/6e986e2ee5a4439d9cf28aeee683b8aa/thumbnails/b70c67fa3d1a464f95183fffde1a218a/376c9b94d2af42088581e44f919bf64f.jpeg",
        "height": 144
      },
      {
        "uid": "9c32c1983b154c399f003cc8a3efbde2",
        "size": 1065,
        "width": 64,
        "url": "https://media.sketchfab.com/models/6e986e2ee5a4439d9cf28aeee683b8aa/thumbnails/b70c67fa3d1a464f95183fffde1a218a/914ccbdc47584aef9bda60633ef4ef3d.jpeg",
        "height": 36
      }
    ]
  },
  "user": {
    "uid": "a7adfa3613994e1c92122130c7b0bd02",
    "username": "Keiichi_Nishiyama",
    "displayName": "Keiichi_Nishiyama",
    "profileUrl": "https://sketchfab.com/Keiichi_Nishiyama",
    "account": "basic",
    "avatar": {
      "uri": "https://api.sketchfab.com/v3/avatars/78fa317e46024a5283765aa34df5e508",
      "images": [
        {
          "size": 6421,
          "width": 100,
          "url": "https://media.sketchfab.com/avatars/78fa317e46024a5283765aa34df5e508/aec92fe9a74e499c98d759362cd7f02f.jpeg",
          "height": 100
        },
        {
          "size": 2518,
          "width": 48,
          "url": "https://media.sketchfab.com/avatars/78fa317e46024a5283765aa34df5e508/17fa177ffaa344a2b2fc8e78efd40fbb.jpeg",
          "height": 48
        },
        {
          "size": 5653,
          "width": 90,
          "url": "https://media.sketchfab.com/avatars/78fa317e46024a5283765aa34df5e508/02162695bdc840faa3bcb2d418309c5e.jpeg",
          "height": 90
        },
        {
          "size": 1350,
          "width": 32,
          "url": "https://media.sketchfab.com/avatars/78fa317e46024a5283765aa34df5e508/6fde876cbded4cd48d36a76029e3aa02.jpeg",
          "height": 32
        }
      ]
    },
    "uri": "https://api.sketchfab.com/v3/users/a7adfa3613994e1c92122130c7b0bd02"
  },
  "description": "iPhone13pro Scaniverse App.",
  "faceCount": 242470,
  "createdAt": "2022-05-18T15:29:19.625641",
  "vertexCount": 121547,
  "isAgeRestricted": false,
  "archives": {
    "glb": {
      "textureCount": 1,
      "size": 13240428,
      "type": "glb",
      "textureMaxResolution": 8192,
      "faceCount": 242436,
      "vertexCount": 139856
    },
    "gltf": {
      "textureCount": 1,
      "size": 10279914,
      "type": "gltf",
      "textureMaxResolution": 8192,
      "faceCount": 242436,
      "vertexCount": 139856
    },
    "source": {
      "textureCount": null,
      "size": 12017014,
      "type": "source",
      "textureMaxResolution": null,
      "faceCount": null,
      "vertexCount": null
    },
    "usdz": {
      "textureCount": null,
      "size": 11063361,
      "type": "usdz",
      "textureMaxResolution": null,
      "faceCount": null,
      "vertexCount": null
    }
  },
  "license": "by-nc-sa"
}