{
  "uri": "https://api.sketchfab.com/v3/models/6e99157a886e418e935fede89aaa3ed3",
  "uid": "6e99157a886e418e935fede89aaa3ed3",
  "name": "福島県南相馬市旧陸軍原町飛行場雲雀が原神社の石柱",
  "staffpickedAt": null,
  "viewCount": 5,
  "likeCount": 1,
  "animationCount": 0,
  "viewerUrl": "https://sketchfab.com/3d-models/6e99157a886e418e935fede89aaa3ed3",
  "embedUrl": "https://sketchfab.com/models/6e99157a886e418e935fede89aaa3ed3/embed",
  "commentCount": 0,
  "isDownloadable": true,
  "publishedAt": "2022-08-26T10:25:32.304048",
  "tags": [],
  "categories": [
    {
      "name": "cultural-heritage-history"
    }
  ],
  "thumbnails": {
    "images": [
      {
        "uid": "23cdb2ba4ccc4eea8495abf858db6dc8",
        "size": 172635,
        "width": 1920,
        "url": "https://media.sketchfab.com/models/6e99157a886e418e935fede89aaa3ed3/thumbnails/fcf87c9a4f94408eb0c923be8d89b490/0dd86412e230435f8b6ec63ae6be4924.jpeg",
        "height": 1080
      },
      {
        "uid": "0bcc3149a664417f8b3332d577636c7e",
        "size": 51832,
        "width": 1024,
        "url": "https://media.sketchfab.com/models/6e99157a886e418e935fede89aaa3ed3/thumbnails/fcf87c9a4f94408eb0c923be8d89b490/13c9c45c1f534569b04c93f1072a03b5.jpeg",
        "height": 576
      },
      {
        "uid": "f9ff65fa04b745759d3f146eb069254d",
        "size": 27934,
        "width": 720,
        "url": "https://media.sketchfab.com/models/6e99157a886e418e935fede89aaa3ed3/thumbnails/fcf87c9a4f94408eb0c923be8d89b490/1b8ae167145c4fcd82d6fe4056dc9c4e.jpeg",
        "height": 405
      },
      {
        "uid": "2b07d7a7ec69484fae8bae4a0a5610c5",
        "size": 4335,
        "width": 256,
        "url": "https://media.sketchfab.com/models/6e99157a886e418e935fede89aaa3ed3/thumbnails/fcf87c9a4f94408eb0c923be8d89b490/eeafc8b691394ca1a929ae5af4eacd8a.jpeg",
        "height": 144
      },
      {
        "uid": "b29a260f90c24912b0c3fcac5121bb78",
        "size": 980,
        "width": 64,
        "url": "https://media.sketchfab.com/models/6e99157a886e418e935fede89aaa3ed3/thumbnails/fcf87c9a4f94408eb0c923be8d89b490/d047c73a18ea4155ad5eb348c5873c0c.jpeg",
        "height": 36
      }
    ]
  },
  "user": {
    "uid": "3378d24163b6445fa7a584a8ff0aec9e",
    "username": "tajiri",
    "displayName": "daji",
    "profileUrl": "https://sketchfab.com/tajiri",
    "account": "basic",
    "avatar": {
      "uri": "https://api.sketchfab.com/v3/avatars/2c1299133a2e4792981de3fc473f7386",
      "images": [
        {
          "size": 2518,
          "width": 32,
          "url": "https://media.sketchfab.com/avatars/2c1299133a2e4792981de3fc473f7386/56b2f34cc00f409eafe98069136a59a5.png",
          "height": 32
        },
        {
          "size": 5102,
          "width": 48,
          "url": "https://media.sketchfab.com/avatars/2c1299133a2e4792981de3fc473f7386/c7fefad36774439d8199b1f694963214.png",
          "height": 48
        },
        {
          "size": 15490,
          "width": 90,
          "url": "https://media.sketchfab.com/avatars/2c1299133a2e4792981de3fc473f7386/b4e4acc973c5451aa9c5a25224129c88.png",
          "height": 90
        },
        {
          "size": 18504,
          "width": 100,
          "url": "https://media.sketchfab.com/avatars/2c1299133a2e4792981de3fc473f7386/5a31140e8b524513b700e388d4fd9287.png",
          "height": 100
        }
      ]
    },
    "uri": "https://api.sketchfab.com/v3/users/3378d24163b6445fa7a584a8ff0aec9e"
  },
  "description": "雲雀が原神社は日本陸軍の原町飛行場建設に伴い建立された航空神社です。\n石柱に残された傷は、米軍空襲時の機銃掃射で生じた弾痕と考えられます。",
  "faceCount": 2941611,
  "createdAt": "2022-08-26T10:21:15.043062",
  "vertexCount": 1623106,
  "isAgeRestricted": false,
  "archives": {
    "glb": {
      "textureCount": 0,
      "size": 134403236,
      "type": "glb",
      "textureMaxResolution": 0,
      "faceCount": 2941611,
      "vertexCount": 2476743
    },
    "gltf": {
      "textureCount": 0,
      "size": 70154098,
      "type": "gltf",
      "textureMaxResolution": 0,
      "faceCount": 2941611,
      "vertexCount": 2476743
    },
    "source": {
      "textureCount": null,
      "size": 82250832,
      "type": "source",
      "textureMaxResolution": null,
      "faceCount": null,
      "vertexCount": null
    },
    "usdz": {
      "textureCount": null,
      "size": 66421859,
      "type": "usdz",
      "textureMaxResolution": null,
      "faceCount": null,
      "vertexCount": null
    }
  },
  "license": "by"
}