{
  "uri": "https://api.sketchfab.com/v3/models/6e99ee5ace9c48f0a8e71fa69ac6c71c",
  "uid": "6e99ee5ace9c48f0a8e71fa69ac6c71c",
  "name": "0 ET. Bremnes v.12",
  "staffpickedAt": null,
  "viewCount": 12,
  "likeCount": 0,
  "animationCount": 0,
  "viewerUrl": "https://sketchfab.com/3d-models/6e99ee5ace9c48f0a8e71fa69ac6c71c",
  "embedUrl": "https://sketchfab.com/models/6e99ee5ace9c48f0a8e71fa69ac6c71c/embed",
  "commentCount": 0,
  "isDownloadable": true,
  "publishedAt": "2022-04-07T11:03:01.696614",
  "tags": [
    {
      "name": "bremnes",
      "slug": "bremnes",
      "uri": "https://api.sketchfab.com/v3/tags/bremnes"
    }
  ],
  "categories": [
    {
      "name": "architecture"
    }
  ],
  "thumbnails": {
    "images": [
      {
        "uid": "75f8058e048b430fb88e52d15c003f41",
        "size": 113211,
        "width": 1920,
        "url": "https://media.sketchfab.com/models/6e99ee5ace9c48f0a8e71fa69ac6c71c/thumbnails/53444e412f87459897b7bfc27ee21b7d/501804eed15d4e9bac37df2d7f9f0be8.jpeg",
        "height": 1080
      },
      {
        "uid": "312fb7ba5e9846b5aac8d9275a658585",
        "size": 45061,
        "width": 1024,
        "url": "https://media.sketchfab.com/models/6e99ee5ace9c48f0a8e71fa69ac6c71c/thumbnails/53444e412f87459897b7bfc27ee21b7d/0145032a5a8d467ba46bc18627517f32.jpeg",
        "height": 576
      },
      {
        "uid": "0860ce9415eb4266b91c358f536739f0",
        "size": 28081,
        "width": 720,
        "url": "https://media.sketchfab.com/models/6e99ee5ace9c48f0a8e71fa69ac6c71c/thumbnails/53444e412f87459897b7bfc27ee21b7d/e120fb45ad5a4109817e581ead83981c.jpeg",
        "height": 405
      },
      {
        "uid": "ed2f368ed52646aaacc55eec92e099ad",
        "size": 7418,
        "width": 256,
        "url": "https://media.sketchfab.com/models/6e99ee5ace9c48f0a8e71fa69ac6c71c/thumbnails/53444e412f87459897b7bfc27ee21b7d/42bd5664653f4be1971157b93dd6d2b7.jpeg",
        "height": 144
      },
      {
        "uid": "1be8625da4394a45b2a8a716813455ac",
        "size": 1547,
        "width": 64,
        "url": "https://media.sketchfab.com/models/6e99ee5ace9c48f0a8e71fa69ac6c71c/thumbnails/53444e412f87459897b7bfc27ee21b7d/dbcf4b1c4bbe4d32846c915fe6e2554f.jpeg",
        "height": 36
      }
    ]
  },
  "user": {
    "uid": "703d08fc170b44aa82f148d41ad55d33",
    "username": "MAJO_EIENDOM",
    "displayName": "MAJO_EIENDOM",
    "profileUrl": "https://sketchfab.com/MAJO_EIENDOM",
    "account": "basic",
    "avatar": {
      "uri": "https://api.sketchfab.com/v3/avatars/89a2d49525c94cda9cf4f5ff4af5b6b7",
      "images": [
        {
          "size": 995,
          "width": 32,
          "url": "https://media.sketchfab.com/avatars/89a2d49525c94cda9cf4f5ff4af5b6b7/b9685bc5171349ad88b6ae4c1712811e.jpeg",
          "height": 32
        },
        {
          "size": 1334,
          "width": 48,
          "url": "https://media.sketchfab.com/avatars/89a2d49525c94cda9cf4f5ff4af5b6b7/cd4342aa97b44adaaed38156c289cd1e.jpeg",
          "height": 48
        },
        {
          "size": 2190,
          "width": 90,
          "url": "https://media.sketchfab.com/avatars/89a2d49525c94cda9cf4f5ff4af5b6b7/a6b3d5d7ae0f4f329a96d309f76a723c.jpeg",
          "height": 90
        },
        {
          "size": 2343,
          "width": 100,
          "url": "https://media.sketchfab.com/avatars/89a2d49525c94cda9cf4f5ff4af5b6b7/ced95d53e3624c52bdd0fbdcb772019c.jpeg",
          "height": 100
        }
      ]
    },
    "uri": "https://api.sketchfab.com/v3/users/703d08fc170b44aa82f148d41ad55d33"
  },
  "description": "0 ET. Bremnes v.12",
  "faceCount": 21810,
  "createdAt": "2022-04-07T11:01:03.534218",
  "vertexCount": 13909,
  "isAgeRestricted": false,
  "archives": {
    "glb": {
      "textureCount": 9,
      "size": 1896888,
      "type": "glb",
      "textureMaxResolution": 1024,
      "faceCount": 21810,
      "vertexCount": 46059
    },
    "gltf": {
      "textureCount": 9,
      "size": 705443,
      "type": "gltf",
      "textureMaxResolution": 1024,
      "faceCount": 21810,
      "vertexCount": 46059
    },
    "source": {
      "textureCount": null,
      "size": 900875,
      "type": "source",
      "textureMaxResolution": null,
      "faceCount": null,
      "vertexCount": null
    },
    "usdz": {
      "textureCount": null,
      "size": 1656727,
      "type": "usdz",
      "textureMaxResolution": null,
      "faceCount": null,
      "vertexCount": null
    }
  },
  "license": "by"
}