{
  "uri": "https://api.sketchfab.com/v3/models/6e9ed65dfa974429b5d9db328b8d040b",
  "uid": "6e9ed65dfa974429b5d9db328b8d040b",
  "name": "Sonic the Hedgehog (2006) Shadow's Bugggy",
  "staffpickedAt": null,
  "viewCount": 74,
  "likeCount": 0,
  "animationCount": 0,
  "viewerUrl": "https://sketchfab.com/3d-models/6e9ed65dfa974429b5d9db328b8d040b",
  "embedUrl": "https://sketchfab.com/models/6e9ed65dfa974429b5d9db328b8d040b/embed",
  "commentCount": 0,
  "isDownloadable": true,
  "publishedAt": "2021-09-29T15:22:56.003386",
  "tags": [],
  "categories": [],
  "thumbnails": {
    "images": [
      {
        "uid": "a9666a4a39a54fd585de66eacc0ea1e9",
        "size": 70344,
        "width": 1920,
        "url": "https://media.sketchfab.com/models/6e9ed65dfa974429b5d9db328b8d040b/thumbnails/1b9ce24bf4d94b3bb7fd144bb0cc6549/ea2dea01a4e04e75bfe97bffcacd00b3.jpeg",
        "height": 1080
      },
      {
        "uid": "bde438e5d7d14975812c23ed42208d5a",
        "size": 24500,
        "width": 1024,
        "url": "https://media.sketchfab.com/models/6e9ed65dfa974429b5d9db328b8d040b/thumbnails/1b9ce24bf4d94b3bb7fd144bb0cc6549/c2bd59e38bbe412c94ce766d90c2c69d.jpeg",
        "height": 576
      },
      {
        "uid": "d31a9b624ed04d549496652943155167",
        "size": 14707,
        "width": 720,
        "url": "https://media.sketchfab.com/models/6e9ed65dfa974429b5d9db328b8d040b/thumbnails/1b9ce24bf4d94b3bb7fd144bb0cc6549/33f88bafd6fc48cbba9101055e747146.jpeg",
        "height": 405
      },
      {
        "uid": "aff92a01a7bb4b848d5e977e674668bf",
        "size": 3586,
        "width": 256,
        "url": "https://media.sketchfab.com/models/6e9ed65dfa974429b5d9db328b8d040b/thumbnails/1b9ce24bf4d94b3bb7fd144bb0cc6549/94f2df44b79447848e824f1bfbe00daa.jpeg",
        "height": 144
      },
      {
        "uid": "0ae9aab208e4415e807e68ab1e336103",
        "size": 1079,
        "width": 64,
        "url": "https://media.sketchfab.com/models/6e9ed65dfa974429b5d9db328b8d040b/thumbnails/1b9ce24bf4d94b3bb7fd144bb0cc6549/f1ac0cd956c14684818e1b40987f97d7.jpeg",
        "height": 36
      }
    ]
  },
  "user": {
    "uid": "c509bb13d08d453c8bc5ff3b7902285b",
    "username": "Sonicfam017",
    "displayName": "Sonicfam017",
    "profileUrl": "https://sketchfab.com/Sonicfam017",
    "account": "basic",
    "avatar": {
      "uri": "https://api.sketchfab.com/v3/avatars/3ef1bd11d3eb4b57a0b353e8f2e5fc3e",
      "images": [
        {
          "size": 680,
          "width": 32,
          "url": "https://media.sketchfab.com/avatars/3ef1bd11d3eb4b57a0b353e8f2e5fc3e/116042a0854e40538adab302b593683d.jpeg",
          "height": 32
        },
        {
          "size": 1253,
          "width": 48,
          "url": "https://media.sketchfab.com/avatars/3ef1bd11d3eb4b57a0b353e8f2e5fc3e/efea16be51d04eb7a00cb9ea0b43b87f.jpeg",
          "height": 48
        },
        {
          "size": 2797,
          "width": 90,
          "url": "https://media.sketchfab.com/avatars/3ef1bd11d3eb4b57a0b353e8f2e5fc3e/ac9b469ccec74caf923a81fb2f0be3ed.jpeg",
          "height": 90
        },
        {
          "size": 3215,
          "width": 100,
          "url": "https://media.sketchfab.com/avatars/3ef1bd11d3eb4b57a0b353e8f2e5fc3e/a075e1d43d2f446c949b5967b470c757.jpeg",
          "height": 100
        }
      ]
    },
    "uri": "https://api.sketchfab.com/v3/users/c509bb13d08d453c8bc5ff3b7902285b"
  },
  "description": "Shadows Buggy in Sonic 06",
  "faceCount": 1724,
  "createdAt": "2021-09-29T15:21:04.992876",
  "vertexCount": 1006,
  "isAgeRestricted": false,
  "archives": {
    "glb": {
      "textureCount": 5,
      "size": 810192,
      "type": "glb",
      "textureMaxResolution": 512,
      "faceCount": 1724,
      "vertexCount": 4028
    },
    "gltf": {
      "textureCount": 5,
      "size": 645365,
      "type": "gltf",
      "textureMaxResolution": 512,
      "faceCount": 1724,
      "vertexCount": 4028
    },
    "source": {
      "textureCount": null,
      "size": 1663875,
      "type": "source",
      "textureMaxResolution": null,
      "faceCount": null,
      "vertexCount": null
    },
    "usdz": {
      "textureCount": null,
      "size": 643452,
      "type": "usdz",
      "textureMaxResolution": null,
      "faceCount": null,
      "vertexCount": null
    }
  },
  "license": "by"
}