{
  "uri": "https://api.sketchfab.com/v3/models/6e9e9739295e4a0f92a0faced5a8753a",
  "uid": "6e9e9739295e4a0f92a0faced5a8753a",
  "name": "Aplle",
  "staffpickedAt": null,
  "viewCount": 383,
  "likeCount": 14,
  "animationCount": 0,
  "viewerUrl": "https://sketchfab.com/3d-models/6e9e9739295e4a0f92a0faced5a8753a",
  "embedUrl": "https://sketchfab.com/models/6e9e9739295e4a0f92a0faced5a8753a/embed",
  "commentCount": 0,
  "isDownloadable": true,
  "publishedAt": "2021-09-10T23:16:30.778209",
  "tags": [
    {
      "name": "food",
      "slug": "food",
      "uri": "https://api.sketchfab.com/v3/tags/food"
    },
    {
      "name": "apple",
      "slug": "apple",
      "uri": "https://api.sketchfab.com/v3/tags/apple"
    },
    {
      "name": "realistic",
      "slug": "realistic",
      "uri": "https://api.sketchfab.com/v3/tags/realistic"
    },
    {
      "name": "3d",
      "slug": "3d",
      "uri": "https://api.sketchfab.com/v3/tags/3d"
    },
    {
      "name": "blender",
      "slug": "blender",
      "uri": "https://api.sketchfab.com/v3/tags/blender"
    }
  ],
  "categories": [
    {
      "name": "food-drink"
    }
  ],
  "thumbnails": {
    "images": [
      {
        "uid": "a21d1c25095a4f0c8fbe35811832f764",
        "size": 99948,
        "width": 1920,
        "url": "https://media.sketchfab.com/models/6e9e9739295e4a0f92a0faced5a8753a/thumbnails/6a931cac80d04e88a6d498e0e0b36e10/f7803a449897436e9ded0d73fbefa5fd.jpeg",
        "height": 1080
      },
      {
        "uid": "cabfaed476f44cf19e93af466253329b",
        "size": 28626,
        "width": 1024,
        "url": "https://media.sketchfab.com/models/6e9e9739295e4a0f92a0faced5a8753a/thumbnails/6a931cac80d04e88a6d498e0e0b36e10/f41a6bf200e6414c883d59f3af0db824.jpeg",
        "height": 576
      },
      {
        "uid": "6ee1f3ffeddf4fe59557bb79be5edeae",
        "size": 14940,
        "width": 720,
        "url": "https://media.sketchfab.com/models/6e9e9739295e4a0f92a0faced5a8753a/thumbnails/6a931cac80d04e88a6d498e0e0b36e10/3b4529b8fc2e453eb9a588db341234b5.jpeg",
        "height": 405
      },
      {
        "uid": "94cdec15bf1340bdaa603a45874020dc",
        "size": 2837,
        "width": 256,
        "url": "https://media.sketchfab.com/models/6e9e9739295e4a0f92a0faced5a8753a/thumbnails/6a931cac80d04e88a6d498e0e0b36e10/a6a8ea6e86254d86ac59e66f78a9ed93.jpeg",
        "height": 144
      },
      {
        "uid": "b4a898c444b04b718febc570f1bdfd0b",
        "size": 948,
        "width": 64,
        "url": "https://media.sketchfab.com/models/6e9e9739295e4a0f92a0faced5a8753a/thumbnails/6a931cac80d04e88a6d498e0e0b36e10/eaeacc58e0e94350b1910a246d6f6645.jpeg",
        "height": 36
      }
    ]
  },
  "user": {
    "uid": "9577ef6dd82641e08a16f79ae2c44c0d",
    "username": "Pabluuu",
    "displayName": "Pabluuu",
    "profileUrl": "https://sketchfab.com/Pabluuu",
    "account": "basic",
    "avatar": {
      "uri": "https://api.sketchfab.com/v3/avatars/a1a4b876c85742e4b559d13fab501374",
      "images": [
        {
          "size": 961,
          "width": 32,
          "url": "https://media.sketchfab.com/avatars/a1a4b876c85742e4b559d13fab501374/76ffe131700c41f290f453edce3674d9.jpeg",
          "height": 32
        },
        {
          "size": 1235,
          "width": 48,
          "url": "https://media.sketchfab.com/avatars/a1a4b876c85742e4b559d13fab501374/a4d6e3296f2b4967a24e6a2f8525dc3a.jpeg",
          "height": 48
        },
        {
          "size": 2216,
          "width": 90,
          "url": "https://media.sketchfab.com/avatars/a1a4b876c85742e4b559d13fab501374/dd25057cb64744508a0acd66e5055f30.jpeg",
          "height": 90
        },
        {
          "size": 2519,
          "width": 100,
          "url": "https://media.sketchfab.com/avatars/a1a4b876c85742e4b559d13fab501374/031fabb6b77147c59e6e2f134ec79e8d.jpeg",
          "height": 100
        }
      ]
    },
    "uri": "https://api.sketchfab.com/v3/users/9577ef6dd82641e08a16f79ae2c44c0d"
  },
  "description": "Realistic apple template.",
  "faceCount": 33088,
  "createdAt": "2021-09-10T23:08:19.674924",
  "vertexCount": 16548,
  "isAgeRestricted": false,
  "archives": {
    "glb": {
      "textureCount": 5,
      "size": 26785280,
      "type": "glb",
      "textureMaxResolution": 2048,
      "faceCount": 33088,
      "vertexCount": 17014
    },
    "gltf": {
      "textureCount": 5,
      "size": 26360593,
      "type": "gltf",
      "textureMaxResolution": 2048,
      "faceCount": 33088,
      "vertexCount": 17014
    },
    "source": {
      "textureCount": null,
      "size": 50159275,
      "type": "source",
      "textureMaxResolution": null,
      "faceCount": null,
      "vertexCount": null
    },
    "usdz": {
      "textureCount": null,
      "size": 11129399,
      "type": "usdz",
      "textureMaxResolution": null,
      "faceCount": null,
      "vertexCount": null
    }
  },
  "license": "by"
}