{
  "uri": "https://api.sketchfab.com/v3/models/6eab25bee29044219cd0661b0714c820",
  "uid": "6eab25bee29044219cd0661b0714c820",
  "name": "MAQUETA VIRTUAL",
  "staffpickedAt": null,
  "viewCount": 5,
  "likeCount": 0,
  "animationCount": 0,
  "viewerUrl": "https://sketchfab.com/3d-models/6eab25bee29044219cd0661b0714c820",
  "embedUrl": "https://sketchfab.com/models/6eab25bee29044219cd0661b0714c820/embed",
  "commentCount": 0,
  "isDownloadable": true,
  "publishedAt": "2020-05-12T16:48:00.415885",
  "tags": [],
  "categories": [],
  "thumbnails": {
    "images": [
      {
        "uid": "954231e1fc5844c2ba79e28006f1d9b6",
        "size": 101167,
        "width": 1920,
        "url": "https://media.sketchfab.com/models/6eab25bee29044219cd0661b0714c820/thumbnails/084b03b243c043cf94ca770588e0a3bc/11849fc119504c84896574719beac83b.jpeg",
        "height": 1080
      },
      {
        "uid": "4ac1b33ea21844bb8843493b005769b5",
        "size": 34337,
        "width": 1024,
        "url": "https://media.sketchfab.com/models/6eab25bee29044219cd0661b0714c820/thumbnails/084b03b243c043cf94ca770588e0a3bc/9083026f05a64d9f9c60a270c760752a.jpeg",
        "height": 576
      },
      {
        "uid": "8cb7c9e41489497bbddccbcac167d206",
        "size": 19621,
        "width": 720,
        "url": "https://media.sketchfab.com/models/6eab25bee29044219cd0661b0714c820/thumbnails/084b03b243c043cf94ca770588e0a3bc/a146e8cf691b4308b76a877ead396d3f.jpeg",
        "height": 405
      },
      {
        "uid": "477d7f446fee4559aadbf7d2500049e4",
        "size": 4494,
        "width": 256,
        "url": "https://media.sketchfab.com/models/6eab25bee29044219cd0661b0714c820/thumbnails/084b03b243c043cf94ca770588e0a3bc/b8e2daf160794951b9e179c243e74da3.jpeg",
        "height": 144
      },
      {
        "uid": "500ae89bf48f40e8845c13abd757af7d",
        "size": 871,
        "width": 64,
        "url": "https://media.sketchfab.com/models/6eab25bee29044219cd0661b0714c820/thumbnails/084b03b243c043cf94ca770588e0a3bc/1cb77d3fb1194211a9d1e2df363a20be.jpeg",
        "height": 36
      }
    ]
  },
  "user": {
    "uid": "e45cc17702cf46d89f4769a773a5eb0a",
    "username": "peb.tallermartin",
    "displayName": "peb.tallermartin",
    "profileUrl": "https://sketchfab.com/peb.tallermartin",
    "account": "basic",
    "avatar": {
      "uri": "https://api.sketchfab.com/v3/avatars/79fe79f3306b4cba9bc67d322a501e7b",
      "images": [
        {
          "size": 1125,
          "width": 32,
          "url": "https://media.sketchfab.com/avatars/79fe79f3306b4cba9bc67d322a501e7b/c2d4a7befef9489085d342cfbdf274ba.png",
          "height": 32
        },
        {
          "size": 1550,
          "width": 48,
          "url": "https://media.sketchfab.com/avatars/79fe79f3306b4cba9bc67d322a501e7b/86ebae8d45b74034a5ae2f88f81068ab.png",
          "height": 48
        },
        {
          "size": 2758,
          "width": 90,
          "url": "https://media.sketchfab.com/avatars/79fe79f3306b4cba9bc67d322a501e7b/e5f0ab68dd334a55b8684c32907c2915.png",
          "height": 90
        },
        {
          "size": 2852,
          "width": 100,
          "url": "https://media.sketchfab.com/avatars/79fe79f3306b4cba9bc67d322a501e7b/74f1c06e09334f3983622d9b628b1708.png",
          "height": 100
        }
      ]
    },
    "uri": "https://api.sketchfab.com/v3/users/e45cc17702cf46d89f4769a773a5eb0a"
  },
  "description": "",
  "faceCount": 18664,
  "createdAt": "2020-05-11T23:31:50.279444",
  "vertexCount": 9374,
  "isAgeRestricted": false,
  "archives": {
    "glb": {
      "textureCount": 0,
      "size": 1321428,
      "type": "glb",
      "textureMaxResolution": 0,
      "faceCount": 18617,
      "vertexCount": 34081
    },
    "gltf": {
      "textureCount": 0,
      "size": 218579,
      "type": "gltf",
      "textureMaxResolution": 0,
      "faceCount": 18617,
      "vertexCount": 34081
    },
    "source": {
      "textureCount": null,
      "size": 1169971,
      "type": "source",
      "textureMaxResolution": null,
      "faceCount": null,
      "vertexCount": null
    },
    "usdz": {
      "textureCount": null,
      "size": 830487,
      "type": "usdz",
      "textureMaxResolution": null,
      "faceCount": null,
      "vertexCount": null
    }
  },
  "license": "by"
}