{
  "uri": "https://api.sketchfab.com/v3/models/6ead08d36e5a4972a00095f1d22f2b54",
  "uid": "6ead08d36e5a4972a00095f1d22f2b54",
  "name": "Simple Door",
  "staffpickedAt": null,
  "viewCount": 39,
  "likeCount": 0,
  "animationCount": 0,
  "viewerUrl": "https://sketchfab.com/3d-models/6ead08d36e5a4972a00095f1d22f2b54",
  "embedUrl": "https://sketchfab.com/models/6ead08d36e5a4972a00095f1d22f2b54/embed",
  "commentCount": 0,
  "isDownloadable": true,
  "publishedAt": "2020-07-29T15:54:31.790183",
  "tags": [
    {
      "name": "simple",
      "slug": "simple",
      "uri": "https://api.sketchfab.com/v3/tags/simple"
    },
    {
      "name": "door",
      "slug": "door",
      "uri": "https://api.sketchfab.com/v3/tags/door"
    }
  ],
  "categories": [
    {
      "name": "furniture-home"
    }
  ],
  "thumbnails": {
    "images": [
      {
        "uid": "ac4dad5920664a85b193f88b505931a2",
        "size": 27032,
        "width": 1920,
        "url": "https://media.sketchfab.com/models/6ead08d36e5a4972a00095f1d22f2b54/thumbnails/0cb89f78b6284a7dbd249f5e74bcedbf/38f6d265a4fb4fa8b4caa9f629186b7b.jpeg",
        "height": 1080
      },
      {
        "uid": "1ce43f0ccb2a4e769eb0cb4725d5421e",
        "size": 9348,
        "width": 1024,
        "url": "https://media.sketchfab.com/models/6ead08d36e5a4972a00095f1d22f2b54/thumbnails/0cb89f78b6284a7dbd249f5e74bcedbf/1014b16b352d425b99b482eebd90dd95.jpeg",
        "height": 576
      },
      {
        "uid": "7e3efbab478843f4b6ede45bb2ee1352",
        "size": 6000,
        "width": 720,
        "url": "https://media.sketchfab.com/models/6ead08d36e5a4972a00095f1d22f2b54/thumbnails/0cb89f78b6284a7dbd249f5e74bcedbf/ca4e64161eac4fee87dd169ff2631d46.jpeg",
        "height": 405
      },
      {
        "uid": "4e2924e23f3e42c9b569a3f808a6e9a4",
        "size": 1541,
        "width": 256,
        "url": "https://media.sketchfab.com/models/6ead08d36e5a4972a00095f1d22f2b54/thumbnails/0cb89f78b6284a7dbd249f5e74bcedbf/8b07a861ee914a9a832fae4e8e6c9ac8.jpeg",
        "height": 144
      },
      {
        "uid": "269c0670b3fc4d51bfffffaaeeb280c8",
        "size": 503,
        "width": 64,
        "url": "https://media.sketchfab.com/models/6ead08d36e5a4972a00095f1d22f2b54/thumbnails/0cb89f78b6284a7dbd249f5e74bcedbf/888fb224808f4ff9849b22e108a25e8e.jpeg",
        "height": 36
      }
    ]
  },
  "user": {
    "uid": "51bdd8d35a714647bcd8587be9676443",
    "username": "FallENSteel",
    "displayName": "FallENSteel",
    "profileUrl": "https://sketchfab.com/FallENSteel",
    "account": "basic",
    "avatar": {
      "uri": "https://api.sketchfab.com/v3/avatars/51af6a870cce449eb75b0345feebaebb",
      "images": [
        {
          "size": 5719,
          "width": 90,
          "url": "https://media.sketchfab.com/avatars/51af6a870cce449eb75b0345feebaebb/2ef0f894055b4bb69123b2a27fa2d379.jpeg",
          "height": 90
        },
        {
          "size": 6496,
          "width": 100,
          "url": "https://media.sketchfab.com/avatars/51af6a870cce449eb75b0345feebaebb/ab11eedf96374486acb544f71a23b165.jpeg",
          "height": 100
        },
        {
          "size": 1359,
          "width": 32,
          "url": "https://media.sketchfab.com/avatars/51af6a870cce449eb75b0345feebaebb/35f6f9b6c9a14a548ce472582d8a9bb5.jpeg",
          "height": 32
        },
        {
          "size": 2584,
          "width": 48,
          "url": "https://media.sketchfab.com/avatars/51af6a870cce449eb75b0345feebaebb/a8072a51447c4d41ab177b357111b420.jpeg",
          "height": 48
        }
      ]
    },
    "uri": "https://api.sketchfab.com/v3/users/51bdd8d35a714647bcd8587be9676443"
  },
  "description": "Just simple doors that has 5194 verts. avaible in formats .abc, .blender, .dae, .fbx, .glb, . mtl, .obj, .stl and . x3d.",
  "faceCount": 10522,
  "createdAt": "2020-07-29T15:45:30.927042",
  "vertexCount": 5226,
  "isAgeRestricted": false,
  "archives": {
    "glb": {
      "textureCount": 0,
      "size": 731756,
      "type": "glb",
      "textureMaxResolution": 0,
      "faceCount": 10503,
      "vertexCount": 18716
    },
    "gltf": {
      "textureCount": 0,
      "size": 209628,
      "type": "gltf",
      "textureMaxResolution": 0,
      "faceCount": 10503,
      "vertexCount": 18716
    },
    "source": {
      "textureCount": null,
      "size": 1602627,
      "type": "source",
      "textureMaxResolution": null,
      "faceCount": null,
      "vertexCount": null
    },
    "usdz": {
      "textureCount": null,
      "size": 456074,
      "type": "usdz",
      "textureMaxResolution": null,
      "faceCount": null,
      "vertexCount": null
    }
  },
  "license": "by"
}