{
  "uri": "https://api.sketchfab.com/v3/models/6eae4e979bc447c99af70284bfc4065a",
  "uid": "6eae4e979bc447c99af70284bfc4065a",
  "name": "Eastern Substances",
  "staffpickedAt": null,
  "viewCount": 888,
  "likeCount": 53,
  "animationCount": 0,
  "viewerUrl": "https://sketchfab.com/3d-models/6eae4e979bc447c99af70284bfc4065a",
  "embedUrl": "https://sketchfab.com/models/6eae4e979bc447c99af70284bfc4065a/embed",
  "commentCount": 0,
  "isDownloadable": true,
  "publishedAt": "2018-02-20T21:17:38.447948",
  "tags": [
    {
      "name": "dune",
      "slug": "dune",
      "uri": "https://api.sketchfab.com/v3/tags/dune"
    },
    {
      "name": "desert",
      "slug": "desert",
      "uri": "https://api.sketchfab.com/v3/tags/desert"
    },
    {
      "name": "materials",
      "slug": "materials",
      "uri": "https://api.sketchfab.com/v3/tags/materials"
    },
    {
      "name": "floor",
      "slug": "floor",
      "uri": "https://api.sketchfab.com/v3/tags/floor"
    },
    {
      "name": "ground",
      "slug": "ground",
      "uri": "https://api.sketchfab.com/v3/tags/ground"
    },
    {
      "name": "sand",
      "slug": "sand",
      "uri": "https://api.sketchfab.com/v3/tags/sand"
    },
    {
      "name": "dirt",
      "slug": "dirt",
      "uri": "https://api.sketchfab.com/v3/tags/dirt"
    },
    {
      "name": "tiles",
      "slug": "tiles",
      "uri": "https://api.sketchfab.com/v3/tags/tiles"
    },
    {
      "name": "east",
      "slug": "east",
      "uri": "https://api.sketchfab.com/v3/tags/east"
    },
    {
      "name": "clay",
      "slug": "clay",
      "uri": "https://api.sketchfab.com/v3/tags/clay"
    },
    {
      "name": "procedural",
      "slug": "procedural",
      "uri": "https://api.sketchfab.com/v3/tags/procedural"
    },
    {
      "name": "places",
      "slug": "places",
      "uri": "https://api.sketchfab.com/v3/tags/places"
    },
    {
      "name": "substance",
      "slug": "substance",
      "uri": "https://api.sketchfab.com/v3/tags/substance"
    },
    {
      "name": "pbr",
      "slug": "pbr",
      "uri": "https://api.sketchfab.com/v3/tags/pbr"
    }
  ],
  "categories": [
    {
      "name": "art-abstract"
    },
    {
      "name": "places-travel"
    }
  ],
  "thumbnails": {
    "images": [
      {
        "uid": "93e4968615754afe9538f5ca196f068e",
        "size": 279290,
        "width": 1920,
        "url": "https://media.sketchfab.com/models/6eae4e979bc447c99af70284bfc4065a/thumbnails/8235d19625cf4da9abae2925ee215573/ddd07d42f0bf44f58e1c2532a8998bc6.jpeg",
        "height": 1080
      },
      {
        "uid": "599373323de34c5abb1b9cf049e7a03f",
        "size": 80949,
        "width": 1024,
        "url": "https://media.sketchfab.com/models/6eae4e979bc447c99af70284bfc4065a/thumbnails/8235d19625cf4da9abae2925ee215573/129f7e3d218c4612989487bf30cb998f.jpeg",
        "height": 576
      },
      {
        "uid": "3d037dd4012148279a0feec1e4b7a261",
        "size": 46258,
        "width": 720,
        "url": "https://media.sketchfab.com/models/6eae4e979bc447c99af70284bfc4065a/thumbnails/8235d19625cf4da9abae2925ee215573/85cd0e589f44487c984a3bca1d7e6848.jpeg",
        "height": 405
      },
      {
        "uid": "f58ed605834f4b1e83df6ddf3ae6bcb6",
        "size": 8360,
        "width": 256,
        "url": "https://media.sketchfab.com/models/6eae4e979bc447c99af70284bfc4065a/thumbnails/8235d19625cf4da9abae2925ee215573/6a92c8a6e9104d2cb386b1dac13cdf5b.jpeg",
        "height": 144
      },
      {
        "uid": "61640ded6780461e8b5f060570dd7825",
        "size": 1115,
        "width": 64,
        "url": "https://media.sketchfab.com/models/6eae4e979bc447c99af70284bfc4065a/thumbnails/8235d19625cf4da9abae2925ee215573/f5bd96c50389490bb1bac99cab7e4014.jpeg",
        "height": 36
      }
    ]
  },
  "user": {
    "uid": "50fef43f8d774e21a59fbed63a89c955",
    "username": "Igotron",
    "displayName": "Igotron",
    "profileUrl": "https://sketchfab.com/Igotron",
    "account": "basic",
    "avatar": {
      "uri": "https://api.sketchfab.com/v3/avatars/9ba71d77189540e58799abf7deed3567",
      "images": [
        {
          "size": 866,
          "width": 32,
          "url": "https://media.sketchfab.com/avatars/9ba71d77189540e58799abf7deed3567/bdb79779bcb34a57b1f3ef2812e2e0f9.jpeg",
          "height": 32
        },
        {
          "size": 1272,
          "width": 48,
          "url": "https://media.sketchfab.com/avatars/9ba71d77189540e58799abf7deed3567/6e7488523f334a15a4512a3df95c5785.jpeg",
          "height": 48
        },
        {
          "size": 3027,
          "width": 90,
          "url": "https://media.sketchfab.com/avatars/9ba71d77189540e58799abf7deed3567/d7159731e58c4c938c3dfe1dc71f2c9e.jpeg",
          "height": 90
        },
        {
          "size": 3504,
          "width": 100,
          "url": "https://media.sketchfab.com/avatars/9ba71d77189540e58799abf7deed3567/9244ab5478474ff1a00c9ea1db57ef93.jpeg",
          "height": 100
        }
      ]
    },
    "uri": "https://api.sketchfab.com/v3/users/50fef43f8d774e21a59fbed63a89c955"
  },
  "description": "Hi there !\n\nHere some procedural and tileable substances in eastern style, each material have basic and detailing parameters.\n\nHope you like them =)\n\n![](https://cdnb.artstation.com/p/assets/images/images/010/157/617/large/igor-tsukrenko-d-subs-01.jpg?1522872858)\n\n![](https://cdna.artstation.com/p/assets/images/images/010/157/618/large/igor-tsukrenko-d-subs-02.jpg?1522872868)\n\n![](https://cdna.artstation.com/p/assets/images/images/010/157/622/large/igor-tsukrenko-d-subs-03.jpg?1522872876)",
  "faceCount": 400704,
  "createdAt": "2018-02-12T15:34:14.594368",
  "vertexCount": 213086,
  "isAgeRestricted": false,
  "archives": {
    "glb": {
      "textureCount": 12,
      "size": 40465984,
      "type": "glb",
      "textureMaxResolution": 2048,
      "faceCount": 399305,
      "vertexCount": 215121
    },
    "gltf": {
      "textureCount": 12,
      "size": 32882395,
      "type": "gltf",
      "textureMaxResolution": 2048,
      "faceCount": 399305,
      "vertexCount": 215121
    },
    "source": {
      "textureCount": null,
      "size": 35690107,
      "type": "source",
      "textureMaxResolution": null,
      "faceCount": null,
      "vertexCount": null
    },
    "usdz": {
      "textureCount": null,
      "size": 9205726,
      "type": "usdz",
      "textureMaxResolution": null,
      "faceCount": null,
      "vertexCount": null
    }
  },
  "license": "by"
}