{
  "uri": "https://api.sketchfab.com/v3/models/6eaf6fb493bf4a11b9c277aab4959fc6",
  "uid": "6eaf6fb493bf4a11b9c277aab4959fc6",
  "name": "Bow",
  "staffpickedAt": null,
  "viewCount": 232,
  "likeCount": 5,
  "animationCount": 0,
  "viewerUrl": "https://sketchfab.com/3d-models/6eaf6fb493bf4a11b9c277aab4959fc6",
  "embedUrl": "https://sketchfab.com/models/6eaf6fb493bf4a11b9c277aab4959fc6/embed",
  "commentCount": 0,
  "isDownloadable": true,
  "publishedAt": "2020-01-18T10:55:34.057584",
  "tags": [
    {
      "name": "daehowest_ds2019",
      "slug": "daehowest_ds2019",
      "uri": "https://api.sketchfab.com/v3/tags/daehowest_ds2019"
    },
    {
      "name": "daehowest_ds2019_a1",
      "slug": "daehowest_ds2019_a1",
      "uri": "https://api.sketchfab.com/v3/tags/daehowest_ds2019_a1"
    }
  ],
  "categories": [],
  "thumbnails": {
    "images": [
      {
        "uid": "6d9c33f75ce94b4c981b03f42d026c47",
        "size": 32195,
        "width": 1920,
        "url": "https://media.sketchfab.com/models/6eaf6fb493bf4a11b9c277aab4959fc6/thumbnails/c5b4c132752c486291a2d8a59f259707/cecd007e3afc462db307b291558ac957.jpeg",
        "height": 1080
      },
      {
        "uid": "9bc7b0e91db44794a20382afce90b5c6",
        "size": 10909,
        "width": 1024,
        "url": "https://media.sketchfab.com/models/6eaf6fb493bf4a11b9c277aab4959fc6/thumbnails/c5b4c132752c486291a2d8a59f259707/8cf6fa2ba0c34769aa0e9a14a2da4143.jpeg",
        "height": 576
      },
      {
        "uid": "1388c6ca19b042feacd3627f56e43b73",
        "size": 6359,
        "width": 720,
        "url": "https://media.sketchfab.com/models/6eaf6fb493bf4a11b9c277aab4959fc6/thumbnails/c5b4c132752c486291a2d8a59f259707/7b750165890b4517a791dfe942f74649.jpeg",
        "height": 405
      },
      {
        "uid": "46cac68310ac42c0a3ffe05fbe311cbc",
        "size": 1478,
        "width": 256,
        "url": "https://media.sketchfab.com/models/6eaf6fb493bf4a11b9c277aab4959fc6/thumbnails/c5b4c132752c486291a2d8a59f259707/5c5969c0fde34c62a90799141e33dc12.jpeg",
        "height": 144
      },
      {
        "uid": "693ebddfa6d642eeace601253e107f06",
        "size": 459,
        "width": 64,
        "url": "https://media.sketchfab.com/models/6eaf6fb493bf4a11b9c277aab4959fc6/thumbnails/c5b4c132752c486291a2d8a59f259707/b738a10891a44ae6980a5be9094eb5ed.jpeg",
        "height": 36
      }
    ]
  },
  "user": {
    "uid": "b8f4f5343e1b4d3699e8f7f0f8d216a0",
    "username": "Iben_Vroman",
    "displayName": "Iben_Vroman",
    "profileUrl": "https://sketchfab.com/Iben_Vroman",
    "account": "basic",
    "avatar": {
      "uri": "https://api.sketchfab.com/v3/avatars/3ef1bd11d3eb4b57a0b353e8f2e5fc3e",
      "images": [
        {
          "size": 680,
          "width": 32,
          "url": "https://media.sketchfab.com/avatars/3ef1bd11d3eb4b57a0b353e8f2e5fc3e/116042a0854e40538adab302b593683d.jpeg",
          "height": 32
        },
        {
          "size": 1253,
          "width": 48,
          "url": "https://media.sketchfab.com/avatars/3ef1bd11d3eb4b57a0b353e8f2e5fc3e/efea16be51d04eb7a00cb9ea0b43b87f.jpeg",
          "height": 48
        },
        {
          "size": 2797,
          "width": 90,
          "url": "https://media.sketchfab.com/avatars/3ef1bd11d3eb4b57a0b353e8f2e5fc3e/ac9b469ccec74caf923a81fb2f0be3ed.jpeg",
          "height": 90
        },
        {
          "size": 3215,
          "width": 100,
          "url": "https://media.sketchfab.com/avatars/3ef1bd11d3eb4b57a0b353e8f2e5fc3e/a075e1d43d2f446c949b5967b470c757.jpeg",
          "height": 100
        }
      ]
    },
    "uri": "https://api.sketchfab.com/v3/users/b8f4f5343e1b4d3699e8f7f0f8d216a0"
  },
  "description": "",
  "faceCount": 1067310,
  "createdAt": "2020-01-18T10:43:53.534861",
  "vertexCount": 533813,
  "isAgeRestricted": false,
  "archives": {
    "glb": {
      "textureCount": 0,
      "size": 40318720,
      "type": "glb",
      "textureMaxResolution": 0,
      "faceCount": 1067310,
      "vertexCount": 687429
    },
    "gltf": {
      "textureCount": 0,
      "size": 19502599,
      "type": "gltf",
      "textureMaxResolution": 0,
      "faceCount": 1067310,
      "vertexCount": 687429
    },
    "source": {
      "textureCount": null,
      "size": 31396685,
      "type": "source",
      "textureMaxResolution": null,
      "faceCount": null,
      "vertexCount": null
    },
    "usdz": {
      "textureCount": null,
      "size": 19789945,
      "type": "usdz",
      "textureMaxResolution": null,
      "faceCount": null,
      "vertexCount": null
    }
  },
  "license": "by"
}