{
  "uri": "https://api.sketchfab.com/v3/models/6eaf0ede4a44419b9bf3d8e99a7daee2",
  "uid": "6eaf0ede4a44419b9bf3d8e99a7daee2",
  "name": "With AR / automatic default features of Qlone",
  "staffpickedAt": null,
  "viewCount": 2,
  "likeCount": 0,
  "animationCount": 0,
  "viewerUrl": "https://sketchfab.com/3d-models/6eaf0ede4a44419b9bf3d8e99a7daee2",
  "embedUrl": "https://sketchfab.com/models/6eaf0ede4a44419b9bf3d8e99a7daee2/embed",
  "commentCount": 0,
  "isDownloadable": true,
  "publishedAt": "2022-06-28T19:45:16.985372",
  "tags": [],
  "categories": [],
  "thumbnails": {
    "images": [
      {
        "uid": "1b05f684c72a4eadbfeb8a6012bffd97",
        "size": 166898,
        "width": 1920,
        "url": "https://media.sketchfab.com/models/6eaf0ede4a44419b9bf3d8e99a7daee2/thumbnails/4a0a15ea85bf4d1d831140ff374e51c5/cd21460fec274f77935aa67c6eb053c7.jpeg",
        "height": 1080
      },
      {
        "uid": "41619b91a18741088fe623b5486697ad",
        "size": 52348,
        "width": 1024,
        "url": "https://media.sketchfab.com/models/6eaf0ede4a44419b9bf3d8e99a7daee2/thumbnails/4a0a15ea85bf4d1d831140ff374e51c5/cd29077214dc4fc3a6d6cc26616ee7f2.jpeg",
        "height": 576
      },
      {
        "uid": "c8a8f065d1884fc59b9b41d8824182ac",
        "size": 24123,
        "width": 720,
        "url": "https://media.sketchfab.com/models/6eaf0ede4a44419b9bf3d8e99a7daee2/thumbnails/4a0a15ea85bf4d1d831140ff374e51c5/bbcc4e38d46947bbb0bcf32414bf98b6.jpeg",
        "height": 405
      },
      {
        "uid": "18c4ad740e574c5fbb8cfc5caf95b223",
        "size": 3712,
        "width": 256,
        "url": "https://media.sketchfab.com/models/6eaf0ede4a44419b9bf3d8e99a7daee2/thumbnails/4a0a15ea85bf4d1d831140ff374e51c5/1944c058ee294445b8f43440e7d69e63.jpeg",
        "height": 144
      },
      {
        "uid": "24400c2b14c947db90ee250f3bfc0edc",
        "size": 958,
        "width": 64,
        "url": "https://media.sketchfab.com/models/6eaf0ede4a44419b9bf3d8e99a7daee2/thumbnails/4a0a15ea85bf4d1d831140ff374e51c5/82d187c2544546b0be0aba6f47832a0d.jpeg",
        "height": 36
      }
    ]
  },
  "user": {
    "uid": "b5e070cc958640e284353a16634364fb",
    "username": "Czellner",
    "displayName": "Czellner",
    "profileUrl": "https://sketchfab.com/Czellner",
    "account": "basic",
    "avatar": {
      "uri": "https://api.sketchfab.com/v3/avatars/3ef1bd11d3eb4b57a0b353e8f2e5fc3e",
      "images": [
        {
          "size": 680,
          "width": 32,
          "url": "https://media.sketchfab.com/avatars/3ef1bd11d3eb4b57a0b353e8f2e5fc3e/116042a0854e40538adab302b593683d.jpeg",
          "height": 32
        },
        {
          "size": 1253,
          "width": 48,
          "url": "https://media.sketchfab.com/avatars/3ef1bd11d3eb4b57a0b353e8f2e5fc3e/efea16be51d04eb7a00cb9ea0b43b87f.jpeg",
          "height": 48
        },
        {
          "size": 2797,
          "width": 90,
          "url": "https://media.sketchfab.com/avatars/3ef1bd11d3eb4b57a0b353e8f2e5fc3e/ac9b469ccec74caf923a81fb2f0be3ed.jpeg",
          "height": 90
        },
        {
          "size": 3215,
          "width": 100,
          "url": "https://media.sketchfab.com/avatars/3ef1bd11d3eb4b57a0b353e8f2e5fc3e/a075e1d43d2f446c949b5967b470c757.jpeg",
          "height": 100
        }
      ]
    },
    "uri": "https://api.sketchfab.com/v3/users/b5e070cc958640e284353a16634364fb"
  },
  "description": "",
  "faceCount": 6117,
  "createdAt": "2022-06-25T18:00:52.845882",
  "vertexCount": 3074,
  "isAgeRestricted": false,
  "archives": {
    "glb": {
      "textureCount": 1,
      "size": 843260,
      "type": "glb",
      "textureMaxResolution": 1024,
      "faceCount": 6117,
      "vertexCount": 3557
    },
    "gltf": {
      "textureCount": 1,
      "size": 778055,
      "type": "gltf",
      "textureMaxResolution": 1024,
      "faceCount": 6117,
      "vertexCount": 3557
    },
    "source": {
      "textureCount": null,
      "size": 2336430,
      "type": "source",
      "textureMaxResolution": null,
      "faceCount": null,
      "vertexCount": null
    },
    "usdz": {
      "textureCount": null,
      "size": 792737,
      "type": "usdz",
      "textureMaxResolution": null,
      "faceCount": null,
      "vertexCount": null
    }
  },
  "license": "by"
}