{
  "uri": "https://api.sketchfab.com/v3/models/6eb2e4dd00b44b51b128eb59ef4d5996",
  "uid": "6eb2e4dd00b44b51b128eb59ef4d5996",
  "name": "African- Mask-wall-hanging-set- Mask2",
  "staffpickedAt": null,
  "viewCount": 19,
  "likeCount": 0,
  "animationCount": 0,
  "viewerUrl": "https://sketchfab.com/3d-models/6eb2e4dd00b44b51b128eb59ef4d5996",
  "embedUrl": "https://sketchfab.com/models/6eb2e4dd00b44b51b128eb59ef4d5996/embed",
  "commentCount": 0,
  "isDownloadable": true,
  "publishedAt": "2022-01-09T03:42:09.460202",
  "tags": [],
  "categories": [],
  "thumbnails": {
    "images": [
      {
        "uid": "ced4930d773348caa0afdad90aedae35",
        "size": 88748,
        "width": 1920,
        "url": "https://media.sketchfab.com/models/6eb2e4dd00b44b51b128eb59ef4d5996/thumbnails/ae727bc08bcc417bbae18a4698118aa4/3dafae8bdaf7459283270b45a1071f15.jpeg",
        "height": 1080
      },
      {
        "uid": "3f1a9433de074e72863b33caf2ae0cff",
        "size": 28776,
        "width": 1024,
        "url": "https://media.sketchfab.com/models/6eb2e4dd00b44b51b128eb59ef4d5996/thumbnails/ae727bc08bcc417bbae18a4698118aa4/df888e5a51274125ae8587e6d00c9904.jpeg",
        "height": 576
      },
      {
        "uid": "d12e949d48544049b124cf98e0957181",
        "size": 16279,
        "width": 720,
        "url": "https://media.sketchfab.com/models/6eb2e4dd00b44b51b128eb59ef4d5996/thumbnails/ae727bc08bcc417bbae18a4698118aa4/184807e0c79d49819c1e9fe6791f881c.jpeg",
        "height": 405
      },
      {
        "uid": "8afc4b5381a8447fbe326389938de529",
        "size": 3278,
        "width": 256,
        "url": "https://media.sketchfab.com/models/6eb2e4dd00b44b51b128eb59ef4d5996/thumbnails/ae727bc08bcc417bbae18a4698118aa4/99f8ca0b9a7a49e689a21c949c72dcbb.jpeg",
        "height": 144
      },
      {
        "uid": "fda7d7fc41d642bca3a073c7706c7b2c",
        "size": 980,
        "width": 64,
        "url": "https://media.sketchfab.com/models/6eb2e4dd00b44b51b128eb59ef4d5996/thumbnails/ae727bc08bcc417bbae18a4698118aa4/575a937cf4084513b461761eb0c63c52.jpeg",
        "height": 36
      }
    ]
  },
  "user": {
    "uid": "fc91f1f983494da3a33f662af7c7276d",
    "username": "dandb.ng",
    "displayName": "D&B Ltd",
    "profileUrl": "https://sketchfab.com/dandb.ng",
    "account": "basic",
    "avatar": {
      "uri": "https://api.sketchfab.com/v3/avatars/9d8655b6bd3444fe82f46b8426d53265",
      "images": [
        {
          "size": 1799,
          "width": 32,
          "url": "https://media.sketchfab.com/avatars/9d8655b6bd3444fe82f46b8426d53265/eb478d29eb574df89db0419da4a342f3.png",
          "height": 32
        },
        {
          "size": 3262,
          "width": 48,
          "url": "https://media.sketchfab.com/avatars/9d8655b6bd3444fe82f46b8426d53265/3a9445930eca4ed08f76be3c010f38fd.png",
          "height": 48
        },
        {
          "size": 7663,
          "width": 90,
          "url": "https://media.sketchfab.com/avatars/9d8655b6bd3444fe82f46b8426d53265/5bcf8e30edf440058fcb4cb42eb4c478.png",
          "height": 90
        },
        {
          "size": 8761,
          "width": 100,
          "url": "https://media.sketchfab.com/avatars/9d8655b6bd3444fe82f46b8426d53265/866f4d62d8c146e3b43870e44eb422e0.png",
          "height": 100
        }
      ]
    },
    "uri": "https://api.sketchfab.com/v3/users/fc91f1f983494da3a33f662af7c7276d"
  },
  "description": "",
  "faceCount": 102190,
  "createdAt": "2022-01-09T03:30:21.527040",
  "vertexCount": 51084,
  "isAgeRestricted": false,
  "archives": {
    "glb": {
      "textureCount": 1,
      "size": 3133052,
      "type": "glb",
      "textureMaxResolution": 512,
      "faceCount": 102190,
      "vertexCount": 54252
    },
    "gltf": {
      "textureCount": 1,
      "size": 1873608,
      "type": "gltf",
      "textureMaxResolution": 512,
      "faceCount": 102190,
      "vertexCount": 54252
    },
    "source": {
      "textureCount": null,
      "size": 26332863,
      "type": "source",
      "textureMaxResolution": null,
      "faceCount": null,
      "vertexCount": null
    },
    "usdz": {
      "textureCount": null,
      "size": 2300018,
      "type": "usdz",
      "textureMaxResolution": null,
      "faceCount": null,
      "vertexCount": null
    }
  },
  "license": "by"
}