{
  "uri": "https://api.sketchfab.com/v3/models/6eb4c61d04ca4623aa2fcc62e7e31f19",
  "uid": "6eb4c61d04ca4623aa2fcc62e7e31f19",
  "name": "Copy Of Trave2020 giorgio",
  "staffpickedAt": null,
  "viewCount": 13,
  "likeCount": 1,
  "animationCount": 0,
  "viewerUrl": "https://sketchfab.com/3d-models/6eb4c61d04ca4623aa2fcc62e7e31f19",
  "embedUrl": "https://sketchfab.com/models/6eb4c61d04ca4623aa2fcc62e7e31f19/embed",
  "commentCount": 0,
  "isDownloadable": true,
  "publishedAt": "2020-11-26T11:02:39.457015",
  "tags": [],
  "categories": [],
  "thumbnails": {
    "images": [
      {
        "uid": "7ed14cd8828349b69382be36bf416356",
        "size": 27030,
        "width": 1920,
        "url": "https://media.sketchfab.com/models/6eb4c61d04ca4623aa2fcc62e7e31f19/thumbnails/c754e50a62d74bd08abdfee90d8c9041/f56abb223a0c4d24b8673956ee254ab8.jpeg",
        "height": 1080
      },
      {
        "uid": "353df69e7f254b9b8479b7ed60a0f353",
        "size": 9901,
        "width": 1024,
        "url": "https://media.sketchfab.com/models/6eb4c61d04ca4623aa2fcc62e7e31f19/thumbnails/c754e50a62d74bd08abdfee90d8c9041/c4338d488b9c47b5acaff9d80bfb0873.jpeg",
        "height": 576
      },
      {
        "uid": "8dddfbe3c760443a96a15f05e689076f",
        "size": 5961,
        "width": 720,
        "url": "https://media.sketchfab.com/models/6eb4c61d04ca4623aa2fcc62e7e31f19/thumbnails/c754e50a62d74bd08abdfee90d8c9041/60623544f2e8483cb81fa83d0303eeaf.jpeg",
        "height": 405
      },
      {
        "uid": "3e0fe0a0af2b41318aae165e5cf5537a",
        "size": 1623,
        "width": 256,
        "url": "https://media.sketchfab.com/models/6eb4c61d04ca4623aa2fcc62e7e31f19/thumbnails/c754e50a62d74bd08abdfee90d8c9041/38c8986c07894f30b354370591535ebb.jpeg",
        "height": 144
      },
      {
        "uid": "fb7df1e2ce864735aaf9e55ce70ab0ab",
        "size": 499,
        "width": 64,
        "url": "https://media.sketchfab.com/models/6eb4c61d04ca4623aa2fcc62e7e31f19/thumbnails/c754e50a62d74bd08abdfee90d8c9041/caa70e7ecedd47ecb569d9a456a570ed.jpeg",
        "height": 36
      }
    ]
  },
  "user": {
    "uid": "c1d07b3c1c4840fba1387f6a02a4a966",
    "username": "alu.giorgio.panigada",
    "displayName": "alu.giorgio.panigada",
    "profileUrl": "https://sketchfab.com/alu.giorgio.panigada",
    "account": "basic",
    "avatar": {
      "uri": "https://api.sketchfab.com/v3/avatars/3ef1bd11d3eb4b57a0b353e8f2e5fc3e",
      "images": [
        {
          "size": 680,
          "width": 32,
          "url": "https://media.sketchfab.com/avatars/3ef1bd11d3eb4b57a0b353e8f2e5fc3e/116042a0854e40538adab302b593683d.jpeg",
          "height": 32
        },
        {
          "size": 1253,
          "width": 48,
          "url": "https://media.sketchfab.com/avatars/3ef1bd11d3eb4b57a0b353e8f2e5fc3e/efea16be51d04eb7a00cb9ea0b43b87f.jpeg",
          "height": 48
        },
        {
          "size": 2797,
          "width": 90,
          "url": "https://media.sketchfab.com/avatars/3ef1bd11d3eb4b57a0b353e8f2e5fc3e/ac9b469ccec74caf923a81fb2f0be3ed.jpeg",
          "height": 90
        },
        {
          "size": 3215,
          "width": 100,
          "url": "https://media.sketchfab.com/avatars/3ef1bd11d3eb4b57a0b353e8f2e5fc3e/a075e1d43d2f446c949b5967b470c757.jpeg",
          "height": 100
        }
      ]
    },
    "uri": "https://api.sketchfab.com/v3/users/c1d07b3c1c4840fba1387f6a02a4a966"
  },
  "description": "",
  "faceCount": 45216,
  "createdAt": "2020-11-26T10:53:35.141463",
  "vertexCount": 26570,
  "isAgeRestricted": false,
  "archives": {
    "glb": {
      "textureCount": 0,
      "size": 1807736,
      "type": "glb",
      "textureMaxResolution": 0,
      "faceCount": 45040,
      "vertexCount": 52504
    },
    "gltf": {
      "textureCount": 0,
      "size": 705456,
      "type": "gltf",
      "textureMaxResolution": 0,
      "faceCount": 45040,
      "vertexCount": 52504
    },
    "source": {
      "textureCount": null,
      "size": 425320,
      "type": "source",
      "textureMaxResolution": null,
      "faceCount": null,
      "vertexCount": null
    },
    "usdz": {
      "textureCount": null,
      "size": 1492369,
      "type": "usdz",
      "textureMaxResolution": null,
      "faceCount": null,
      "vertexCount": null
    }
  },
  "license": "by"
}