{
  "uri": "https://api.sketchfab.com/v3/models/6eb8d9e092c04ce1b4685cd8f29ab0ac",
  "uid": "6eb8d9e092c04ce1b4685cd8f29ab0ac",
  "name": "11klas",
  "staffpickedAt": null,
  "viewCount": 23,
  "likeCount": 2,
  "animationCount": 0,
  "viewerUrl": "https://sketchfab.com/3d-models/6eb8d9e092c04ce1b4685cd8f29ab0ac",
  "embedUrl": "https://sketchfab.com/models/6eb8d9e092c04ce1b4685cd8f29ab0ac/embed",
  "commentCount": 0,
  "isDownloadable": true,
  "publishedAt": "2021-01-18T17:15:22.114041",
  "tags": [],
  "categories": [],
  "thumbnails": {
    "images": [
      {
        "uid": "dd21dd8db54b41d197c2602eddb19404",
        "size": 64062,
        "width": 1920,
        "url": "https://media.sketchfab.com/models/6eb8d9e092c04ce1b4685cd8f29ab0ac/thumbnails/78fdf35233474d028c07fc7cb8b3b4c4/e02ebc194bdd41bd957f253505a7af9f.jpeg",
        "height": 1080
      },
      {
        "uid": "44bf8826d845475fb3071cb8e02920eb",
        "size": 17674,
        "width": 1024,
        "url": "https://media.sketchfab.com/models/6eb8d9e092c04ce1b4685cd8f29ab0ac/thumbnails/78fdf35233474d028c07fc7cb8b3b4c4/78eb6441b88c4e20a46ce6ae9226afaf.jpeg",
        "height": 576
      },
      {
        "uid": "9b205e75e4064af4a761a1892e9b3ef6",
        "size": 9638,
        "width": 720,
        "url": "https://media.sketchfab.com/models/6eb8d9e092c04ce1b4685cd8f29ab0ac/thumbnails/78fdf35233474d028c07fc7cb8b3b4c4/5cf528f9e01a4d7ea474eef9bfba4b1c.jpeg",
        "height": 405
      },
      {
        "uid": "a9777c5f758a4e70be62e1b0345e77dd",
        "size": 1940,
        "width": 256,
        "url": "https://media.sketchfab.com/models/6eb8d9e092c04ce1b4685cd8f29ab0ac/thumbnails/78fdf35233474d028c07fc7cb8b3b4c4/bedad32200434b0aa455b49b4a6c3474.jpeg",
        "height": 144
      },
      {
        "uid": "de5f2e52b0d94fe2a2e4c8acf1147b22",
        "size": 518,
        "width": 64,
        "url": "https://media.sketchfab.com/models/6eb8d9e092c04ce1b4685cd8f29ab0ac/thumbnails/78fdf35233474d028c07fc7cb8b3b4c4/cd6f46cd146f45989482101f86b69e93.jpeg",
        "height": 36
      }
    ]
  },
  "user": {
    "uid": "5922270302874b93abf19be34788227e",
    "username": "hleb03",
    "displayName": "hleb03",
    "profileUrl": "https://sketchfab.com/hleb03",
    "account": "basic",
    "avatar": {
      "uri": "https://api.sketchfab.com/v3/avatars/78fa317e46024a5283765aa34df5e508",
      "images": [
        {
          "size": 6421,
          "width": 100,
          "url": "https://media.sketchfab.com/avatars/78fa317e46024a5283765aa34df5e508/aec92fe9a74e499c98d759362cd7f02f.jpeg",
          "height": 100
        },
        {
          "size": 2518,
          "width": 48,
          "url": "https://media.sketchfab.com/avatars/78fa317e46024a5283765aa34df5e508/17fa177ffaa344a2b2fc8e78efd40fbb.jpeg",
          "height": 48
        },
        {
          "size": 5653,
          "width": 90,
          "url": "https://media.sketchfab.com/avatars/78fa317e46024a5283765aa34df5e508/02162695bdc840faa3bcb2d418309c5e.jpeg",
          "height": 90
        },
        {
          "size": 1350,
          "width": 32,
          "url": "https://media.sketchfab.com/avatars/78fa317e46024a5283765aa34df5e508/6fde876cbded4cd48d36a76029e3aa02.jpeg",
          "height": 32
        }
      ]
    },
    "uri": "https://api.sketchfab.com/v3/users/5922270302874b93abf19be34788227e"
  },
  "description": "",
  "faceCount": 35464,
  "createdAt": "2021-01-18T17:13:53.023742",
  "vertexCount": 18984,
  "isAgeRestricted": false,
  "archives": {
    "glb": {
      "textureCount": 5,
      "size": 11108460,
      "type": "glb",
      "textureMaxResolution": 4096,
      "faceCount": 34696,
      "vertexCount": 34272
    },
    "gltf": {
      "textureCount": 5,
      "size": 8917500,
      "type": "gltf",
      "textureMaxResolution": 4096,
      "faceCount": 34696,
      "vertexCount": 34272
    },
    "source": {
      "textureCount": null,
      "size": 21397326,
      "type": "source",
      "textureMaxResolution": null,
      "faceCount": null,
      "vertexCount": null
    },
    "usdz": {
      "textureCount": null,
      "size": 9021311,
      "type": "usdz",
      "textureMaxResolution": null,
      "faceCount": null,
      "vertexCount": null
    }
  },
  "license": "by"
}