{
  "uri": "https://api.sketchfab.com/v3/models/6ebab494531e47988243e2d93f8577f0",
  "uid": "6ebab494531e47988243e2d93f8577f0",
  "name": "Construction Site 008a Simplified 3d Mesh",
  "staffpickedAt": null,
  "viewCount": 37,
  "likeCount": 0,
  "animationCount": 0,
  "viewerUrl": "https://sketchfab.com/3d-models/6ebab494531e47988243e2d93f8577f0",
  "embedUrl": "https://sketchfab.com/models/6ebab494531e47988243e2d93f8577f0/embed",
  "commentCount": 0,
  "isDownloadable": true,
  "publishedAt": "2021-01-04T06:52:48.274330",
  "tags": [],
  "categories": [],
  "thumbnails": {
    "images": [
      {
        "uid": "afd207bed21f4d8fbebc3c83092beba0",
        "size": 486181,
        "width": 1920,
        "url": "https://media.sketchfab.com/models/6ebab494531e47988243e2d93f8577f0/thumbnails/604a7d04307741d9aa291586e7938a3a/ae05cbfb556d4768bfe3593b5d4a1b19.jpeg",
        "height": 1080
      },
      {
        "uid": "9e37605af02c484cbb8c79fb86c330a7",
        "size": 133221,
        "width": 1024,
        "url": "https://media.sketchfab.com/models/6ebab494531e47988243e2d93f8577f0/thumbnails/604a7d04307741d9aa291586e7938a3a/c5d175428c3645ef958af59bef8ed439.jpeg",
        "height": 576
      },
      {
        "uid": "670dad3fdc804e4e82d239ceb35a85ae",
        "size": 70078,
        "width": 720,
        "url": "https://media.sketchfab.com/models/6ebab494531e47988243e2d93f8577f0/thumbnails/604a7d04307741d9aa291586e7938a3a/51e30985478447dea10a3c6e8bfd8eeb.jpeg",
        "height": 405
      },
      {
        "uid": "97768fa42fdc422eb5bfd1a9a03ab087",
        "size": 10605,
        "width": 256,
        "url": "https://media.sketchfab.com/models/6ebab494531e47988243e2d93f8577f0/thumbnails/604a7d04307741d9aa291586e7938a3a/0c46632256c5412eb651f476510901d1.jpeg",
        "height": 144
      },
      {
        "uid": "fc20a24ed9d742d18bac3dc811d99ee7",
        "size": 1242,
        "width": 64,
        "url": "https://media.sketchfab.com/models/6ebab494531e47988243e2d93f8577f0/thumbnails/604a7d04307741d9aa291586e7938a3a/1ebb048b56b3480ebbe567b5a01450e8.jpeg",
        "height": 36
      }
    ]
  },
  "user": {
    "uid": "6456e7a0fdfc4f50b505a198795703c8",
    "username": "meggzdomain",
    "displayName": "meggzdomain",
    "profileUrl": "https://sketchfab.com/meggzdomain",
    "account": "basic",
    "avatar": {
      "uri": "https://api.sketchfab.com/v3/avatars/51af6a870cce449eb75b0345feebaebb",
      "images": [
        {
          "size": 5719,
          "width": 90,
          "url": "https://media.sketchfab.com/avatars/51af6a870cce449eb75b0345feebaebb/2ef0f894055b4bb69123b2a27fa2d379.jpeg",
          "height": 90
        },
        {
          "size": 6496,
          "width": 100,
          "url": "https://media.sketchfab.com/avatars/51af6a870cce449eb75b0345feebaebb/ab11eedf96374486acb544f71a23b165.jpeg",
          "height": 100
        },
        {
          "size": 1359,
          "width": 32,
          "url": "https://media.sketchfab.com/avatars/51af6a870cce449eb75b0345feebaebb/35f6f9b6c9a14a548ce472582d8a9bb5.jpeg",
          "height": 32
        },
        {
          "size": 2584,
          "width": 48,
          "url": "https://media.sketchfab.com/avatars/51af6a870cce449eb75b0345feebaebb/a8072a51447c4d41ab177b357111b420.jpeg",
          "height": 48
        }
      ]
    },
    "uri": "https://api.sketchfab.com/v3/users/6456e7a0fdfc4f50b505a198795703c8"
  },
  "description": "This image sequence was captured using a Mavic 2 Pro",
  "faceCount": 1000000,
  "createdAt": "2021-01-04T06:50:55.498036",
  "vertexCount": 499364,
  "isAgeRestricted": false,
  "archives": {
    "glb": {
      "textureCount": 1,
      "size": 67028372,
      "type": "glb",
      "textureMaxResolution": 8192,
      "faceCount": 1000000,
      "vertexCount": 776997
    },
    "gltf": {
      "textureCount": 1,
      "size": 53957914,
      "type": "gltf",
      "textureMaxResolution": 8192,
      "faceCount": 1000000,
      "vertexCount": 776997
    },
    "source": {
      "textureCount": null,
      "size": 66116462,
      "type": "source",
      "textureMaxResolution": null,
      "faceCount": null,
      "vertexCount": null
    },
    "usdz": {
      "textureCount": null,
      "size": 31294310,
      "type": "usdz",
      "textureMaxResolution": null,
      "faceCount": null,
      "vertexCount": null
    }
  },
  "license": "by"
}