{
  "uri": "https://api.sketchfab.com/v3/models/6ebf4c16e5cb481282c3cce8f2f11ee9",
  "uid": "6ebf4c16e5cb481282c3cce8f2f11ee9",
  "name": "Robot Arm",
  "staffpickedAt": null,
  "viewCount": 32,
  "likeCount": 0,
  "animationCount": 1,
  "viewerUrl": "https://sketchfab.com/3d-models/6ebf4c16e5cb481282c3cce8f2f11ee9",
  "embedUrl": "https://sketchfab.com/models/6ebf4c16e5cb481282c3cce8f2f11ee9/embed",
  "commentCount": 0,
  "isDownloadable": true,
  "publishedAt": "2021-04-04T02:37:50.004341",
  "tags": [],
  "categories": [],
  "thumbnails": {
    "images": [
      {
        "uid": "e39e1d76adf2405c9a3999b4621c35fd",
        "size": 91309,
        "width": 1920,
        "url": "https://media.sketchfab.com/models/6ebf4c16e5cb481282c3cce8f2f11ee9/thumbnails/a34aeaa762504c14b0990f73b3d861d5/9267c1dafaf44b0990f1d52ff1b7cdaf.jpeg",
        "height": 1080
      },
      {
        "uid": "48e538736e2744db8285e48a8036f0e3",
        "size": 17563,
        "width": 1024,
        "url": "https://media.sketchfab.com/models/6ebf4c16e5cb481282c3cce8f2f11ee9/thumbnails/a34aeaa762504c14b0990f73b3d861d5/0273ef216d7645069f32286d8dc9aa3b.jpeg",
        "height": 576
      },
      {
        "uid": "a136c008d8e04331ba95a3a2bbaaa008",
        "size": 8372,
        "width": 720,
        "url": "https://media.sketchfab.com/models/6ebf4c16e5cb481282c3cce8f2f11ee9/thumbnails/a34aeaa762504c14b0990f73b3d861d5/aabcee7945124c90871dad4007f96783.jpeg",
        "height": 405
      },
      {
        "uid": "c32aaed5f6a44848bd67fb33d22f9339",
        "size": 1743,
        "width": 256,
        "url": "https://media.sketchfab.com/models/6ebf4c16e5cb481282c3cce8f2f11ee9/thumbnails/a34aeaa762504c14b0990f73b3d861d5/526f4cefe3174259acca64526877cdc7.jpeg",
        "height": 144
      },
      {
        "uid": "0e635c61ec6544f8a85a951a113e1cae",
        "size": 507,
        "width": 64,
        "url": "https://media.sketchfab.com/models/6ebf4c16e5cb481282c3cce8f2f11ee9/thumbnails/a34aeaa762504c14b0990f73b3d861d5/0ef8cfd436774cc5898f773951147d4d.jpeg",
        "height": 36
      }
    ]
  },
  "user": {
    "uid": "a973a3da827e48cfaff6172322d36437",
    "username": "RyanS3D",
    "displayName": "RyanS3D",
    "profileUrl": "https://sketchfab.com/RyanS3D",
    "account": "basic",
    "avatar": {
      "uri": "https://api.sketchfab.com/v3/avatars/51af6a870cce449eb75b0345feebaebb",
      "images": [
        {
          "size": 5719,
          "width": 90,
          "url": "https://media.sketchfab.com/avatars/51af6a870cce449eb75b0345feebaebb/2ef0f894055b4bb69123b2a27fa2d379.jpeg",
          "height": 90
        },
        {
          "size": 6496,
          "width": 100,
          "url": "https://media.sketchfab.com/avatars/51af6a870cce449eb75b0345feebaebb/ab11eedf96374486acb544f71a23b165.jpeg",
          "height": 100
        },
        {
          "size": 1359,
          "width": 32,
          "url": "https://media.sketchfab.com/avatars/51af6a870cce449eb75b0345feebaebb/35f6f9b6c9a14a548ce472582d8a9bb5.jpeg",
          "height": 32
        },
        {
          "size": 2584,
          "width": 48,
          "url": "https://media.sketchfab.com/avatars/51af6a870cce449eb75b0345feebaebb/a8072a51447c4d41ab177b357111b420.jpeg",
          "height": 48
        }
      ]
    },
    "uri": "https://api.sketchfab.com/v3/users/a973a3da827e48cfaff6172322d36437"
  },
  "description": "",
  "faceCount": 596,
  "createdAt": "2021-04-04T02:37:22.181454",
  "vertexCount": 289,
  "isAgeRestricted": false,
  "archives": {
    "glb": {
      "textureCount": 0,
      "size": 109168,
      "type": "glb",
      "textureMaxResolution": 0,
      "faceCount": 521,
      "vertexCount": 624
    },
    "gltf": {
      "textureCount": 0,
      "size": 31679,
      "type": "gltf",
      "textureMaxResolution": 0,
      "faceCount": 521,
      "vertexCount": 624
    },
    "source": {
      "textureCount": null,
      "size": 231128,
      "type": "source",
      "textureMaxResolution": null,
      "faceCount": null,
      "vertexCount": null
    },
    "usdz": {
      "textureCount": null,
      "size": 63505,
      "type": "usdz",
      "textureMaxResolution": null,
      "faceCount": null,
      "vertexCount": null
    }
  },
  "license": "by"
}