{
  "uri": "https://api.sketchfab.com/v3/models/6ebf1c9f7bdd4a3591652b3bf91399a4",
  "uid": "6ebf1c9f7bdd4a3591652b3bf91399a4",
  "name": "Glass2",
  "staffpickedAt": null,
  "viewCount": 14,
  "likeCount": 0,
  "animationCount": 0,
  "viewerUrl": "https://sketchfab.com/3d-models/6ebf1c9f7bdd4a3591652b3bf91399a4",
  "embedUrl": "https://sketchfab.com/models/6ebf1c9f7bdd4a3591652b3bf91399a4/embed",
  "commentCount": 0,
  "isDownloadable": true,
  "publishedAt": "2017-10-19T11:01:49.865636",
  "tags": [],
  "categories": [],
  "thumbnails": {
    "images": [
      {
        "uid": "b03590c5ecbd4dda9ffc9d6bf3f1e68a",
        "size": 18333,
        "width": 1024,
        "url": "https://media.sketchfab.com/models/6ebf1c9f7bdd4a3591652b3bf91399a4/thumbnails/d9d422114c0e4fd9a6d40734116f8217/1024x576.jpeg",
        "height": 576
      },
      {
        "uid": "1b37efba08034a82bd28e8b088571147",
        "size": 9697,
        "width": 720,
        "url": "https://media.sketchfab.com/models/6ebf1c9f7bdd4a3591652b3bf91399a4/thumbnails/d9d422114c0e4fd9a6d40734116f8217/720x405.jpeg",
        "height": 405
      },
      {
        "uid": "3fa8ab42fcf747b89cb8b99ac668cb0c",
        "size": 2370,
        "width": 256,
        "url": "https://media.sketchfab.com/models/6ebf1c9f7bdd4a3591652b3bf91399a4/thumbnails/d9d422114c0e4fd9a6d40734116f8217/256x144.jpeg",
        "height": 144
      },
      {
        "uid": "c237aac1176349c5b751099c9eb4b3c7",
        "size": 857,
        "width": 64,
        "url": "https://media.sketchfab.com/models/6ebf1c9f7bdd4a3591652b3bf91399a4/thumbnails/d9d422114c0e4fd9a6d40734116f8217/64x36.jpeg",
        "height": 36
      }
    ]
  },
  "user": {
    "uid": "3de79cf9e89441db81e24828393bbb74",
    "username": "LadyD1ana",
    "displayName": "LadyD1ana",
    "profileUrl": "https://sketchfab.com/LadyD1ana",
    "account": "basic",
    "avatar": {
      "uri": "https://api.sketchfab.com/v3/avatars/78fa317e46024a5283765aa34df5e508",
      "images": [
        {
          "size": 6421,
          "width": 100,
          "url": "https://media.sketchfab.com/avatars/78fa317e46024a5283765aa34df5e508/aec92fe9a74e499c98d759362cd7f02f.jpeg",
          "height": 100
        },
        {
          "size": 2518,
          "width": 48,
          "url": "https://media.sketchfab.com/avatars/78fa317e46024a5283765aa34df5e508/17fa177ffaa344a2b2fc8e78efd40fbb.jpeg",
          "height": 48
        },
        {
          "size": 5653,
          "width": 90,
          "url": "https://media.sketchfab.com/avatars/78fa317e46024a5283765aa34df5e508/02162695bdc840faa3bcb2d418309c5e.jpeg",
          "height": 90
        },
        {
          "size": 1350,
          "width": 32,
          "url": "https://media.sketchfab.com/avatars/78fa317e46024a5283765aa34df5e508/6fde876cbded4cd48d36a76029e3aa02.jpeg",
          "height": 32
        }
      ]
    },
    "uri": "https://api.sketchfab.com/v3/users/3de79cf9e89441db81e24828393bbb74"
  },
  "description": "",
  "faceCount": 12,
  "createdAt": "2017-10-19T10:54:47.458077",
  "vertexCount": 8,
  "isAgeRestricted": false,
  "archives": {
    "glb": {
      "textureCount": 1,
      "size": 3020,
      "type": "glb",
      "textureMaxResolution": 256,
      "faceCount": 12,
      "vertexCount": 24
    },
    "gltf": {
      "textureCount": 1,
      "size": 2054,
      "type": "gltf",
      "textureMaxResolution": 256,
      "faceCount": 12,
      "vertexCount": 24
    },
    "source": {
      "textureCount": null,
      "size": 1837,
      "type": "source",
      "textureMaxResolution": null,
      "faceCount": null,
      "vertexCount": null
    },
    "usdz": {
      "textureCount": null,
      "size": 5875,
      "type": "usdz",
      "textureMaxResolution": null,
      "faceCount": null,
      "vertexCount": null
    }
  },
  "license": "by"
}