{
  "uri": "https://api.sketchfab.com/v3/models/6ec245f2f2ce4b5ea5c247b44d2d3e86",
  "uid": "6ec245f2f2ce4b5ea5c247b44d2d3e86",
  "name": "Batman Arkham City: Two Face",
  "staffpickedAt": null,
  "viewCount": 887,
  "likeCount": 19,
  "animationCount": 0,
  "viewerUrl": "https://sketchfab.com/3d-models/6ec245f2f2ce4b5ea5c247b44d2d3e86",
  "embedUrl": "https://sketchfab.com/models/6ec245f2f2ce4b5ea5c247b44d2d3e86/embed",
  "commentCount": 0,
  "isDownloadable": true,
  "publishedAt": "2021-07-23T19:43:34.537108",
  "tags": [
    {
      "name": "face",
      "slug": "face",
      "uri": "https://api.sketchfab.com/v3/tags/face"
    },
    {
      "name": "and",
      "slug": "and",
      "uri": "https://api.sketchfab.com/v3/tags/and"
    },
    {
      "name": "two",
      "slug": "two",
      "uri": "https://api.sketchfab.com/v3/tags/two"
    },
    {
      "name": "batman",
      "slug": "batman",
      "uri": "https://api.sketchfab.com/v3/tags/batman"
    },
    {
      "name": "for",
      "slug": "for",
      "uri": "https://api.sketchfab.com/v3/tags/for"
    },
    {
      "name": "unreal",
      "slug": "unreal",
      "uri": "https://api.sketchfab.com/v3/tags/unreal"
    },
    {
      "name": "dent",
      "slug": "dent",
      "uri": "https://api.sketchfab.com/v3/tags/dent"
    },
    {
      "name": "arkham",
      "slug": "arkham",
      "uri": "https://api.sketchfab.com/v3/tags/arkham"
    },
    {
      "name": "engine",
      "slug": "engine",
      "uri": "https://api.sketchfab.com/v3/tags/engine"
    },
    {
      "name": "harvey",
      "slug": "harvey",
      "uri": "https://api.sketchfab.com/v3/tags/harvey"
    },
    {
      "name": "bac",
      "slug": "bac",
      "uri": "https://api.sketchfab.com/v3/tags/bac"
    },
    {
      "name": "ue",
      "slug": "ue",
      "uri": "https://api.sketchfab.com/v3/tags/ue"
    },
    {
      "name": "unity",
      "slug": "unity",
      "uri": "https://api.sketchfab.com/v3/tags/unity"
    },
    {
      "name": "3d",
      "slug": "3d",
      "uri": "https://api.sketchfab.com/v3/tags/3d"
    },
    {
      "name": "model",
      "slug": "model",
      "uri": "https://api.sketchfab.com/v3/tags/model"
    },
    {
      "name": "city",
      "slug": "city",
      "uri": "https://api.sketchfab.com/v3/tags/city"
    },
    {
      "name": "free",
      "slug": "free",
      "uri": "https://api.sketchfab.com/v3/tags/free"
    },
    {
      "name": "download",
      "slug": "download",
      "uri": "https://api.sketchfab.com/v3/tags/download"
    }
  ],
  "categories": [
    {
      "name": "characters-creatures"
    }
  ],
  "thumbnails": {
    "images": [
      {
        "uid": "f72c6830ff8e47aca5ab3fed97cdff76",
        "size": 83782,
        "width": 1920,
        "url": "https://media.sketchfab.com/models/6ec245f2f2ce4b5ea5c247b44d2d3e86/thumbnails/f1733b9dee534bbabd7184cebdaf4bb6/8435b86d67914df4a99184ac37f1abeb.jpeg",
        "height": 1080
      },
      {
        "uid": "7c13a83fcf7a46d280a2109887a762d1",
        "size": 27330,
        "width": 1024,
        "url": "https://media.sketchfab.com/models/6ec245f2f2ce4b5ea5c247b44d2d3e86/thumbnails/f1733b9dee534bbabd7184cebdaf4bb6/f83bfa3671a14590b2c188263d944416.jpeg",
        "height": 576
      },
      {
        "uid": "830a84bdb8184a42a6c630b01338307c",
        "size": 16082,
        "width": 720,
        "url": "https://media.sketchfab.com/models/6ec245f2f2ce4b5ea5c247b44d2d3e86/thumbnails/f1733b9dee534bbabd7184cebdaf4bb6/39a6ecf2f0df47e58b7cccac7250e2c6.jpeg",
        "height": 405
      },
      {
        "uid": "bf7f51da02a647f0b26771727d9f0507",
        "size": 3630,
        "width": 256,
        "url": "https://media.sketchfab.com/models/6ec245f2f2ce4b5ea5c247b44d2d3e86/thumbnails/f1733b9dee534bbabd7184cebdaf4bb6/538d598020ab41499444cda2e76a871d.jpeg",
        "height": 144
      },
      {
        "uid": "6eba6bf190df4896b55341fe640b6d5b",
        "size": 1060,
        "width": 64,
        "url": "https://media.sketchfab.com/models/6ec245f2f2ce4b5ea5c247b44d2d3e86/thumbnails/f1733b9dee534bbabd7184cebdaf4bb6/8231cd1ec9fe41578734985213cdb5fa.jpeg",
        "height": 36
      }
    ]
  },
  "user": {
    "uid": "4f3d2fa0e91840a7bd84a9bdbb245b60",
    "username": "EWTube0",
    "displayName": "EWTube0",
    "profileUrl": "https://sketchfab.com/EWTube0",
    "account": "basic",
    "avatar": {
      "uri": "https://api.sketchfab.com/v3/avatars/e12068c53b5749b79bd5f8832f476cc4",
      "images": [
        {
          "size": 1294,
          "width": 32,
          "url": "https://media.sketchfab.com/avatars/e12068c53b5749b79bd5f8832f476cc4/da195bf7f3d6439ea1b49da4b681f7c3.jpeg",
          "height": 32
        },
        {
          "size": 1985,
          "width": 48,
          "url": "https://media.sketchfab.com/avatars/e12068c53b5749b79bd5f8832f476cc4/45977fb340f642159c318c4a0367ea43.jpeg",
          "height": 48
        },
        {
          "size": 4572,
          "width": 90,
          "url": "https://media.sketchfab.com/avatars/e12068c53b5749b79bd5f8832f476cc4/a069aed4c03d4ddb9913ca57c03f6eee.jpeg",
          "height": 90
        },
        {
          "size": 5243,
          "width": 100,
          "url": "https://media.sketchfab.com/avatars/e12068c53b5749b79bd5f8832f476cc4/f8a0e54ac65b47ccb21ecc5996dc285b.jpeg",
          "height": 100
        }
      ]
    },
    "uri": "https://api.sketchfab.com/v3/users/4f3d2fa0e91840a7bd84a9bdbb245b60"
  },
  "description": "Batman Arkham City: Two Face 3D Model free download for Unity and Unreal Engine!!!!!!!!!!!!!!!!!!\n\nMY CODE CREATOR IN FORTNITE: TEAMEW\n\nFIND ME ON YOUTUBE: E.W. amazing games",
  "faceCount": 13883,
  "createdAt": "2021-07-23T19:42:27.911004",
  "vertexCount": 8055,
  "isAgeRestricted": false,
  "archives": {
    "glb": {
      "textureCount": 11,
      "size": 25371760,
      "type": "glb",
      "textureMaxResolution": 2048,
      "faceCount": 13883,
      "vertexCount": 9090
    },
    "gltf": {
      "textureCount": 11,
      "size": 25131426,
      "type": "gltf",
      "textureMaxResolution": 2048,
      "faceCount": 13883,
      "vertexCount": 9090
    },
    "source": {
      "textureCount": null,
      "size": 49705262,
      "type": "source",
      "textureMaxResolution": null,
      "faceCount": null,
      "vertexCount": null
    },
    "usdz": {
      "textureCount": null,
      "size": 10760899,
      "type": "usdz",
      "textureMaxResolution": null,
      "faceCount": null,
      "vertexCount": null
    }
  },
  "license": "by"
}