{
  "uri": "https://api.sketchfab.com/v3/models/6ec5280b4aef40759b38f550ed4beb55",
  "uid": "6ec5280b4aef40759b38f550ed4beb55",
  "name": "LiDAR",
  "staffpickedAt": null,
  "viewCount": 33,
  "likeCount": 1,
  "animationCount": 0,
  "viewerUrl": "https://sketchfab.com/3d-models/6ec5280b4aef40759b38f550ed4beb55",
  "embedUrl": "https://sketchfab.com/models/6ec5280b4aef40759b38f550ed4beb55/embed",
  "commentCount": 0,
  "isDownloadable": true,
  "publishedAt": "2021-05-09T15:53:25.655293",
  "tags": [],
  "categories": [],
  "thumbnails": {
    "images": [
      {
        "uid": "7c4cdcb987a846b297fd010de72a798f",
        "size": 71372,
        "width": 1920,
        "url": "https://media.sketchfab.com/models/6ec5280b4aef40759b38f550ed4beb55/thumbnails/b4ce95da4c154189b13a26fca950cbd3/4f11696e72fd43c28c057250cffeb928.jpeg",
        "height": 1080
      },
      {
        "uid": "3de7bf9f516d403989e933272345e091",
        "size": 22344,
        "width": 1024,
        "url": "https://media.sketchfab.com/models/6ec5280b4aef40759b38f550ed4beb55/thumbnails/b4ce95da4c154189b13a26fca950cbd3/7d4524043fdf4f6488fb0d1da62a973b.jpeg",
        "height": 576
      },
      {
        "uid": "e31d8ec1253c4806bb464a6b271cba4f",
        "size": 12432,
        "width": 720,
        "url": "https://media.sketchfab.com/models/6ec5280b4aef40759b38f550ed4beb55/thumbnails/b4ce95da4c154189b13a26fca950cbd3/5170dcaa1f4146408053f69baddd2651.jpeg",
        "height": 405
      },
      {
        "uid": "2136294d1a364f84a576713029441237",
        "size": 2488,
        "width": 256,
        "url": "https://media.sketchfab.com/models/6ec5280b4aef40759b38f550ed4beb55/thumbnails/b4ce95da4c154189b13a26fca950cbd3/0fea725db9aa498ba0f9e1f2f2359ff9.jpeg",
        "height": 144
      },
      {
        "uid": "28be0d2b503f4414aaf713d7965471d0",
        "size": 822,
        "width": 64,
        "url": "https://media.sketchfab.com/models/6ec5280b4aef40759b38f550ed4beb55/thumbnails/b4ce95da4c154189b13a26fca950cbd3/d52a6e60ab46408d9dc10191b5f4b13c.jpeg",
        "height": 36
      }
    ]
  },
  "user": {
    "uid": "21078bef8e454cb3b062aebc277083d2",
    "username": "kimkauppinen",
    "displayName": "Kim",
    "profileUrl": "https://sketchfab.com/kimkauppinen",
    "account": "basic",
    "avatar": {
      "uri": "https://api.sketchfab.com/v3/avatars/ef199e19c4094bbeb785935a78c49029",
      "images": [
        {
          "size": 564,
          "width": 32,
          "url": "https://media.sketchfab.com/avatars/ef199e19c4094bbeb785935a78c49029/a5baf91213124ee48212e0bf56ab5569.jpeg",
          "height": 32
        },
        {
          "size": 820,
          "width": 48,
          "url": "https://media.sketchfab.com/avatars/ef199e19c4094bbeb785935a78c49029/4d9c4bc69548444a88b17e844d1298d6.jpeg",
          "height": 48
        },
        {
          "size": 1886,
          "width": 90,
          "url": "https://media.sketchfab.com/avatars/ef199e19c4094bbeb785935a78c49029/45c89553bed84de9aa10f8b6ad5dad4a.jpeg",
          "height": 90
        },
        {
          "size": 2272,
          "width": 100,
          "url": "https://media.sketchfab.com/avatars/ef199e19c4094bbeb785935a78c49029/a44714d08e3e41c6978372fb5f39f0ab.jpeg",
          "height": 100
        }
      ]
    },
    "uri": "https://api.sketchfab.com/v3/users/21078bef8e454cb3b062aebc277083d2"
  },
  "description": "📍 [Jyväskylä, Keski-Suomi](https://scaniver.se/L62.24069,25.72830)",
  "faceCount": 1096533,
  "createdAt": "2021-05-09T15:52:04.334565",
  "vertexCount": 556679,
  "isAgeRestricted": false,
  "archives": {
    "glb": {
      "textureCount": 1,
      "size": 54916940,
      "type": "glb",
      "textureMaxResolution": 8192,
      "faceCount": 1095661,
      "vertexCount": 600780
    },
    "gltf": {
      "textureCount": 1,
      "size": 38712190,
      "type": "gltf",
      "textureMaxResolution": 8192,
      "faceCount": 1095661,
      "vertexCount": 600780
    },
    "source": {
      "textureCount": null,
      "size": 49296042,
      "type": "source",
      "textureMaxResolution": null,
      "faceCount": null,
      "vertexCount": null
    },
    "usdz": {
      "textureCount": null,
      "size": 25271746,
      "type": "usdz",
      "textureMaxResolution": null,
      "faceCount": null,
      "vertexCount": null
    }
  },
  "license": "by-nc-sa"
}