{
  "uri": "https://api.sketchfab.com/v3/models/6ec50e871c094b4da10cdba2c937e54d",
  "uid": "6ec50e871c094b4da10cdba2c937e54d",
  "name": "Childhood neighbourhood",
  "staffpickedAt": null,
  "viewCount": 41,
  "likeCount": 1,
  "animationCount": 0,
  "viewerUrl": "https://sketchfab.com/3d-models/6ec50e871c094b4da10cdba2c937e54d",
  "embedUrl": "https://sketchfab.com/models/6ec50e871c094b4da10cdba2c937e54d/embed",
  "commentCount": 0,
  "isDownloadable": true,
  "publishedAt": "2021-06-03T18:53:17.743332",
  "tags": [
    {
      "name": "mapping",
      "slug": "mapping",
      "uri": "https://api.sketchfab.com/v3/tags/mapping"
    },
    {
      "name": "metashape",
      "slug": "metashape",
      "uri": "https://api.sketchfab.com/v3/tags/metashape"
    },
    {
      "name": "building",
      "slug": "building",
      "uri": "https://api.sketchfab.com/v3/tags/building"
    },
    {
      "name": "mavicair2",
      "slug": "mavicair2",
      "uri": "https://api.sketchfab.com/v3/tags/mavicair2"
    }
  ],
  "categories": [
    {
      "name": "places-travel"
    }
  ],
  "thumbnails": {
    "images": [
      {
        "uid": "b0ec1e8a6854412dba031c4cff35a5d8",
        "size": 301557,
        "width": 1920,
        "url": "https://media.sketchfab.com/models/6ec50e871c094b4da10cdba2c937e54d/thumbnails/338c082d0a5545a78227b795bb54372b/f5ef5b04d43a48ac9e02ef1dee2fd98f.jpeg",
        "height": 1080
      },
      {
        "uid": "ecc9d46c8daa465b8f3f1458914bda92",
        "size": 94414,
        "width": 1024,
        "url": "https://media.sketchfab.com/models/6ec50e871c094b4da10cdba2c937e54d/thumbnails/338c082d0a5545a78227b795bb54372b/2774d066f3c64489aba079167a2ec6c4.jpeg",
        "height": 576
      },
      {
        "uid": "0ef495a1afaa4700b8c964a1ae686fac",
        "size": 52682,
        "width": 720,
        "url": "https://media.sketchfab.com/models/6ec50e871c094b4da10cdba2c937e54d/thumbnails/338c082d0a5545a78227b795bb54372b/a287432d86514704a19afc3921069f66.jpeg",
        "height": 405
      },
      {
        "uid": "71e3ad243c824c82980f5d0148b588aa",
        "size": 8973,
        "width": 256,
        "url": "https://media.sketchfab.com/models/6ec50e871c094b4da10cdba2c937e54d/thumbnails/338c082d0a5545a78227b795bb54372b/33fed1b25b0d48c18ef5615049996f20.jpeg",
        "height": 144
      },
      {
        "uid": "87f7ff6666c441a6a4fdb22e338bae5c",
        "size": 1209,
        "width": 64,
        "url": "https://media.sketchfab.com/models/6ec50e871c094b4da10cdba2c937e54d/thumbnails/338c082d0a5545a78227b795bb54372b/ae140878ba32421fbc9837b81ce8036c.jpeg",
        "height": 36
      }
    ]
  },
  "user": {
    "uid": "7503717ce47b48a1963bbbec7d9215b2",
    "username": "bumbeishvili",
    "displayName": "bumbeishvili",
    "profileUrl": "https://sketchfab.com/bumbeishvili",
    "account": "basic",
    "avatar": {
      "uri": "https://api.sketchfab.com/v3/avatars/d33fb156704243ba9b45dc4861471182",
      "images": [
        {
          "size": 2445,
          "width": 32,
          "url": "https://media.sketchfab.com/avatars/d33fb156704243ba9b45dc4861471182/55f47876606942a0ad1b17c815eb4e94.png",
          "height": 32
        },
        {
          "size": 5000,
          "width": 48,
          "url": "https://media.sketchfab.com/avatars/d33fb156704243ba9b45dc4861471182/9e4b178f022647ea9dc730d739651623.png",
          "height": 48
        },
        {
          "size": 15273,
          "width": 90,
          "url": "https://media.sketchfab.com/avatars/d33fb156704243ba9b45dc4861471182/c3aa277a0ec04a91b5dba72a7f6e37ef.png",
          "height": 90
        },
        {
          "size": 18356,
          "width": 100,
          "url": "https://media.sketchfab.com/avatars/d33fb156704243ba9b45dc4861471182/e4b69f9ccf864e458f45b8d04ead02ef.png",
          "height": 100
        }
      ]
    },
    "uri": "https://api.sketchfab.com/v3/users/7503717ce47b48a1963bbbec7d9215b2"
  },
  "description": "Just a neighbourhood  from my childhood. Processed with metashape, photos taken using mavic air 2 drone.",
  "faceCount": 3431718,
  "createdAt": "2021-06-03T18:42:36.071004",
  "vertexCount": 1719043,
  "isAgeRestricted": false,
  "archives": {
    "glb": {
      "textureCount": 1,
      "size": 113498740,
      "type": "glb",
      "textureMaxResolution": 4096,
      "faceCount": 3431716,
      "vertexCount": 1998217
    },
    "gltf": {
      "textureCount": 1,
      "size": 72212228,
      "type": "gltf",
      "textureMaxResolution": 4096,
      "faceCount": 3431716,
      "vertexCount": 1998217
    },
    "source": {
      "textureCount": null,
      "size": 62267557,
      "type": "source",
      "textureMaxResolution": null,
      "faceCount": null,
      "vertexCount": null
    },
    "usdz": {
      "textureCount": null,
      "size": 82687039,
      "type": "usdz",
      "textureMaxResolution": null,
      "faceCount": null,
      "vertexCount": null
    }
  },
  "license": "by"
}