{
  "uri": "https://api.sketchfab.com/v3/models/6ed16b11a0db433d8d5c38ea29f6d76f",
  "uid": "6ed16b11a0db433d8d5c38ea29f6d76f",
  "name": "Untitled Scan",
  "staffpickedAt": null,
  "viewCount": 54,
  "likeCount": 0,
  "animationCount": 0,
  "viewerUrl": "https://sketchfab.com/3d-models/6ed16b11a0db433d8d5c38ea29f6d76f",
  "embedUrl": "https://sketchfab.com/models/6ed16b11a0db433d8d5c38ea29f6d76f/embed",
  "commentCount": 0,
  "isDownloadable": true,
  "publishedAt": "2021-09-24T19:25:58.717386",
  "tags": [
    {
      "name": "3dscannerapp",
      "slug": "3dscannerapp",
      "uri": "https://api.sketchfab.com/v3/tags/3dscannerapp"
    }
  ],
  "categories": [],
  "thumbnails": {
    "images": [
      {
        "uid": "d572fbc0adf74096a8b30bdf39eaee87",
        "size": 80676,
        "width": 1920,
        "url": "https://media.sketchfab.com/models/6ed16b11a0db433d8d5c38ea29f6d76f/thumbnails/852ed7a9acf6478eb759bed3d3699adc/9e9d596f49a344dc921be93b08d4abdd.jpeg",
        "height": 1080
      },
      {
        "uid": "92e81a21d1534bd5a46a0be26b0cca52",
        "size": 26523,
        "width": 1024,
        "url": "https://media.sketchfab.com/models/6ed16b11a0db433d8d5c38ea29f6d76f/thumbnails/852ed7a9acf6478eb759bed3d3699adc/997de6dbbb2f490cbd841763243568d8.jpeg",
        "height": 576
      },
      {
        "uid": "3637546436ee43f0929a5f4d444d8be4",
        "size": 15255,
        "width": 720,
        "url": "https://media.sketchfab.com/models/6ed16b11a0db433d8d5c38ea29f6d76f/thumbnails/852ed7a9acf6478eb759bed3d3699adc/73f978facce84005ac9f1d9d745441bc.jpeg",
        "height": 405
      },
      {
        "uid": "7569bd469eb84dbea7992d70ba5d711b",
        "size": 3197,
        "width": 256,
        "url": "https://media.sketchfab.com/models/6ed16b11a0db433d8d5c38ea29f6d76f/thumbnails/852ed7a9acf6478eb759bed3d3699adc/b53cbfcd17044a57899bb76050c3254f.jpeg",
        "height": 144
      },
      {
        "uid": "3ea68be2beb347e78a170408dd53c6f3",
        "size": 924,
        "width": 64,
        "url": "https://media.sketchfab.com/models/6ed16b11a0db433d8d5c38ea29f6d76f/thumbnails/852ed7a9acf6478eb759bed3d3699adc/b41a9766f7454d83b9b5e89028e80411.jpeg",
        "height": 36
      }
    ]
  },
  "user": {
    "uid": "61b14007b50f47bcbaa2fd621696757a",
    "username": "richardlaing",
    "displayName": "Richard Laing",
    "profileUrl": "https://sketchfab.com/richardlaing",
    "account": "pro",
    "avatar": {
      "uri": "https://api.sketchfab.com/v3/avatars/78fa317e46024a5283765aa34df5e508",
      "images": [
        {
          "size": 6421,
          "width": 100,
          "url": "https://media.sketchfab.com/avatars/78fa317e46024a5283765aa34df5e508/aec92fe9a74e499c98d759362cd7f02f.jpeg",
          "height": 100
        },
        {
          "size": 2518,
          "width": 48,
          "url": "https://media.sketchfab.com/avatars/78fa317e46024a5283765aa34df5e508/17fa177ffaa344a2b2fc8e78efd40fbb.jpeg",
          "height": 48
        },
        {
          "size": 5653,
          "width": 90,
          "url": "https://media.sketchfab.com/avatars/78fa317e46024a5283765aa34df5e508/02162695bdc840faa3bcb2d418309c5e.jpeg",
          "height": 90
        },
        {
          "size": 1350,
          "width": 32,
          "url": "https://media.sketchfab.com/avatars/78fa317e46024a5283765aa34df5e508/6fde876cbded4cd48d36a76029e3aa02.jpeg",
          "height": 32
        }
      ]
    },
    "uri": "https://api.sketchfab.com/v3/users/61b14007b50f47bcbaa2fd621696757a"
  },
  "description": "Uploaded with 3dScannerApp.com",
  "faceCount": 601070,
  "createdAt": "2021-09-24T19:20:52.340366",
  "vertexCount": 313981,
  "isAgeRestricted": false,
  "archives": {
    "glb": {
      "textureCount": 1,
      "size": 30803100,
      "type": "glb",
      "textureMaxResolution": 8192,
      "faceCount": 599763,
      "vertexCount": 382222
    },
    "gltf": {
      "textureCount": 1,
      "size": 20811894,
      "type": "gltf",
      "textureMaxResolution": 8192,
      "faceCount": 599763,
      "vertexCount": 382222
    },
    "source": {
      "textureCount": null,
      "size": 20282393,
      "type": "source",
      "textureMaxResolution": null,
      "faceCount": null,
      "vertexCount": null
    },
    "usdz": {
      "textureCount": null,
      "size": 16017700,
      "type": "usdz",
      "textureMaxResolution": null,
      "faceCount": null,
      "vertexCount": null
    }
  },
  "license": "by"
}