{
  "uri": "https://api.sketchfab.com/v3/models/6ed95fc5fbcd409c92688a0dfdf6fcdb",
  "uid": "6ed95fc5fbcd409c92688a0dfdf6fcdb",
  "name": "Y3_S2_Christo_Saifa_TextureModel",
  "staffpickedAt": null,
  "viewCount": 1,
  "likeCount": 0,
  "animationCount": 0,
  "viewerUrl": "https://sketchfab.com/3d-models/6ed95fc5fbcd409c92688a0dfdf6fcdb",
  "embedUrl": "https://sketchfab.com/models/6ed95fc5fbcd409c92688a0dfdf6fcdb/embed",
  "commentCount": 0,
  "isDownloadable": true,
  "publishedAt": "2021-05-03T00:51:00.729521",
  "tags": [
    {
      "name": "inda",
      "slug": "inda",
      "uri": "https://api.sketchfab.com/v3/tags/inda"
    },
    {
      "name": "christo",
      "slug": "christo",
      "uri": "https://api.sketchfab.com/v3/tags/christo"
    },
    {
      "name": "texturemodel",
      "slug": "texturemodel",
      "uri": "https://api.sketchfab.com/v3/tags/texturemodel"
    },
    {
      "name": "saifa",
      "slug": "saifa",
      "uri": "https://api.sketchfab.com/v3/tags/saifa"
    },
    {
      "name": "saifasathaporn",
      "slug": "saifasathaporn",
      "uri": "https://api.sketchfab.com/v3/tags/saifasathaporn"
    },
    {
      "name": "year3",
      "slug": "year3",
      "uri": "https://api.sketchfab.com/v3/tags/year3"
    }
  ],
  "categories": [
    {
      "name": "architecture"
    }
  ],
  "thumbnails": {
    "images": [
      {
        "uid": "f039bcb68a2548f98c9bb2657d28f6c8",
        "size": 20984,
        "width": 1920,
        "url": "https://media.sketchfab.com/models/6ed95fc5fbcd409c92688a0dfdf6fcdb/thumbnails/dfe737ab64464c709930a823e6041b9a/5f945f4de28946a1961192dac7e0e385.jpeg",
        "height": 1080
      },
      {
        "uid": "6809ebfb805f469f9fb654da3312d034",
        "size": 7802,
        "width": 1024,
        "url": "https://media.sketchfab.com/models/6ed95fc5fbcd409c92688a0dfdf6fcdb/thumbnails/dfe737ab64464c709930a823e6041b9a/51ddb3e59f3745c69c53618290c71d23.jpeg",
        "height": 576
      },
      {
        "uid": "9c2ad089be89479daabb6db7cad54743",
        "size": 4680,
        "width": 720,
        "url": "https://media.sketchfab.com/models/6ed95fc5fbcd409c92688a0dfdf6fcdb/thumbnails/dfe737ab64464c709930a823e6041b9a/16f34ab9e6f74f81a8ac4b50b89dc4cb.jpeg",
        "height": 405
      },
      {
        "uid": "bb7f1456ddf94feeab1697f6ccddf290",
        "size": 1264,
        "width": 256,
        "url": "https://media.sketchfab.com/models/6ed95fc5fbcd409c92688a0dfdf6fcdb/thumbnails/dfe737ab64464c709930a823e6041b9a/52082306e3404b5ba49088cc38c2e3ab.jpeg",
        "height": 144
      },
      {
        "uid": "10897aafaacd48a88c3815ccbaf9c4f4",
        "size": 465,
        "width": 64,
        "url": "https://media.sketchfab.com/models/6ed95fc5fbcd409c92688a0dfdf6fcdb/thumbnails/dfe737ab64464c709930a823e6041b9a/4af6054eb745468bbebb36fcba9a9bb1.jpeg",
        "height": 36
      }
    ]
  },
  "user": {
    "uid": "a9d0b242b1774a1c9972839b32b43d1b",
    "username": "saifa.sathaporn",
    "displayName": "saifa.sathaporn",
    "profileUrl": "https://sketchfab.com/saifa.sathaporn",
    "account": "basic",
    "avatar": {
      "uri": "https://api.sketchfab.com/v3/avatars/78fa317e46024a5283765aa34df5e508",
      "images": [
        {
          "size": 6421,
          "width": 100,
          "url": "https://media.sketchfab.com/avatars/78fa317e46024a5283765aa34df5e508/aec92fe9a74e499c98d759362cd7f02f.jpeg",
          "height": 100
        },
        {
          "size": 2518,
          "width": 48,
          "url": "https://media.sketchfab.com/avatars/78fa317e46024a5283765aa34df5e508/17fa177ffaa344a2b2fc8e78efd40fbb.jpeg",
          "height": 48
        },
        {
          "size": 5653,
          "width": 90,
          "url": "https://media.sketchfab.com/avatars/78fa317e46024a5283765aa34df5e508/02162695bdc840faa3bcb2d418309c5e.jpeg",
          "height": 90
        },
        {
          "size": 1350,
          "width": 32,
          "url": "https://media.sketchfab.com/avatars/78fa317e46024a5283765aa34df5e508/6fde876cbded4cd48d36a76029e3aa02.jpeg",
          "height": 32
        }
      ]
    },
    "uri": "https://api.sketchfab.com/v3/users/a9d0b242b1774a1c9972839b32b43d1b"
  },
  "description": "",
  "faceCount": 1008,
  "createdAt": "2021-05-03T00:50:08.011443",
  "vertexCount": 518,
  "isAgeRestricted": false,
  "archives": {
    "glb": {
      "textureCount": 0,
      "size": 146792,
      "type": "glb",
      "textureMaxResolution": 0,
      "faceCount": 1008,
      "vertexCount": 1110
    },
    "gltf": {
      "textureCount": 0,
      "size": 16985,
      "type": "gltf",
      "textureMaxResolution": 0,
      "faceCount": 1008,
      "vertexCount": 1110
    },
    "source": {
      "textureCount": null,
      "size": 51535873,
      "type": "source",
      "textureMaxResolution": null,
      "faceCount": null,
      "vertexCount": null
    },
    "usdz": {
      "textureCount": null,
      "size": 28311,
      "type": "usdz",
      "textureMaxResolution": null,
      "faceCount": null,
      "vertexCount": null
    }
  },
  "license": "by"
}