{
  "uri": "https://api.sketchfab.com/v3/models/6edcc1ba283b408480b99121e02d1cfd",
  "uid": "6edcc1ba283b408480b99121e02d1cfd",
  "name": "Capoeira",
  "staffpickedAt": null,
  "viewCount": 29,
  "likeCount": 0,
  "animationCount": 1,
  "viewerUrl": "https://sketchfab.com/3d-models/6edcc1ba283b408480b99121e02d1cfd",
  "embedUrl": "https://sketchfab.com/models/6edcc1ba283b408480b99121e02d1cfd/embed",
  "commentCount": 0,
  "isDownloadable": true,
  "publishedAt": "2019-03-05T13:15:17.013418",
  "tags": [],
  "categories": [],
  "thumbnails": {
    "images": [
      {
        "uid": "1769854644d445e590ee77674ca4952c",
        "size": 44040,
        "width": 1920,
        "url": "https://media.sketchfab.com/models/6edcc1ba283b408480b99121e02d1cfd/thumbnails/f11eedd2a8164697acccba6116086306/f0120c3bcc814e7693be6560980071e5.jpeg",
        "height": 1080
      },
      {
        "uid": "d0d8ae072dec421d800cd87afdebbe93",
        "size": 15642,
        "width": 1024,
        "url": "https://media.sketchfab.com/models/6edcc1ba283b408480b99121e02d1cfd/thumbnails/f11eedd2a8164697acccba6116086306/be7d4fd736014a388f1d35292bfa1d65.jpeg",
        "height": 576
      },
      {
        "uid": "779fa750240a46d7b333fa5dfc3aff03",
        "size": 9582,
        "width": 720,
        "url": "https://media.sketchfab.com/models/6edcc1ba283b408480b99121e02d1cfd/thumbnails/f11eedd2a8164697acccba6116086306/28651c1e34bc4a50a2ea5e78dfb0033a.jpeg",
        "height": 405
      },
      {
        "uid": "45d0faea2e12485ca9690c803314d258",
        "size": 2254,
        "width": 256,
        "url": "https://media.sketchfab.com/models/6edcc1ba283b408480b99121e02d1cfd/thumbnails/f11eedd2a8164697acccba6116086306/3e2f674c166a4a4aad3e9072dbfa9374.jpeg",
        "height": 144
      },
      {
        "uid": "2aa46a61ff0540dd8e7ce43068184fd5",
        "size": 601,
        "width": 64,
        "url": "https://media.sketchfab.com/models/6edcc1ba283b408480b99121e02d1cfd/thumbnails/f11eedd2a8164697acccba6116086306/12adf75a551e4950acfbe40a6b416087.jpeg",
        "height": 36
      }
    ]
  },
  "user": {
    "uid": "f5bd980c986e4f418ca1e2bd0282d5f2",
    "username": "yougopoly",
    "displayName": "yougopoly",
    "profileUrl": "https://sketchfab.com/yougopoly",
    "account": "basic",
    "avatar": {
      "uri": "https://api.sketchfab.com/v3/avatars/51af6a870cce449eb75b0345feebaebb",
      "images": [
        {
          "size": 5719,
          "width": 90,
          "url": "https://media.sketchfab.com/avatars/51af6a870cce449eb75b0345feebaebb/2ef0f894055b4bb69123b2a27fa2d379.jpeg",
          "height": 90
        },
        {
          "size": 6496,
          "width": 100,
          "url": "https://media.sketchfab.com/avatars/51af6a870cce449eb75b0345feebaebb/ab11eedf96374486acb544f71a23b165.jpeg",
          "height": 100
        },
        {
          "size": 1359,
          "width": 32,
          "url": "https://media.sketchfab.com/avatars/51af6a870cce449eb75b0345feebaebb/35f6f9b6c9a14a548ce472582d8a9bb5.jpeg",
          "height": 32
        },
        {
          "size": 2584,
          "width": 48,
          "url": "https://media.sketchfab.com/avatars/51af6a870cce449eb75b0345feebaebb/a8072a51447c4d41ab177b357111b420.jpeg",
          "height": 48
        }
      ]
    },
    "uri": "https://api.sketchfab.com/v3/users/f5bd980c986e4f418ca1e2bd0282d5f2"
  },
  "description": "",
  "faceCount": 8181,
  "createdAt": "2019-03-04T18:31:41.654269",
  "vertexCount": 4224,
  "isAgeRestricted": false,
  "archives": {
    "glb": {
      "textureCount": 4,
      "size": 6804536,
      "type": "glb",
      "textureMaxResolution": 2048,
      "faceCount": 8181,
      "vertexCount": 5021
    },
    "gltf": {
      "textureCount": 4,
      "size": 6392864,
      "type": "gltf",
      "textureMaxResolution": 2048,
      "faceCount": 8181,
      "vertexCount": 5021
    },
    "source": {
      "textureCount": null,
      "size": 11144690,
      "type": "source",
      "textureMaxResolution": null,
      "faceCount": null,
      "vertexCount": null
    },
    "usdz": {
      "textureCount": null,
      "size": 4372845,
      "type": "usdz",
      "textureMaxResolution": null,
      "faceCount": null,
      "vertexCount": null
    }
  },
  "license": "by"
}