{
  "uri": "https://api.sketchfab.com/v3/models/6edce1594559431aa880d0ede32592e4",
  "uid": "6edce1594559431aa880d0ede32592e4",
  "name": "Stylized Graveyard Cube Decoration",
  "staffpickedAt": null,
  "viewCount": 31,
  "likeCount": 2,
  "animationCount": 0,
  "viewerUrl": "https://sketchfab.com/3d-models/6edce1594559431aa880d0ede32592e4",
  "embedUrl": "https://sketchfab.com/models/6edce1594559431aa880d0ede32592e4/embed",
  "commentCount": 0,
  "isDownloadable": true,
  "publishedAt": "2021-08-22T17:25:13.495528",
  "tags": [
    {
      "name": "cube",
      "slug": "cube",
      "uri": "https://api.sketchfab.com/v3/tags/cube"
    },
    {
      "name": "graveyard",
      "slug": "graveyard",
      "uri": "https://api.sketchfab.com/v3/tags/graveyard"
    },
    {
      "name": "substancepainter",
      "slug": "substancepainter",
      "uri": "https://api.sketchfab.com/v3/tags/substancepainter"
    },
    {
      "name": "substance",
      "slug": "substance",
      "uri": "https://api.sketchfab.com/v3/tags/substance"
    },
    {
      "name": "blender",
      "slug": "blender",
      "uri": "https://api.sketchfab.com/v3/tags/blender"
    },
    {
      "name": "blender3d",
      "slug": "blender3d",
      "uri": "https://api.sketchfab.com/v3/tags/blender3d"
    },
    {
      "name": "zbrush",
      "slug": "zbrush",
      "uri": "https://api.sketchfab.com/v3/tags/zbrush"
    },
    {
      "name": "stylized",
      "slug": "stylized",
      "uri": "https://api.sketchfab.com/v3/tags/stylized"
    },
    {
      "name": "decoration",
      "slug": "decoration",
      "uri": "https://api.sketchfab.com/v3/tags/decoration"
    }
  ],
  "categories": [
    {
      "name": "furniture-home"
    }
  ],
  "thumbnails": {
    "images": [
      {
        "uid": "b3b616ca4ec84880b1f819d109c1b584",
        "size": 111628,
        "width": 1920,
        "url": "https://media.sketchfab.com/models/6edce1594559431aa880d0ede32592e4/thumbnails/633de0ad0cf94ba489e9300796c2d3dd/3792f91e0f384c2986880345f6410834.jpeg",
        "height": 1080
      },
      {
        "uid": "d2fd6c18458b4b4bb66c473e682e05c9",
        "size": 35158,
        "width": 1024,
        "url": "https://media.sketchfab.com/models/6edce1594559431aa880d0ede32592e4/thumbnails/633de0ad0cf94ba489e9300796c2d3dd/e79908b75fb7491b966c09a4b2c68f71.jpeg",
        "height": 576
      },
      {
        "uid": "1401e29e748e4079a8ed0eb3a686bae3",
        "size": 19936,
        "width": 720,
        "url": "https://media.sketchfab.com/models/6edce1594559431aa880d0ede32592e4/thumbnails/633de0ad0cf94ba489e9300796c2d3dd/e4ace8f604354a66aea90eb1a6b7273c.jpeg",
        "height": 405
      },
      {
        "uid": "3bfde1a220664b97abe4f10080f83982",
        "size": 4252,
        "width": 256,
        "url": "https://media.sketchfab.com/models/6edce1594559431aa880d0ede32592e4/thumbnails/633de0ad0cf94ba489e9300796c2d3dd/842ec70d01ff487091a477b3dc5baa82.jpeg",
        "height": 144
      },
      {
        "uid": "378c6ecacb4042f3933ead386dcb572a",
        "size": 1069,
        "width": 64,
        "url": "https://media.sketchfab.com/models/6edce1594559431aa880d0ede32592e4/thumbnails/633de0ad0cf94ba489e9300796c2d3dd/ed26c4db950544b597369cd794cb3ce1.jpeg",
        "height": 36
      }
    ]
  },
  "user": {
    "uid": "98794163ac5245ad956dbf9131266913",
    "username": "MarcRojas",
    "displayName": "MarcRojas",
    "profileUrl": "https://sketchfab.com/MarcRojas",
    "account": "basic",
    "avatar": {
      "uri": "https://api.sketchfab.com/v3/avatars/bbb44330331441b8973c99b6ad8aad5c",
      "images": [
        {
          "size": 3497,
          "width": 32,
          "url": "https://media.sketchfab.com/avatars/bbb44330331441b8973c99b6ad8aad5c/081b4c6754364918b19bc17fb99aa845.png",
          "height": 32
        },
        {
          "size": 4100,
          "width": 48,
          "url": "https://media.sketchfab.com/avatars/bbb44330331441b8973c99b6ad8aad5c/435bb33db60d413c9cb3afcbaaf684fd.png",
          "height": 48
        },
        {
          "size": 5925,
          "width": 90,
          "url": "https://media.sketchfab.com/avatars/bbb44330331441b8973c99b6ad8aad5c/0b0e29ffca5444b283b3180e3cb2dfaa.png",
          "height": 90
        },
        {
          "size": 6425,
          "width": 100,
          "url": "https://media.sketchfab.com/avatars/bbb44330331441b8973c99b6ad8aad5c/085020f4f47344de9f1792858dae0cf4.png",
          "height": 100
        }
      ]
    },
    "uri": "https://api.sketchfab.com/v3/users/98794163ac5245ad956dbf9131266913"
  },
  "description": "Another asset for the graveyard asset pack I’m working on.\n\nAll done with blender, Zbrush and substance painter.",
  "faceCount": 1280,
  "createdAt": "2021-08-22T17:19:50.936893",
  "vertexCount": 793,
  "isAgeRestricted": false,
  "archives": {
    "glb": {
      "textureCount": 3,
      "size": 5118088,
      "type": "glb",
      "textureMaxResolution": 2048,
      "faceCount": 1280,
      "vertexCount": 2063
    },
    "gltf": {
      "textureCount": 3,
      "size": 5010743,
      "type": "gltf",
      "textureMaxResolution": 2048,
      "faceCount": 1280,
      "vertexCount": 2063
    },
    "source": {
      "textureCount": null,
      "size": 5759132,
      "type": "source",
      "textureMaxResolution": null,
      "faceCount": null,
      "vertexCount": null
    },
    "usdz": {
      "textureCount": null,
      "size": 3253549,
      "type": "usdz",
      "textureMaxResolution": null,
      "faceCount": null,
      "vertexCount": null
    }
  },
  "license": "by"
}