{
  "uri": "https://api.sketchfab.com/v3/models/6edddeec4f0648e880834605480460c6",
  "uid": "6edddeec4f0648e880834605480460c6",
  "name": "New folder",
  "staffpickedAt": null,
  "viewCount": 68,
  "likeCount": 0,
  "animationCount": 0,
  "viewerUrl": "https://sketchfab.com/3d-models/6edddeec4f0648e880834605480460c6",
  "embedUrl": "https://sketchfab.com/models/6edddeec4f0648e880834605480460c6/embed",
  "commentCount": 0,
  "isDownloadable": true,
  "publishedAt": "2020-10-21T10:23:50.193143",
  "tags": [],
  "categories": [],
  "thumbnails": {
    "images": [
      {
        "uid": "6b7b17c58fb84e2581afe9940390bab4",
        "size": 30626,
        "width": 1920,
        "url": "https://media.sketchfab.com/models/6edddeec4f0648e880834605480460c6/thumbnails/30fc23228bdc477e8601eabfd9c70fd7/5dbc4f9b79234814a95c056d4187e2ad.jpeg",
        "height": 1080
      },
      {
        "uid": "18d4feb853c94964bd617eeea68fcc01",
        "size": 11475,
        "width": 1024,
        "url": "https://media.sketchfab.com/models/6edddeec4f0648e880834605480460c6/thumbnails/30fc23228bdc477e8601eabfd9c70fd7/85773a55ea7a49b5a91bd4d2a09f4236.jpeg",
        "height": 576
      },
      {
        "uid": "64d1771fd6a84941b93908d25df94f1e",
        "size": 6876,
        "width": 720,
        "url": "https://media.sketchfab.com/models/6edddeec4f0648e880834605480460c6/thumbnails/30fc23228bdc477e8601eabfd9c70fd7/03f54fd46699479d890212e01aaa4e57.jpeg",
        "height": 405
      },
      {
        "uid": "0ebf8bf02c2c46cb83205634d49791f2",
        "size": 1890,
        "width": 256,
        "url": "https://media.sketchfab.com/models/6edddeec4f0648e880834605480460c6/thumbnails/30fc23228bdc477e8601eabfd9c70fd7/8d41aceb08724c30b9991e3dc3522439.jpeg",
        "height": 144
      },
      {
        "uid": "2b38a2a2fc884b8c888780fec1392e45",
        "size": 582,
        "width": 64,
        "url": "https://media.sketchfab.com/models/6edddeec4f0648e880834605480460c6/thumbnails/30fc23228bdc477e8601eabfd9c70fd7/c42856a7674141008d51daec96c461d9.jpeg",
        "height": 36
      }
    ]
  },
  "user": {
    "uid": "d3dd21344df845d4bd372431d3592509",
    "username": "Kennu",
    "displayName": "Kennu",
    "profileUrl": "https://sketchfab.com/Kennu",
    "account": "basic",
    "avatar": {
      "uri": "https://api.sketchfab.com/v3/avatars/78fa317e46024a5283765aa34df5e508",
      "images": [
        {
          "size": 6421,
          "width": 100,
          "url": "https://media.sketchfab.com/avatars/78fa317e46024a5283765aa34df5e508/aec92fe9a74e499c98d759362cd7f02f.jpeg",
          "height": 100
        },
        {
          "size": 2518,
          "width": 48,
          "url": "https://media.sketchfab.com/avatars/78fa317e46024a5283765aa34df5e508/17fa177ffaa344a2b2fc8e78efd40fbb.jpeg",
          "height": 48
        },
        {
          "size": 5653,
          "width": 90,
          "url": "https://media.sketchfab.com/avatars/78fa317e46024a5283765aa34df5e508/02162695bdc840faa3bcb2d418309c5e.jpeg",
          "height": 90
        },
        {
          "size": 1350,
          "width": 32,
          "url": "https://media.sketchfab.com/avatars/78fa317e46024a5283765aa34df5e508/6fde876cbded4cd48d36a76029e3aa02.jpeg",
          "height": 32
        }
      ]
    },
    "uri": "https://api.sketchfab.com/v3/users/d3dd21344df845d4bd372431d3592509"
  },
  "description": "",
  "faceCount": 283408,
  "createdAt": "2020-10-21T10:13:08.176301",
  "vertexCount": 125275,
  "isAgeRestricted": false,
  "archives": {
    "glb": {
      "textureCount": 0,
      "size": 13856628,
      "type": "glb",
      "textureMaxResolution": 0,
      "faceCount": 282206,
      "vertexCount": 261660
    },
    "gltf": {
      "textureCount": 0,
      "size": 1538988,
      "type": "gltf",
      "textureMaxResolution": 0,
      "faceCount": 282206,
      "vertexCount": 261660
    },
    "source": {
      "textureCount": null,
      "size": 3838344,
      "type": "source",
      "textureMaxResolution": null,
      "faceCount": null,
      "vertexCount": null
    },
    "usdz": {
      "textureCount": null,
      "size": 6578266,
      "type": "usdz",
      "textureMaxResolution": null,
      "faceCount": null,
      "vertexCount": null
    }
  },
  "license": "by"
}