{
  "uri": "https://api.sketchfab.com/v3/models/6ee02191247d4ef480299d3954c161a9",
  "uid": "6ee02191247d4ef480299d3954c161a9",
  "name": "Raaaaat",
  "staffpickedAt": null,
  "viewCount": 4,
  "likeCount": 0,
  "animationCount": 0,
  "viewerUrl": "https://sketchfab.com/3d-models/6ee02191247d4ef480299d3954c161a9",
  "embedUrl": "https://sketchfab.com/models/6ee02191247d4ef480299d3954c161a9/embed",
  "commentCount": 0,
  "isDownloadable": true,
  "publishedAt": "2022-05-11T23:38:21.569237",
  "tags": [],
  "categories": [
    {
      "name": "animals-pets"
    },
    {
      "name": "art-abstract"
    }
  ],
  "thumbnails": {
    "images": [
      {
        "uid": "10bd5378bb634091b11f8400a548702f",
        "size": 50362,
        "width": 1920,
        "url": "https://media.sketchfab.com/models/6ee02191247d4ef480299d3954c161a9/thumbnails/ebb5949b1433465cac9ab19718e5abe8/656ff1361a884ffc90d150567c7bd877.jpeg",
        "height": 1080
      },
      {
        "uid": "b8e7fc52f0064bfaa3660141983b2cbf",
        "size": 16396,
        "width": 1024,
        "url": "https://media.sketchfab.com/models/6ee02191247d4ef480299d3954c161a9/thumbnails/ebb5949b1433465cac9ab19718e5abe8/a90349a01d7b4e39a09c59d04bc5328e.jpeg",
        "height": 576
      },
      {
        "uid": "afcad1b3085144c99682929a9f5b96cc",
        "size": 9433,
        "width": 720,
        "url": "https://media.sketchfab.com/models/6ee02191247d4ef480299d3954c161a9/thumbnails/ebb5949b1433465cac9ab19718e5abe8/6b1f241195dc46f3830fb72277b34ec5.jpeg",
        "height": 405
      },
      {
        "uid": "365607439481485a9fe4da31a8edcddf",
        "size": 2163,
        "width": 256,
        "url": "https://media.sketchfab.com/models/6ee02191247d4ef480299d3954c161a9/thumbnails/ebb5949b1433465cac9ab19718e5abe8/23464fdf1c2d4866a90dc05a2683df57.jpeg",
        "height": 144
      },
      {
        "uid": "274f65f0482047e7a40b76d2d1f1aed7",
        "size": 835,
        "width": 64,
        "url": "https://media.sketchfab.com/models/6ee02191247d4ef480299d3954c161a9/thumbnails/ebb5949b1433465cac9ab19718e5abe8/879599fe025841b48e83eabdeaec0c07.jpeg",
        "height": 36
      }
    ]
  },
  "user": {
    "uid": "86bcec6a62d54f90bdc9b832f5bdd094",
    "username": "fleshyfriends123",
    "displayName": "Dolan",
    "profileUrl": "https://sketchfab.com/fleshyfriends123",
    "account": "basic",
    "avatar": {
      "uri": "https://api.sketchfab.com/v3/avatars/d0932aeeed1d4d9eb7acdf0d46cc8709",
      "images": [
        {
          "size": 1158,
          "width": 32,
          "url": "https://media.sketchfab.com/avatars/d0932aeeed1d4d9eb7acdf0d46cc8709/e1b0f2fc57184662a0995d1be23f0bd9.jpeg",
          "height": 32
        },
        {
          "size": 1710,
          "width": 48,
          "url": "https://media.sketchfab.com/avatars/d0932aeeed1d4d9eb7acdf0d46cc8709/b2ed0181909644918ad88822bf2ad161.jpeg",
          "height": 48
        },
        {
          "size": 4196,
          "width": 90,
          "url": "https://media.sketchfab.com/avatars/d0932aeeed1d4d9eb7acdf0d46cc8709/de5cce8e36954b52a12e48dc4ba6a7bb.jpeg",
          "height": 90
        },
        {
          "size": 4895,
          "width": 100,
          "url": "https://media.sketchfab.com/avatars/d0932aeeed1d4d9eb7acdf0d46cc8709/ec6c3c3608c440bbb07532b87b6037af.jpeg",
          "height": 100
        }
      ]
    },
    "uri": "https://api.sketchfab.com/v3/users/86bcec6a62d54f90bdc9b832f5bdd094"
  },
  "description": "its just a little rat lol. meant to look like the ps1 style horror stuff that was getting really popular recently.",
  "faceCount": 76,
  "createdAt": "2022-05-11T23:35:40.722925",
  "vertexCount": 44,
  "isAgeRestricted": false,
  "archives": {
    "glb": {
      "textureCount": 1,
      "size": 80144,
      "type": "glb",
      "textureMaxResolution": 256,
      "faceCount": 76,
      "vertexCount": 152
    },
    "gltf": {
      "textureCount": 1,
      "size": 75947,
      "type": "gltf",
      "textureMaxResolution": 256,
      "faceCount": 76,
      "vertexCount": 152
    },
    "source": {
      "textureCount": null,
      "size": 86548,
      "type": "source",
      "textureMaxResolution": null,
      "faceCount": null,
      "vertexCount": null
    },
    "usdz": {
      "textureCount": null,
      "size": 23928,
      "type": "usdz",
      "textureMaxResolution": null,
      "faceCount": null,
      "vertexCount": null
    }
  },
  "license": "by"
}