{
  "uri": "https://api.sketchfab.com/v3/models/6ee3643c8e8d4c64925e0ea4ec27d11b",
  "uid": "6ee3643c8e8d4c64925e0ea4ec27d11b",
  "name": "GB9aSRS",
  "staffpickedAt": null,
  "viewCount": 12,
  "likeCount": 0,
  "animationCount": 0,
  "viewerUrl": "https://sketchfab.com/3d-models/6ee3643c8e8d4c64925e0ea4ec27d11b",
  "embedUrl": "https://sketchfab.com/models/6ee3643c8e8d4c64925e0ea4ec27d11b/embed",
  "commentCount": 0,
  "isDownloadable": true,
  "publishedAt": "2020-05-29T09:48:22.323264",
  "tags": [
    {
      "name": "stair",
      "slug": "stair",
      "uri": "https://api.sketchfab.com/v3/tags/stair"
    },
    {
      "name": "staircase",
      "slug": "staircase",
      "uri": "https://api.sketchfab.com/v3/tags/staircase"
    },
    {
      "name": "staircon",
      "slug": "staircon",
      "uri": "https://api.sketchfab.com/v3/tags/staircon"
    }
  ],
  "categories": [],
  "thumbnails": {
    "images": [
      {
        "uid": "88b632172cee4507b6837ee8439ddcc5",
        "size": 85853,
        "width": 1920,
        "url": "https://media.sketchfab.com/models/6ee3643c8e8d4c64925e0ea4ec27d11b/thumbnails/37b80b59e6b041eb95cce24fb8506b17/a454e4a80e4a4bccb2218629743c4fe5.jpeg",
        "height": 1080
      },
      {
        "uid": "df076e20ac5646b09fee51114e8ed14c",
        "size": 26058,
        "width": 1024,
        "url": "https://media.sketchfab.com/models/6ee3643c8e8d4c64925e0ea4ec27d11b/thumbnails/37b80b59e6b041eb95cce24fb8506b17/b06f9bd713c84225908a47e1a9f9f699.jpeg",
        "height": 576
      },
      {
        "uid": "e95d5f5f761e4b45bdc4f9d1c993e326",
        "size": 14041,
        "width": 720,
        "url": "https://media.sketchfab.com/models/6ee3643c8e8d4c64925e0ea4ec27d11b/thumbnails/37b80b59e6b041eb95cce24fb8506b17/a862ed5d9a764312bb99769a03911dfa.jpeg",
        "height": 405
      },
      {
        "uid": "7e688791c55742389c88b578b9f6aca7",
        "size": 2451,
        "width": 256,
        "url": "https://media.sketchfab.com/models/6ee3643c8e8d4c64925e0ea4ec27d11b/thumbnails/37b80b59e6b041eb95cce24fb8506b17/c7b4002ae46e49d59b8373842ddd0b14.jpeg",
        "height": 144
      },
      {
        "uid": "9b7ad99f62794312847de32421b77ee2",
        "size": 510,
        "width": 64,
        "url": "https://media.sketchfab.com/models/6ee3643c8e8d4c64925e0ea4ec27d11b/thumbnails/37b80b59e6b041eb95cce24fb8506b17/15bb95fb57a44b0d936d07eab4354a98.jpeg",
        "height": 36
      }
    ]
  },
  "user": {
    "uid": "d8b51b953c984874a7ec00ca591af042",
    "username": "paul7732",
    "displayName": "Excel Stairs Ltd",
    "profileUrl": "https://sketchfab.com/paul7732",
    "account": "pro",
    "avatar": {
      "uri": "https://api.sketchfab.com/v3/avatars/eee34b95422246e79c58edc9d8732fc0",
      "images": [
        {
          "size": 727,
          "width": 32,
          "url": "https://media.sketchfab.com/avatars/eee34b95422246e79c58edc9d8732fc0/df67064dede5474d930ceee952d62ea9.jpeg",
          "height": 32
        },
        {
          "size": 1168,
          "width": 48,
          "url": "https://media.sketchfab.com/avatars/eee34b95422246e79c58edc9d8732fc0/697049e3e52e41298204eeb00d03941b.jpeg",
          "height": 48
        },
        {
          "size": 2844,
          "width": 90,
          "url": "https://media.sketchfab.com/avatars/eee34b95422246e79c58edc9d8732fc0/edc0effeb6474f14a579d3b9ef8f886d.jpeg",
          "height": 90
        },
        {
          "size": 3376,
          "width": 100,
          "url": "https://media.sketchfab.com/avatars/eee34b95422246e79c58edc9d8732fc0/fe57bcfc75eb45e4b47b08170a47bd96.jpeg",
          "height": 100
        }
      ]
    },
    "uri": "https://api.sketchfab.com/v3/users/d8b51b953c984874a7ec00ca591af042"
  },
  "description": "http://staircon.com/ <br>Export by <b>Excel Stairs Ltd</b> (lic 6268)",
  "faceCount": 4823,
  "createdAt": "2020-05-29T09:44:55.292969",
  "vertexCount": 2342,
  "isAgeRestricted": false,
  "archives": {
    "glb": {
      "textureCount": 4,
      "size": 551924,
      "type": "glb",
      "textureMaxResolution": 1024,
      "faceCount": 4464,
      "vertexCount": 5726
    },
    "gltf": {
      "textureCount": 4,
      "size": 371562,
      "type": "gltf",
      "textureMaxResolution": 1024,
      "faceCount": 4464,
      "vertexCount": 5726
    },
    "source": {
      "textureCount": null,
      "size": 408841,
      "type": "source",
      "textureMaxResolution": null,
      "faceCount": null,
      "vertexCount": null
    },
    "usdz": {
      "textureCount": null,
      "size": 498509,
      "type": "usdz",
      "textureMaxResolution": null,
      "faceCount": null,
      "vertexCount": null
    }
  },
  "license": "by"
}