{
  "uri": "https://api.sketchfab.com/v3/models/6ee6d4b187e34a7788328f54e7c6c8db",
  "uid": "6ee6d4b187e34a7788328f54e7c6c8db",
  "name": "Cafe Sign-renovado",
  "staffpickedAt": null,
  "viewCount": 2,
  "likeCount": 0,
  "animationCount": 0,
  "viewerUrl": "https://sketchfab.com/3d-models/6ee6d4b187e34a7788328f54e7c6c8db",
  "embedUrl": "https://sketchfab.com/models/6ee6d4b187e34a7788328f54e7c6c8db/embed",
  "commentCount": 0,
  "isDownloadable": true,
  "publishedAt": "2022-08-10T15:19:46.300201",
  "tags": [],
  "categories": [
    {
      "name": "architecture"
    }
  ],
  "thumbnails": {
    "images": [
      {
        "uid": "96f53b9f0f704a358616cdb64ff1b5cd",
        "size": 40501,
        "width": 1920,
        "url": "https://media.sketchfab.com/models/6ee6d4b187e34a7788328f54e7c6c8db/thumbnails/afbdfd3d856d4caf88269e5b3170e5fd/473e46d765e443e48bcd1b433ca9e1a3.jpeg",
        "height": 1080
      },
      {
        "uid": "e4d590a0dafa4397b1593d2b622b2fa3",
        "size": 12688,
        "width": 1024,
        "url": "https://media.sketchfab.com/models/6ee6d4b187e34a7788328f54e7c6c8db/thumbnails/afbdfd3d856d4caf88269e5b3170e5fd/7f05e7bc3bce4e45a8a76fc98d045026.jpeg",
        "height": 576
      },
      {
        "uid": "0d9ffcf4b79e4e7cb7682a6199eefc68",
        "size": 7119,
        "width": 720,
        "url": "https://media.sketchfab.com/models/6ee6d4b187e34a7788328f54e7c6c8db/thumbnails/afbdfd3d856d4caf88269e5b3170e5fd/c6ccd1a8240b4ddca2d79e9ea51267bd.jpeg",
        "height": 405
      },
      {
        "uid": "49ef1f35a6644f5b88fe3fe9118a6109",
        "size": 1768,
        "width": 256,
        "url": "https://media.sketchfab.com/models/6ee6d4b187e34a7788328f54e7c6c8db/thumbnails/afbdfd3d856d4caf88269e5b3170e5fd/b098888bd19243eb978e237084547df5.jpeg",
        "height": 144
      },
      {
        "uid": "7dce3a388d6a4e1eb6f9411c008a1a33",
        "size": 810,
        "width": 64,
        "url": "https://media.sketchfab.com/models/6ee6d4b187e34a7788328f54e7c6c8db/thumbnails/afbdfd3d856d4caf88269e5b3170e5fd/47be7c45eab6435c9c03980ddd9ab2a0.jpeg",
        "height": 36
      }
    ]
  },
  "user": {
    "uid": "0fec284f74834d1da3be0acde6b0e45d",
    "username": "pastelitosrantan",
    "displayName": "pastelitosrantan",
    "profileUrl": "https://sketchfab.com/pastelitosrantan",
    "account": "basic",
    "avatar": {
      "uri": "https://api.sketchfab.com/v3/avatars/51af6a870cce449eb75b0345feebaebb",
      "images": [
        {
          "size": 5719,
          "width": 90,
          "url": "https://media.sketchfab.com/avatars/51af6a870cce449eb75b0345feebaebb/2ef0f894055b4bb69123b2a27fa2d379.jpeg",
          "height": 90
        },
        {
          "size": 6496,
          "width": 100,
          "url": "https://media.sketchfab.com/avatars/51af6a870cce449eb75b0345feebaebb/ab11eedf96374486acb544f71a23b165.jpeg",
          "height": 100
        },
        {
          "size": 1359,
          "width": 32,
          "url": "https://media.sketchfab.com/avatars/51af6a870cce449eb75b0345feebaebb/35f6f9b6c9a14a548ce472582d8a9bb5.jpeg",
          "height": 32
        },
        {
          "size": 2584,
          "width": 48,
          "url": "https://media.sketchfab.com/avatars/51af6a870cce449eb75b0345feebaebb/a8072a51447c4d41ab177b357111b420.jpeg",
          "height": 48
        }
      ]
    },
    "uri": "https://api.sketchfab.com/v3/users/0fec284f74834d1da3be0acde6b0e45d"
  },
  "description": "Letrero de Cafe",
  "faceCount": 467,
  "createdAt": "2022-08-10T15:18:48.649132",
  "vertexCount": 320,
  "isAgeRestricted": false,
  "archives": {
    "glb": {
      "textureCount": 4,
      "size": 1791128,
      "type": "glb",
      "textureMaxResolution": 1024,
      "faceCount": 467,
      "vertexCount": 687
    },
    "gltf": {
      "textureCount": 4,
      "size": 1713264,
      "type": "gltf",
      "textureMaxResolution": 1024,
      "faceCount": 467,
      "vertexCount": 687
    },
    "source": {
      "textureCount": null,
      "size": 3340610,
      "type": "source",
      "textureMaxResolution": null,
      "faceCount": null,
      "vertexCount": null
    },
    "usdz": {
      "textureCount": null,
      "size": 743365,
      "type": "usdz",
      "textureMaxResolution": null,
      "faceCount": null,
      "vertexCount": null
    }
  },
  "license": "by"
}