{
  "uri": "https://api.sketchfab.com/v3/models/6ee88b48d0fb4e8f8224ebb285d27c38",
  "uid": "6ee88b48d0fb4e8f8224ebb285d27c38",
  "name": "21",
  "staffpickedAt": null,
  "viewCount": 2,
  "likeCount": 0,
  "animationCount": 0,
  "viewerUrl": "https://sketchfab.com/3d-models/6ee88b48d0fb4e8f8224ebb285d27c38",
  "embedUrl": "https://sketchfab.com/models/6ee88b48d0fb4e8f8224ebb285d27c38/embed",
  "commentCount": 0,
  "isDownloadable": true,
  "publishedAt": "2022-02-08T00:04:32.499665",
  "tags": [],
  "categories": [],
  "thumbnails": {
    "images": [
      {
        "uid": "8eaab1e93b374c78abd864608e01a885",
        "size": 69748,
        "width": 1920,
        "url": "https://media.sketchfab.com/models/6ee88b48d0fb4e8f8224ebb285d27c38/thumbnails/d3b401d023b049489ed3ac6b0fc8ae77/06cc13e5ce1e4a2b8167718e513e1bbc.jpeg",
        "height": 1080
      },
      {
        "uid": "d5d060f613cd42ec82755786ebdc49d2",
        "size": 26723,
        "width": 1024,
        "url": "https://media.sketchfab.com/models/6ee88b48d0fb4e8f8224ebb285d27c38/thumbnails/d3b401d023b049489ed3ac6b0fc8ae77/6857875fb29f4d1aadec5fb30292dd62.jpeg",
        "height": 576
      },
      {
        "uid": "dba6da2782c6408694582d2e071040f9",
        "size": 16218,
        "width": 720,
        "url": "https://media.sketchfab.com/models/6ee88b48d0fb4e8f8224ebb285d27c38/thumbnails/d3b401d023b049489ed3ac6b0fc8ae77/88e3d5ce951b4a009de739ec402aba6c.jpeg",
        "height": 405
      },
      {
        "uid": "9db1a457bc6b4306a3a59a2172ffa1b5",
        "size": 4079,
        "width": 256,
        "url": "https://media.sketchfab.com/models/6ee88b48d0fb4e8f8224ebb285d27c38/thumbnails/d3b401d023b049489ed3ac6b0fc8ae77/b838ead9bbd94edd9899a8c77ff7c3a0.jpeg",
        "height": 144
      },
      {
        "uid": "d55d9df9ef804c7ba380d130a028cc66",
        "size": 1023,
        "width": 64,
        "url": "https://media.sketchfab.com/models/6ee88b48d0fb4e8f8224ebb285d27c38/thumbnails/d3b401d023b049489ed3ac6b0fc8ae77/ff6d6960a68b4dbbbf6b0581398254ec.jpeg",
        "height": 36
      }
    ]
  },
  "user": {
    "uid": "8b6fc26c5258453a9a52b70c425d1748",
    "username": "AlejandraHD",
    "displayName": "AlejandraHD",
    "profileUrl": "https://sketchfab.com/AlejandraHD",
    "account": "basic",
    "avatar": {
      "uri": "https://api.sketchfab.com/v3/avatars/124b89c1cd30458c8e741abfdcafa50c",
      "images": [
        {
          "size": 643,
          "width": 32,
          "url": "https://media.sketchfab.com/avatars/124b89c1cd30458c8e741abfdcafa50c/e0cc3fff3cb04559b3b3549a14990062.jpeg",
          "height": 32
        },
        {
          "size": 663,
          "width": 48,
          "url": "https://media.sketchfab.com/avatars/124b89c1cd30458c8e741abfdcafa50c/42e669f71a7d444b909f09cb4a804da1.jpeg",
          "height": 48
        },
        {
          "size": 771,
          "width": 90,
          "url": "https://media.sketchfab.com/avatars/124b89c1cd30458c8e741abfdcafa50c/671e659cd0114a22a07b26b5a75683e4.jpeg",
          "height": 90
        },
        {
          "size": 823,
          "width": 100,
          "url": "https://media.sketchfab.com/avatars/124b89c1cd30458c8e741abfdcafa50c/2d1aaddf536e423f9da505831a5f6ae3.jpeg",
          "height": 100
        }
      ]
    },
    "uri": "https://api.sketchfab.com/v3/users/8b6fc26c5258453a9a52b70c425d1748"
  },
  "description": "By tecytic is licensed under Creative Commons Attribution",
  "faceCount": 56,
  "createdAt": "2022-02-08T00:03:50.494298",
  "vertexCount": 80,
  "isAgeRestricted": false,
  "archives": {
    "glb": {
      "textureCount": 2,
      "size": 10820,
      "type": "glb",
      "textureMaxResolution": 64,
      "faceCount": 52,
      "vertexCount": 112
    },
    "gltf": {
      "textureCount": 2,
      "size": 3733,
      "type": "gltf",
      "textureMaxResolution": 64,
      "faceCount": 52,
      "vertexCount": 112
    },
    "source": {
      "textureCount": null,
      "size": 6015,
      "type": "source",
      "textureMaxResolution": null,
      "faceCount": null,
      "vertexCount": null
    },
    "usdz": {
      "textureCount": null,
      "size": 12223,
      "type": "usdz",
      "textureMaxResolution": null,
      "faceCount": null,
      "vertexCount": null
    }
  },
  "license": "by"
}