{
  "uri": "https://api.sketchfab.com/v3/models/6ee91b64774847df9063d91359b1a2a3",
  "uid": "6ee91b64774847df9063d91359b1a2a3",
  "name": "Beholder by u/polygraf sculpt",
  "staffpickedAt": null,
  "viewCount": 98,
  "likeCount": 2,
  "animationCount": 0,
  "viewerUrl": "https://sketchfab.com/3d-models/6ee91b64774847df9063d91359b1a2a3",
  "embedUrl": "https://sketchfab.com/models/6ee91b64774847df9063d91359b1a2a3/embed",
  "commentCount": 0,
  "isDownloadable": true,
  "publishedAt": "2020-09-03T19:33:54.423389",
  "tags": [
    {
      "name": "beholder",
      "slug": "beholder",
      "uri": "https://api.sketchfab.com/v3/tags/beholder"
    },
    {
      "name": "dungeons-and-dragons",
      "slug": "dungeons-and-dragons",
      "uri": "https://api.sketchfab.com/v3/tags/dungeons-and-dragons"
    }
  ],
  "categories": [
    {
      "name": "characters-creatures"
    }
  ],
  "thumbnails": {
    "images": [
      {
        "uid": "8f9995356d4340649b49389c861a161c",
        "size": 238205,
        "width": 1920,
        "url": "https://media.sketchfab.com/models/6ee91b64774847df9063d91359b1a2a3/thumbnails/71dc56b973904a33a79087b514492a5b/b6e65c858f9d41bb96bf349d267e4ca0.jpeg",
        "height": 1080
      },
      {
        "uid": "0b3875875cd84401b4acb4620aa20d5f",
        "size": 64868,
        "width": 1024,
        "url": "https://media.sketchfab.com/models/6ee91b64774847df9063d91359b1a2a3/thumbnails/71dc56b973904a33a79087b514492a5b/f0b0fa89501b46da90dd8dc8258756c3.jpeg",
        "height": 576
      },
      {
        "uid": "673ff16c9e3c422a9517ed39e479377d",
        "size": 30274,
        "width": 720,
        "url": "https://media.sketchfab.com/models/6ee91b64774847df9063d91359b1a2a3/thumbnails/71dc56b973904a33a79087b514492a5b/ec827f3d3e564383807020f3ead47186.jpeg",
        "height": 405
      },
      {
        "uid": "bed1b330ef604b47a8d99c25444d8c86",
        "size": 4160,
        "width": 256,
        "url": "https://media.sketchfab.com/models/6ee91b64774847df9063d91359b1a2a3/thumbnails/71dc56b973904a33a79087b514492a5b/23450bcaa85b4b9e926424872bc379cf.jpeg",
        "height": 144
      },
      {
        "uid": "6434e59153944ddc97d7c829b1bb71b0",
        "size": 686,
        "width": 64,
        "url": "https://media.sketchfab.com/models/6ee91b64774847df9063d91359b1a2a3/thumbnails/71dc56b973904a33a79087b514492a5b/cd93047dd4de4d4dbee66fe7cf5dff1f.jpeg",
        "height": 36
      }
    ]
  },
  "user": {
    "uid": "f5a03ba4becb455c8e03be31bf3d93dd",
    "username": "goblinomicon",
    "displayName": "goblinomicon",
    "profileUrl": "https://sketchfab.com/goblinomicon",
    "account": "pro",
    "avatar": {
      "uri": "https://api.sketchfab.com/v3/avatars/51af6a870cce449eb75b0345feebaebb",
      "images": [
        {
          "size": 5719,
          "width": 90,
          "url": "https://media.sketchfab.com/avatars/51af6a870cce449eb75b0345feebaebb/2ef0f894055b4bb69123b2a27fa2d379.jpeg",
          "height": 90
        },
        {
          "size": 6496,
          "width": 100,
          "url": "https://media.sketchfab.com/avatars/51af6a870cce449eb75b0345feebaebb/ab11eedf96374486acb544f71a23b165.jpeg",
          "height": 100
        },
        {
          "size": 1359,
          "width": 32,
          "url": "https://media.sketchfab.com/avatars/51af6a870cce449eb75b0345feebaebb/35f6f9b6c9a14a548ce472582d8a9bb5.jpeg",
          "height": 32
        },
        {
          "size": 2584,
          "width": 48,
          "url": "https://media.sketchfab.com/avatars/51af6a870cce449eb75b0345feebaebb/a8072a51447c4d41ab177b357111b420.jpeg",
          "height": 48
        }
      ]
    },
    "uri": "https://api.sketchfab.com/v3/users/f5a03ba4becb455c8e03be31bf3d93dd"
  },
  "description": "Sculpt based off of a design by by [u/polygraf](https://www.reddit.com/r/characterdrawing/comments/cy97ve/oc_a_different_take_on_the_beholder/) on reddit for 3D printing",
  "faceCount": 1853462,
  "createdAt": "2020-09-03T19:27:11.614081",
  "vertexCount": 926731,
  "isAgeRestricted": false,
  "archives": {
    "glb": {
      "textureCount": 0,
      "size": 53073256,
      "type": "glb",
      "textureMaxResolution": 0,
      "faceCount": 1853462,
      "vertexCount": 1284045
    },
    "gltf": {
      "textureCount": 0,
      "size": 33505102,
      "type": "gltf",
      "textureMaxResolution": 0,
      "faceCount": 1853462,
      "vertexCount": 1284045
    },
    "source": {
      "textureCount": null,
      "size": 75373827,
      "type": "source",
      "textureMaxResolution": null,
      "faceCount": null,
      "vertexCount": null
    },
    "usdz": {
      "textureCount": null,
      "size": 35660802,
      "type": "usdz",
      "textureMaxResolution": null,
      "faceCount": null,
      "vertexCount": null
    }
  },
  "license": "by"
}