{
  "uri": "https://api.sketchfab.com/v3/models/6eeaa347434748eaa381ad6618b709f8",
  "uid": "6eeaa347434748eaa381ad6618b709f8",
  "name": "Светильник 2369-3P Favourite",
  "staffpickedAt": null,
  "viewCount": 4,
  "likeCount": 0,
  "animationCount": 0,
  "viewerUrl": "https://sketchfab.com/3d-models/6eeaa347434748eaa381ad6618b709f8",
  "embedUrl": "https://sketchfab.com/models/6eeaa347434748eaa381ad6618b709f8/embed",
  "commentCount": 0,
  "isDownloadable": true,
  "publishedAt": "2020-05-27T05:41:39.542629",
  "tags": [
    {
      "name": "lamp",
      "slug": "lamp",
      "uri": "https://api.sketchfab.com/v3/tags/lamp"
    }
  ],
  "categories": [
    {
      "name": "furniture-home"
    }
  ],
  "thumbnails": {
    "images": [
      {
        "uid": "9578db494f2d402ab09d6db7a4a7a9de",
        "size": 46170,
        "width": 1920,
        "url": "https://media.sketchfab.com/models/6eeaa347434748eaa381ad6618b709f8/thumbnails/85579e8b57334c4999efa03fff42f93a/f6600c9e507342998373242dd27b8435.jpeg",
        "height": 1080
      },
      {
        "uid": "0cf745cc33634e3da4addff888fcdf77",
        "size": 15041,
        "width": 1024,
        "url": "https://media.sketchfab.com/models/6eeaa347434748eaa381ad6618b709f8/thumbnails/85579e8b57334c4999efa03fff42f93a/e7fdcf1f430544e7bd62205a9df1c9e5.jpeg",
        "height": 576
      },
      {
        "uid": "6a1b2728aea74e2ea11709ff3c762bed",
        "size": 8265,
        "width": 720,
        "url": "https://media.sketchfab.com/models/6eeaa347434748eaa381ad6618b709f8/thumbnails/85579e8b57334c4999efa03fff42f93a/6f831d3ec6d94e1ca85f7dacd8f7dd14.jpeg",
        "height": 405
      },
      {
        "uid": "aef4058b3bb942189fa1027790af3bb5",
        "size": 1327,
        "width": 256,
        "url": "https://media.sketchfab.com/models/6eeaa347434748eaa381ad6618b709f8/thumbnails/85579e8b57334c4999efa03fff42f93a/41782f060a194793b59edd9d443691b5.jpeg",
        "height": 144
      },
      {
        "uid": "178361a72099433bb01ec1b98609923d",
        "size": 392,
        "width": 64,
        "url": "https://media.sketchfab.com/models/6eeaa347434748eaa381ad6618b709f8/thumbnails/85579e8b57334c4999efa03fff42f93a/bdf9ba9f07064582bef8fdaaeb56d23f.jpeg",
        "height": 36
      }
    ]
  },
  "user": {
    "uid": "3a44be237d75401982ae2d54f1ddbbc2",
    "username": "fedomo",
    "displayName": "fedomo.ru",
    "profileUrl": "https://sketchfab.com/fedomo",
    "account": "basic",
    "avatar": {
      "uri": "https://api.sketchfab.com/v3/avatars/2a5bb38ced1649d7bc2a8fcaa0ff3631",
      "images": [
        {
          "size": 554,
          "width": 32,
          "url": "https://media.sketchfab.com/avatars/2a5bb38ced1649d7bc2a8fcaa0ff3631/ef6b7fa9a9cd4cedbaa795cf4892747a.jpeg",
          "height": 32
        },
        {
          "size": 692,
          "width": 48,
          "url": "https://media.sketchfab.com/avatars/2a5bb38ced1649d7bc2a8fcaa0ff3631/032f860f918c4ab087ac882935f6f0f4.jpeg",
          "height": 48
        },
        {
          "size": 1311,
          "width": 90,
          "url": "https://media.sketchfab.com/avatars/2a5bb38ced1649d7bc2a8fcaa0ff3631/1e0070abec8646a68fae9653353fe7b6.jpeg",
          "height": 90
        },
        {
          "size": 1548,
          "width": 100,
          "url": "https://media.sketchfab.com/avatars/2a5bb38ced1649d7bc2a8fcaa0ff3631/b89d112f3905460baf1840c7911a2a92.jpeg",
          "height": 100
        }
      ]
    },
    "uri": "https://api.sketchfab.com/v3/users/3a44be237d75401982ae2d54f1ddbbc2"
  },
  "description": "[Подвесной светильник черный G9 Favourite Margarita 2369-3P\n](https://www.fedomo.ru/product/podvesnoy-svetilnik-margarita-2369-3p_315499/\n)<br>Больше товаров на fedomo.ru",
  "faceCount": 27512,
  "createdAt": "2020-05-27T03:17:21.385635",
  "vertexCount": 23019,
  "isAgeRestricted": false,
  "archives": {
    "glb": {
      "textureCount": 0,
      "size": 1235116,
      "type": "glb",
      "textureMaxResolution": 0,
      "faceCount": 27512,
      "vertexCount": 28151
    },
    "gltf": {
      "textureCount": 0,
      "size": 438058,
      "type": "gltf",
      "textureMaxResolution": 0,
      "faceCount": 27512,
      "vertexCount": 28151
    },
    "source": {
      "textureCount": null,
      "size": 2247362,
      "type": "source",
      "textureMaxResolution": null,
      "faceCount": null,
      "vertexCount": null
    },
    "usdz": {
      "textureCount": null,
      "size": 687814,
      "type": "usdz",
      "textureMaxResolution": null,
      "faceCount": null,
      "vertexCount": null
    }
  },
  "license": "by"
}