{
  "uri": "https://api.sketchfab.com/v3/models/6efbc52181554ee6b33b6e2fee802946",
  "uid": "6efbc52181554ee6b33b6e2fee802946",
  "name": "banana",
  "staffpickedAt": null,
  "viewCount": 11,
  "likeCount": 2,
  "animationCount": 0,
  "viewerUrl": "https://sketchfab.com/3d-models/6efbc52181554ee6b33b6e2fee802946",
  "embedUrl": "https://sketchfab.com/models/6efbc52181554ee6b33b6e2fee802946/embed",
  "commentCount": 0,
  "isDownloadable": true,
  "publishedAt": "2020-12-07T18:36:06.054161",
  "tags": [],
  "categories": [
    {
      "name": "food-drink"
    }
  ],
  "thumbnails": {
    "images": [
      {
        "uid": "a2be899f253c4ed7abb4b3bb1d6eb316",
        "size": 25843,
        "width": 1920,
        "url": "https://media.sketchfab.com/models/6efbc52181554ee6b33b6e2fee802946/thumbnails/28a60a1e5dbc44018acecab910280a69/51056a7580794343ba09a92eff7eef14.jpeg",
        "height": 1080
      },
      {
        "uid": "a92b0ced7c0c40cf980c5ae18db1dafc",
        "size": 9417,
        "width": 1024,
        "url": "https://media.sketchfab.com/models/6efbc52181554ee6b33b6e2fee802946/thumbnails/28a60a1e5dbc44018acecab910280a69/4f6dbb84473a48ce8e69fa2b4f709542.jpeg",
        "height": 576
      },
      {
        "uid": "f409255d84f247c387cb8c346d6f5de4",
        "size": 5761,
        "width": 720,
        "url": "https://media.sketchfab.com/models/6efbc52181554ee6b33b6e2fee802946/thumbnails/28a60a1e5dbc44018acecab910280a69/db59d58935b54b8597701658245833f6.jpeg",
        "height": 405
      },
      {
        "uid": "4d87edfdcd1d4693847f1f3e4efce9ee",
        "size": 1643,
        "width": 256,
        "url": "https://media.sketchfab.com/models/6efbc52181554ee6b33b6e2fee802946/thumbnails/28a60a1e5dbc44018acecab910280a69/1600eafde7a4416190d54faf7007523b.jpeg",
        "height": 144
      },
      {
        "uid": "73ba8833dc394452ba42f1f383233b9c",
        "size": 528,
        "width": 64,
        "url": "https://media.sketchfab.com/models/6efbc52181554ee6b33b6e2fee802946/thumbnails/28a60a1e5dbc44018acecab910280a69/bbb6dcd8712e4d31b252ef80556909a8.jpeg",
        "height": 36
      }
    ]
  },
  "user": {
    "uid": "1491546608fe4cedbc6908e5e1330133",
    "username": "odedfaivel",
    "displayName": "odedfaivel",
    "profileUrl": "https://sketchfab.com/odedfaivel",
    "account": "basic",
    "avatar": {
      "uri": "https://api.sketchfab.com/v3/avatars/5a5c93ce38eb4c1fbad4d609814cfddb",
      "images": [
        {
          "size": 2062,
          "width": 32,
          "url": "https://media.sketchfab.com/avatars/5a5c93ce38eb4c1fbad4d609814cfddb/6085e8c9d8f743dcb5a81d11ee47560c.png",
          "height": 32
        },
        {
          "size": 3278,
          "width": 48,
          "url": "https://media.sketchfab.com/avatars/5a5c93ce38eb4c1fbad4d609814cfddb/275e889eb1684409812b1bdcb735bbb0.png",
          "height": 48
        },
        {
          "size": 6043,
          "width": 90,
          "url": "https://media.sketchfab.com/avatars/5a5c93ce38eb4c1fbad4d609814cfddb/9261c06fe1ab45fe9201fe5e273009e0.png",
          "height": 90
        },
        {
          "size": 6647,
          "width": 100,
          "url": "https://media.sketchfab.com/avatars/5a5c93ce38eb4c1fbad4d609814cfddb/ef6daa3a88004dd093caf0e2ffc8c91f.png",
          "height": 100
        }
      ]
    },
    "uri": "https://api.sketchfab.com/v3/users/1491546608fe4cedbc6908e5e1330133"
  },
  "description": "strange banana",
  "faceCount": 20684,
  "createdAt": "2020-12-07T18:34:13.476791",
  "vertexCount": 11199,
  "isAgeRestricted": false,
  "archives": {
    "glb": {
      "textureCount": 0,
      "size": 524140,
      "type": "glb",
      "textureMaxResolution": 0,
      "faceCount": 20684,
      "vertexCount": 11403
    },
    "gltf": {
      "textureCount": 0,
      "size": 284551,
      "type": "gltf",
      "textureMaxResolution": 0,
      "faceCount": 20684,
      "vertexCount": 11403
    },
    "source": {
      "textureCount": null,
      "size": 188878,
      "type": "source",
      "textureMaxResolution": null,
      "faceCount": null,
      "vertexCount": null
    },
    "usdz": {
      "textureCount": null,
      "size": 366602,
      "type": "usdz",
      "textureMaxResolution": null,
      "faceCount": null,
      "vertexCount": null
    }
  },
  "license": "by"
}