{
  "uri": "https://api.sketchfab.com/v3/models/6efb9038b8f9458586fb88489e6ef715",
  "uid": "6efb9038b8f9458586fb88489e6ef715",
  "name": "0209 Chair",
  "staffpickedAt": null,
  "viewCount": 23,
  "likeCount": 0,
  "animationCount": 0,
  "viewerUrl": "https://sketchfab.com/3d-models/6efb9038b8f9458586fb88489e6ef715",
  "embedUrl": "https://sketchfab.com/models/6efb9038b8f9458586fb88489e6ef715/embed",
  "commentCount": 0,
  "isDownloadable": true,
  "publishedAt": "2021-11-08T16:55:03.008397",
  "tags": [],
  "categories": [],
  "thumbnails": {
    "images": [
      {
        "uid": "a3d160de9a664f9d97e1b2a016f58f28",
        "size": 36914,
        "width": 1920,
        "url": "https://media.sketchfab.com/models/6efb9038b8f9458586fb88489e6ef715/thumbnails/aacfb2cd9bb0433cabf9ed01a7887b07/3888cc03f52c4ef68fa551bfbb2f90b8.jpeg",
        "height": 1080
      },
      {
        "uid": "1aad45d2d19d4b0b91da7f0ff06b5906",
        "size": 11573,
        "width": 1024,
        "url": "https://media.sketchfab.com/models/6efb9038b8f9458586fb88489e6ef715/thumbnails/aacfb2cd9bb0433cabf9ed01a7887b07/c78130ae30f545bc9316d2ae00ced895.jpeg",
        "height": 576
      },
      {
        "uid": "d8ad50c164134a7191752a800a04857b",
        "size": 6565,
        "width": 720,
        "url": "https://media.sketchfab.com/models/6efb9038b8f9458586fb88489e6ef715/thumbnails/aacfb2cd9bb0433cabf9ed01a7887b07/b40799267a12402cae27760fb3bbfa30.jpeg",
        "height": 405
      },
      {
        "uid": "103561f17b234d6f904ba20942b6bebb",
        "size": 1654,
        "width": 256,
        "url": "https://media.sketchfab.com/models/6efb9038b8f9458586fb88489e6ef715/thumbnails/aacfb2cd9bb0433cabf9ed01a7887b07/cc5f04155d664479b81c9dfa9b3e3a09.jpeg",
        "height": 144
      },
      {
        "uid": "6705d9fac04448dc9170b8ea6669f25d",
        "size": 780,
        "width": 64,
        "url": "https://media.sketchfab.com/models/6efb9038b8f9458586fb88489e6ef715/thumbnails/aacfb2cd9bb0433cabf9ed01a7887b07/fb209ed0907d45ad97c24f068162cb11.jpeg",
        "height": 36
      }
    ]
  },
  "user": {
    "uid": "cfce97587a1943ef8265caf6fe19ebb7",
    "username": "137026",
    "displayName": "137026",
    "profileUrl": "https://sketchfab.com/137026",
    "account": "basic",
    "avatar": {
      "uri": "https://api.sketchfab.com/v3/avatars/51af6a870cce449eb75b0345feebaebb",
      "images": [
        {
          "size": 5719,
          "width": 90,
          "url": "https://media.sketchfab.com/avatars/51af6a870cce449eb75b0345feebaebb/2ef0f894055b4bb69123b2a27fa2d379.jpeg",
          "height": 90
        },
        {
          "size": 6496,
          "width": 100,
          "url": "https://media.sketchfab.com/avatars/51af6a870cce449eb75b0345feebaebb/ab11eedf96374486acb544f71a23b165.jpeg",
          "height": 100
        },
        {
          "size": 1359,
          "width": 32,
          "url": "https://media.sketchfab.com/avatars/51af6a870cce449eb75b0345feebaebb/35f6f9b6c9a14a548ce472582d8a9bb5.jpeg",
          "height": 32
        },
        {
          "size": 2584,
          "width": 48,
          "url": "https://media.sketchfab.com/avatars/51af6a870cce449eb75b0345feebaebb/a8072a51447c4d41ab177b357111b420.jpeg",
          "height": 48
        }
      ]
    },
    "uri": "https://api.sketchfab.com/v3/users/cfce97587a1943ef8265caf6fe19ebb7"
  },
  "description": "",
  "faceCount": 12,
  "createdAt": "2021-11-08T16:53:33.126690",
  "vertexCount": 8,
  "isAgeRestricted": false,
  "archives": {
    "glb": {
      "textureCount": 0,
      "size": 2656,
      "type": "glb",
      "textureMaxResolution": 0,
      "faceCount": 12,
      "vertexCount": 24
    },
    "gltf": {
      "textureCount": 0,
      "size": 1717,
      "type": "gltf",
      "textureMaxResolution": 0,
      "faceCount": 12,
      "vertexCount": 24
    },
    "source": {
      "textureCount": null,
      "size": 1098,
      "type": "source",
      "textureMaxResolution": null,
      "faceCount": null,
      "vertexCount": null
    },
    "usdz": {
      "textureCount": null,
      "size": 3507,
      "type": "usdz",
      "textureMaxResolution": null,
      "faceCount": null,
      "vertexCount": null
    }
  },
  "license": "by"
}