{
  "uri": "https://api.sketchfab.com/v3/models/6efcf898bc0947169b2d55fc7140ce04",
  "uid": "6efcf898bc0947169b2d55fc7140ce04",
  "name": "Transformer Logo",
  "staffpickedAt": null,
  "viewCount": 18,
  "likeCount": 0,
  "animationCount": 0,
  "viewerUrl": "https://sketchfab.com/3d-models/6efcf898bc0947169b2d55fc7140ce04",
  "embedUrl": "https://sketchfab.com/models/6efcf898bc0947169b2d55fc7140ce04/embed",
  "commentCount": 0,
  "isDownloadable": true,
  "publishedAt": "2020-09-11T12:23:55.801615",
  "tags": [
    {
      "name": "transformers",
      "slug": "transformers",
      "uri": "https://api.sketchfab.com/v3/tags/transformers"
    },
    {
      "name": "logo",
      "slug": "logo",
      "uri": "https://api.sketchfab.com/v3/tags/logo"
    }
  ],
  "categories": [
    {
      "name": "characters-creatures"
    }
  ],
  "thumbnails": {
    "images": [
      {
        "uid": "f496c5aa773d4e199358853d182ffd4d",
        "size": 40165,
        "width": 1920,
        "url": "https://media.sketchfab.com/models/6efcf898bc0947169b2d55fc7140ce04/thumbnails/e6de0838a7f642668e1e347d5bff29d2/1fc52a81465442f8836f98cf6ab679ba.jpeg",
        "height": 1080
      },
      {
        "uid": "4492ce3f0e9e45faa9ef6ee590fbe39d",
        "size": 15341,
        "width": 1024,
        "url": "https://media.sketchfab.com/models/6efcf898bc0947169b2d55fc7140ce04/thumbnails/e6de0838a7f642668e1e347d5bff29d2/995390898d804fd1beb0405b9e7bce7c.jpeg",
        "height": 576
      },
      {
        "uid": "dea4b04baf064ef0bce51f1314f6981c",
        "size": 9424,
        "width": 720,
        "url": "https://media.sketchfab.com/models/6efcf898bc0947169b2d55fc7140ce04/thumbnails/e6de0838a7f642668e1e347d5bff29d2/87f28230fbaf43f68c241ab7d6464da6.jpeg",
        "height": 405
      },
      {
        "uid": "18eabdfab2934d8cbc89b7695381625d",
        "size": 2317,
        "width": 256,
        "url": "https://media.sketchfab.com/models/6efcf898bc0947169b2d55fc7140ce04/thumbnails/e6de0838a7f642668e1e347d5bff29d2/66fa8d5aaab04eeb8535b5013aafe152.jpeg",
        "height": 144
      },
      {
        "uid": "a2bdd62db6cc4173b3a4a35f71f90ef7",
        "size": 495,
        "width": 64,
        "url": "https://media.sketchfab.com/models/6efcf898bc0947169b2d55fc7140ce04/thumbnails/e6de0838a7f642668e1e347d5bff29d2/1a9b620e29a444a39392300e0c4a1f1b.jpeg",
        "height": 36
      }
    ]
  },
  "user": {
    "uid": "b4827b61e2f04bb1bc055ed9342a7564",
    "username": "Eddx1108",
    "displayName": "Eddx1108",
    "profileUrl": "https://sketchfab.com/Eddx1108",
    "account": "basic",
    "avatar": {
      "uri": "https://api.sketchfab.com/v3/avatars/3ef1bd11d3eb4b57a0b353e8f2e5fc3e",
      "images": [
        {
          "size": 680,
          "width": 32,
          "url": "https://media.sketchfab.com/avatars/3ef1bd11d3eb4b57a0b353e8f2e5fc3e/116042a0854e40538adab302b593683d.jpeg",
          "height": 32
        },
        {
          "size": 1253,
          "width": 48,
          "url": "https://media.sketchfab.com/avatars/3ef1bd11d3eb4b57a0b353e8f2e5fc3e/efea16be51d04eb7a00cb9ea0b43b87f.jpeg",
          "height": 48
        },
        {
          "size": 2797,
          "width": 90,
          "url": "https://media.sketchfab.com/avatars/3ef1bd11d3eb4b57a0b353e8f2e5fc3e/ac9b469ccec74caf923a81fb2f0be3ed.jpeg",
          "height": 90
        },
        {
          "size": 3215,
          "width": 100,
          "url": "https://media.sketchfab.com/avatars/3ef1bd11d3eb4b57a0b353e8f2e5fc3e/a075e1d43d2f446c949b5967b470c757.jpeg",
          "height": 100
        }
      ]
    },
    "uri": "https://api.sketchfab.com/v3/users/b4827b61e2f04bb1bc055ed9342a7564"
  },
  "description": "Made for \"Intro to games and 3D\" class",
  "faceCount": 451,
  "createdAt": "2020-09-11T12:22:06.816100",
  "vertexCount": 222,
  "isAgeRestricted": false,
  "archives": {
    "glb": {
      "textureCount": 0,
      "size": 27500,
      "type": "glb",
      "textureMaxResolution": 0,
      "faceCount": 432,
      "vertexCount": 641
    },
    "gltf": {
      "textureCount": 0,
      "size": 7348,
      "type": "gltf",
      "textureMaxResolution": 0,
      "faceCount": 432,
      "vertexCount": 641
    },
    "source": {
      "textureCount": null,
      "size": 26203,
      "type": "source",
      "textureMaxResolution": null,
      "faceCount": null,
      "vertexCount": null
    },
    "usdz": {
      "textureCount": null,
      "size": 19020,
      "type": "usdz",
      "textureMaxResolution": null,
      "faceCount": null,
      "vertexCount": null
    }
  },
  "license": "by"
}