{
  "uri": "https://api.sketchfab.com/v3/models/6efe3af517cf48b88d9c2b7697dc310c",
  "uid": "6efe3af517cf48b88d9c2b7697dc310c",
  "name": "Gardineroseris planulata fresh sample",
  "staffpickedAt": null,
  "viewCount": 740,
  "likeCount": 19,
  "animationCount": 0,
  "viewerUrl": "https://sketchfab.com/3d-models/6efe3af517cf48b88d9c2b7697dc310c",
  "embedUrl": "https://sketchfab.com/models/6efe3af517cf48b88d9c2b7697dc310c/embed",
  "commentCount": 0,
  "isDownloadable": true,
  "publishedAt": "2016-04-29T17:13:31.246848",
  "tags": [
    {
      "name": "sample",
      "slug": "sample",
      "uri": "https://api.sketchfab.com/v3/tags/sample"
    },
    {
      "name": "coral",
      "slug": "coral",
      "uri": "https://api.sketchfab.com/v3/tags/coral"
    },
    {
      "name": "scleractinia",
      "slug": "scleractinia",
      "uri": "https://api.sketchfab.com/v3/tags/scleractinia"
    },
    {
      "name": "gardineroseris",
      "slug": "gardineroseris",
      "uri": "https://api.sketchfab.com/v3/tags/gardineroseris"
    },
    {
      "name": "planulata",
      "slug": "planulata",
      "uri": "https://api.sketchfab.com/v3/tags/planulata"
    }
  ],
  "categories": [
    {
      "name": "animals-pets"
    },
    {
      "name": "science-technology"
    }
  ],
  "thumbnails": {
    "images": [
      {
        "uid": "a7aba337c4994bdfb094ddb5a773a1ff",
        "size": 39281,
        "width": 640,
        "url": "https://media.sketchfab.com/models/6efe3af517cf48b88d9c2b7697dc310c/thumbnails/721ee2c1d6ab400b9b5b0caa33680c29/640x360.jpeg",
        "height": 360
      },
      {
        "uid": "86ec9774ebd14a618d68eaaa35371ddf",
        "size": 1267,
        "width": 50,
        "url": "https://media.sketchfab.com/models/6efe3af517cf48b88d9c2b7697dc310c/thumbnails/721ee2c1d6ab400b9b5b0caa33680c29/50x50.jpeg",
        "height": 50
      },
      {
        "uid": "671854a66a4043f0b39ee6f1e7261d97",
        "size": 3949,
        "width": 100,
        "url": "https://media.sketchfab.com/models/6efe3af517cf48b88d9c2b7697dc310c/thumbnails/721ee2c1d6ab400b9b5b0caa33680c29/100x100.jpeg",
        "height": 100
      },
      {
        "uid": "f3bc133f41b2435d9b24ff59884972a5",
        "size": 12730,
        "width": 200,
        "url": "https://media.sketchfab.com/models/6efe3af517cf48b88d9c2b7697dc310c/thumbnails/721ee2c1d6ab400b9b5b0caa33680c29/200x200.jpeg",
        "height": 200
      },
      {
        "uid": "f232e8bbc245422d8d1d8eb9e3cdb682",
        "size": 22990,
        "width": 448,
        "url": "https://media.sketchfab.com/models/6efe3af517cf48b88d9c2b7697dc310c/thumbnails/721ee2c1d6ab400b9b5b0caa33680c29/448x252.jpeg",
        "height": 252
      },
      {
        "uid": "6646ffe153924b80a0ce9e1d8405b6a7",
        "size": 61521,
        "width": 864,
        "url": "https://media.sketchfab.com/models/6efe3af517cf48b88d9c2b7697dc310c/thumbnails/721ee2c1d6ab400b9b5b0caa33680c29/864x486.jpeg",
        "height": 486
      },
      {
        "uid": "5b1059a525454f7e8aa3861e37a617cf",
        "size": 79323,
        "width": 1024,
        "url": "https://media.sketchfab.com/models/6efe3af517cf48b88d9c2b7697dc310c/thumbnails/721ee2c1d6ab400b9b5b0caa33680c29/1024x576.jpeg",
        "height": 576
      }
    ]
  },
  "user": {
    "uid": "1c407b36d9c84d5ca3ad964b168ffd82",
    "username": "therlab",
    "displayName": "TheRLab",
    "profileUrl": "https://sketchfab.com/therlab",
    "account": "basic",
    "avatar": {
      "uri": "https://api.sketchfab.com/v3/avatars/354b9ac0e8184abab891156c18b8f954",
      "images": [
        {
          "size": 904,
          "width": 32,
          "url": "https://media.sketchfab.com/avatars/354b9ac0e8184abab891156c18b8f954/e430bf2fd9ba43e597e16d8654850bac.jpeg",
          "height": 32
        },
        {
          "size": 3641,
          "width": 100,
          "url": "https://media.sketchfab.com/avatars/354b9ac0e8184abab891156c18b8f954/8fb870bf025b48dabe38256ac722b42a.jpeg",
          "height": 100
        },
        {
          "size": 3200,
          "width": 90,
          "url": "https://media.sketchfab.com/avatars/354b9ac0e8184abab891156c18b8f954/44570c835e874bff9977f87a298df15b.jpeg",
          "height": 90
        },
        {
          "size": 1553,
          "width": 48,
          "url": "https://media.sketchfab.com/avatars/354b9ac0e8184abab891156c18b8f954/062ac473397440b8b7f0f89c39cc6f76.jpeg",
          "height": 48
        }
      ]
    },
    "uri": "https://api.sketchfab.com/v3/users/1c407b36d9c84d5ca3ad964b168ffd82"
  },
  "description": "3D multi-scale model of *Gardineroseris planulata* fresh sample from Wall Street dive site in the Faafu atoll (Maldives) using a Canon 4D SLR camera and multi-image photogrammetry digitisation by 123D Catch (08/05/14).\n\nUsed for surface area, volume and taxonomic identification assessments in **“End to End Digitisation and Analysis of Three-Dimensional Coral Models, from Communities to Corallites”** in PLoS ONE (http://journals.plos.org/plosone/article?id=10.1371/journal.pone.0149641).\n\nImaging pipeline (https://vimeo.com/125794590). Sampled from colony in https://skfb.ly/NIOH",
  "faceCount": 799490,
  "createdAt": "2016-04-29T17:02:53.369886",
  "vertexCount": 399747,
  "isAgeRestricted": false,
  "archives": {
    "glb": {
      "textureCount": 2,
      "size": 32400864,
      "type": "glb",
      "textureMaxResolution": 8192,
      "faceCount": 799490,
      "vertexCount": 522839
    },
    "gltf": {
      "textureCount": 2,
      "size": 22944433,
      "type": "gltf",
      "textureMaxResolution": 8192,
      "faceCount": 799490,
      "vertexCount": 522839
    },
    "source": {
      "textureCount": null,
      "size": 38892578,
      "type": "source",
      "textureMaxResolution": null,
      "faceCount": null,
      "vertexCount": null
    },
    "usdz": {
      "textureCount": null,
      "size": 20676413,
      "type": "usdz",
      "textureMaxResolution": null,
      "faceCount": null,
      "vertexCount": null
    }
  },
  "license": "by"
}