{
  "uri": "https://api.sketchfab.com/v3/models/6eff89c5a4bf4340afd75e52f785925b",
  "uid": "6eff89c5a4bf4340afd75e52f785925b",
  "name": "Bague en cuivre",
  "staffpickedAt": null,
  "viewCount": 2,
  "likeCount": 1,
  "animationCount": 0,
  "viewerUrl": "https://sketchfab.com/3d-models/6eff89c5a4bf4340afd75e52f785925b",
  "embedUrl": "https://sketchfab.com/models/6eff89c5a4bf4340afd75e52f785925b/embed",
  "commentCount": 0,
  "isDownloadable": true,
  "publishedAt": "2022-07-18T18:41:15.900153",
  "tags": [
    {
      "name": "collection",
      "slug": "collection",
      "uri": "https://api.sketchfab.com/v3/tags/collection"
    },
    {
      "name": "national",
      "slug": "national",
      "uri": "https://api.sketchfab.com/v3/tags/national"
    },
    {
      "name": "mali",
      "slug": "mali",
      "uri": "https://api.sketchfab.com/v3/tags/mali"
    },
    {
      "name": "musee",
      "slug": "musee",
      "uri": "https://api.sketchfab.com/v3/tags/musee"
    }
  ],
  "categories": [
    {
      "name": "cultural-heritage-history"
    }
  ],
  "thumbnails": {
    "images": [
      {
        "uid": "53400395f4ce48509d4f7c2a070ed0f4",
        "size": 327488,
        "width": 1920,
        "url": "https://media.sketchfab.com/models/6eff89c5a4bf4340afd75e52f785925b/thumbnails/3b48d71f5b6449a3b8478be42845239b/63404c6cc7904c0285c7ff38a91fd948.jpeg",
        "height": 1080
      },
      {
        "uid": "f7815d4f3aec46eaab4e11c2f312ee3e",
        "size": 33415,
        "width": 1024,
        "url": "https://media.sketchfab.com/models/6eff89c5a4bf4340afd75e52f785925b/thumbnails/3b48d71f5b6449a3b8478be42845239b/5a8de60f71b44ac09f17ff9e4436da51.jpeg",
        "height": 576
      },
      {
        "uid": "1b084274e34446bb9ffe1b42957718f4",
        "size": 18996,
        "width": 720,
        "url": "https://media.sketchfab.com/models/6eff89c5a4bf4340afd75e52f785925b/thumbnails/3b48d71f5b6449a3b8478be42845239b/53af62331b61484b8510814eac256186.jpeg",
        "height": 405
      },
      {
        "uid": "309ee18938e34a4284cce4636495f225",
        "size": 4455,
        "width": 256,
        "url": "https://media.sketchfab.com/models/6eff89c5a4bf4340afd75e52f785925b/thumbnails/3b48d71f5b6449a3b8478be42845239b/8bfdb1bbc09d45ccb8441e5669dadce9.jpeg",
        "height": 144
      },
      {
        "uid": "19104836a84546b3b4a0d0422de6ad9c",
        "size": 1175,
        "width": 64,
        "url": "https://media.sketchfab.com/models/6eff89c5a4bf4340afd75e52f785925b/thumbnails/3b48d71f5b6449a3b8478be42845239b/910a4fdacec6430da5012c1cb3f50490.jpeg",
        "height": 36
      }
    ]
  },
  "user": {
    "uid": "1b05a973071442ff84bd8d26dbc69158",
    "username": "aikio_corp",
    "displayName": "Aikio Corp.",
    "profileUrl": "https://sketchfab.com/aikio_corp",
    "account": "pro",
    "avatar": {
      "uri": "https://api.sketchfab.com/v3/avatars/6d5b4418aefa4f08b8913b3f9948b3d4",
      "images": [
        {
          "size": 1613,
          "width": 32,
          "url": "https://media.sketchfab.com/avatars/6d5b4418aefa4f08b8913b3f9948b3d4/d9fc2cdc4e8a4013adbbb5e9c82d21c7.png",
          "height": 32
        },
        {
          "size": 2759,
          "width": 48,
          "url": "https://media.sketchfab.com/avatars/6d5b4418aefa4f08b8913b3f9948b3d4/e9cd205fe4164e34bc2d3c9faecddd17.png",
          "height": 48
        },
        {
          "size": 6450,
          "width": 90,
          "url": "https://media.sketchfab.com/avatars/6d5b4418aefa4f08b8913b3f9948b3d4/0c9a97aad32c4a8181664198a9acb5ee.png",
          "height": 90
        },
        {
          "size": 7407,
          "width": 100,
          "url": "https://media.sketchfab.com/avatars/6d5b4418aefa4f08b8913b3f9948b3d4/320a0929eda94c85a74dc068b61126d8.png",
          "height": 100
        }
      ]
    },
    "uri": "https://api.sketchfab.com/v3/users/1b05a973071442ff84bd8d26dbc69158"
  },
  "description": "Bague en cuivre de datation inconnue issu de pillage archéologique au Mali et saisi aux USA en 2022.\nLes dimensions sont de 4,5cm x 1,2cm.\nCollection Musée National du Mali",
  "faceCount": 49836,
  "createdAt": "2022-07-18T18:35:29.177402",
  "vertexCount": 24918,
  "isAgeRestricted": false,
  "archives": {
    "glb": {
      "textureCount": 0,
      "size": 1832500,
      "type": "glb",
      "textureMaxResolution": 0,
      "faceCount": 49836,
      "vertexCount": 25670
    },
    "gltf": {
      "textureCount": 0,
      "size": 975861,
      "type": "gltf",
      "textureMaxResolution": 0,
      "faceCount": 49836,
      "vertexCount": 25670
    },
    "source": {
      "textureCount": null,
      "size": 57109261,
      "type": "source",
      "textureMaxResolution": null,
      "faceCount": null,
      "vertexCount": null
    },
    "usdz": {
      "textureCount": null,
      "size": 793399,
      "type": "usdz",
      "textureMaxResolution": null,
      "faceCount": null,
      "vertexCount": null
    }
  },
  "license": "by"
}