{
  "uri": "https://api.sketchfab.com/v3/models/3600e2ebe72141fa8744100e4e6beed0",
  "uid": "3600e2ebe72141fa8744100e4e6beed0",
  "name": "Untitled Scan",
  "staffpickedAt": null,
  "viewCount": 23,
  "likeCount": 1,
  "animationCount": 0,
  "viewerUrl": "https://sketchfab.com/3d-models/3600e2ebe72141fa8744100e4e6beed0",
  "embedUrl": "https://sketchfab.com/models/3600e2ebe72141fa8744100e4e6beed0/embed",
  "commentCount": 0,
  "isDownloadable": true,
  "publishedAt": "2021-05-09T04:01:52.512046",
  "tags": [
    {
      "name": "3dscannerapp",
      "slug": "3dscannerapp",
      "uri": "https://api.sketchfab.com/v3/tags/3dscannerapp"
    }
  ],
  "categories": [],
  "thumbnails": {
    "images": [
      {
        "uid": "695398cc4f3944fb998dbc916c5564a2",
        "size": 330859,
        "width": 1920,
        "url": "https://media.sketchfab.com/models/3600e2ebe72141fa8744100e4e6beed0/thumbnails/0516884a611848e997fe467b36966ad8/cffcb7c377f3491aad1adec364b21e77.jpeg",
        "height": 1080
      },
      {
        "uid": "e1b82293ad894661a3bbc12c4e036307",
        "size": 114828,
        "width": 1024,
        "url": "https://media.sketchfab.com/models/3600e2ebe72141fa8744100e4e6beed0/thumbnails/0516884a611848e997fe467b36966ad8/f6971b49383f40eda6266e3400267a0b.jpeg",
        "height": 576
      },
      {
        "uid": "2732e42207c241619dbe5dc816676a44",
        "size": 68105,
        "width": 720,
        "url": "https://media.sketchfab.com/models/3600e2ebe72141fa8744100e4e6beed0/thumbnails/0516884a611848e997fe467b36966ad8/e251a492bf534ec9b43bfd29610e6c46.jpeg",
        "height": 405
      },
      {
        "uid": "3207762bc7d1491ca00ec9da1b2918fb",
        "size": 12428,
        "width": 256,
        "url": "https://media.sketchfab.com/models/3600e2ebe72141fa8744100e4e6beed0/thumbnails/0516884a611848e997fe467b36966ad8/4cb50325dacf46e2be22af7d2e48c985.jpeg",
        "height": 144
      },
      {
        "uid": "35b24c0e689040dfa9a417de734b7807",
        "size": 1460,
        "width": 64,
        "url": "https://media.sketchfab.com/models/3600e2ebe72141fa8744100e4e6beed0/thumbnails/0516884a611848e997fe467b36966ad8/a875cfbc36054af69aa11300783d717b.jpeg",
        "height": 36
      }
    ]
  },
  "user": {
    "uid": "c83d638fa0a54b6a971a883d9c567fcd",
    "username": "AKAJones",
    "displayName": "AKAJones",
    "profileUrl": "https://sketchfab.com/AKAJones",
    "account": "basic",
    "avatar": {
      "uri": "https://api.sketchfab.com/v3/avatars/51af6a870cce449eb75b0345feebaebb",
      "images": [
        {
          "size": 5719,
          "width": 90,
          "url": "https://media.sketchfab.com/avatars/51af6a870cce449eb75b0345feebaebb/2ef0f894055b4bb69123b2a27fa2d379.jpeg",
          "height": 90
        },
        {
          "size": 6496,
          "width": 100,
          "url": "https://media.sketchfab.com/avatars/51af6a870cce449eb75b0345feebaebb/ab11eedf96374486acb544f71a23b165.jpeg",
          "height": 100
        },
        {
          "size": 1359,
          "width": 32,
          "url": "https://media.sketchfab.com/avatars/51af6a870cce449eb75b0345feebaebb/35f6f9b6c9a14a548ce472582d8a9bb5.jpeg",
          "height": 32
        },
        {
          "size": 2584,
          "width": 48,
          "url": "https://media.sketchfab.com/avatars/51af6a870cce449eb75b0345feebaebb/a8072a51447c4d41ab177b357111b420.jpeg",
          "height": 48
        }
      ]
    },
    "uri": "https://api.sketchfab.com/v3/users/c83d638fa0a54b6a971a883d9c567fcd"
  },
  "description": "Uploaded with 3dScannerApp.com",
  "faceCount": 588889,
  "createdAt": "2021-05-09T04:01:00.302381",
  "vertexCount": 305350,
  "isAgeRestricted": false,
  "archives": {
    "glb": {
      "textureCount": 1,
      "size": 30151744,
      "type": "glb",
      "textureMaxResolution": 8192,
      "faceCount": 587364,
      "vertexCount": 352340
    },
    "gltf": {
      "textureCount": 1,
      "size": 20624820,
      "type": "gltf",
      "textureMaxResolution": 8192,
      "faceCount": 587364,
      "vertexCount": 352340
    },
    "source": {
      "textureCount": null,
      "size": 19551521,
      "type": "source",
      "textureMaxResolution": null,
      "faceCount": null,
      "vertexCount": null
    },
    "usdz": {
      "textureCount": null,
      "size": 15167019,
      "type": "usdz",
      "textureMaxResolution": null,
      "faceCount": null,
      "vertexCount": null
    }
  },
  "license": "by"
}