{
  "uri": "https://api.sketchfab.com/v3/models/36002410a7964f02bd92c33ff1bdb8c8",
  "uid": "36002410a7964f02bd92c33ff1bdb8c8",
  "name": "3D Residência GF - Buganvile",
  "staffpickedAt": null,
  "viewCount": 11,
  "likeCount": 0,
  "animationCount": 0,
  "viewerUrl": "https://sketchfab.com/3d-models/36002410a7964f02bd92c33ff1bdb8c8",
  "embedUrl": "https://sketchfab.com/models/36002410a7964f02bd92c33ff1bdb8c8/embed",
  "commentCount": 0,
  "isDownloadable": true,
  "publishedAt": "2020-05-18T17:34:55.976227",
  "tags": [],
  "categories": [],
  "thumbnails": {
    "images": [
      {
        "uid": "fb76be29c8044d038d1d92aae5c62ff0",
        "size": 64913,
        "width": 1920,
        "url": "https://media.sketchfab.com/models/36002410a7964f02bd92c33ff1bdb8c8/thumbnails/60e688ff35cd436d8dba5d914100e1ea/644221c46d69482f952fd662dcee830f.jpeg",
        "height": 1080
      },
      {
        "uid": "6a1db977f9d54a69b219a6def7744ce0",
        "size": 24984,
        "width": 1024,
        "url": "https://media.sketchfab.com/models/36002410a7964f02bd92c33ff1bdb8c8/thumbnails/60e688ff35cd436d8dba5d914100e1ea/9412b461e788436785188ca70fcac38f.jpeg",
        "height": 576
      },
      {
        "uid": "dcc24b456a73414eb0c6868d9212bd12",
        "size": 15141,
        "width": 720,
        "url": "https://media.sketchfab.com/models/36002410a7964f02bd92c33ff1bdb8c8/thumbnails/60e688ff35cd436d8dba5d914100e1ea/9a465d80e86a426a914c7d5d7c824aad.jpeg",
        "height": 405
      },
      {
        "uid": "2d68f7922ffc44c493b5ff7306fa547e",
        "size": 3615,
        "width": 256,
        "url": "https://media.sketchfab.com/models/36002410a7964f02bd92c33ff1bdb8c8/thumbnails/60e688ff35cd436d8dba5d914100e1ea/9778c52656d84a799066542194e3d626.jpeg",
        "height": 144
      },
      {
        "uid": "8c6597bc4ca14a0e94c76176a71973c4",
        "size": 678,
        "width": 64,
        "url": "https://media.sketchfab.com/models/36002410a7964f02bd92c33ff1bdb8c8/thumbnails/60e688ff35cd436d8dba5d914100e1ea/c3cbe06753744403b18c589dcc9ff193.jpeg",
        "height": 36
      }
    ]
  },
  "user": {
    "uid": "770323dbb82742aebfc58db2760ee195",
    "username": "Daniel.Freitas",
    "displayName": "Daniel Freitas",
    "profileUrl": "https://sketchfab.com/Daniel.Freitas",
    "account": "basic",
    "avatar": {
      "uri": "https://api.sketchfab.com/v3/avatars/b9e55173d4d8432db76d4736908c5c9b",
      "images": [
        {
          "size": 757,
          "width": 32,
          "url": "https://media.sketchfab.com/avatars/b9e55173d4d8432db76d4736908c5c9b/726d78b4790d48cf9148009ede8ae5a0.jpeg",
          "height": 32
        },
        {
          "size": 1208,
          "width": 48,
          "url": "https://media.sketchfab.com/avatars/b9e55173d4d8432db76d4736908c5c9b/128602154f484d9198d96584b625372e.jpeg",
          "height": 48
        },
        {
          "size": 3031,
          "width": 90,
          "url": "https://media.sketchfab.com/avatars/b9e55173d4d8432db76d4736908c5c9b/0fd30b91c69a4c0ab622313947971710.jpeg",
          "height": 90
        },
        {
          "size": 3512,
          "width": 100,
          "url": "https://media.sketchfab.com/avatars/b9e55173d4d8432db76d4736908c5c9b/7180eaf9b0014cc5a89da93c7c8f2ac7.jpeg",
          "height": 100
        }
      ]
    },
    "uri": "https://api.sketchfab.com/v3/users/770323dbb82742aebfc58db2760ee195"
  },
  "description": "",
  "faceCount": 23566,
  "createdAt": "2020-05-18T17:32:16.326251",
  "vertexCount": 7964,
  "isAgeRestricted": false,
  "archives": {
    "glb": {
      "textureCount": 0,
      "size": 987648,
      "type": "glb",
      "textureMaxResolution": 0,
      "faceCount": 14976,
      "vertexCount": 19934
    },
    "gltf": {
      "textureCount": 0,
      "size": 131670,
      "type": "gltf",
      "textureMaxResolution": 0,
      "faceCount": 14976,
      "vertexCount": 19934
    },
    "source": {
      "textureCount": null,
      "size": 4173634,
      "type": "source",
      "textureMaxResolution": null,
      "faceCount": null,
      "vertexCount": null
    },
    "usdz": {
      "textureCount": null,
      "size": 529291,
      "type": "usdz",
      "textureMaxResolution": null,
      "faceCount": null,
      "vertexCount": null
    }
  },
  "license": "by"
}