{
  "uri": "https://api.sketchfab.com/v3/models/3603b51ffbbd4cb9834b456fc30cf509",
  "uid": "3603b51ffbbd4cb9834b456fc30cf509",
  "name": "Cashel Section of Medieval Wall",
  "staffpickedAt": null,
  "viewCount": 38,
  "likeCount": 3,
  "animationCount": 0,
  "viewerUrl": "https://sketchfab.com/3d-models/3603b51ffbbd4cb9834b456fc30cf509",
  "embedUrl": "https://sketchfab.com/models/3603b51ffbbd4cb9834b456fc30cf509/embed",
  "commentCount": 0,
  "isDownloadable": true,
  "publishedAt": "2021-07-09T09:45:59.555867",
  "tags": [
    {
      "name": "dh_age",
      "slug": "dh_age",
      "uri": "https://api.sketchfab.com/v3/tags/dh_age"
    },
    {
      "name": "tipperary3d",
      "slug": "tipperary3d",
      "uri": "https://api.sketchfab.com/v3/tags/tipperary3d"
    }
  ],
  "categories": [
    {
      "name": "cultural-heritage-history"
    }
  ],
  "thumbnails": {
    "images": [
      {
        "uid": "f4f63be57e634fb89f05b99044ce89e7",
        "size": 493140,
        "width": 1920,
        "url": "https://media.sketchfab.com/models/3603b51ffbbd4cb9834b456fc30cf509/thumbnails/0629d09d5e3d4c4f87c5addcef505a09/5decb7268b5a446e8f8a0d7d54f59912.jpeg",
        "height": 1080
      },
      {
        "uid": "cbafb784f5704a92a5475015f72e6b0f",
        "size": 150023,
        "width": 1024,
        "url": "https://media.sketchfab.com/models/3603b51ffbbd4cb9834b456fc30cf509/thumbnails/0629d09d5e3d4c4f87c5addcef505a09/bae894a4071844c9ba979a0a6cc1a3be.jpeg",
        "height": 576
      },
      {
        "uid": "674be446d1af4747a05009308effacb5",
        "size": 81082,
        "width": 720,
        "url": "https://media.sketchfab.com/models/3603b51ffbbd4cb9834b456fc30cf509/thumbnails/0629d09d5e3d4c4f87c5addcef505a09/fff28f1800b34b7191dffd71c7018956.jpeg",
        "height": 405
      },
      {
        "uid": "f95e458d855341d98b9e64fb9e4b5c4f",
        "size": 12051,
        "width": 256,
        "url": "https://media.sketchfab.com/models/3603b51ffbbd4cb9834b456fc30cf509/thumbnails/0629d09d5e3d4c4f87c5addcef505a09/50e26d2cfebc443190c921f80a8540fa.jpeg",
        "height": 144
      },
      {
        "uid": "5ed17aa343ce4d59b36589c79eae14a5",
        "size": 1428,
        "width": 64,
        "url": "https://media.sketchfab.com/models/3603b51ffbbd4cb9834b456fc30cf509/thumbnails/0629d09d5e3d4c4f87c5addcef505a09/db66c848b2864db58b2892f884c68748.jpeg",
        "height": 36
      }
    ]
  },
  "user": {
    "uid": "cdf4ef8643534f71990745f58d45281a",
    "username": "Tipperary3D",
    "displayName": "Tipperary3D",
    "profileUrl": "https://sketchfab.com/Tipperary3D",
    "account": "pro",
    "avatar": {
      "uri": "https://api.sketchfab.com/v3/avatars/c2963b00f2a342d48745c682385ae666",
      "images": [
        {
          "size": 1007,
          "width": 32,
          "url": "https://media.sketchfab.com/avatars/c2963b00f2a342d48745c682385ae666/1c85274e31a14b88abdcacd72316c8f2.jpeg",
          "height": 32
        },
        {
          "size": 1692,
          "width": 48,
          "url": "https://media.sketchfab.com/avatars/c2963b00f2a342d48745c682385ae666/e63987f308184f4b876649a3eeb9c33e.jpeg",
          "height": 48
        },
        {
          "size": 3963,
          "width": 90,
          "url": "https://media.sketchfab.com/avatars/c2963b00f2a342d48745c682385ae666/338e57952a25441481e69d9d1a2a93ad.jpeg",
          "height": 90
        },
        {
          "size": 4559,
          "width": 100,
          "url": "https://media.sketchfab.com/avatars/c2963b00f2a342d48745c682385ae666/e6055d6375d2415589249d6465d56f43.jpeg",
          "height": 100
        }
      ]
    },
    "uri": "https://api.sketchfab.com/v3/users/cdf4ef8643534f71990745f58d45281a"
  },
  "description": "This section of Medieval wall is located in the graveyard of St. Johns at the GPA Bolton Library.  It has a number of effigy tombs inset into the wall.  This project is funded through the Irish Walled Towns Network programme in conjunction with Tipperary County Council’",
  "faceCount": 2102407,
  "createdAt": "2021-07-09T09:34:36.744147",
  "vertexCount": 1055140,
  "isAgeRestricted": false,
  "archives": {
    "glb": {
      "textureCount": 1,
      "size": 96994576,
      "type": "glb",
      "textureMaxResolution": 8192,
      "faceCount": 2102407,
      "vertexCount": 1612126
    },
    "gltf": {
      "textureCount": 1,
      "size": 72262789,
      "type": "gltf",
      "textureMaxResolution": 8192,
      "faceCount": 2102407,
      "vertexCount": 1612126
    },
    "source": {
      "textureCount": null,
      "size": 216406079,
      "type": "source",
      "textureMaxResolution": null,
      "faceCount": null,
      "vertexCount": null
    },
    "usdz": {
      "textureCount": null,
      "size": 60484444,
      "type": "usdz",
      "textureMaxResolution": null,
      "faceCount": null,
      "vertexCount": null
    }
  },
  "license": "by"
}