{
  "uri": "https://api.sketchfab.com/v3/models/3605feb98cc54be38745b4abf9ddbfb1",
  "uid": "3605feb98cc54be38745b4abf9ddbfb1",
  "name": "Assignment 4 – Kelli Goos",
  "staffpickedAt": null,
  "viewCount": 17,
  "likeCount": 0,
  "animationCount": 0,
  "viewerUrl": "https://sketchfab.com/3d-models/3605feb98cc54be38745b4abf9ddbfb1",
  "embedUrl": "https://sketchfab.com/models/3605feb98cc54be38745b4abf9ddbfb1/embed",
  "commentCount": 0,
  "isDownloadable": true,
  "publishedAt": "2020-10-19T18:54:47.820246",
  "tags": [],
  "categories": [
    {
      "name": "art-abstract"
    }
  ],
  "thumbnails": {
    "images": [
      {
        "uid": "1af303d36ed5421793c228429dc20eab",
        "size": 31749,
        "width": 1920,
        "url": "https://media.sketchfab.com/models/3605feb98cc54be38745b4abf9ddbfb1/thumbnails/1888943e32104181ab3b35c7f35af00d/d3136c317f234019b48440f010d8cb25.jpeg",
        "height": 1080
      },
      {
        "uid": "d3939cad729245b2a88eb29dfa9ac6d4",
        "size": 11010,
        "width": 1024,
        "url": "https://media.sketchfab.com/models/3605feb98cc54be38745b4abf9ddbfb1/thumbnails/1888943e32104181ab3b35c7f35af00d/4a839fe892b342a6a648547850a02825.jpeg",
        "height": 576
      },
      {
        "uid": "22a632324233415ba01db9ec2e27a97f",
        "size": 6467,
        "width": 720,
        "url": "https://media.sketchfab.com/models/3605feb98cc54be38745b4abf9ddbfb1/thumbnails/1888943e32104181ab3b35c7f35af00d/c179df4445484f85a4651059a59d6d51.jpeg",
        "height": 405
      },
      {
        "uid": "b377ddea38994018b2651a636070b631",
        "size": 1533,
        "width": 256,
        "url": "https://media.sketchfab.com/models/3605feb98cc54be38745b4abf9ddbfb1/thumbnails/1888943e32104181ab3b35c7f35af00d/5d49ae8566a540e28d346995f548bfb4.jpeg",
        "height": 144
      },
      {
        "uid": "f0d985bac3fb47dfa50796583433b678",
        "size": 457,
        "width": 64,
        "url": "https://media.sketchfab.com/models/3605feb98cc54be38745b4abf9ddbfb1/thumbnails/1888943e32104181ab3b35c7f35af00d/fc544e4bde444ba3a7420df49dca67f4.jpeg",
        "height": 36
      }
    ]
  },
  "user": {
    "uid": "69df957698bd4900a117017f7471a541",
    "username": "kelligoos",
    "displayName": "kelligoos",
    "profileUrl": "https://sketchfab.com/kelligoos",
    "account": "basic",
    "avatar": {
      "uri": "https://api.sketchfab.com/v3/avatars/51af6a870cce449eb75b0345feebaebb",
      "images": [
        {
          "size": 5719,
          "width": 90,
          "url": "https://media.sketchfab.com/avatars/51af6a870cce449eb75b0345feebaebb/2ef0f894055b4bb69123b2a27fa2d379.jpeg",
          "height": 90
        },
        {
          "size": 6496,
          "width": 100,
          "url": "https://media.sketchfab.com/avatars/51af6a870cce449eb75b0345feebaebb/ab11eedf96374486acb544f71a23b165.jpeg",
          "height": 100
        },
        {
          "size": 1359,
          "width": 32,
          "url": "https://media.sketchfab.com/avatars/51af6a870cce449eb75b0345feebaebb/35f6f9b6c9a14a548ce472582d8a9bb5.jpeg",
          "height": 32
        },
        {
          "size": 2584,
          "width": 48,
          "url": "https://media.sketchfab.com/avatars/51af6a870cce449eb75b0345feebaebb/a8072a51447c4d41ab177b357111b420.jpeg",
          "height": 48
        }
      ]
    },
    "uri": "https://api.sketchfab.com/v3/users/69df957698bd4900a117017f7471a541"
  },
  "description": "This is my sketchfab submission for assignment 4",
  "faceCount": 126,
  "createdAt": "2020-10-19T18:32:06.766947",
  "vertexCount": 75,
  "isAgeRestricted": false,
  "archives": {
    "glb": {
      "textureCount": 1,
      "size": 469856,
      "type": "glb",
      "textureMaxResolution": 1024,
      "faceCount": 126,
      "vertexCount": 159
    },
    "gltf": {
      "textureCount": 1,
      "size": 464363,
      "type": "gltf",
      "textureMaxResolution": 1024,
      "faceCount": 126,
      "vertexCount": 159
    },
    "source": {
      "textureCount": null,
      "size": 1083818,
      "type": "source",
      "textureMaxResolution": null,
      "faceCount": null,
      "vertexCount": null
    },
    "usdz": {
      "textureCount": null,
      "size": 404269,
      "type": "usdz",
      "textureMaxResolution": null,
      "faceCount": null,
      "vertexCount": null
    }
  },
  "license": "by"
}