{
  "uri": "https://api.sketchfab.com/v3/models/360fe5232e2b4d829c09e7a847d3f53a",
  "uid": "360fe5232e2b4d829c09e7a847d3f53a",
  "name": "Gilgamesh",
  "staffpickedAt": null,
  "viewCount": 1316,
  "likeCount": 54,
  "animationCount": 1,
  "viewerUrl": "https://sketchfab.com/3d-models/360fe5232e2b4d829c09e7a847d3f53a",
  "embedUrl": "https://sketchfab.com/models/360fe5232e2b4d829c09e7a847d3f53a/embed",
  "commentCount": 0,
  "isDownloadable": true,
  "publishedAt": "2019-10-11T11:08:02.646146",
  "tags": [
    {
      "name": "warrior",
      "slug": "warrior",
      "uri": "https://api.sketchfab.com/v3/tags/warrior"
    },
    {
      "name": "samurai",
      "slug": "samurai",
      "uri": "https://api.sketchfab.com/v3/tags/samurai"
    },
    {
      "name": "gilgamesh",
      "slug": "gilgamesh",
      "uri": "https://api.sketchfab.com/v3/tags/gilgamesh"
    },
    {
      "name": "fantasy",
      "slug": "fantasy",
      "uri": "https://api.sketchfab.com/v3/tags/fantasy"
    },
    {
      "name": "robot",
      "slug": "robot",
      "uri": "https://api.sketchfab.com/v3/tags/robot"
    }
  ],
  "categories": [
    {
      "name": "characters-creatures"
    },
    {
      "name": "science-technology"
    }
  ],
  "thumbnails": {
    "images": [
      {
        "uid": "dfe755a163f544478b9909c9bf2b4892",
        "size": 91261,
        "width": 1920,
        "url": "https://media.sketchfab.com/models/360fe5232e2b4d829c09e7a847d3f53a/thumbnails/5b8879e5a3444ab8a23e3474105222a6/8ae98664051a41a491a26dea78f89607.jpeg",
        "height": 1080
      },
      {
        "uid": "b4602c805517479ca659dae97bcbd6df",
        "size": 33128,
        "width": 1024,
        "url": "https://media.sketchfab.com/models/360fe5232e2b4d829c09e7a847d3f53a/thumbnails/5b8879e5a3444ab8a23e3474105222a6/50e460f3763c486c9c2d7191adfe3123.jpeg",
        "height": 576
      },
      {
        "uid": "5bf7cdf81f8942b4bcf2786fa96b01fd",
        "size": 20112,
        "width": 720,
        "url": "https://media.sketchfab.com/models/360fe5232e2b4d829c09e7a847d3f53a/thumbnails/5b8879e5a3444ab8a23e3474105222a6/6bbad20485b34dc7983d7f3ac00a8baa.jpeg",
        "height": 405
      },
      {
        "uid": "1e4acfe92dfa4b11b7ca1f05c947c4a5",
        "size": 4191,
        "width": 256,
        "url": "https://media.sketchfab.com/models/360fe5232e2b4d829c09e7a847d3f53a/thumbnails/5b8879e5a3444ab8a23e3474105222a6/f7751163c7a945c59e3d88d9e1d450ee.jpeg",
        "height": 144
      },
      {
        "uid": "93d8625af2a648ef97319a2602b18cd0",
        "size": 750,
        "width": 64,
        "url": "https://media.sketchfab.com/models/360fe5232e2b4d829c09e7a847d3f53a/thumbnails/5b8879e5a3444ab8a23e3474105222a6/e471bae024ea4d94a6a934dd290835f3.jpeg",
        "height": 36
      }
    ]
  },
  "user": {
    "uid": "a2734fe7b4fb4508b7fd563c0fd17129",
    "username": "Mofn",
    "displayName": "Mofn",
    "profileUrl": "https://sketchfab.com/Mofn",
    "account": "basic",
    "avatar": {
      "uri": "https://api.sketchfab.com/v3/avatars/bfb1cc2699c14ba7bbda7b180ccf3fa1",
      "images": [
        {
          "size": 709,
          "width": 32,
          "url": "https://media.sketchfab.com/avatars/bfb1cc2699c14ba7bbda7b180ccf3fa1/7ec3a390b22443bca741967fc3115e3f.jpeg",
          "height": 32
        },
        {
          "size": 1074,
          "width": 48,
          "url": "https://media.sketchfab.com/avatars/bfb1cc2699c14ba7bbda7b180ccf3fa1/7e0c3dc9a59e4d3ba41030261faebd2f.jpeg",
          "height": 48
        },
        {
          "size": 2538,
          "width": 90,
          "url": "https://media.sketchfab.com/avatars/bfb1cc2699c14ba7bbda7b180ccf3fa1/d1985c16638e4d90a8e53f211dfbef7d.jpeg",
          "height": 90
        },
        {
          "size": 2954,
          "width": 100,
          "url": "https://media.sketchfab.com/avatars/bfb1cc2699c14ba7bbda7b180ccf3fa1/a0bbed21ee9f4327930c5fb44166d7d8.jpeg",
          "height": 100
        }
      ]
    },
    "uri": "https://api.sketchfab.com/v3/users/a2734fe7b4fb4508b7fd563c0fd17129"
  },
  "description": "Some random Robot-Version of Gilgamesh from the Final Fantasy Series\n\n- Modeled and animated in Blender 2.8",
  "faceCount": 64570,
  "createdAt": "2019-10-11T10:54:44.309865",
  "vertexCount": 38973,
  "isAgeRestricted": false,
  "archives": {
    "glb": {
      "textureCount": 0,
      "size": 6252996,
      "type": "glb",
      "textureMaxResolution": 0,
      "faceCount": 64570,
      "vertexCount": 88820
    },
    "gltf": {
      "textureCount": 0,
      "size": 1374208,
      "type": "gltf",
      "textureMaxResolution": 0,
      "faceCount": 64570,
      "vertexCount": 88820
    },
    "source": {
      "textureCount": null,
      "size": 3248364,
      "type": "source",
      "textureMaxResolution": null,
      "faceCount": null,
      "vertexCount": null
    },
    "usdz": {
      "textureCount": null,
      "size": 2833567,
      "type": "usdz",
      "textureMaxResolution": null,
      "faceCount": null,
      "vertexCount": null
    }
  },
  "license": "by"
}