{
  "uri": "https://api.sketchfab.com/v3/models/360fc033bdd1430c81cbb4b151f11ca5",
  "uid": "360fc033bdd1430c81cbb4b151f11ca5",
  "name": "Barrel_low.fbx",
  "staffpickedAt": null,
  "viewCount": 3,
  "likeCount": 0,
  "animationCount": 0,
  "viewerUrl": "https://sketchfab.com/3d-models/360fc033bdd1430c81cbb4b151f11ca5",
  "embedUrl": "https://sketchfab.com/models/360fc033bdd1430c81cbb4b151f11ca5/embed",
  "commentCount": 0,
  "isDownloadable": true,
  "publishedAt": "2020-01-16T08:10:52.021761",
  "tags": [
    {
      "name": "cinema4d",
      "slug": "cinema4d",
      "uri": "https://api.sketchfab.com/v3/tags/cinema4d"
    }
  ],
  "categories": [],
  "thumbnails": {
    "images": [
      {
        "uid": "f465b6ac147644f881b6b87612f6f6d6",
        "size": 94219,
        "width": 1920,
        "url": "https://media.sketchfab.com/models/360fc033bdd1430c81cbb4b151f11ca5/thumbnails/58216a8f865f45398de1213e7b0944e3/f2d0b4f825bd41e39e56eb583ceb7856.jpeg",
        "height": 1080
      },
      {
        "uid": "af0650e336074574be59d14acd407366",
        "size": 25443,
        "width": 1024,
        "url": "https://media.sketchfab.com/models/360fc033bdd1430c81cbb4b151f11ca5/thumbnails/58216a8f865f45398de1213e7b0944e3/fbd5d44e83754f6ab2a11051150bbcea.jpeg",
        "height": 576
      },
      {
        "uid": "0f02e6b3a5254894b2de3661bc558b8c",
        "size": 13331,
        "width": 720,
        "url": "https://media.sketchfab.com/models/360fc033bdd1430c81cbb4b151f11ca5/thumbnails/58216a8f865f45398de1213e7b0944e3/a61c63bb6eff49e4ab79c18ab38f2260.jpeg",
        "height": 405
      },
      {
        "uid": "7c962d6ff4954ec8be4e3921939cb7ab",
        "size": 2263,
        "width": 256,
        "url": "https://media.sketchfab.com/models/360fc033bdd1430c81cbb4b151f11ca5/thumbnails/58216a8f865f45398de1213e7b0944e3/77cecbd77f754518a457eb19293c4b61.jpeg",
        "height": 144
      },
      {
        "uid": "9d6c55096da545cab64bd089c7930cf2",
        "size": 521,
        "width": 64,
        "url": "https://media.sketchfab.com/models/360fc033bdd1430c81cbb4b151f11ca5/thumbnails/58216a8f865f45398de1213e7b0944e3/347c276aed464724bd6f5c95ec79e9ee.jpeg",
        "height": 36
      }
    ]
  },
  "user": {
    "uid": "d6139a3ef42d44a6856658ead2bb268e",
    "username": "jetjaguar",
    "displayName": "jetjaguar",
    "profileUrl": "https://sketchfab.com/jetjaguar",
    "account": "basic",
    "avatar": {
      "uri": "https://api.sketchfab.com/v3/avatars/10a9af615e854c4ca6597dd111ce7e37",
      "images": [
        {
          "size": 3865,
          "width": 100,
          "url": "https://media.sketchfab.com/avatars/10a9af615e854c4ca6597dd111ce7e37/a5b72eee5caf400789bc72dee204a07b.jpeg",
          "height": 100
        },
        {
          "size": 3204,
          "width": 90,
          "url": "https://media.sketchfab.com/avatars/10a9af615e854c4ca6597dd111ce7e37/ab4c002ff9ff429ba309236d78645adb.jpeg",
          "height": 90
        },
        {
          "size": 1241,
          "width": 48,
          "url": "https://media.sketchfab.com/avatars/10a9af615e854c4ca6597dd111ce7e37/2cb451274c214667b2f1287dfd8ab739.jpeg",
          "height": 48
        },
        {
          "size": 779,
          "width": 32,
          "url": "https://media.sketchfab.com/avatars/10a9af615e854c4ca6597dd111ce7e37/3edea019905743a8a88f7f36304fc84e.jpeg",
          "height": 32
        }
      ]
    },
    "uri": "https://api.sketchfab.com/v3/users/d6139a3ef42d44a6856658ead2bb268e"
  },
  "description": "Barrel_low.fbx",
  "faceCount": 768,
  "createdAt": "2020-01-16T08:10:02.259185",
  "vertexCount": 466,
  "isAgeRestricted": false,
  "archives": {
    "glb": {
      "textureCount": 3,
      "size": 16348272,
      "type": "glb",
      "textureMaxResolution": 2048,
      "faceCount": 768,
      "vertexCount": 527
    },
    "gltf": {
      "textureCount": 3,
      "size": 16318543,
      "type": "gltf",
      "textureMaxResolution": 2048,
      "faceCount": 768,
      "vertexCount": 527
    },
    "source": {
      "textureCount": null,
      "size": 33244367,
      "type": "source",
      "textureMaxResolution": null,
      "faceCount": null,
      "vertexCount": null
    },
    "usdz": {
      "textureCount": null,
      "size": 7614663,
      "type": "usdz",
      "textureMaxResolution": null,
      "faceCount": null,
      "vertexCount": null
    }
  },
  "license": "by"
}