{
  "uri": "https://api.sketchfab.com/v3/models/3611e79269304f08aee2aa1cb0849e92",
  "uid": "3611e79269304f08aee2aa1cb0849e92",
  "name": "Red Bank Battlefield",
  "staffpickedAt": null,
  "viewCount": 22,
  "likeCount": 0,
  "animationCount": 0,
  "viewerUrl": "https://sketchfab.com/3d-models/3611e79269304f08aee2aa1cb0849e92",
  "embedUrl": "https://sketchfab.com/models/3611e79269304f08aee2aa1cb0849e92/embed",
  "commentCount": 0,
  "isDownloadable": true,
  "publishedAt": "2022-03-03T02:42:26.073117",
  "tags": [
    {
      "name": "photogrammetry",
      "slug": "photogrammetry",
      "uri": "https://api.sketchfab.com/v3/tags/photogrammetry"
    },
    {
      "name": "war",
      "slug": "war",
      "uri": "https://api.sketchfab.com/v3/tags/war"
    }
  ],
  "categories": [
    {
      "name": "art-abstract"
    },
    {
      "name": "weapons-military"
    }
  ],
  "thumbnails": {
    "images": [
      {
        "uid": "f53f2abff480465fbc5feccf3ba080cb",
        "size": 165462,
        "width": 1920,
        "url": "https://media.sketchfab.com/models/3611e79269304f08aee2aa1cb0849e92/thumbnails/4149bb1fe13b4b85be299eed95f32d64/681a413e7d2349eaa59decdde224aebc.jpeg",
        "height": 1080
      },
      {
        "uid": "8d28358482704296b01dbf7ea9b3bafc",
        "size": 48404,
        "width": 1024,
        "url": "https://media.sketchfab.com/models/3611e79269304f08aee2aa1cb0849e92/thumbnails/4149bb1fe13b4b85be299eed95f32d64/5b7da5a8861e432db7d7c964b3f58215.jpeg",
        "height": 576
      },
      {
        "uid": "ebb7f0ee4a8046f38b817c29ca814558",
        "size": 26213,
        "width": 720,
        "url": "https://media.sketchfab.com/models/3611e79269304f08aee2aa1cb0849e92/thumbnails/4149bb1fe13b4b85be299eed95f32d64/4531ab6eadc347178bc998468313eaef.jpeg",
        "height": 405
      },
      {
        "uid": "3868ca69c6324e91be428f866e2aa68f",
        "size": 4342,
        "width": 256,
        "url": "https://media.sketchfab.com/models/3611e79269304f08aee2aa1cb0849e92/thumbnails/4149bb1fe13b4b85be299eed95f32d64/a742f5aef09c471d9205621d436269eb.jpeg",
        "height": 144
      },
      {
        "uid": "79c4f0215a49438b8ea20657d70736a0",
        "size": 1005,
        "width": 64,
        "url": "https://media.sketchfab.com/models/3611e79269304f08aee2aa1cb0849e92/thumbnails/4149bb1fe13b4b85be299eed95f32d64/1606dd25c93f4657bcdb77e2d0eeaf06.jpeg",
        "height": 36
      }
    ]
  },
  "user": {
    "uid": "a5b17ca992454299ad2e7ad78c74f240",
    "username": "souravsinha1001",
    "displayName": "souravsinha",
    "profileUrl": "https://sketchfab.com/souravsinha1001",
    "account": "basic",
    "avatar": {
      "uri": "https://api.sketchfab.com/v3/avatars/ef6d24b1fe8a49d6acab5b13cc77203d",
      "images": [
        {
          "size": 1113,
          "width": 32,
          "url": "https://media.sketchfab.com/avatars/ef6d24b1fe8a49d6acab5b13cc77203d/79ad0b252f054b058d60d06404c2b7cf.jpeg",
          "height": 32
        },
        {
          "size": 1412,
          "width": 48,
          "url": "https://media.sketchfab.com/avatars/ef6d24b1fe8a49d6acab5b13cc77203d/0119617b1a504bcb82cd8988432c612c.jpeg",
          "height": 48
        },
        {
          "size": 2337,
          "width": 90,
          "url": "https://media.sketchfab.com/avatars/ef6d24b1fe8a49d6acab5b13cc77203d/edc60de4768148f1a54009ffe5cce6d6.jpeg",
          "height": 90
        },
        {
          "size": 2495,
          "width": 100,
          "url": "https://media.sketchfab.com/avatars/ef6d24b1fe8a49d6acab5b13cc77203d/677846c54e7b4086942622310f89b5ff.jpeg",
          "height": 100
        }
      ]
    },
    "uri": "https://api.sketchfab.com/v3/users/a5b17ca992454299ad2e7ad78c74f240"
  },
  "description": "",
  "faceCount": 4999548,
  "createdAt": "2022-03-03T02:35:25.724187",
  "vertexCount": 2499766,
  "isAgeRestricted": false,
  "archives": {
    "glb": {
      "textureCount": 0,
      "size": 231186748,
      "type": "glb",
      "textureMaxResolution": 0,
      "faceCount": 4999544,
      "vertexCount": 4278282
    },
    "gltf": {
      "textureCount": 0,
      "size": 107933387,
      "type": "gltf",
      "textureMaxResolution": 0,
      "faceCount": 4999544,
      "vertexCount": 4278282
    },
    "source": {
      "textureCount": null,
      "size": 98782284,
      "type": "source",
      "textureMaxResolution": null,
      "faceCount": null,
      "vertexCount": null
    },
    "usdz": {
      "textureCount": null,
      "size": 116712869,
      "type": "usdz",
      "textureMaxResolution": null,
      "faceCount": null,
      "vertexCount": null
    }
  },
  "license": "by"
}