{
  "uri": "https://api.sketchfab.com/v3/models/3616f1279cf3406c85d1efeb592417ea",
  "uid": "3616f1279cf3406c85d1efeb592417ea",
  "name": "Hollow Knight",
  "staffpickedAt": null,
  "viewCount": 946,
  "likeCount": 15,
  "animationCount": 0,
  "viewerUrl": "https://sketchfab.com/3d-models/3616f1279cf3406c85d1efeb592417ea",
  "embedUrl": "https://sketchfab.com/models/3616f1279cf3406c85d1efeb592417ea/embed",
  "commentCount": 0,
  "isDownloadable": true,
  "publishedAt": "2020-08-03T14:25:12.191671",
  "tags": [
    {
      "name": "videogame",
      "slug": "videogame",
      "uri": "https://api.sketchfab.com/v3/tags/videogame"
    },
    {
      "name": "simple3dmodel",
      "slug": "simple3dmodel",
      "uri": "https://api.sketchfab.com/v3/tags/simple3dmodel"
    },
    {
      "name": "simplemodel",
      "slug": "simplemodel",
      "uri": "https://api.sketchfab.com/v3/tags/simplemodel"
    },
    {
      "name": "hollowknight",
      "slug": "hollowknight",
      "uri": "https://api.sketchfab.com/v3/tags/hollowknight"
    },
    {
      "name": "character",
      "slug": "character",
      "uri": "https://api.sketchfab.com/v3/tags/character"
    },
    {
      "name": "simple",
      "slug": "simple",
      "uri": "https://api.sketchfab.com/v3/tags/simple"
    }
  ],
  "categories": [
    {
      "name": "characters-creatures"
    }
  ],
  "thumbnails": {
    "images": [
      {
        "uid": "eaa735365e2c4abda8a96bd3f330e88e",
        "size": 264225,
        "width": 1920,
        "url": "https://media.sketchfab.com/models/3616f1279cf3406c85d1efeb592417ea/thumbnails/4226be6e115a451eba7f2b41958f1ebd/b60f566ca16840948e37bfa388edadb3.jpeg",
        "height": 1080
      },
      {
        "uid": "ffdce82b4ef94071bb5afddd58d1686f",
        "size": 32299,
        "width": 1024,
        "url": "https://media.sketchfab.com/models/3616f1279cf3406c85d1efeb592417ea/thumbnails/4226be6e115a451eba7f2b41958f1ebd/22029e1eee304ad09b7bb79da164b744.jpeg",
        "height": 576
      },
      {
        "uid": "31f8f8fe8a0f43bea59d3542349b0394",
        "size": 16911,
        "width": 720,
        "url": "https://media.sketchfab.com/models/3616f1279cf3406c85d1efeb592417ea/thumbnails/4226be6e115a451eba7f2b41958f1ebd/d0e2333915764f99ad3b51a5967a60b6.jpeg",
        "height": 405
      },
      {
        "uid": "8a0d85567be04681975f25a736293f81",
        "size": 3698,
        "width": 256,
        "url": "https://media.sketchfab.com/models/3616f1279cf3406c85d1efeb592417ea/thumbnails/4226be6e115a451eba7f2b41958f1ebd/6275d2e105aa40c9b67efc0e640d536d.jpeg",
        "height": 144
      },
      {
        "uid": "7b41ff77549f4f0bb852062b49078939",
        "size": 831,
        "width": 64,
        "url": "https://media.sketchfab.com/models/3616f1279cf3406c85d1efeb592417ea/thumbnails/4226be6e115a451eba7f2b41958f1ebd/79f4fa9dbccb4a469c689d71e1d615c0.jpeg",
        "height": 36
      }
    ]
  },
  "user": {
    "uid": "93d48fe18f4b41e4831d6202fabb7cf0",
    "username": "sliviss",
    "displayName": "...",
    "profileUrl": "https://sketchfab.com/sliviss",
    "account": "basic",
    "avatar": {
      "uri": "https://api.sketchfab.com/v3/avatars/95b90910304c44bb9c2205882f860828",
      "images": [
        {
          "size": 955,
          "width": 32,
          "url": "https://media.sketchfab.com/avatars/95b90910304c44bb9c2205882f860828/54196a0632b1429e8b80278ffaa38cf6.png",
          "height": 32
        },
        {
          "size": 1622,
          "width": 48,
          "url": "https://media.sketchfab.com/avatars/95b90910304c44bb9c2205882f860828/f7f25f4f86f541e3bfb97546a2ed7684.png",
          "height": 48
        },
        {
          "size": 6609,
          "width": 90,
          "url": "https://media.sketchfab.com/avatars/95b90910304c44bb9c2205882f860828/852427d5a897433bad75b291bafa3fb8.png",
          "height": 90
        },
        {
          "size": 7761,
          "width": 100,
          "url": "https://media.sketchfab.com/avatars/95b90910304c44bb9c2205882f860828/18c1d3cdb4e0444f91d2445da7e5ee04.png",
          "height": 100
        }
      ]
    },
    "uri": "https://api.sketchfab.com/v3/users/93d48fe18f4b41e4831d6202fabb7cf0"
  },
  "description": "Simple model :)",
  "faceCount": 45116,
  "createdAt": "2020-08-03T13:54:45.118001",
  "vertexCount": 22871,
  "isAgeRestricted": false,
  "archives": {
    "glb": {
      "textureCount": 0,
      "size": 1304092,
      "type": "glb",
      "textureMaxResolution": 0,
      "faceCount": 45116,
      "vertexCount": 23540
    },
    "gltf": {
      "textureCount": 0,
      "size": 668550,
      "type": "gltf",
      "textureMaxResolution": 0,
      "faceCount": 45116,
      "vertexCount": 23540
    },
    "source": {
      "textureCount": null,
      "size": 1247730,
      "type": "source",
      "textureMaxResolution": null,
      "faceCount": null,
      "vertexCount": null
    },
    "usdz": {
      "textureCount": null,
      "size": 647095,
      "type": "usdz",
      "textureMaxResolution": null,
      "faceCount": null,
      "vertexCount": null
    }
  },
  "license": "by"
}