{
  "uri": "https://api.sketchfab.com/v3/models/361ffd9849664b72bde012279a09028e",
  "uid": "361ffd9849664b72bde012279a09028e",
  "name": "Aiden Cella - wk8 plant",
  "staffpickedAt": null,
  "viewCount": 14,
  "likeCount": 3,
  "animationCount": 0,
  "viewerUrl": "https://sketchfab.com/3d-models/361ffd9849664b72bde012279a09028e",
  "embedUrl": "https://sketchfab.com/models/361ffd9849664b72bde012279a09028e/embed",
  "commentCount": 0,
  "isDownloadable": true,
  "publishedAt": "2022-07-03T07:49:21.248631",
  "tags": [],
  "categories": [],
  "thumbnails": {
    "images": [
      {
        "uid": "e5f2b756a0d043338b314aeb13016164",
        "size": 333197,
        "width": 1920,
        "url": "https://media.sketchfab.com/models/361ffd9849664b72bde012279a09028e/thumbnails/12aa090bd2594bce84350439b6a176d0/bbbdcf3d7f7a4e0597cd257818721a6a.jpeg",
        "height": 1080
      },
      {
        "uid": "d6db26710d88489ebd746527bb2d36dd",
        "size": 34223,
        "width": 1024,
        "url": "https://media.sketchfab.com/models/361ffd9849664b72bde012279a09028e/thumbnails/12aa090bd2594bce84350439b6a176d0/f24e584fe32b4e529273bd43e025f14e.jpeg",
        "height": 576
      },
      {
        "uid": "5c814131fc78413d9cdf31f0b782cacc",
        "size": 19371,
        "width": 720,
        "url": "https://media.sketchfab.com/models/361ffd9849664b72bde012279a09028e/thumbnails/12aa090bd2594bce84350439b6a176d0/ed21a68ef3724bcd83cc66c1e131858c.jpeg",
        "height": 405
      },
      {
        "uid": "4d13d13ecc2e4a1fa54a087e2fa4b812",
        "size": 4698,
        "width": 256,
        "url": "https://media.sketchfab.com/models/361ffd9849664b72bde012279a09028e/thumbnails/12aa090bd2594bce84350439b6a176d0/8f6aa2486449499ba451c99c90767e74.jpeg",
        "height": 144
      },
      {
        "uid": "f7ba206592e146fa93fd75fba02e4470",
        "size": 1190,
        "width": 64,
        "url": "https://media.sketchfab.com/models/361ffd9849664b72bde012279a09028e/thumbnails/12aa090bd2594bce84350439b6a176d0/589510425a114e94baaaec06eec0873e.jpeg",
        "height": 36
      }
    ]
  },
  "user": {
    "uid": "c3d28f3bb9d34525975d5dd451bff76e",
    "username": "AidenCella",
    "displayName": "AidenCella",
    "profileUrl": "https://sketchfab.com/AidenCella",
    "account": "basic",
    "avatar": {
      "uri": "https://api.sketchfab.com/v3/avatars/3ef1bd11d3eb4b57a0b353e8f2e5fc3e",
      "images": [
        {
          "size": 680,
          "width": 32,
          "url": "https://media.sketchfab.com/avatars/3ef1bd11d3eb4b57a0b353e8f2e5fc3e/116042a0854e40538adab302b593683d.jpeg",
          "height": 32
        },
        {
          "size": 1253,
          "width": 48,
          "url": "https://media.sketchfab.com/avatars/3ef1bd11d3eb4b57a0b353e8f2e5fc3e/efea16be51d04eb7a00cb9ea0b43b87f.jpeg",
          "height": 48
        },
        {
          "size": 2797,
          "width": 90,
          "url": "https://media.sketchfab.com/avatars/3ef1bd11d3eb4b57a0b353e8f2e5fc3e/ac9b469ccec74caf923a81fb2f0be3ed.jpeg",
          "height": 90
        },
        {
          "size": 3215,
          "width": 100,
          "url": "https://media.sketchfab.com/avatars/3ef1bd11d3eb4b57a0b353e8f2e5fc3e/a075e1d43d2f446c949b5967b470c757.jpeg",
          "height": 100
        }
      ]
    },
    "uri": "https://api.sketchfab.com/v3/users/c3d28f3bb9d34525975d5dd451bff76e"
  },
  "description": "",
  "faceCount": 3710,
  "createdAt": "2022-07-03T07:45:10.901678",
  "vertexCount": 1964,
  "isAgeRestricted": false,
  "archives": {
    "glb": {
      "textureCount": 4,
      "size": 1435428,
      "type": "glb",
      "textureMaxResolution": 1024,
      "faceCount": 3708,
      "vertexCount": 2534
    },
    "gltf": {
      "textureCount": 4,
      "size": 1362266,
      "type": "gltf",
      "textureMaxResolution": 1024,
      "faceCount": 3708,
      "vertexCount": 2534
    },
    "source": {
      "textureCount": null,
      "size": 3381907,
      "type": "source",
      "textureMaxResolution": null,
      "faceCount": null,
      "vertexCount": null
    },
    "usdz": {
      "textureCount": null,
      "size": 914729,
      "type": "usdz",
      "textureMaxResolution": null,
      "faceCount": null,
      "vertexCount": null
    }
  },
  "license": "by"
}