{
  "uri": "https://api.sketchfab.com/v3/models/3624530f9db64a70ae38f555e872642d",
  "uid": "3624530f9db64a70ae38f555e872642d",
  "name": "untitled",
  "staffpickedAt": null,
  "viewCount": 2,
  "likeCount": 0,
  "animationCount": 0,
  "viewerUrl": "https://sketchfab.com/3d-models/3624530f9db64a70ae38f555e872642d",
  "embedUrl": "https://sketchfab.com/models/3624530f9db64a70ae38f555e872642d/embed",
  "commentCount": 0,
  "isDownloadable": true,
  "publishedAt": "2021-06-16T20:24:01.390155",
  "tags": [],
  "categories": [],
  "thumbnails": {
    "images": [
      {
        "uid": "c0e6366381b5401c99e87b97e5909093",
        "size": 320592,
        "width": 1920,
        "url": "https://media.sketchfab.com/models/3624530f9db64a70ae38f555e872642d/thumbnails/d1b342a84f7544aebbc245c1bbb8ff69/2777dfd128154be883be337b5cb3f1b6.jpeg",
        "height": 1080
      },
      {
        "uid": "458746bb909241c9935356f453917265",
        "size": 38929,
        "width": 1024,
        "url": "https://media.sketchfab.com/models/3624530f9db64a70ae38f555e872642d/thumbnails/d1b342a84f7544aebbc245c1bbb8ff69/bf839e6a3fe34ef68095d0740ab094b5.jpeg",
        "height": 576
      },
      {
        "uid": "e8e46083bcd74f96b0a93a56414b3868",
        "size": 22664,
        "width": 720,
        "url": "https://media.sketchfab.com/models/3624530f9db64a70ae38f555e872642d/thumbnails/d1b342a84f7544aebbc245c1bbb8ff69/08007301ee0341a19b5426adccb2353f.jpeg",
        "height": 405
      },
      {
        "uid": "db1704730eaf4438b1cee524045cb29c",
        "size": 5184,
        "width": 256,
        "url": "https://media.sketchfab.com/models/3624530f9db64a70ae38f555e872642d/thumbnails/d1b342a84f7544aebbc245c1bbb8ff69/d7a02c59cb9d4056827d6a1a9c402642.jpeg",
        "height": 144
      },
      {
        "uid": "f8cc78d350c0456ba356fe44db89bfb9",
        "size": 1290,
        "width": 64,
        "url": "https://media.sketchfab.com/models/3624530f9db64a70ae38f555e872642d/thumbnails/d1b342a84f7544aebbc245c1bbb8ff69/3bc98559a4f045f19232e7288ab55596.jpeg",
        "height": 36
      }
    ]
  },
  "user": {
    "uid": "f1fbf8bdea5e42fd911354b7ffdccf2b",
    "username": "Maliphor",
    "displayName": "Mateus Henrique de oliveira",
    "profileUrl": "https://sketchfab.com/Maliphor",
    "account": "basic",
    "avatar": {
      "uri": "https://api.sketchfab.com/v3/avatars/988834c5b5104d1ca9827c9073f213ce",
      "images": [
        {
          "size": 1058,
          "width": 32,
          "url": "https://media.sketchfab.com/avatars/988834c5b5104d1ca9827c9073f213ce/cf6fab8916314db6923f55b29eba2e54.jpeg",
          "height": 32
        },
        {
          "size": 1487,
          "width": 48,
          "url": "https://media.sketchfab.com/avatars/988834c5b5104d1ca9827c9073f213ce/009b93a59dee47d1b09f847f5f529845.jpeg",
          "height": 48
        },
        {
          "size": 3044,
          "width": 90,
          "url": "https://media.sketchfab.com/avatars/988834c5b5104d1ca9827c9073f213ce/08d383f505654b3b9eccfb20059698a6.jpeg",
          "height": 90
        },
        {
          "size": 3537,
          "width": 100,
          "url": "https://media.sketchfab.com/avatars/988834c5b5104d1ca9827c9073f213ce/65ff1a40d31247a5a81096243f2b55b7.jpeg",
          "height": 100
        }
      ]
    },
    "uri": "https://api.sketchfab.com/v3/users/f1fbf8bdea5e42fd911354b7ffdccf2b"
  },
  "description": "",
  "faceCount": 690,
  "createdAt": "2021-06-16T20:18:13.521047",
  "vertexCount": 347,
  "isAgeRestricted": false,
  "archives": {
    "glb": {
      "textureCount": 1,
      "size": 91372,
      "type": "glb",
      "textureMaxResolution": 1024,
      "faceCount": 690,
      "vertexCount": 1031
    },
    "gltf": {
      "textureCount": 1,
      "size": 50203,
      "type": "gltf",
      "textureMaxResolution": 1024,
      "faceCount": 690,
      "vertexCount": 1031
    },
    "source": {
      "textureCount": null,
      "size": 752684,
      "type": "source",
      "textureMaxResolution": null,
      "faceCount": null,
      "vertexCount": null
    },
    "usdz": {
      "textureCount": null,
      "size": 91431,
      "type": "usdz",
      "textureMaxResolution": null,
      "faceCount": null,
      "vertexCount": null
    }
  },
  "license": "by"
}