{
  "uri": "https://api.sketchfab.com/v3/models/362924c1e04c4075b3671c0fdba8210e",
  "uid": "362924c1e04c4075b3671c0fdba8210e",
  "name": "Sample 3D Project - NELSON Example",
  "staffpickedAt": null,
  "viewCount": 122,
  "likeCount": 5,
  "animationCount": 0,
  "viewerUrl": "https://sketchfab.com/3d-models/362924c1e04c4075b3671c0fdba8210e",
  "embedUrl": "https://sketchfab.com/models/362924c1e04c4075b3671c0fdba8210e/embed",
  "commentCount": 0,
  "isDownloadable": true,
  "publishedAt": "2020-01-14T05:11:31.536129",
  "tags": [
    {
      "name": "3d",
      "slug": "3d",
      "uri": "https://api.sketchfab.com/v3/tags/3d"
    },
    {
      "name": "revit",
      "slug": "revit",
      "uri": "https://api.sketchfab.com/v3/tags/revit"
    }
  ],
  "categories": [],
  "thumbnails": {
    "images": [
      {
        "uid": "18b182f5d50d40bdbd93f3a5148a0e5b",
        "size": 195723,
        "width": 1920,
        "url": "https://media.sketchfab.com/models/362924c1e04c4075b3671c0fdba8210e/thumbnails/09749b42fa204d13b0ae4e49ad08660f/37d7560c3cdb4af999bdbf397814b2c0.jpeg",
        "height": 1080
      },
      {
        "uid": "8b7cfaa92bcf44918c49fdf198d68a25",
        "size": 62984,
        "width": 1024,
        "url": "https://media.sketchfab.com/models/362924c1e04c4075b3671c0fdba8210e/thumbnails/09749b42fa204d13b0ae4e49ad08660f/2aa0b7e1d8f846e28ae0c7573c9aced5.jpeg",
        "height": 576
      },
      {
        "uid": "fb2258236ed54efca654eee2dca378c5",
        "size": 37492,
        "width": 720,
        "url": "https://media.sketchfab.com/models/362924c1e04c4075b3671c0fdba8210e/thumbnails/09749b42fa204d13b0ae4e49ad08660f/3ebafbb7555749b1ac4c831c1373a256.jpeg",
        "height": 405
      },
      {
        "uid": "03ebb77ec5a147aba7421691a1aa9fb7",
        "size": 7580,
        "width": 256,
        "url": "https://media.sketchfab.com/models/362924c1e04c4075b3671c0fdba8210e/thumbnails/09749b42fa204d13b0ae4e49ad08660f/ae83af9e5c2c4eebb4004a51b91b87b6.jpeg",
        "height": 144
      },
      {
        "uid": "b67fde7ee8c944a3931fcb44849d992a",
        "size": 1104,
        "width": 64,
        "url": "https://media.sketchfab.com/models/362924c1e04c4075b3671c0fdba8210e/thumbnails/09749b42fa204d13b0ae4e49ad08660f/6727123604424ee494d8c2cdb7155717.jpeg",
        "height": 36
      }
    ]
  },
  "user": {
    "uid": "340c55051b1b4994b7bebac9423c0e4d",
    "username": "DavidNELSON",
    "displayName": "David at NELSON",
    "profileUrl": "https://sketchfab.com/DavidNELSON",
    "account": "basic",
    "avatar": {
      "uri": "https://api.sketchfab.com/v3/avatars/51af6a870cce449eb75b0345feebaebb",
      "images": [
        {
          "size": 5719,
          "width": 90,
          "url": "https://media.sketchfab.com/avatars/51af6a870cce449eb75b0345feebaebb/2ef0f894055b4bb69123b2a27fa2d379.jpeg",
          "height": 90
        },
        {
          "size": 6496,
          "width": 100,
          "url": "https://media.sketchfab.com/avatars/51af6a870cce449eb75b0345feebaebb/ab11eedf96374486acb544f71a23b165.jpeg",
          "height": 100
        },
        {
          "size": 1359,
          "width": 32,
          "url": "https://media.sketchfab.com/avatars/51af6a870cce449eb75b0345feebaebb/35f6f9b6c9a14a548ce472582d8a9bb5.jpeg",
          "height": 32
        },
        {
          "size": 2584,
          "width": 48,
          "url": "https://media.sketchfab.com/avatars/51af6a870cce449eb75b0345feebaebb/a8072a51447c4d41ab177b357111b420.jpeg",
          "height": 48
        }
      ]
    },
    "uri": "https://api.sketchfab.com/v3/users/340c55051b1b4994b7bebac9423c0e4d"
  },
  "description": "Sample 3D Project - NELSON Example",
  "faceCount": 772937,
  "createdAt": "2020-01-10T19:32:21.734103",
  "vertexCount": 440332,
  "isAgeRestricted": false,
  "archives": {
    "glb": {
      "textureCount": 17,
      "size": 40107396,
      "type": "glb",
      "textureMaxResolution": 2048,
      "faceCount": 769719,
      "vertexCount": 711766
    },
    "gltf": {
      "textureCount": 17,
      "size": 23224965,
      "type": "gltf",
      "textureMaxResolution": 2048,
      "faceCount": 769719,
      "vertexCount": 711766
    },
    "source": {
      "textureCount": null,
      "size": 41390334,
      "type": "source",
      "textureMaxResolution": null,
      "faceCount": null,
      "vertexCount": null
    },
    "usdz": {
      "textureCount": null,
      "size": 26653056,
      "type": "usdz",
      "textureMaxResolution": null,
      "faceCount": null,
      "vertexCount": null
    }
  },
  "license": "by"
}