{
  "uri": "https://api.sketchfab.com/v3/models/362becedb1444221b0bfa45b32567983",
  "uid": "362becedb1444221b0bfa45b32567983",
  "name": "Health Pack Asset - Sci Fi",
  "staffpickedAt": null,
  "viewCount": 862,
  "likeCount": 27,
  "animationCount": 0,
  "viewerUrl": "https://sketchfab.com/3d-models/362becedb1444221b0bfa45b32567983",
  "embedUrl": "https://sketchfab.com/models/362becedb1444221b0bfa45b32567983/embed",
  "commentCount": 0,
  "isDownloadable": true,
  "publishedAt": "2020-01-02T16:36:57.281902",
  "tags": [
    {
      "name": "kit",
      "slug": "kit",
      "uri": "https://api.sketchfab.com/v3/tags/kit"
    },
    {
      "name": "sci",
      "slug": "sci",
      "uri": "https://api.sketchfab.com/v3/tags/sci"
    },
    {
      "name": "fi",
      "slug": "fi",
      "uri": "https://api.sketchfab.com/v3/tags/fi"
    },
    {
      "name": "fps",
      "slug": "fps",
      "uri": "https://api.sketchfab.com/v3/tags/fps"
    },
    {
      "name": "shooter",
      "slug": "shooter",
      "uri": "https://api.sketchfab.com/v3/tags/shooter"
    },
    {
      "name": "pickup",
      "slug": "pickup",
      "uri": "https://api.sketchfab.com/v3/tags/pickup"
    },
    {
      "name": "pack",
      "slug": "pack",
      "uri": "https://api.sketchfab.com/v3/tags/pack"
    },
    {
      "name": "item",
      "slug": "item",
      "uri": "https://api.sketchfab.com/v3/tags/item"
    },
    {
      "name": "ready",
      "slug": "ready",
      "uri": "https://api.sketchfab.com/v3/tags/ready"
    },
    {
      "name": "damage",
      "slug": "damage",
      "uri": "https://api.sketchfab.com/v3/tags/damage"
    },
    {
      "name": "halo",
      "slug": "halo",
      "uri": "https://api.sketchfab.com/v3/tags/halo"
    },
    {
      "name": "healing",
      "slug": "healing",
      "uri": "https://api.sketchfab.com/v3/tags/healing"
    },
    {
      "name": "health",
      "slug": "health",
      "uri": "https://api.sketchfab.com/v3/tags/health"
    },
    {
      "name": "points",
      "slug": "points",
      "uri": "https://api.sketchfab.com/v3/tags/points"
    },
    {
      "name": "healer",
      "slug": "healer",
      "uri": "https://api.sketchfab.com/v3/tags/healer"
    },
    {
      "name": "heal",
      "slug": "heal",
      "uri": "https://api.sketchfab.com/v3/tags/heal"
    },
    {
      "name": "topdown",
      "slug": "topdown",
      "uri": "https://api.sketchfab.com/v3/tags/topdown"
    },
    {
      "name": "hit",
      "slug": "hit",
      "uri": "https://api.sketchfab.com/v3/tags/hit"
    },
    {
      "name": "substancepainter",
      "slug": "substancepainter",
      "uri": "https://api.sketchfab.com/v3/tags/substancepainter"
    },
    {
      "name": "substance",
      "slug": "substance",
      "uri": "https://api.sketchfab.com/v3/tags/substance"
    },
    {
      "name": "game",
      "slug": "game",
      "uri": "https://api.sketchfab.com/v3/tags/game"
    },
    {
      "name": "lowpoly",
      "slug": "lowpoly",
      "uri": "https://api.sketchfab.com/v3/tags/lowpoly"
    },
    {
      "name": "low",
      "slug": "low",
      "uri": "https://api.sketchfab.com/v3/tags/low"
    },
    {
      "name": "poly",
      "slug": "poly",
      "uri": "https://api.sketchfab.com/v3/tags/poly"
    },
    {
      "name": "download",
      "slug": "download",
      "uri": "https://api.sketchfab.com/v3/tags/download"
    }
  ],
  "categories": [
    {
      "name": "electronics-gadgets"
    },
    {
      "name": "science-technology"
    }
  ],
  "thumbnails": {
    "images": [
      {
        "uid": "9563f358bacb4ecc8045ababacee13e8",
        "size": 190453,
        "width": 1920,
        "url": "https://media.sketchfab.com/models/362becedb1444221b0bfa45b32567983/thumbnails/3bbc546b8e0b457481a2448254d9085d/34459a4044df4da79177f5721271217c.jpeg",
        "height": 1080
      },
      {
        "uid": "ee8db0fa26fa4db585eecaf213080f99",
        "size": 40310,
        "width": 1024,
        "url": "https://media.sketchfab.com/models/362becedb1444221b0bfa45b32567983/thumbnails/3bbc546b8e0b457481a2448254d9085d/04c79db1cfd142d194697e69a646afa7.jpeg",
        "height": 576
      },
      {
        "uid": "01d4216c0b234dfb9a99ed99a2dfc77b",
        "size": 22870,
        "width": 720,
        "url": "https://media.sketchfab.com/models/362becedb1444221b0bfa45b32567983/thumbnails/3bbc546b8e0b457481a2448254d9085d/54f6bf8573d2427cb6c5c24ec63a00be.jpeg",
        "height": 405
      },
      {
        "uid": "0252e0aef5c34e6bbc7f0c2ab662389f",
        "size": 4900,
        "width": 256,
        "url": "https://media.sketchfab.com/models/362becedb1444221b0bfa45b32567983/thumbnails/3bbc546b8e0b457481a2448254d9085d/c7cb141e53fe4d418aa55a09e2f51d19.jpeg",
        "height": 144
      },
      {
        "uid": "765790e7093c4274908ae9c9fd31d61e",
        "size": 953,
        "width": 64,
        "url": "https://media.sketchfab.com/models/362becedb1444221b0bfa45b32567983/thumbnails/3bbc546b8e0b457481a2448254d9085d/1425a0061ba2413dabbe1fd57fc2e3a6.jpeg",
        "height": 36
      }
    ]
  },
  "user": {
    "uid": "f012858447f74a72af83e4807c6d9451",
    "username": "billyjackman3d",
    "displayName": "Billy Jackman",
    "profileUrl": "https://sketchfab.com/billyjackman3d",
    "account": "basic",
    "avatar": {
      "uri": "https://api.sketchfab.com/v3/avatars/ce0131dcebd946bdaecd15a376c4e282",
      "images": [
        {
          "size": 688,
          "width": 32,
          "url": "https://media.sketchfab.com/avatars/ce0131dcebd946bdaecd15a376c4e282/312d70f8b7c542c497f35ca4fe4215ce.jpeg",
          "height": 32
        },
        {
          "size": 953,
          "width": 48,
          "url": "https://media.sketchfab.com/avatars/ce0131dcebd946bdaecd15a376c4e282/8c209b103f534daba9bc98c09f39285e.jpeg",
          "height": 48
        },
        {
          "size": 1704,
          "width": 90,
          "url": "https://media.sketchfab.com/avatars/ce0131dcebd946bdaecd15a376c4e282/18aec688cbd64959ad4173cdcdbfb832.jpeg",
          "height": 90
        },
        {
          "size": 1870,
          "width": 100,
          "url": "https://media.sketchfab.com/avatars/ce0131dcebd946bdaecd15a376c4e282/d23160dc30b440408307870f3eb8acac.jpeg",
          "height": 100
        }
      ]
    },
    "uri": "https://api.sketchfab.com/v3/users/f012858447f74a72af83e4807c6d9451"
  },
  "description": "Game ready sci fi health pack asset based off of the healthpack in the Halo games.",
  "faceCount": 788,
  "createdAt": "2020-01-02T16:27:14.548891",
  "vertexCount": 396,
  "isAgeRestricted": false,
  "archives": {
    "glb": {
      "textureCount": 4,
      "size": 8468024,
      "type": "glb",
      "textureMaxResolution": 2048,
      "faceCount": 788,
      "vertexCount": 932
    },
    "gltf": {
      "textureCount": 4,
      "size": 8343804,
      "type": "gltf",
      "textureMaxResolution": 2048,
      "faceCount": 788,
      "vertexCount": 932
    },
    "source": {
      "textureCount": null,
      "size": 12031134,
      "type": "source",
      "textureMaxResolution": null,
      "faceCount": null,
      "vertexCount": null
    },
    "usdz": {
      "textureCount": null,
      "size": 4005220,
      "type": "usdz",
      "textureMaxResolution": null,
      "faceCount": null,
      "vertexCount": null
    }
  },
  "license": "by"
}