{
  "uri": "https://api.sketchfab.com/v3/models/362bb60777094cbcb98e3d780aaec3c9",
  "uid": "362bb60777094cbcb98e3d780aaec3c9",
  "name": "Ana esposa",
  "staffpickedAt": null,
  "viewCount": 0,
  "likeCount": 0,
  "animationCount": 0,
  "viewerUrl": "https://sketchfab.com/3d-models/362bb60777094cbcb98e3d780aaec3c9",
  "embedUrl": "https://sketchfab.com/models/362bb60777094cbcb98e3d780aaec3c9/embed",
  "commentCount": 0,
  "isDownloadable": true,
  "publishedAt": "2022-03-11T00:49:42.300449",
  "tags": [
    {
      "name": "3dlivescanner",
      "slug": "3dlivescanner",
      "uri": "https://api.sketchfab.com/v3/tags/3dlivescanner"
    },
    {
      "name": "scanned_by_samsung_sm-m315f",
      "slug": "scanned_by_samsung_sm-m315f",
      "uri": "https://api.sketchfab.com/v3/tags/scanned_by_samsung_sm-m315f"
    }
  ],
  "categories": [],
  "thumbnails": {
    "images": [
      {
        "uid": "72a79c81073e4c2eb7702700efda4579",
        "size": 68593,
        "width": 1920,
        "url": "https://media.sketchfab.com/models/362bb60777094cbcb98e3d780aaec3c9/thumbnails/16f43fb186914a9a8044cd290f946306/7d56f9d23c54406fbfc97948a382bcc9.jpeg",
        "height": 1080
      },
      {
        "uid": "dba364b5bfa24c04907bf7a1efc47dfc",
        "size": 23625,
        "width": 1024,
        "url": "https://media.sketchfab.com/models/362bb60777094cbcb98e3d780aaec3c9/thumbnails/16f43fb186914a9a8044cd290f946306/84e440ab4d4540bb8456dc8be261de17.jpeg",
        "height": 576
      },
      {
        "uid": "1d2a3b9724c04ca5afbd54db3839874a",
        "size": 13825,
        "width": 720,
        "url": "https://media.sketchfab.com/models/362bb60777094cbcb98e3d780aaec3c9/thumbnails/16f43fb186914a9a8044cd290f946306/2341197ee7a044cd83ee6515a6abfeff.jpeg",
        "height": 405
      },
      {
        "uid": "75e3f6a735c04da3bd5b8bad67dceadc",
        "size": 3173,
        "width": 256,
        "url": "https://media.sketchfab.com/models/362bb60777094cbcb98e3d780aaec3c9/thumbnails/16f43fb186914a9a8044cd290f946306/328742b3d1da468081d78ec6e8ecf2ab.jpeg",
        "height": 144
      },
      {
        "uid": "2a89939bd5ca42de90a190db6e70b8b3",
        "size": 997,
        "width": 64,
        "url": "https://media.sketchfab.com/models/362bb60777094cbcb98e3d780aaec3c9/thumbnails/16f43fb186914a9a8044cd290f946306/35bbaa677e494e97852f702eb6cc3cea.jpeg",
        "height": 36
      }
    ]
  },
  "user": {
    "uid": "b3c80823d5b34e189c2185ca1b3dba7a",
    "username": "juvencio.analista",
    "displayName": "juvencio.analista",
    "profileUrl": "https://sketchfab.com/juvencio.analista",
    "account": "basic",
    "avatar": {
      "uri": "https://api.sketchfab.com/v3/avatars/3ef1bd11d3eb4b57a0b353e8f2e5fc3e",
      "images": [
        {
          "size": 680,
          "width": 32,
          "url": "https://media.sketchfab.com/avatars/3ef1bd11d3eb4b57a0b353e8f2e5fc3e/116042a0854e40538adab302b593683d.jpeg",
          "height": 32
        },
        {
          "size": 1253,
          "width": 48,
          "url": "https://media.sketchfab.com/avatars/3ef1bd11d3eb4b57a0b353e8f2e5fc3e/efea16be51d04eb7a00cb9ea0b43b87f.jpeg",
          "height": 48
        },
        {
          "size": 2797,
          "width": 90,
          "url": "https://media.sketchfab.com/avatars/3ef1bd11d3eb4b57a0b353e8f2e5fc3e/ac9b469ccec74caf923a81fb2f0be3ed.jpeg",
          "height": 90
        },
        {
          "size": 3215,
          "width": 100,
          "url": "https://media.sketchfab.com/avatars/3ef1bd11d3eb4b57a0b353e8f2e5fc3e/a075e1d43d2f446c949b5967b470c757.jpeg",
          "height": 100
        }
      ]
    },
    "uri": "https://api.sketchfab.com/v3/users/b3c80823d5b34e189c2185ca1b3dba7a"
  },
  "description": "",
  "faceCount": 100483,
  "createdAt": "2022-03-11T00:44:01.795236",
  "vertexCount": 50109,
  "isAgeRestricted": false,
  "archives": {
    "glb": {
      "textureCount": 1,
      "size": 6446584,
      "type": "glb",
      "textureMaxResolution": 4096,
      "faceCount": 100483,
      "vertexCount": 54124
    },
    "gltf": {
      "textureCount": 1,
      "size": 5349611,
      "type": "gltf",
      "textureMaxResolution": 4096,
      "faceCount": 100483,
      "vertexCount": 54124
    },
    "source": {
      "textureCount": null,
      "size": 6542062,
      "type": "source",
      "textureMaxResolution": null,
      "faceCount": null,
      "vertexCount": null
    },
    "usdz": {
      "textureCount": null,
      "size": 5594514,
      "type": "usdz",
      "textureMaxResolution": null,
      "faceCount": null,
      "vertexCount": null
    }
  },
  "license": "by-sa"
}