{
  "uri": "https://api.sketchfab.com/v3/models/362cfa01a2c14ae6bb0dca2433a78ff0",
  "uid": "362cfa01a2c14ae6bb0dca2433a78ff0",
  "name": "Asset by Feyfolken | Pots | Pot 2 Baked",
  "staffpickedAt": null,
  "viewCount": 30,
  "likeCount": 1,
  "animationCount": 0,
  "viewerUrl": "https://sketchfab.com/3d-models/362cfa01a2c14ae6bb0dca2433a78ff0",
  "embedUrl": "https://sketchfab.com/models/362cfa01a2c14ae6bb0dca2433a78ff0/embed",
  "commentCount": 0,
  "isDownloadable": true,
  "publishedAt": "2017-10-31T15:28:27.974314",
  "tags": [
    {
      "name": "medievalfantasyassets",
      "slug": "medievalfantasyassets",
      "uri": "https://api.sketchfab.com/v3/tags/medievalfantasyassets"
    }
  ],
  "categories": [],
  "thumbnails": {
    "images": [
      {
        "uid": "426ef145d2a04655acd8c377caf44454",
        "size": 24016,
        "width": 1024,
        "url": "https://media.sketchfab.com/models/362cfa01a2c14ae6bb0dca2433a78ff0/thumbnails/e55fe66b0ab540a6ad52eac22bbc72c0/1024x576.jpeg",
        "height": 576
      },
      {
        "uid": "58f5fde788ca49a6bc56a7ec80ce1912",
        "size": 11559,
        "width": 720,
        "url": "https://media.sketchfab.com/models/362cfa01a2c14ae6bb0dca2433a78ff0/thumbnails/e55fe66b0ab540a6ad52eac22bbc72c0/720x405.jpeg",
        "height": 405
      },
      {
        "uid": "20f63b07846c4be5b20adaf92b6b00be",
        "size": 2623,
        "width": 256,
        "url": "https://media.sketchfab.com/models/362cfa01a2c14ae6bb0dca2433a78ff0/thumbnails/e55fe66b0ab540a6ad52eac22bbc72c0/256x144.jpeg",
        "height": 144
      },
      {
        "uid": "8ed83e4b7f004465b7cbb061938563dd",
        "size": 923,
        "width": 64,
        "url": "https://media.sketchfab.com/models/362cfa01a2c14ae6bb0dca2433a78ff0/thumbnails/e55fe66b0ab540a6ad52eac22bbc72c0/64x36.jpeg",
        "height": 36
      }
    ]
  },
  "user": {
    "uid": "d08b1af1ed6040799aa560cbbed62080",
    "username": "Feyfolken-Km",
    "displayName": "Feyfolken-Km",
    "profileUrl": "https://sketchfab.com/Feyfolken-Km",
    "account": "basic",
    "avatar": {
      "uri": "https://api.sketchfab.com/v3/avatars/d6617fa058754ddda7074f26152dcd08",
      "images": [
        {
          "size": 1144,
          "width": 32,
          "url": "https://media.sketchfab.com/avatars/d6617fa058754ddda7074f26152dcd08/1ef1b578bec847e59792dc71fd223abb.jpeg",
          "height": 32
        },
        {
          "size": 1687,
          "width": 48,
          "url": "https://media.sketchfab.com/avatars/d6617fa058754ddda7074f26152dcd08/da469a9c82c9409ab4f5b52f2a44eca4.jpeg",
          "height": 48
        },
        {
          "size": 3775,
          "width": 90,
          "url": "https://media.sketchfab.com/avatars/d6617fa058754ddda7074f26152dcd08/fc4f3f2ab6f64e11942707f6f765f276.jpeg",
          "height": 90
        },
        {
          "size": 4299,
          "width": 100,
          "url": "https://media.sketchfab.com/avatars/d6617fa058754ddda7074f26152dcd08/9610703c85724b1a8dc910d41251f1c9.jpeg",
          "height": 100
        }
      ]
    },
    "uri": "https://api.sketchfab.com/v3/users/d08b1af1ed6040799aa560cbbed62080"
  },
  "description": "",
  "faceCount": 544,
  "createdAt": "2017-10-31T15:27:35.778610",
  "vertexCount": 274,
  "isAgeRestricted": false,
  "archives": {
    "glb": {
      "textureCount": 1,
      "size": 47588,
      "type": "glb",
      "textureMaxResolution": 512,
      "faceCount": 544,
      "vertexCount": 1058
    },
    "gltf": {
      "textureCount": 1,
      "size": 17930,
      "type": "gltf",
      "textureMaxResolution": 512,
      "faceCount": 544,
      "vertexCount": 1058
    },
    "source": {
      "textureCount": null,
      "size": 497011,
      "type": "source",
      "textureMaxResolution": null,
      "faceCount": null,
      "vertexCount": null
    },
    "usdz": {
      "textureCount": null,
      "size": 50994,
      "type": "usdz",
      "textureMaxResolution": null,
      "faceCount": null,
      "vertexCount": null
    }
  },
  "license": "by"
}