{
  "uri": "https://api.sketchfab.com/v3/models/362f62a26c9047b68d8b8c6f50941812",
  "uid": "362f62a26c9047b68d8b8c6f50941812",
  "name": "Cubik Model",
  "staffpickedAt": null,
  "viewCount": 1,
  "likeCount": 0,
  "animationCount": 0,
  "viewerUrl": "https://sketchfab.com/3d-models/362f62a26c9047b68d8b8c6f50941812",
  "embedUrl": "https://sketchfab.com/models/362f62a26c9047b68d8b8c6f50941812/embed",
  "commentCount": 0,
  "isDownloadable": true,
  "publishedAt": "2022-02-14T03:11:13.213855",
  "tags": [
    {
      "name": "cubik",
      "slug": "cubik",
      "uri": "https://api.sketchfab.com/v3/tags/cubik"
    },
    {
      "name": "lowpoly",
      "slug": "lowpoly",
      "uri": "https://api.sketchfab.com/v3/tags/lowpoly"
    },
    {
      "name": "voxel",
      "slug": "voxel",
      "uri": "https://api.sketchfab.com/v3/tags/voxel"
    }
  ],
  "categories": [],
  "thumbnails": {
    "images": [
      {
        "uid": "bdf9857f7fbd4ec9b29d0c84a0d1cd25",
        "size": 47947,
        "width": 1920,
        "url": "https://media.sketchfab.com/models/362f62a26c9047b68d8b8c6f50941812/thumbnails/a3bc7a34c7ac47eea0a33e631406b154/a4e97fe08eda4d08af707603dd995d12.jpeg",
        "height": 1080
      },
      {
        "uid": "4ff2c4aa783a4394836d01415fe02bee",
        "size": 16350,
        "width": 1024,
        "url": "https://media.sketchfab.com/models/362f62a26c9047b68d8b8c6f50941812/thumbnails/a3bc7a34c7ac47eea0a33e631406b154/38720e0718a143139aaaf59d385b3fc7.jpeg",
        "height": 576
      },
      {
        "uid": "919964bd1e024ba38e4cd4f89e324097",
        "size": 9704,
        "width": 720,
        "url": "https://media.sketchfab.com/models/362f62a26c9047b68d8b8c6f50941812/thumbnails/a3bc7a34c7ac47eea0a33e631406b154/e9c42f6092064a858b5c80b367d059c1.jpeg",
        "height": 405
      },
      {
        "uid": "292b849ff0804827837a650873d75b95",
        "size": 2370,
        "width": 256,
        "url": "https://media.sketchfab.com/models/362f62a26c9047b68d8b8c6f50941812/thumbnails/a3bc7a34c7ac47eea0a33e631406b154/f8e51f9d02b04ac4af6bfd588e9ec13f.jpeg",
        "height": 144
      },
      {
        "uid": "362b03d1bf51410fb02f06d1236321e7",
        "size": 868,
        "width": 64,
        "url": "https://media.sketchfab.com/models/362f62a26c9047b68d8b8c6f50941812/thumbnails/a3bc7a34c7ac47eea0a33e631406b154/19f0384180cc4f10bdc903763f6efb83.jpeg",
        "height": 36
      }
    ]
  },
  "user": {
    "uid": "9cde4b0a18854710afa9fd38e2f33fd5",
    "username": "Taiyaki1199",
    "displayName": "Kevin Mar",
    "profileUrl": "https://sketchfab.com/Taiyaki1199",
    "account": "basic",
    "avatar": {
      "uri": "https://api.sketchfab.com/v3/avatars/5c7cccbaba814c9a877765714aa2efb5",
      "images": [
        {
          "size": 1107,
          "width": 32,
          "url": "https://media.sketchfab.com/avatars/5c7cccbaba814c9a877765714aa2efb5/6cfd90e8b1eb4a4895db0f2b51fb1c1d.jpeg",
          "height": 32
        },
        {
          "size": 1557,
          "width": 48,
          "url": "https://media.sketchfab.com/avatars/5c7cccbaba814c9a877765714aa2efb5/4943e2a4eea948dcb3e38290f1ca2b5c.jpeg",
          "height": 48
        },
        {
          "size": 3382,
          "width": 90,
          "url": "https://media.sketchfab.com/avatars/5c7cccbaba814c9a877765714aa2efb5/cca18e103b5047fca4df046c3fd4bfc2.jpeg",
          "height": 90
        },
        {
          "size": 3848,
          "width": 100,
          "url": "https://media.sketchfab.com/avatars/5c7cccbaba814c9a877765714aa2efb5/492a16b25b9c4259b110be22eb299681.jpeg",
          "height": 100
        }
      ]
    },
    "uri": "https://api.sketchfab.com/v3/users/9cde4b0a18854710afa9fd38e2f33fd5"
  },
  "description": "Designed by Gamerkm with Cubik Studio - https://cubik.studio\n\nMade with Cubik Studio 2.9.480 Beta",
  "faceCount": 1800,
  "createdAt": "2022-02-14T03:09:56.410934",
  "vertexCount": 970,
  "isAgeRestricted": false,
  "archives": {
    "glb": {
      "textureCount": 1,
      "size": 140552,
      "type": "glb",
      "textureMaxResolution": 128,
      "faceCount": 1800,
      "vertexCount": 3450
    },
    "gltf": {
      "textureCount": 1,
      "size": 28239,
      "type": "gltf",
      "textureMaxResolution": 128,
      "faceCount": 1800,
      "vertexCount": 3450
    },
    "source": {
      "textureCount": null,
      "size": 50777,
      "type": "source",
      "textureMaxResolution": null,
      "faceCount": null,
      "vertexCount": null
    },
    "usdz": {
      "textureCount": null,
      "size": 119386,
      "type": "usdz",
      "textureMaxResolution": null,
      "faceCount": null,
      "vertexCount": null
    }
  },
  "license": "by"
}