{
  "uri": "https://api.sketchfab.com/v3/models/3634c97f21a347359c4faf58c55421eb",
  "uid": "3634c97f21a347359c4faf58c55421eb",
  "name": "PREPA ESMERALDA",
  "staffpickedAt": null,
  "viewCount": 35,
  "likeCount": 3,
  "animationCount": 0,
  "viewerUrl": "https://sketchfab.com/3d-models/3634c97f21a347359c4faf58c55421eb",
  "embedUrl": "https://sketchfab.com/models/3634c97f21a347359c4faf58c55421eb/embed",
  "commentCount": 0,
  "isDownloadable": true,
  "publishedAt": "2021-09-03T01:41:02.436101",
  "tags": [],
  "categories": [],
  "thumbnails": {
    "images": [
      {
        "uid": "fdb016f9870e413eaba052583ad7bf51",
        "size": 266433,
        "width": 1920,
        "url": "https://media.sketchfab.com/models/3634c97f21a347359c4faf58c55421eb/thumbnails/a1da82c2beec4f62a0c85881ef4f28ea/911d638e9c4c4162a568a9eed33d1a31.jpeg",
        "height": 1080
      },
      {
        "uid": "448c5a1087fa4b299a630bb5a1c419cb",
        "size": 96426,
        "width": 1024,
        "url": "https://media.sketchfab.com/models/3634c97f21a347359c4faf58c55421eb/thumbnails/a1da82c2beec4f62a0c85881ef4f28ea/1bdebd5db90b40068a1ea3254be6d0c2.jpeg",
        "height": 576
      },
      {
        "uid": "57488d5a59ed4fae9d275c41340baea6",
        "size": 57732,
        "width": 720,
        "url": "https://media.sketchfab.com/models/3634c97f21a347359c4faf58c55421eb/thumbnails/a1da82c2beec4f62a0c85881ef4f28ea/1292a79975a94b8ba164b74ebb38b08f.jpeg",
        "height": 405
      },
      {
        "uid": "bafbd20348994f6d9246f52c6d9129b0",
        "size": 11040,
        "width": 256,
        "url": "https://media.sketchfab.com/models/3634c97f21a347359c4faf58c55421eb/thumbnails/a1da82c2beec4f62a0c85881ef4f28ea/701dddc843574a7daa5a9b4f0808b284.jpeg",
        "height": 144
      },
      {
        "uid": "4b9db0d6689b4cf6a11da4b5e54bdf38",
        "size": 1651,
        "width": 64,
        "url": "https://media.sketchfab.com/models/3634c97f21a347359c4faf58c55421eb/thumbnails/a1da82c2beec4f62a0c85881ef4f28ea/8308d4ffd37844e099dd8d0b9a2039dd.jpeg",
        "height": 36
      }
    ]
  },
  "user": {
    "uid": "cb79db5d6bdb4ddbb1da324669e86a22",
    "username": "Malitzin.Cortes",
    "displayName": "Malitzin.Cortes",
    "profileUrl": "https://sketchfab.com/Malitzin.Cortes",
    "account": "pro",
    "avatar": {
      "uri": "https://api.sketchfab.com/v3/avatars/9f1c651b5b174ec4a14ff404357d16c6",
      "images": [
        {
          "size": 1228,
          "width": 32,
          "url": "https://media.sketchfab.com/avatars/9f1c651b5b174ec4a14ff404357d16c6/64a2c0643a27498d9c6fb1748298fa1c.jpeg",
          "height": 32
        },
        {
          "size": 1818,
          "width": 48,
          "url": "https://media.sketchfab.com/avatars/9f1c651b5b174ec4a14ff404357d16c6/fc934f10ee38424dba7dee4fe149e26b.jpeg",
          "height": 48
        },
        {
          "size": 4089,
          "width": 90,
          "url": "https://media.sketchfab.com/avatars/9f1c651b5b174ec4a14ff404357d16c6/b2c0db006b814233828f4755a81e1a86.jpeg",
          "height": 90
        },
        {
          "size": 4892,
          "width": 100,
          "url": "https://media.sketchfab.com/avatars/9f1c651b5b174ec4a14ff404357d16c6/caecbd0d1334481ba9a44b643c2e0e63.jpeg",
          "height": 100
        },
        {
          "size": 1228,
          "width": 32,
          "url": "https://media.sketchfab.com/avatars/9f1c651b5b174ec4a14ff404357d16c6/9ba7bd17b3ea447ebc776ec506090cb3.jpeg",
          "height": 32
        },
        {
          "size": 1818,
          "width": 48,
          "url": "https://media.sketchfab.com/avatars/9f1c651b5b174ec4a14ff404357d16c6/7316684d3fea4ccbb8cc72a31ac37654.jpeg",
          "height": 48
        },
        {
          "size": 4089,
          "width": 90,
          "url": "https://media.sketchfab.com/avatars/9f1c651b5b174ec4a14ff404357d16c6/996f2d6b36f041c489f8ada493df0b23.jpeg",
          "height": 90
        },
        {
          "size": 4892,
          "width": 100,
          "url": "https://media.sketchfab.com/avatars/9f1c651b5b174ec4a14ff404357d16c6/b369c8d4aea24e23ae83c3532c65c6af.jpeg",
          "height": 100
        }
      ]
    },
    "uri": "https://api.sketchfab.com/v3/users/cb79db5d6bdb4ddbb1da324669e86a22"
  },
  "description": "",
  "faceCount": 42625,
  "createdAt": "2021-09-03T01:35:58.558628",
  "vertexCount": 28521,
  "isAgeRestricted": false,
  "archives": {
    "glb": {
      "textureCount": 23,
      "size": 6278724,
      "type": "glb",
      "textureMaxResolution": 4096,
      "faceCount": 42375,
      "vertexCount": 67053
    },
    "gltf": {
      "textureCount": 23,
      "size": 4315925,
      "type": "gltf",
      "textureMaxResolution": 4096,
      "faceCount": 42375,
      "vertexCount": 67053
    },
    "source": {
      "textureCount": null,
      "size": 12185473,
      "type": "source",
      "textureMaxResolution": null,
      "faceCount": null,
      "vertexCount": null
    },
    "usdz": {
      "textureCount": null,
      "size": 5085278,
      "type": "usdz",
      "textureMaxResolution": null,
      "faceCount": null,
      "vertexCount": null
    }
  },
  "license": "by"
}