{
  "uri": "https://api.sketchfab.com/v3/models/363419429a724cf8bf70defcdc1d73f1",
  "uid": "363419429a724cf8bf70defcdc1d73f1",
  "name": "Sun, 15 Dec 2019 19:29:49",
  "staffpickedAt": null,
  "viewCount": 1,
  "likeCount": 0,
  "animationCount": 0,
  "viewerUrl": "https://sketchfab.com/3d-models/363419429a724cf8bf70defcdc1d73f1",
  "embedUrl": "https://sketchfab.com/models/363419429a724cf8bf70defcdc1d73f1/embed",
  "commentCount": 0,
  "isDownloadable": true,
  "publishedAt": "2019-12-15T19:29:57.711138",
  "tags": [],
  "categories": [],
  "thumbnails": {
    "images": [
      {
        "uid": "7fa9d1f074b24a6ea8bf10f3b7bdae8a",
        "size": 30071,
        "width": 1920,
        "url": "https://media.sketchfab.com/models/363419429a724cf8bf70defcdc1d73f1/thumbnails/76d20545d35644dfa68d9944461f5110/28134c33247e4d64afe0943d3c427334.jpeg",
        "height": 1080
      },
      {
        "uid": "7a31087befd4406eb4c7aa2f4a1f3a37",
        "size": 11246,
        "width": 1024,
        "url": "https://media.sketchfab.com/models/363419429a724cf8bf70defcdc1d73f1/thumbnails/76d20545d35644dfa68d9944461f5110/c4faa7029bc84b348080b2fb2a553105.jpeg",
        "height": 576
      },
      {
        "uid": "0a6256eab0064db88072b7e6f440a1fa",
        "size": 7110,
        "width": 720,
        "url": "https://media.sketchfab.com/models/363419429a724cf8bf70defcdc1d73f1/thumbnails/76d20545d35644dfa68d9944461f5110/2435053502c348d7a4197a04c1f2ac4f.jpeg",
        "height": 405
      },
      {
        "uid": "eff732d78bc044a89fa1628ffbc07a55",
        "size": 1943,
        "width": 256,
        "url": "https://media.sketchfab.com/models/363419429a724cf8bf70defcdc1d73f1/thumbnails/76d20545d35644dfa68d9944461f5110/634da5428996430c8cf9fed39bcb4c90.jpeg",
        "height": 144
      },
      {
        "uid": "1031e05c4c44461ca0dcce0867400b5a",
        "size": 574,
        "width": 64,
        "url": "https://media.sketchfab.com/models/363419429a724cf8bf70defcdc1d73f1/thumbnails/76d20545d35644dfa68d9944461f5110/904def6cb66d4d0ab8cfb122d0474f79.jpeg",
        "height": 36
      }
    ]
  },
  "user": {
    "uid": "863bd2932ef345349da59c4cabf51b09",
    "username": "newfields-3dprinting",
    "displayName": "newfields-3dprinting",
    "profileUrl": "https://sketchfab.com/newfields-3dprinting",
    "account": "basic",
    "avatar": {
      "uri": "https://api.sketchfab.com/v3/avatars/95e39620a47046f18f1ad67de29852f6",
      "images": [
        {
          "size": 3221,
          "width": 32,
          "url": "https://media.sketchfab.com/avatars/95e39620a47046f18f1ad67de29852f6/a5013806b91e4302994043cbc14f167d.png",
          "height": 32
        },
        {
          "size": 6372,
          "width": 48,
          "url": "https://media.sketchfab.com/avatars/95e39620a47046f18f1ad67de29852f6/9b2b29cfe3f54edc89322c36ab1a0f0f.png",
          "height": 48
        },
        {
          "size": 19470,
          "width": 90,
          "url": "https://media.sketchfab.com/avatars/95e39620a47046f18f1ad67de29852f6/76d51f94c7a846b58b80b57c58d47289.png",
          "height": 90
        },
        {
          "size": 23471,
          "width": 100,
          "url": "https://media.sketchfab.com/avatars/95e39620a47046f18f1ad67de29852f6/9c8036a181b64c55abb1aa1428004566.png",
          "height": 100
        }
      ]
    },
    "uri": "https://api.sketchfab.com/v3/users/863bd2932ef345349da59c4cabf51b09"
  },
  "description": "Newfields Design Gallery",
  "faceCount": 6784,
  "createdAt": "2019-12-15T19:29:49.809966",
  "vertexCount": 3406,
  "isAgeRestricted": false,
  "archives": {
    "glb": {
      "textureCount": 0,
      "size": 308156,
      "type": "glb",
      "textureMaxResolution": 0,
      "faceCount": 6784,
      "vertexCount": 7026
    },
    "gltf": {
      "textureCount": 0,
      "size": 112395,
      "type": "gltf",
      "textureMaxResolution": 0,
      "faceCount": 6784,
      "vertexCount": 7026
    },
    "source": {
      "textureCount": null,
      "size": 409454,
      "type": "source",
      "textureMaxResolution": null,
      "faceCount": null,
      "vertexCount": null
    },
    "usdz": {
      "textureCount": null,
      "size": 184533,
      "type": "usdz",
      "textureMaxResolution": null,
      "faceCount": null,
      "vertexCount": null
    }
  },
  "license": "by"
}