{
  "uri": "https://api.sketchfab.com/v3/models/363b7826484f4e01ba020bafc43167c7",
  "uid": "363b7826484f4e01ba020bafc43167c7",
  "name": "JARDINERAS",
  "staffpickedAt": null,
  "viewCount": 23,
  "likeCount": 2,
  "animationCount": 0,
  "viewerUrl": "https://sketchfab.com/3d-models/363b7826484f4e01ba020bafc43167c7",
  "embedUrl": "https://sketchfab.com/models/363b7826484f4e01ba020bafc43167c7/embed",
  "commentCount": 0,
  "isDownloadable": true,
  "publishedAt": "2020-09-25T21:34:56.085792",
  "tags": [],
  "categories": [],
  "thumbnails": {
    "images": [
      {
        "uid": "081550ebd9b54a5cb7af13a0c71703f7",
        "size": 72691,
        "width": 1920,
        "url": "https://media.sketchfab.com/models/363b7826484f4e01ba020bafc43167c7/thumbnails/df941e2416d74fcaa6649379270e1835/52db5877647242a4a7cea870347fa8c7.jpeg",
        "height": 1080
      },
      {
        "uid": "85e6b61bad0e49aba06aa3ffc596981e",
        "size": 22897,
        "width": 1024,
        "url": "https://media.sketchfab.com/models/363b7826484f4e01ba020bafc43167c7/thumbnails/df941e2416d74fcaa6649379270e1835/036550c1111d4b60847c3e8f82444b31.jpeg",
        "height": 576
      },
      {
        "uid": "dda2fd34fca045e6b46d047ce18c58db",
        "size": 13120,
        "width": 720,
        "url": "https://media.sketchfab.com/models/363b7826484f4e01ba020bafc43167c7/thumbnails/df941e2416d74fcaa6649379270e1835/75eb3117b05a4203b954f62f7a18336f.jpeg",
        "height": 405
      },
      {
        "uid": "12803973c5544680ba9d1cb25a138283",
        "size": 3071,
        "width": 256,
        "url": "https://media.sketchfab.com/models/363b7826484f4e01ba020bafc43167c7/thumbnails/df941e2416d74fcaa6649379270e1835/4ada8b64b88742eb9495e8e206fe77c4.jpeg",
        "height": 144
      },
      {
        "uid": "4ca6ac26345149f9befb629465ba08c5",
        "size": 789,
        "width": 64,
        "url": "https://media.sketchfab.com/models/363b7826484f4e01ba020bafc43167c7/thumbnails/df941e2416d74fcaa6649379270e1835/0b36eaeb024a457cba797119351e9e6b.jpeg",
        "height": 36
      }
    ]
  },
  "user": {
    "uid": "1cbce80e5bc0461ba3195467bdd02b47",
    "username": "DCINTERIOR",
    "displayName": "DCINTERIOR",
    "profileUrl": "https://sketchfab.com/DCINTERIOR",
    "account": "basic",
    "avatar": {
      "uri": "https://api.sketchfab.com/v3/avatars/37c8e59042d148ef86dbdb753507b8ae",
      "images": [
        {
          "size": 583,
          "width": 32,
          "url": "https://media.sketchfab.com/avatars/37c8e59042d148ef86dbdb753507b8ae/1fbb60ffba9943feb7715605e52c569b.jpeg",
          "height": 32
        },
        {
          "size": 847,
          "width": 48,
          "url": "https://media.sketchfab.com/avatars/37c8e59042d148ef86dbdb753507b8ae/322a74591fb84e64910e162ffc1670d2.jpeg",
          "height": 48
        },
        {
          "size": 1558,
          "width": 90,
          "url": "https://media.sketchfab.com/avatars/37c8e59042d148ef86dbdb753507b8ae/60ab0cfc248d45b6a6d68a810b9e4ea2.jpeg",
          "height": 90
        },
        {
          "size": 1772,
          "width": 100,
          "url": "https://media.sketchfab.com/avatars/37c8e59042d148ef86dbdb753507b8ae/1580ae20608649c8bcc6bdd5a3377de9.jpeg",
          "height": 100
        }
      ]
    },
    "uri": "https://api.sketchfab.com/v3/users/1cbce80e5bc0461ba3195467bdd02b47"
  },
  "description": "",
  "faceCount": 48916,
  "createdAt": "2020-09-25T21:34:03.390819",
  "vertexCount": 24588,
  "isAgeRestricted": false,
  "archives": {
    "glb": {
      "textureCount": 4,
      "size": 6799112,
      "type": "glb",
      "textureMaxResolution": 2048,
      "faceCount": 48916,
      "vertexCount": 77820
    },
    "gltf": {
      "textureCount": 4,
      "size": 4412844,
      "type": "gltf",
      "textureMaxResolution": 2048,
      "faceCount": 48916,
      "vertexCount": 77820
    },
    "source": {
      "textureCount": null,
      "size": 8667565,
      "type": "source",
      "textureMaxResolution": null,
      "faceCount": null,
      "vertexCount": null
    },
    "usdz": {
      "textureCount": null,
      "size": 3990146,
      "type": "usdz",
      "textureMaxResolution": null,
      "faceCount": null,
      "vertexCount": null
    }
  },
  "license": "by"
}