{
  "uri": "https://api.sketchfab.com/v3/models/36425f64f13a47e9bd8fb55b1d52e916",
  "uid": "36425f64f13a47e9bd8fb55b1d52e916",
  "name": "Hinthamerstraat 71 Sleutelgat haard",
  "staffpickedAt": null,
  "viewCount": 42,
  "likeCount": 0,
  "animationCount": 0,
  "viewerUrl": "https://sketchfab.com/3d-models/36425f64f13a47e9bd8fb55b1d52e916",
  "embedUrl": "https://sketchfab.com/models/36425f64f13a47e9bd8fb55b1d52e916/embed",
  "commentCount": 0,
  "isDownloadable": true,
  "publishedAt": "2021-11-08T09:24:53.718298",
  "tags": [
    {
      "name": "erfgoedshertogenbosch",
      "slug": "erfgoedshertogenbosch",
      "uri": "https://api.sketchfab.com/v3/tags/erfgoedshertogenbosch"
    },
    {
      "name": "shertogenbosch",
      "slug": "shertogenbosch",
      "uri": "https://api.sketchfab.com/v3/tags/shertogenbosch"
    },
    {
      "name": "denbosch",
      "slug": "denbosch",
      "uri": "https://api.sketchfab.com/v3/tags/denbosch"
    },
    {
      "name": "erfgoedhertogenbosch",
      "slug": "erfgoedhertogenbosch",
      "uri": "https://api.sketchfab.com/v3/tags/erfgoedhertogenbosch"
    },
    {
      "name": "hinthamerstraat",
      "slug": "hinthamerstraat",
      "uri": "https://api.sketchfab.com/v3/tags/hinthamerstraat"
    },
    {
      "name": "sleutelgat",
      "slug": "sleutelgat",
      "uri": "https://api.sketchfab.com/v3/tags/sleutelgat"
    }
  ],
  "categories": [
    {
      "name": "cultural-heritage-history"
    }
  ],
  "thumbnails": {
    "images": [
      {
        "uid": "90e5f47429034987ad2fd74e62dddf3d",
        "size": 165428,
        "width": 1920,
        "url": "https://media.sketchfab.com/models/36425f64f13a47e9bd8fb55b1d52e916/thumbnails/ba2f9ac7e8774d79b237e2c1f7ed6f05/62dfc67f82954ffaa8b127c5e9753b39.jpeg",
        "height": 1080
      },
      {
        "uid": "1a2378b4fb304b8187c0fbbbd3de9893",
        "size": 48262,
        "width": 1024,
        "url": "https://media.sketchfab.com/models/36425f64f13a47e9bd8fb55b1d52e916/thumbnails/ba2f9ac7e8774d79b237e2c1f7ed6f05/9900ad895d6142bf8d29f27647300eb6.jpeg",
        "height": 576
      },
      {
        "uid": "e8a8486a64434c77bd4169e2858bd945",
        "size": 26534,
        "width": 720,
        "url": "https://media.sketchfab.com/models/36425f64f13a47e9bd8fb55b1d52e916/thumbnails/ba2f9ac7e8774d79b237e2c1f7ed6f05/0a451521c765480dacd6d229c129143c.jpeg",
        "height": 405
      },
      {
        "uid": "89b9c2c52d3b4f67b3f0ad8ca0b3f211",
        "size": 4967,
        "width": 256,
        "url": "https://media.sketchfab.com/models/36425f64f13a47e9bd8fb55b1d52e916/thumbnails/ba2f9ac7e8774d79b237e2c1f7ed6f05/4342bcdf5c9c40e5a6de5b60eaa37a3c.jpeg",
        "height": 144
      },
      {
        "uid": "f39f6aa726854a6b9cb6511da6aaec09",
        "size": 1084,
        "width": 64,
        "url": "https://media.sketchfab.com/models/36425f64f13a47e9bd8fb55b1d52e916/thumbnails/ba2f9ac7e8774d79b237e2c1f7ed6f05/4388742c4dcc4022be8aa01da3e6af44.jpeg",
        "height": 36
      }
    ]
  },
  "user": {
    "uid": "1bd540291bea40219f18f4694542a906",
    "username": "erfgoedshertogenbosch",
    "displayName": "Erfgoed 's-Hertogenbosch",
    "profileUrl": "https://sketchfab.com/erfgoedshertogenbosch",
    "account": "pro",
    "avatar": {
      "uri": "https://api.sketchfab.com/v3/avatars/62b113f57d1944c3923de2a5e7470383",
      "images": [
        {
          "size": 681,
          "width": 32,
          "url": "https://media.sketchfab.com/avatars/62b113f57d1944c3923de2a5e7470383/d99c5db0a28047f297baad5cceb0d2b9.jpeg",
          "height": 32
        },
        {
          "size": 1090,
          "width": 48,
          "url": "https://media.sketchfab.com/avatars/62b113f57d1944c3923de2a5e7470383/32d0aa2e10a944bb9ca2b642a1d8e3fe.jpeg",
          "height": 48
        },
        {
          "size": 2634,
          "width": 90,
          "url": "https://media.sketchfab.com/avatars/62b113f57d1944c3923de2a5e7470383/43403577a47f495fa300e525957e4591.jpeg",
          "height": 90
        },
        {
          "size": 3113,
          "width": 100,
          "url": "https://media.sketchfab.com/avatars/62b113f57d1944c3923de2a5e7470383/7fdbd541698b4489b3aa090352021290.jpeg",
          "height": 100
        }
      ]
    },
    "uri": "https://api.sketchfab.com/v3/users/1bd540291bea40219f18f4694542a906"
  },
  "description": "* Object: haard\n* Materiaal: baksteen en stucwerk\n* Afmeting: 1 x 1,5m (bxh)\n* Datering: 2de helft 18e eeuw\n* Vindplaats: Hinthamerstraat 71, 's-Hertogenbosch (https://goo.gl/maps/tfCEDyZPBSJ3Yh7AA)\n* Beschrijving: Sleutelgathaard. Het stookgat is in de vorm van een sleutelgat, zie ook https://www.erfgoedshertogenbosch.nl/verhalen/sleutelgat-haarden",
  "faceCount": 456882,
  "createdAt": "2021-11-08T08:53:15.623415",
  "vertexCount": 229349,
  "isAgeRestricted": false,
  "archives": {
    "glb": {
      "textureCount": 2,
      "size": 75673692,
      "type": "glb",
      "textureMaxResolution": 8192,
      "faceCount": 456880,
      "vertexCount": 264361
    },
    "gltf": {
      "textureCount": 2,
      "size": 69289601,
      "type": "gltf",
      "textureMaxResolution": 8192,
      "faceCount": 456880,
      "vertexCount": 264361
    },
    "source": {
      "textureCount": null,
      "size": 50103138,
      "type": "source",
      "textureMaxResolution": null,
      "faceCount": null,
      "vertexCount": null
    },
    "usdz": {
      "textureCount": null,
      "size": 12127368,
      "type": "usdz",
      "textureMaxResolution": null,
      "faceCount": null,
      "vertexCount": null
    }
  },
  "license": "by"
}