{
  "uri": "https://api.sketchfab.com/v3/models/3643d2abd2b94e46a1d16490c24d92ed",
  "uid": "3643d2abd2b94e46a1d16490c24d92ed",
  "name": "bacha",
  "staffpickedAt": null,
  "viewCount": 6,
  "likeCount": 0,
  "animationCount": 0,
  "viewerUrl": "https://sketchfab.com/3d-models/3643d2abd2b94e46a1d16490c24d92ed",
  "embedUrl": "https://sketchfab.com/models/3643d2abd2b94e46a1d16490c24d92ed/embed",
  "commentCount": 0,
  "isDownloadable": true,
  "publishedAt": "2021-10-15T16:11:47.296686",
  "tags": [
    {
      "name": "3df-zephyr",
      "slug": "3df-zephyr",
      "uri": "https://api.sketchfab.com/v3/tags/3df-zephyr"
    }
  ],
  "categories": [],
  "thumbnails": {
    "images": [
      {
        "uid": "cf1d878a87104994a973e5d42f0e16e5",
        "size": 311483,
        "width": 1920,
        "url": "https://media.sketchfab.com/models/3643d2abd2b94e46a1d16490c24d92ed/thumbnails/1fda74643e9b43fb8acca6af8b0bf299/3a7d50d5964846b88a24d776237567b2.jpeg",
        "height": 1080
      },
      {
        "uid": "93dacecbaea24d2993b7c2e49e41c318",
        "size": 35098,
        "width": 1024,
        "url": "https://media.sketchfab.com/models/3643d2abd2b94e46a1d16490c24d92ed/thumbnails/1fda74643e9b43fb8acca6af8b0bf299/d8cd68889cb445429085d4d00551e261.jpeg",
        "height": 576
      },
      {
        "uid": "f08b6ecbf32748f7a9dba03de9c2dc65",
        "size": 19697,
        "width": 720,
        "url": "https://media.sketchfab.com/models/3643d2abd2b94e46a1d16490c24d92ed/thumbnails/1fda74643e9b43fb8acca6af8b0bf299/090cb03790864a52bc3bd894ddd7ee67.jpeg",
        "height": 405
      },
      {
        "uid": "9a3f9b234b534b44a800f5dc3f44e1a6",
        "size": 4475,
        "width": 256,
        "url": "https://media.sketchfab.com/models/3643d2abd2b94e46a1d16490c24d92ed/thumbnails/1fda74643e9b43fb8acca6af8b0bf299/5b158cf71dbf4215bbb7af57e8b48b6a.jpeg",
        "height": 144
      },
      {
        "uid": "966a838537074dce8e527e51f7d6214b",
        "size": 1150,
        "width": 64,
        "url": "https://media.sketchfab.com/models/3643d2abd2b94e46a1d16490c24d92ed/thumbnails/1fda74643e9b43fb8acca6af8b0bf299/db0194ab32c74fc29be2cb6bfb8d2cc8.jpeg",
        "height": 36
      }
    ]
  },
  "user": {
    "uid": "8ef31d6d46fd46bf90382783e48fe505",
    "username": "LuzMilesi",
    "displayName": "Luz Milesi",
    "profileUrl": "https://sketchfab.com/LuzMilesi",
    "account": "basic",
    "avatar": {
      "uri": "https://api.sketchfab.com/v3/avatars/6a7e6242491d4404a2ac32908bb67a05",
      "images": [
        {
          "size": 725,
          "width": 32,
          "url": "https://media.sketchfab.com/avatars/6a7e6242491d4404a2ac32908bb67a05/3ddfaf1ec59a4b1899e169e43ed1fcb2.jpeg",
          "height": 32
        },
        {
          "size": 1108,
          "width": 48,
          "url": "https://media.sketchfab.com/avatars/6a7e6242491d4404a2ac32908bb67a05/aa7a558cc23842658e38e8f1b923ec65.jpeg",
          "height": 48
        },
        {
          "size": 2592,
          "width": 90,
          "url": "https://media.sketchfab.com/avatars/6a7e6242491d4404a2ac32908bb67a05/7991e89160784dcc8eaaa696db5650e8.jpeg",
          "height": 90
        },
        {
          "size": 2981,
          "width": 100,
          "url": "https://media.sketchfab.com/avatars/6a7e6242491d4404a2ac32908bb67a05/e411858198cc474a9667a405ca61a57f.jpeg",
          "height": 100
        }
      ]
    },
    "uri": "https://api.sketchfab.com/v3/users/8ef31d6d46fd46bf90382783e48fe505"
  },
  "description": "My 3D scene generated with photogrammetry software 3DF Zephyr v6.006 processing 9 images",
  "faceCount": 78248,
  "createdAt": "2021-10-15T16:11:12.035770",
  "vertexCount": 39120,
  "isAgeRestricted": false,
  "archives": {
    "glb": {
      "textureCount": 1,
      "size": 11954620,
      "type": "glb",
      "textureMaxResolution": 8192,
      "faceCount": 78248,
      "vertexCount": 92373
    },
    "gltf": {
      "textureCount": 1,
      "size": 9582565,
      "type": "gltf",
      "textureMaxResolution": 8192,
      "faceCount": 78248,
      "vertexCount": 92373
    },
    "source": {
      "textureCount": null,
      "size": 8882857,
      "type": "source",
      "textureMaxResolution": null,
      "faceCount": null,
      "vertexCount": null
    },
    "usdz": {
      "textureCount": null,
      "size": 4912862,
      "type": "usdz",
      "textureMaxResolution": null,
      "faceCount": null,
      "vertexCount": null
    }
  },
  "license": "by"
}