{
  "uri": "https://api.sketchfab.com/v3/models/36446461b9704277a6106e60b51254ee",
  "uid": "36446461b9704277a6106e60b51254ee",
  "name": "blue_from_rainbow_friends_rigged",
  "staffpickedAt": null,
  "viewCount": 132,
  "likeCount": 2,
  "animationCount": 0,
  "viewerUrl": "https://sketchfab.com/3d-models/36446461b9704277a6106e60b51254ee",
  "embedUrl": "https://sketchfab.com/models/36446461b9704277a6106e60b51254ee/embed",
  "commentCount": 2,
  "isDownloadable": true,
  "publishedAt": "2022-09-04T11:40:08.484101",
  "tags": [
    {
      "name": "horror",
      "slug": "horror",
      "uri": "https://api.sketchfab.com/v3/tags/horror"
    },
    {
      "name": "horrorbiggamerr",
      "slug": "horrorbiggamerr",
      "uri": "https://api.sketchfab.com/v3/tags/horrorbiggamerr"
    }
  ],
  "categories": [
    {
      "name": "characters-creatures"
    }
  ],
  "thumbnails": {
    "images": [
      {
        "uid": "f4fb2b63dfcf40a3afb33b48df938d4c",
        "size": 327954,
        "width": 1920,
        "url": "https://media.sketchfab.com/models/36446461b9704277a6106e60b51254ee/thumbnails/b920cb32ecb44630878941fd95aed3c7/3dc76c70a8424a35921ba0a4bd2bd278.jpeg",
        "height": 1080
      },
      {
        "uid": "84176828e24d4596bd86dfbaf2de735d",
        "size": 87261,
        "width": 1024,
        "url": "https://media.sketchfab.com/models/36446461b9704277a6106e60b51254ee/thumbnails/b920cb32ecb44630878941fd95aed3c7/4d65fa8f91d049ada8a9302b31417f13.jpeg",
        "height": 576
      },
      {
        "uid": "53b26675cb9c4b6798ce7ef10ae72d62",
        "size": 40400,
        "width": 720,
        "url": "https://media.sketchfab.com/models/36446461b9704277a6106e60b51254ee/thumbnails/b920cb32ecb44630878941fd95aed3c7/a62c0505c73b48b8b76a754c7b3871fd.jpeg",
        "height": 405
      },
      {
        "uid": "e7c8ad06c60141b6b28ebe6a53cae2e7",
        "size": 5378,
        "width": 256,
        "url": "https://media.sketchfab.com/models/36446461b9704277a6106e60b51254ee/thumbnails/b920cb32ecb44630878941fd95aed3c7/b060a58b47684abc9e1047fb8776a60f.jpeg",
        "height": 144
      },
      {
        "uid": "6e8155468cae4a91be0b4e0be337540a",
        "size": 1094,
        "width": 64,
        "url": "https://media.sketchfab.com/models/36446461b9704277a6106e60b51254ee/thumbnails/b920cb32ecb44630878941fd95aed3c7/924b688b6eb84dd68356f588291df385.jpeg",
        "height": 36
      }
    ]
  },
  "user": {
    "uid": "f9ea9b7f077a4684aa818d09a1fcb56b",
    "username": "HorrorBigGameRR",
    "displayName": "Horror BigGameRR Green Screens",
    "profileUrl": "https://sketchfab.com/HorrorBigGameRR",
    "account": "basic",
    "avatar": {
      "uri": "https://api.sketchfab.com/v3/avatars/854300a833ed4d8d983cce7c9df92706",
      "images": [
        {
          "size": 2506,
          "width": 32,
          "url": "https://media.sketchfab.com/avatars/854300a833ed4d8d983cce7c9df92706/70fdf6ca4ace4a1fb92e727fc5ae31f2.png",
          "height": 32
        },
        {
          "size": 5904,
          "width": 48,
          "url": "https://media.sketchfab.com/avatars/854300a833ed4d8d983cce7c9df92706/034383e6b66f4ad78e9704285680acc7.png",
          "height": 48
        },
        {
          "size": 18395,
          "width": 90,
          "url": "https://media.sketchfab.com/avatars/854300a833ed4d8d983cce7c9df92706/493302fbaef642fdb2f013691ec9967d.png",
          "height": 90
        },
        {
          "size": 22281,
          "width": 100,
          "url": "https://media.sketchfab.com/avatars/854300a833ed4d8d983cce7c9df92706/1ca22ff9b4604049a6e6c6eef8986f02.png",
          "height": 100
        }
      ]
    },
    "uri": "https://api.sketchfab.com/v3/users/f9ea9b7f077a4684aa818d09a1fcb56b"
  },
  "description": "Blue From Rainbow Friends (Roblox) \nSubject: ...\nAnimating software: Mixamo \nNext Video: [unknown]\nAlso, Follow me!!! And ALSO, Subscribe to me on YouTube http://www.youtube.com/c/HorrorBigGameRR",
  "faceCount": 34904,
  "createdAt": "2022-09-04T11:37:52.712800",
  "vertexCount": 17452,
  "isAgeRestricted": false,
  "archives": {
    "glb": {
      "textureCount": 2,
      "size": 2723700,
      "type": "glb",
      "textureMaxResolution": 1024,
      "faceCount": 34904,
      "vertexCount": 19845
    },
    "gltf": {
      "textureCount": 2,
      "size": 2001568,
      "type": "gltf",
      "textureMaxResolution": 1024,
      "faceCount": 34904,
      "vertexCount": 19845
    },
    "source": {
      "textureCount": null,
      "size": 3976117,
      "type": "source",
      "textureMaxResolution": null,
      "faceCount": null,
      "vertexCount": null
    },
    "usdz": {
      "textureCount": null,
      "size": 1383606,
      "type": "usdz",
      "textureMaxResolution": null,
      "faceCount": null,
      "vertexCount": null
    }
  },
  "license": "by"
}