{
  "uri": "https://api.sketchfab.com/v3/models/3645607fbe504f848ab68157940b2b61",
  "uid": "3645607fbe504f848ab68157940b2b61",
  "name": "test scene",
  "staffpickedAt": null,
  "viewCount": 15,
  "likeCount": 0,
  "animationCount": 0,
  "viewerUrl": "https://sketchfab.com/3d-models/3645607fbe504f848ab68157940b2b61",
  "embedUrl": "https://sketchfab.com/models/3645607fbe504f848ab68157940b2b61/embed",
  "commentCount": 0,
  "isDownloadable": true,
  "publishedAt": "2019-10-21T22:18:39.991268",
  "tags": [
    {
      "name": "bob",
      "slug": "bob",
      "uri": "https://api.sketchfab.com/v3/tags/bob"
    },
    {
      "name": "video-games",
      "slug": "video-games",
      "uri": "https://api.sketchfab.com/v3/tags/video-games"
    },
    {
      "name": "character",
      "slug": "character",
      "uri": "https://api.sketchfab.com/v3/tags/character"
    }
  ],
  "categories": [
    {
      "name": "people"
    }
  ],
  "thumbnails": {
    "images": [
      {
        "uid": "a090c760536b4cba91132e0041c74eb1",
        "size": 116138,
        "width": 1920,
        "url": "https://media.sketchfab.com/models/3645607fbe504f848ab68157940b2b61/thumbnails/675afda5ef6249e2b6cb5de9ab1c95d9/25bb891247cc4b4b96e7f2295eede8de.jpeg",
        "height": 1080
      },
      {
        "uid": "f0956d3645914b25bb5c172fe8d1fa4b",
        "size": 31666,
        "width": 1024,
        "url": "https://media.sketchfab.com/models/3645607fbe504f848ab68157940b2b61/thumbnails/675afda5ef6249e2b6cb5de9ab1c95d9/637e44f69e1049538eccd18fe6cb05f2.jpeg",
        "height": 576
      },
      {
        "uid": "a170540095714f9b8f220bb7ea018106",
        "size": 17095,
        "width": 720,
        "url": "https://media.sketchfab.com/models/3645607fbe504f848ab68157940b2b61/thumbnails/675afda5ef6249e2b6cb5de9ab1c95d9/5abf590e94d24c85b1e874f4b753a64f.jpeg",
        "height": 405
      },
      {
        "uid": "36c812b929df40faa860609a4d40836f",
        "size": 3361,
        "width": 256,
        "url": "https://media.sketchfab.com/models/3645607fbe504f848ab68157940b2b61/thumbnails/675afda5ef6249e2b6cb5de9ab1c95d9/e560ead3113847339b7c5c1ed764aee5.jpeg",
        "height": 144
      },
      {
        "uid": "44717cac074b44cc889de276ae1f634a",
        "size": 730,
        "width": 64,
        "url": "https://media.sketchfab.com/models/3645607fbe504f848ab68157940b2b61/thumbnails/675afda5ef6249e2b6cb5de9ab1c95d9/0113e141122848bfac487057d20d0d49.jpeg",
        "height": 36
      }
    ]
  },
  "user": {
    "uid": "1fdc2739df1d46aeb775f8e8f9e20947",
    "username": "Fei.Xia",
    "displayName": "Fei.Xia",
    "profileUrl": "https://sketchfab.com/Fei.Xia",
    "account": "basic",
    "avatar": {
      "uri": "https://api.sketchfab.com/v3/avatars/c255e8d9a220456e88509568c427d0bb",
      "images": [
        {
          "size": 705,
          "width": 32,
          "url": "https://media.sketchfab.com/avatars/c255e8d9a220456e88509568c427d0bb/5a2119f1ca894359922b653b5fae5587.jpeg",
          "height": 32
        },
        {
          "size": 1111,
          "width": 48,
          "url": "https://media.sketchfab.com/avatars/c255e8d9a220456e88509568c427d0bb/e344cc99e43547ca830890e0a6791975.jpeg",
          "height": 48
        },
        {
          "size": 2915,
          "width": 90,
          "url": "https://media.sketchfab.com/avatars/c255e8d9a220456e88509568c427d0bb/8bc04c2939674f44bf38a56ed5b4ca76.jpeg",
          "height": 90
        },
        {
          "size": 3439,
          "width": 100,
          "url": "https://media.sketchfab.com/avatars/c255e8d9a220456e88509568c427d0bb/3b53b7d373894f39b7e2bb722fbe0a34.jpeg",
          "height": 100
        }
      ]
    },
    "uri": "https://api.sketchfab.com/v3/users/1fdc2739df1d46aeb775f8e8f9e20947"
  },
  "description": "This is a bob model I made with love and passion",
  "faceCount": 0,
  "createdAt": "2019-10-21T22:08:24.652995",
  "vertexCount": 2835985,
  "isAgeRestricted": false,
  "archives": {
    "glb": {
      "textureCount": 0,
      "size": 79431616,
      "type": "glb",
      "textureMaxResolution": 0,
      "faceCount": 0,
      "vertexCount": 2835985
    },
    "gltf": {
      "textureCount": 0,
      "size": 34643750,
      "type": "gltf",
      "textureMaxResolution": 0,
      "faceCount": 0,
      "vertexCount": 2835985
    },
    "source": {
      "textureCount": null,
      "size": 42540395,
      "type": "source",
      "textureMaxResolution": null,
      "faceCount": null,
      "vertexCount": null
    }
  },
  "license": "by"
}