{
  "uri": "https://api.sketchfab.com/v3/models/3647287b2ca24296a1ff5daae1394d6f",
  "uid": "3647287b2ca24296a1ff5daae1394d6f",
  "name": "L",
  "staffpickedAt": null,
  "viewCount": 2,
  "likeCount": 0,
  "animationCount": 0,
  "viewerUrl": "https://sketchfab.com/3d-models/3647287b2ca24296a1ff5daae1394d6f",
  "embedUrl": "https://sketchfab.com/models/3647287b2ca24296a1ff5daae1394d6f/embed",
  "commentCount": 0,
  "isDownloadable": true,
  "publishedAt": "2020-05-07T09:38:16.497379",
  "tags": [
    {
      "name": "stair",
      "slug": "stair",
      "uri": "https://api.sketchfab.com/v3/tags/stair"
    },
    {
      "name": "staircase",
      "slug": "staircase",
      "uri": "https://api.sketchfab.com/v3/tags/staircase"
    },
    {
      "name": "staircon",
      "slug": "staircon",
      "uri": "https://api.sketchfab.com/v3/tags/staircon"
    }
  ],
  "categories": [],
  "thumbnails": {
    "images": [
      {
        "uid": "d4b1e4cf9c9b4ebea34a100f6d2b0469",
        "size": 31749,
        "width": 1920,
        "url": "https://media.sketchfab.com/models/3647287b2ca24296a1ff5daae1394d6f/thumbnails/4dd1f801d4254bd4981eed40c3eb888e/7f995f12e9754523a648ed45d5c63514.jpeg",
        "height": 1080
      },
      {
        "uid": "06d809b58a6546868bd53f4794e173fd",
        "size": 11338,
        "width": 1024,
        "url": "https://media.sketchfab.com/models/3647287b2ca24296a1ff5daae1394d6f/thumbnails/4dd1f801d4254bd4981eed40c3eb888e/6ac30c655c98451eb3beca702f7f1139.jpeg",
        "height": 576
      },
      {
        "uid": "154e490d4ff54ef5a85b7d3a3d1cb5bc",
        "size": 7048,
        "width": 720,
        "url": "https://media.sketchfab.com/models/3647287b2ca24296a1ff5daae1394d6f/thumbnails/4dd1f801d4254bd4981eed40c3eb888e/72eda0454bbb4209be071fd93017655c.jpeg",
        "height": 405
      },
      {
        "uid": "5cf92a5ce2e5452f94d283ec4e730bc3",
        "size": 1736,
        "width": 256,
        "url": "https://media.sketchfab.com/models/3647287b2ca24296a1ff5daae1394d6f/thumbnails/4dd1f801d4254bd4981eed40c3eb888e/ad0785b0a47740b89df208864667ac98.jpeg",
        "height": 144
      },
      {
        "uid": "c66afbe5174c4d9a926267089ac9cd30",
        "size": 543,
        "width": 64,
        "url": "https://media.sketchfab.com/models/3647287b2ca24296a1ff5daae1394d6f/thumbnails/4dd1f801d4254bd4981eed40c3eb888e/cdc3866e29cc4718b874a70b5c8125b3.jpeg",
        "height": 36
      }
    ]
  },
  "user": {
    "uid": "4a43cfee08414537938c01e9ab9e04d4",
    "username": "lukasz.l",
    "displayName": "lukasz.l",
    "profileUrl": "https://sketchfab.com/lukasz.l",
    "account": "basic",
    "avatar": {
      "uri": "https://api.sketchfab.com/v3/avatars/51af6a870cce449eb75b0345feebaebb",
      "images": [
        {
          "size": 5719,
          "width": 90,
          "url": "https://media.sketchfab.com/avatars/51af6a870cce449eb75b0345feebaebb/2ef0f894055b4bb69123b2a27fa2d379.jpeg",
          "height": 90
        },
        {
          "size": 6496,
          "width": 100,
          "url": "https://media.sketchfab.com/avatars/51af6a870cce449eb75b0345feebaebb/ab11eedf96374486acb544f71a23b165.jpeg",
          "height": 100
        },
        {
          "size": 1359,
          "width": 32,
          "url": "https://media.sketchfab.com/avatars/51af6a870cce449eb75b0345feebaebb/35f6f9b6c9a14a548ce472582d8a9bb5.jpeg",
          "height": 32
        },
        {
          "size": 2584,
          "width": 48,
          "url": "https://media.sketchfab.com/avatars/51af6a870cce449eb75b0345feebaebb/a8072a51447c4d41ab177b357111b420.jpeg",
          "height": 48
        }
      ]
    },
    "uri": "https://api.sketchfab.com/v3/users/4a43cfee08414537938c01e9ab9e04d4"
  },
  "description": "http://staircon.com/ <br>Export by <b>ProStair</b> (lic 6602)",
  "faceCount": 11454,
  "createdAt": "2020-05-07T08:20:59.106010",
  "vertexCount": 5816,
  "isAgeRestricted": false,
  "archives": {
    "glb": {
      "textureCount": 1,
      "size": 423324,
      "type": "glb",
      "textureMaxResolution": 256,
      "faceCount": 11343,
      "vertexCount": 7547
    },
    "gltf": {
      "textureCount": 1,
      "size": 165484,
      "type": "gltf",
      "textureMaxResolution": 256,
      "faceCount": 11343,
      "vertexCount": 7547
    },
    "source": {
      "textureCount": null,
      "size": 278791,
      "type": "source",
      "textureMaxResolution": null,
      "faceCount": null,
      "vertexCount": null
    },
    "usdz": {
      "textureCount": null,
      "size": 260508,
      "type": "usdz",
      "textureMaxResolution": null,
      "faceCount": null,
      "vertexCount": null
    }
  },
  "license": "by"
}