{
  "uri": "https://api.sketchfab.com/v3/models/364b8b1821164c9c83c9102c235dc331",
  "uid": "364b8b1821164c9c83c9102c235dc331",
  "name": "MAX Delta DL Spaceship",
  "staffpickedAt": null,
  "viewCount": 3796,
  "likeCount": 91,
  "animationCount": 0,
  "viewerUrl": "https://sketchfab.com/3d-models/364b8b1821164c9c83c9102c235dc331",
  "embedUrl": "https://sketchfab.com/models/364b8b1821164c9c83c9102c235dc331/embed",
  "commentCount": 11,
  "isDownloadable": true,
  "publishedAt": "2017-04-17T02:31:19.806122",
  "tags": [
    {
      "name": "nextgen",
      "slug": "nextgen",
      "uri": "https://api.sketchfab.com/v3/tags/nextgen"
    },
    {
      "name": "aircraft",
      "slug": "aircraft",
      "uri": "https://api.sketchfab.com/v3/tags/aircraft"
    },
    {
      "name": "game-ready",
      "slug": "game-ready",
      "uri": "https://api.sketchfab.com/v3/tags/game-ready"
    },
    {
      "name": "downloadable",
      "slug": "downloadable",
      "uri": "https://api.sketchfab.com/v3/tags/downloadable"
    },
    {
      "name": "game-asset",
      "slug": "game-asset",
      "uri": "https://api.sketchfab.com/v3/tags/game-asset"
    },
    {
      "name": "pbrtextures",
      "slug": "pbrtextures",
      "uri": "https://api.sketchfab.com/v3/tags/pbrtextures"
    },
    {
      "name": "pbr-substance-painter-lowpoly",
      "slug": "pbr-substance-painter-lowpoly",
      "uri": "https://api.sketchfab.com/v3/tags/pbr-substance-painter-lowpoly"
    },
    {
      "name": "pbrmaterials",
      "slug": "pbrmaterials",
      "uri": "https://api.sketchfab.com/v3/tags/pbrmaterials"
    },
    {
      "name": "pbr",
      "slug": "pbr",
      "uri": "https://api.sketchfab.com/v3/tags/pbr"
    },
    {
      "name": "gameart",
      "slug": "gameart",
      "uri": "https://api.sketchfab.com/v3/tags/gameart"
    },
    {
      "name": "scifi",
      "slug": "scifi",
      "uri": "https://api.sketchfab.com/v3/tags/scifi"
    },
    {
      "name": "sci-fi",
      "slug": "sci-fi",
      "uri": "https://api.sketchfab.com/v3/tags/sci-fi"
    },
    {
      "name": "download",
      "slug": "download",
      "uri": "https://api.sketchfab.com/v3/tags/download"
    },
    {
      "name": "spaceship",
      "slug": "spaceship",
      "uri": "https://api.sketchfab.com/v3/tags/spaceship"
    }
  ],
  "categories": [
    {
      "name": "cars-vehicles"
    }
  ],
  "thumbnails": {
    "images": [
      {
        "uid": "32ab9fe2b6354055951967f0f16fe3cd",
        "size": 47598,
        "width": 1024,
        "url": "https://media.sketchfab.com/models/364b8b1821164c9c83c9102c235dc331/thumbnails/ab1b947b1a9c4a00b0b2eae88b8e10ca/1024x576.jpeg",
        "height": 576
      },
      {
        "uid": "a63cb3a0acdd41e3b59e57a90dc78a60",
        "size": 28405,
        "width": 720,
        "url": "https://media.sketchfab.com/models/364b8b1821164c9c83c9102c235dc331/thumbnails/ab1b947b1a9c4a00b0b2eae88b8e10ca/720x405.jpeg",
        "height": 405
      },
      {
        "uid": "5858fe85587847ef8516226062d0b837",
        "size": 6378,
        "width": 256,
        "url": "https://media.sketchfab.com/models/364b8b1821164c9c83c9102c235dc331/thumbnails/ab1b947b1a9c4a00b0b2eae88b8e10ca/256x144.jpeg",
        "height": 144
      },
      {
        "uid": "5d6aa7722a2c4c399a2190e671d56aaa",
        "size": 986,
        "width": 64,
        "url": "https://media.sketchfab.com/models/364b8b1821164c9c83c9102c235dc331/thumbnails/ab1b947b1a9c4a00b0b2eae88b8e10ca/64x36.jpeg",
        "height": 36
      }
    ]
  },
  "user": {
    "uid": "d980eb27bed64b10aa6712bf52100d8f",
    "username": "miru302",
    "displayName": "Miru",
    "profileUrl": "https://sketchfab.com/miru302",
    "account": "basic",
    "avatar": {
      "uri": "https://api.sketchfab.com/v3/avatars/c2b705d9d26f413ab0edf6a828ede88f",
      "images": [
        {
          "size": 951,
          "width": 32,
          "url": "https://media.sketchfab.com/avatars/c2b705d9d26f413ab0edf6a828ede88f/771fd9cda84e4f1594e0c07dbcd3dc61.jpeg",
          "height": 32
        },
        {
          "size": 1667,
          "width": 48,
          "url": "https://media.sketchfab.com/avatars/c2b705d9d26f413ab0edf6a828ede88f/a5dc9616da584f1cba2b7ca8899c177d.jpeg",
          "height": 48
        },
        {
          "size": 4429,
          "width": 90,
          "url": "https://media.sketchfab.com/avatars/c2b705d9d26f413ab0edf6a828ede88f/dff1b8be95af423fb95d61d67c854208.jpeg",
          "height": 90
        },
        {
          "size": 5081,
          "width": 100,
          "url": "https://media.sketchfab.com/avatars/c2b705d9d26f413ab0edf6a828ede88f/550c22734f60404c9abc33279c8b1a3d.jpeg",
          "height": 100
        }
      ]
    },
    "uri": "https://api.sketchfab.com/v3/users/d980eb27bed64b10aa6712bf52100d8f"
  },
  "description": "Spaceship model I did as a personal project. Feel free to use, as long as you remember to mention my name ( Azimkulov Ayan). Subscribe for more downloadable content in the future. Nearly all my portfolio only models will be free for all.",
  "faceCount": 6414,
  "createdAt": "2017-04-17T02:00:28.567175",
  "vertexCount": 6882,
  "isAgeRestricted": false,
  "archives": {
    "glb": {
      "textureCount": 3,
      "size": 25514852,
      "type": "glb",
      "textureMaxResolution": 4096,
      "faceCount": 12490,
      "vertexCount": 11004
    },
    "gltf": {
      "textureCount": 3,
      "size": 25102292,
      "type": "gltf",
      "textureMaxResolution": 4096,
      "faceCount": 12490,
      "vertexCount": 11004
    },
    "source": {
      "textureCount": null,
      "size": 18295919,
      "type": "source",
      "textureMaxResolution": null,
      "faceCount": null,
      "vertexCount": null
    },
    "usdz": {
      "textureCount": null,
      "size": 3207679,
      "type": "usdz",
      "textureMaxResolution": null,
      "faceCount": null,
      "vertexCount": null
    }
  },
  "license": "by"
}