{
  "uri": "https://api.sketchfab.com/v3/models/364d27f521a84b0983734164cd4feb46",
  "uid": "364d27f521a84b0983734164cd4feb46",
  "name": "Orange Native American Pottery",
  "staffpickedAt": null,
  "viewCount": 118,
  "likeCount": 0,
  "animationCount": 0,
  "viewerUrl": "https://sketchfab.com/3d-models/364d27f521a84b0983734164cd4feb46",
  "embedUrl": "https://sketchfab.com/models/364d27f521a84b0983734164cd4feb46/embed",
  "commentCount": 0,
  "isDownloadable": true,
  "publishedAt": "2022-04-26T22:38:33.780003",
  "tags": [
    {
      "name": "ancient",
      "slug": "ancient",
      "uri": "https://api.sketchfab.com/v3/tags/ancient"
    },
    {
      "name": "pot",
      "slug": "pot",
      "uri": "https://api.sketchfab.com/v3/tags/pot"
    },
    {
      "name": "pottery",
      "slug": "pottery",
      "uri": "https://api.sketchfab.com/v3/tags/pottery"
    },
    {
      "name": "native",
      "slug": "native",
      "uri": "https://api.sketchfab.com/v3/tags/native"
    },
    {
      "name": "american",
      "slug": "american",
      "uri": "https://api.sketchfab.com/v3/tags/american"
    },
    {
      "name": "hutchings_museum",
      "slug": "hutchings_museum",
      "uri": "https://api.sketchfab.com/v3/tags/hutchings_museum"
    },
    {
      "name": "agrisoft",
      "slug": "agrisoft",
      "uri": "https://api.sketchfab.com/v3/tags/agrisoft"
    }
  ],
  "categories": [],
  "thumbnails": {
    "images": [
      {
        "uid": "5fc58460947945479aad16b6b16ab1cd",
        "size": 96026,
        "width": 1920,
        "url": "https://media.sketchfab.com/models/364d27f521a84b0983734164cd4feb46/thumbnails/bf929df46ef340709f209c15bbc40c82/b31cbfc0abce4a8fb0aab5baf00292a0.jpeg",
        "height": 1080
      },
      {
        "uid": "f44dae93d6bc4b30b1ba2f047bac7b3f",
        "size": 31177,
        "width": 1024,
        "url": "https://media.sketchfab.com/models/364d27f521a84b0983734164cd4feb46/thumbnails/bf929df46ef340709f209c15bbc40c82/7f9d0e19125a425193a424d9b1cffa52.jpeg",
        "height": 576
      },
      {
        "uid": "0e3097514c374037b7745aeca48e3149",
        "size": 17493,
        "width": 720,
        "url": "https://media.sketchfab.com/models/364d27f521a84b0983734164cd4feb46/thumbnails/bf929df46ef340709f209c15bbc40c82/bd3bdd02f5694dd7b0f817be37eaaf0d.jpeg",
        "height": 405
      },
      {
        "uid": "7e4048cfdd804405b384046f4962e3c5",
        "size": 3506,
        "width": 256,
        "url": "https://media.sketchfab.com/models/364d27f521a84b0983734164cd4feb46/thumbnails/bf929df46ef340709f209c15bbc40c82/592011abce3e4311b4356c951d18cd57.jpeg",
        "height": 144
      },
      {
        "uid": "01f21008b5cb446b86e1f0caba1ad5e3",
        "size": 1016,
        "width": 64,
        "url": "https://media.sketchfab.com/models/364d27f521a84b0983734164cd4feb46/thumbnails/bf929df46ef340709f209c15bbc40c82/f3b427bdff0f47fdad68db8e37ee2c0d.jpeg",
        "height": 36
      }
    ]
  },
  "user": {
    "uid": "992823d3fe1e40d6ab807e368f5450e4",
    "username": "hutchings-museum-institute",
    "displayName": "Hutchings Museum Institute",
    "profileUrl": "https://sketchfab.com/hutchings-museum-institute",
    "account": "basic",
    "avatar": {
      "uri": "https://api.sketchfab.com/v3/avatars/52e02b41a6744f2b9d1014ad7a786ef5",
      "images": [
        {
          "size": 1663,
          "width": 32,
          "url": "https://media.sketchfab.com/avatars/52e02b41a6744f2b9d1014ad7a786ef5/ad9ef6cbf44c42c891afa37d65b2db76.png",
          "height": 32
        },
        {
          "size": 3207,
          "width": 48,
          "url": "https://media.sketchfab.com/avatars/52e02b41a6744f2b9d1014ad7a786ef5/64199381ce344d729d23814b12fe67b5.png",
          "height": 48
        },
        {
          "size": 7981,
          "width": 90,
          "url": "https://media.sketchfab.com/avatars/52e02b41a6744f2b9d1014ad7a786ef5/5c6a66f6c6b846e7ada3d67964ba1fcb.png",
          "height": 90
        },
        {
          "size": 9488,
          "width": 100,
          "url": "https://media.sketchfab.com/avatars/52e02b41a6744f2b9d1014ad7a786ef5/f1a6fc9ed2f94428834fd744b5a4d3c9.png",
          "height": 100
        }
      ]
    },
    "uri": "https://api.sketchfab.com/v3/users/992823d3fe1e40d6ab807e368f5450e4"
  },
  "description": "289 photos, Canon EOS 80D, 35mm, F/16, ISO 100, Agisoft Metashape, Windows 10",
  "faceCount": 100000,
  "createdAt": "2022-04-26T22:36:33.692745",
  "vertexCount": 50656,
  "isAgeRestricted": false,
  "archives": {
    "glb": {
      "textureCount": 2,
      "size": 9183944,
      "type": "glb",
      "textureMaxResolution": 4096,
      "faceCount": 100000,
      "vertexCount": 51585
    },
    "gltf": {
      "textureCount": 2,
      "size": 7850352,
      "type": "gltf",
      "textureMaxResolution": 4096,
      "faceCount": 100000,
      "vertexCount": 51585
    },
    "gltf-ar": {
      "textureCount": null,
      "size": 166304,
      "type": "gltf-ar",
      "textureMaxResolution": null,
      "faceCount": null,
      "vertexCount": null
    },
    "source": {
      "textureCount": null,
      "size": 9286854,
      "type": "source",
      "textureMaxResolution": null,
      "faceCount": null,
      "vertexCount": null
    },
    "usdz": {
      "textureCount": null,
      "size": 3065578,
      "type": "usdz",
      "textureMaxResolution": null,
      "faceCount": null,
      "vertexCount": null
    }
  },
  "license": "by"
}