{
  "uri": "https://api.sketchfab.com/v3/models/364e487e31fd4135b6c6941a0ffaba82",
  "uid": "364e487e31fd4135b6c6941a0ffaba82",
  "name": "Nintendo DS Cartridge",
  "staffpickedAt": null,
  "viewCount": 346,
  "likeCount": 2,
  "animationCount": 0,
  "viewerUrl": "https://sketchfab.com/3d-models/364e487e31fd4135b6c6941a0ffaba82",
  "embedUrl": "https://sketchfab.com/models/364e487e31fd4135b6c6941a0ffaba82/embed",
  "commentCount": 0,
  "isDownloadable": true,
  "publishedAt": "2020-06-12T08:07:08.855260",
  "tags": [
    {
      "name": "ds",
      "slug": "ds",
      "uri": "https://api.sketchfab.com/v3/tags/ds"
    },
    {
      "name": "gaming",
      "slug": "gaming",
      "uri": "https://api.sketchfab.com/v3/tags/gaming"
    },
    {
      "name": "nintendo",
      "slug": "nintendo",
      "uri": "https://api.sketchfab.com/v3/tags/nintendo"
    },
    {
      "name": "cart",
      "slug": "cart",
      "uri": "https://api.sketchfab.com/v3/tags/cart"
    },
    {
      "name": "cartridge",
      "slug": "cartridge",
      "uri": "https://api.sketchfab.com/v3/tags/cartridge"
    },
    {
      "name": "dsi",
      "slug": "dsi",
      "uri": "https://api.sketchfab.com/v3/tags/dsi"
    }
  ],
  "categories": [
    {
      "name": "electronics-gadgets"
    },
    {
      "name": "science-technology"
    }
  ],
  "thumbnails": {
    "images": [
      {
        "uid": "d7d3534aa2e64081bb22d7c695e80a02",
        "size": 28579,
        "width": 1920,
        "url": "https://media.sketchfab.com/models/364e487e31fd4135b6c6941a0ffaba82/thumbnails/d1d12b32d155425bb479aacea1a4a341/650a835ae00641a69e19dc0983a79085.jpeg",
        "height": 1080
      },
      {
        "uid": "9b9c555ad8244c84a485e8c640cff610",
        "size": 11651,
        "width": 1024,
        "url": "https://media.sketchfab.com/models/364e487e31fd4135b6c6941a0ffaba82/thumbnails/d1d12b32d155425bb479aacea1a4a341/130b66ba070444518eb17444ea33dae5.jpeg",
        "height": 576
      },
      {
        "uid": "2b612307766c42c68ab4d4f1e26cbf24",
        "size": 7092,
        "width": 720,
        "url": "https://media.sketchfab.com/models/364e487e31fd4135b6c6941a0ffaba82/thumbnails/d1d12b32d155425bb479aacea1a4a341/33ddab4c4fbf438d8fbfece0301cd1a9.jpeg",
        "height": 405
      },
      {
        "uid": "eeef0c60c3d544b4b33629f57c222837",
        "size": 2018,
        "width": 256,
        "url": "https://media.sketchfab.com/models/364e487e31fd4135b6c6941a0ffaba82/thumbnails/d1d12b32d155425bb479aacea1a4a341/64c9a8f5c5144540822249b71eb77a33.jpeg",
        "height": 144
      },
      {
        "uid": "1253ddf656c3421bb47fd469ef1c113d",
        "size": 544,
        "width": 64,
        "url": "https://media.sketchfab.com/models/364e487e31fd4135b6c6941a0ffaba82/thumbnails/d1d12b32d155425bb479aacea1a4a341/ac551cc19d8042b19d5b190336bfe486.jpeg",
        "height": 36
      }
    ]
  },
  "user": {
    "uid": "eb2857930df84c9b96352b3008c8d428",
    "username": "Pcwer",
    "displayName": "Pcwer",
    "profileUrl": "https://sketchfab.com/Pcwer",
    "account": "basic",
    "avatar": {
      "uri": "https://api.sketchfab.com/v3/avatars/78fa317e46024a5283765aa34df5e508",
      "images": [
        {
          "size": 6421,
          "width": 100,
          "url": "https://media.sketchfab.com/avatars/78fa317e46024a5283765aa34df5e508/aec92fe9a74e499c98d759362cd7f02f.jpeg",
          "height": 100
        },
        {
          "size": 2518,
          "width": 48,
          "url": "https://media.sketchfab.com/avatars/78fa317e46024a5283765aa34df5e508/17fa177ffaa344a2b2fc8e78efd40fbb.jpeg",
          "height": 48
        },
        {
          "size": 5653,
          "width": 90,
          "url": "https://media.sketchfab.com/avatars/78fa317e46024a5283765aa34df5e508/02162695bdc840faa3bcb2d418309c5e.jpeg",
          "height": 90
        },
        {
          "size": 1350,
          "width": 32,
          "url": "https://media.sketchfab.com/avatars/78fa317e46024a5283765aa34df5e508/6fde876cbded4cd48d36a76029e3aa02.jpeg",
          "height": 32
        }
      ]
    },
    "uri": "https://api.sketchfab.com/v3/users/eb2857930df84c9b96352b3008c8d428"
  },
  "description": "A Nintendo DS Cartridge I made.",
  "faceCount": 977,
  "createdAt": "2020-06-12T08:03:10.564999",
  "vertexCount": 650,
  "isAgeRestricted": false,
  "archives": {
    "glb": {
      "textureCount": 0,
      "size": 55656,
      "type": "glb",
      "textureMaxResolution": 0,
      "faceCount": 946,
      "vertexCount": 1204
    },
    "gltf": {
      "textureCount": 0,
      "size": 15100,
      "type": "gltf",
      "textureMaxResolution": 0,
      "faceCount": 946,
      "vertexCount": 1204
    },
    "source": {
      "textureCount": null,
      "size": 910692,
      "type": "source",
      "textureMaxResolution": null,
      "faceCount": null,
      "vertexCount": null
    },
    "usdz": {
      "textureCount": null,
      "size": 35784,
      "type": "usdz",
      "textureMaxResolution": null,
      "faceCount": null,
      "vertexCount": null
    }
  },
  "license": "by"
}