{
  "uri": "https://api.sketchfab.com/v3/models/365058448acc40cbb235301c7d723d09",
  "uid": "365058448acc40cbb235301c7d723d09",
  "name": "Cirrhosis from Hep C liver",
  "staffpickedAt": null,
  "viewCount": 297,
  "likeCount": 2,
  "animationCount": 0,
  "viewerUrl": "https://sketchfab.com/3d-models/365058448acc40cbb235301c7d723d09",
  "embedUrl": "https://sketchfab.com/models/365058448acc40cbb235301c7d723d09/embed",
  "commentCount": 0,
  "isDownloadable": true,
  "publishedAt": "2016-08-30T17:43:45.854775",
  "tags": [
    {
      "name": "nyu",
      "slug": "nyu",
      "uri": "https://api.sketchfab.com/v3/tags/nyu"
    },
    {
      "name": "itseez3d",
      "slug": "itseez3d",
      "uri": "https://api.sketchfab.com/v3/tags/itseez3d"
    }
  ],
  "categories": [],
  "thumbnails": {
    "images": [
      {
        "uid": "3bf6b1adf95b4533abea48a9630a43b5",
        "size": 945,
        "width": 50,
        "url": "https://media.sketchfab.com/models/365058448acc40cbb235301c7d723d09/thumbnails/c34d19500ae8479db19d4a4ffe05ce9f/50x50.jpeg",
        "height": 50
      },
      {
        "uid": "cb2d5c87d7054b54b8551be3f50bddd1",
        "size": 2151,
        "width": 100,
        "url": "https://media.sketchfab.com/models/365058448acc40cbb235301c7d723d09/thumbnails/c34d19500ae8479db19d4a4ffe05ce9f/100x100.jpeg",
        "height": 100
      },
      {
        "uid": "64bade2e350e4b2d94238fe57dd40d51",
        "size": 6050,
        "width": 200,
        "url": "https://media.sketchfab.com/models/365058448acc40cbb235301c7d723d09/thumbnails/c34d19500ae8479db19d4a4ffe05ce9f/200x200.jpeg",
        "height": 200
      },
      {
        "uid": "f9018986bb614e23a09dc9d79fbb1f9e",
        "size": 10743,
        "width": 448,
        "url": "https://media.sketchfab.com/models/365058448acc40cbb235301c7d723d09/thumbnails/c34d19500ae8479db19d4a4ffe05ce9f/448x252.jpeg",
        "height": 252
      },
      {
        "uid": "25c2b99e4b1f48bc9a0e6805bf093175",
        "size": 19208,
        "width": 640,
        "url": "https://media.sketchfab.com/models/365058448acc40cbb235301c7d723d09/thumbnails/c34d19500ae8479db19d4a4ffe05ce9f/640x360.jpeg",
        "height": 360
      },
      {
        "uid": "d4866073f2a4473c970290c2f299a1ac",
        "size": 31417,
        "width": 864,
        "url": "https://media.sketchfab.com/models/365058448acc40cbb235301c7d723d09/thumbnails/c34d19500ae8479db19d4a4ffe05ce9f/864x486.jpeg",
        "height": 486
      },
      {
        "uid": "857b118f3ce6428b8e27c26cc5c3f1e7",
        "size": 41310,
        "width": 1024,
        "url": "https://media.sketchfab.com/models/365058448acc40cbb235301c7d723d09/thumbnails/c34d19500ae8479db19d4a4ffe05ce9f/1024x576.jpeg",
        "height": 576
      }
    ]
  },
  "user": {
    "uid": "e56d765c67e945a7ac66a19329ef1d20",
    "username": "ScienceLifeNY",
    "displayName": "ScienceLifeNY",
    "profileUrl": "https://sketchfab.com/ScienceLifeNY",
    "account": "basic",
    "avatar": {
      "uri": "https://api.sketchfab.com/v3/avatars/35bb4642a73e4c0095635708ae12034d",
      "images": [
        {
          "size": 330,
          "width": 100,
          "url": "https://media.sketchfab.com/avatars/35bb4642a73e4c0095635708ae12034d/c92171e451ae473d870ec9381cc20639.jpeg",
          "height": 100
        },
        {
          "size": 314,
          "width": 90,
          "url": "https://media.sketchfab.com/avatars/35bb4642a73e4c0095635708ae12034d/11f7d6d1be354a6ab1aa19291f54109c.jpeg",
          "height": 90
        },
        {
          "size": 296,
          "width": 48,
          "url": "https://media.sketchfab.com/avatars/35bb4642a73e4c0095635708ae12034d/8aa8640e25ba494891bb1a6b35a2868a.jpeg",
          "height": 48
        },
        {
          "size": 283,
          "width": 32,
          "url": "https://media.sketchfab.com/avatars/35bb4642a73e4c0095635708ae12034d/a167e082e47c4125847c1bbd32290bcc.jpeg",
          "height": 32
        }
      ]
    },
    "uri": "https://api.sketchfab.com/v3/users/e56d765c67e945a7ac66a19329ef1d20"
  },
  "description": "Liver",
  "faceCount": 38488,
  "createdAt": "2016-08-30T17:43:28.954221",
  "vertexCount": 19246,
  "isAgeRestricted": false,
  "archives": {
    "glb": {
      "textureCount": 1,
      "size": 2132064,
      "type": "glb",
      "textureMaxResolution": 2048,
      "faceCount": 38488,
      "vertexCount": 21214
    },
    "gltf": {
      "textureCount": 1,
      "size": 1686894,
      "type": "gltf",
      "textureMaxResolution": 2048,
      "faceCount": 38488,
      "vertexCount": 21214
    },
    "source": {
      "textureCount": null,
      "size": 2513059,
      "type": "source",
      "textureMaxResolution": null,
      "faceCount": null,
      "vertexCount": null
    },
    "usdz": {
      "textureCount": null,
      "size": 1812995,
      "type": "usdz",
      "textureMaxResolution": null,
      "faceCount": null,
      "vertexCount": null
    }
  },
  "license": "by"
}