{
  "uri": "https://api.sketchfab.com/v3/models/36565f82431247a1ac676d02ca274ba0",
  "uid": "36565f82431247a1ac676d02ca274ba0",
  "name": "LEGO Lightning McQueen",
  "staffpickedAt": null,
  "viewCount": 1537,
  "likeCount": 1,
  "animationCount": 0,
  "viewerUrl": "https://sketchfab.com/3d-models/36565f82431247a1ac676d02ca274ba0",
  "embedUrl": "https://sketchfab.com/models/36565f82431247a1ac676d02ca274ba0/embed",
  "commentCount": 1,
  "isDownloadable": true,
  "publishedAt": "2020-06-07T12:14:31.861423",
  "tags": [
    {
      "name": "cars",
      "slug": "cars",
      "uri": "https://api.sketchfab.com/v3/tags/cars"
    },
    {
      "name": "lego",
      "slug": "lego",
      "uri": "https://api.sketchfab.com/v3/tags/lego"
    },
    {
      "name": "lightingmcqueen",
      "slug": "lightingmcqueen",
      "uri": "https://api.sketchfab.com/v3/tags/lightingmcqueen"
    }
  ],
  "categories": [
    {
      "name": "art-abstract"
    },
    {
      "name": "cars-vehicles"
    }
  ],
  "thumbnails": {
    "images": [
      {
        "uid": "4cfb095025c046949cc4185991417bf1",
        "size": 235225,
        "width": 1920,
        "url": "https://media.sketchfab.com/models/36565f82431247a1ac676d02ca274ba0/thumbnails/a8d97dc51ff44377bb17989e3665c772/9eb90dd578134c4e9c883aacb7465cf0.jpeg",
        "height": 1080
      },
      {
        "uid": "e0e5b4311dca424d9f2e3c1de4f52698",
        "size": 36856,
        "width": 1024,
        "url": "https://media.sketchfab.com/models/36565f82431247a1ac676d02ca274ba0/thumbnails/a8d97dc51ff44377bb17989e3665c772/4a1461bd5f6844ee9c25f922b4f15a38.jpeg",
        "height": 576
      },
      {
        "uid": "c94db20020894550a40266787f883495",
        "size": 17888,
        "width": 720,
        "url": "https://media.sketchfab.com/models/36565f82431247a1ac676d02ca274ba0/thumbnails/a8d97dc51ff44377bb17989e3665c772/e0baf96d0a154631bc2391ac0f277788.jpeg",
        "height": 405
      },
      {
        "uid": "63a05d3094104a6f92ddb8b0acc51b34",
        "size": 3256,
        "width": 256,
        "url": "https://media.sketchfab.com/models/36565f82431247a1ac676d02ca274ba0/thumbnails/a8d97dc51ff44377bb17989e3665c772/228bf66babc54737afb20e36bb24e774.jpeg",
        "height": 144
      },
      {
        "uid": "8a63641692e84deb94b72deb4a707a4d",
        "size": 682,
        "width": 64,
        "url": "https://media.sketchfab.com/models/36565f82431247a1ac676d02ca274ba0/thumbnails/a8d97dc51ff44377bb17989e3665c772/c2d1bc3776f04f34be322ed0b3c67080.jpeg",
        "height": 36
      }
    ]
  },
  "user": {
    "uid": "f2a82a73f3224246951d7d77dce675b4",
    "username": "Matt__W",
    "displayName": "Matt__W",
    "profileUrl": "https://sketchfab.com/Matt__W",
    "account": "basic",
    "avatar": {
      "uri": "https://api.sketchfab.com/v3/avatars/51af6a870cce449eb75b0345feebaebb",
      "images": [
        {
          "size": 5719,
          "width": 90,
          "url": "https://media.sketchfab.com/avatars/51af6a870cce449eb75b0345feebaebb/2ef0f894055b4bb69123b2a27fa2d379.jpeg",
          "height": 90
        },
        {
          "size": 6496,
          "width": 100,
          "url": "https://media.sketchfab.com/avatars/51af6a870cce449eb75b0345feebaebb/ab11eedf96374486acb544f71a23b165.jpeg",
          "height": 100
        },
        {
          "size": 1359,
          "width": 32,
          "url": "https://media.sketchfab.com/avatars/51af6a870cce449eb75b0345feebaebb/35f6f9b6c9a14a548ce472582d8a9bb5.jpeg",
          "height": 32
        },
        {
          "size": 2584,
          "width": 48,
          "url": "https://media.sketchfab.com/avatars/51af6a870cce449eb75b0345feebaebb/a8072a51447c4d41ab177b357111b420.jpeg",
          "height": 48
        }
      ]
    },
    "uri": "https://api.sketchfab.com/v3/users/f2a82a73f3224246951d7d77dce675b4"
  },
  "description": "Rendered from 53 images taken with my iPhone XS Max",
  "faceCount": 450781,
  "createdAt": "2020-06-07T12:08:08.416066",
  "vertexCount": 225933,
  "isAgeRestricted": false,
  "archives": {
    "glb": {
      "textureCount": 1,
      "size": 42153292,
      "type": "glb",
      "textureMaxResolution": 8192,
      "faceCount": 450781,
      "vertexCount": 247415
    },
    "gltf": {
      "textureCount": 1,
      "size": 36287036,
      "type": "gltf",
      "textureMaxResolution": 8192,
      "faceCount": 450781,
      "vertexCount": 247415
    },
    "source": {
      "textureCount": null,
      "size": 80393037,
      "type": "source",
      "textureMaxResolution": null,
      "faceCount": null,
      "vertexCount": null
    },
    "usdz": {
      "textureCount": null,
      "size": 12659430,
      "type": "usdz",
      "textureMaxResolution": null,
      "faceCount": null,
      "vertexCount": null
    }
  },
  "license": "by"
}