{
  "uri": "https://api.sketchfab.com/v3/models/3657b4bd9d164eb9968fdd6ee7dfb188",
  "uid": "3657b4bd9d164eb9968fdd6ee7dfb188",
  "name": "Stenton Parish Kirk Headstone",
  "staffpickedAt": null,
  "viewCount": 21,
  "likeCount": 1,
  "animationCount": 0,
  "viewerUrl": "https://sketchfab.com/3d-models/3657b4bd9d164eb9968fdd6ee7dfb188",
  "embedUrl": "https://sketchfab.com/models/3657b4bd9d164eb9968fdd6ee7dfb188/embed",
  "commentCount": 0,
  "isDownloadable": true,
  "publishedAt": "2020-12-08T17:52:51.077338",
  "tags": [
    {
      "name": "scotland",
      "slug": "scotland",
      "uri": "https://api.sketchfab.com/v3/tags/scotland"
    },
    {
      "name": "gravestone",
      "slug": "gravestone",
      "uri": "https://api.sketchfab.com/v3/tags/gravestone"
    },
    {
      "name": "headstone",
      "slug": "headstone",
      "uri": "https://api.sketchfab.com/v3/tags/headstone"
    },
    {
      "name": "gravemarker",
      "slug": "gravemarker",
      "uri": "https://api.sketchfab.com/v3/tags/gravemarker"
    }
  ],
  "categories": [
    {
      "name": "art-abstract"
    },
    {
      "name": "cultural-heritage-history"
    }
  ],
  "thumbnails": {
    "images": [
      {
        "uid": "3040837ea8344312b9f19a59c4c317b8",
        "size": 323712,
        "width": 1920,
        "url": "https://media.sketchfab.com/models/3657b4bd9d164eb9968fdd6ee7dfb188/thumbnails/b6a0c1a4f7ba40959e20eebdec94ed8c/b4f16770e0854f2e9e4037d94a40c395.jpeg",
        "height": 1080
      },
      {
        "uid": "4e39436d912a43a88c5dfbc761d2594c",
        "size": 85400,
        "width": 1024,
        "url": "https://media.sketchfab.com/models/3657b4bd9d164eb9968fdd6ee7dfb188/thumbnails/b6a0c1a4f7ba40959e20eebdec94ed8c/87be1e9183b34f5e87bc12e85d9ac9fc.jpeg",
        "height": 576
      },
      {
        "uid": "558a520993a24c4088841a036093c607",
        "size": 47001,
        "width": 720,
        "url": "https://media.sketchfab.com/models/3657b4bd9d164eb9968fdd6ee7dfb188/thumbnails/b6a0c1a4f7ba40959e20eebdec94ed8c/810ff583176744b78f5a47edb1194481.jpeg",
        "height": 405
      },
      {
        "uid": "b11bfe3a68eb4f5abbdc02dc42e77265",
        "size": 7611,
        "width": 256,
        "url": "https://media.sketchfab.com/models/3657b4bd9d164eb9968fdd6ee7dfb188/thumbnails/b6a0c1a4f7ba40959e20eebdec94ed8c/dee13f61701840cba9bda33d4f935f60.jpeg",
        "height": 144
      },
      {
        "uid": "6e3d96cf490c48668a3881dd9b1b9134",
        "size": 1005,
        "width": 64,
        "url": "https://media.sketchfab.com/models/3657b4bd9d164eb9968fdd6ee7dfb188/thumbnails/b6a0c1a4f7ba40959e20eebdec94ed8c/7f6fb8ebf68b4f15a2ce3dbb50f2fe06.jpeg",
        "height": 36
      }
    ]
  },
  "user": {
    "uid": "f48488e6a7cc4ec79b32fb891c192f23",
    "username": "Douglas.Ledingham",
    "displayName": "Douglas Ledingham",
    "profileUrl": "https://sketchfab.com/Douglas.Ledingham",
    "account": "basic",
    "avatar": {
      "uri": "https://api.sketchfab.com/v3/avatars/bfc1f690017847bd84062a4b4d448b60",
      "images": [
        {
          "size": 774,
          "width": 32,
          "url": "https://media.sketchfab.com/avatars/bfc1f690017847bd84062a4b4d448b60/d9f90e0528fb49aa9967a8834cc43c7b.jpeg",
          "height": 32
        },
        {
          "size": 1311,
          "width": 48,
          "url": "https://media.sketchfab.com/avatars/bfc1f690017847bd84062a4b4d448b60/c6676a31b4e14eee86d74ad01bf1955c.jpeg",
          "height": 48
        },
        {
          "size": 3485,
          "width": 90,
          "url": "https://media.sketchfab.com/avatars/bfc1f690017847bd84062a4b4d448b60/04ef3403d6e742c295115d0e991db069.jpeg",
          "height": 90
        },
        {
          "size": 4073,
          "width": 100,
          "url": "https://media.sketchfab.com/avatars/bfc1f690017847bd84062a4b4d448b60/9a9d7581f7d848d6a6780e1133091173.jpeg",
          "height": 100
        }
      ]
    },
    "uri": "https://api.sketchfab.com/v3/users/f48488e6a7cc4ec79b32fb891c192f23"
  },
  "description": "Headstone within Stenton Parish Kirk burial ground, East Lothian, Scotland",
  "faceCount": 988329,
  "createdAt": "2020-12-08T17:39:18.392479",
  "vertexCount": 495213,
  "isAgeRestricted": false,
  "archives": {
    "glb": {
      "textureCount": 1,
      "size": 41434556,
      "type": "glb",
      "textureMaxResolution": 1024,
      "faceCount": 988329,
      "vertexCount": 605551
    },
    "gltf": {
      "textureCount": 1,
      "size": 22593411,
      "type": "gltf",
      "textureMaxResolution": 1024,
      "faceCount": 988329,
      "vertexCount": 605551
    },
    "source": {
      "textureCount": null,
      "size": 29614866,
      "type": "source",
      "textureMaxResolution": null,
      "faceCount": null,
      "vertexCount": null
    },
    "usdz": {
      "textureCount": null,
      "size": 22551355,
      "type": "usdz",
      "textureMaxResolution": null,
      "faceCount": null,
      "vertexCount": null
    }
  },
  "license": "by-nc"
}