{
  "uri": "https://api.sketchfab.com/v3/models/3659be7564a34c3ca158a1d5586cb386",
  "uid": "3659be7564a34c3ca158a1d5586cb386",
  "name": "Crate - Container",
  "staffpickedAt": null,
  "viewCount": 584,
  "likeCount": 29,
  "animationCount": 1,
  "viewerUrl": "https://sketchfab.com/3d-models/3659be7564a34c3ca158a1d5586cb386",
  "embedUrl": "https://sketchfab.com/models/3659be7564a34c3ca158a1d5586cb386/embed",
  "commentCount": 0,
  "isDownloadable": true,
  "publishedAt": "2022-03-15T14:20:10.960339",
  "tags": [
    {
      "name": "crate",
      "slug": "crate",
      "uri": "https://api.sketchfab.com/v3/tags/crate"
    },
    {
      "name": "gadget",
      "slug": "gadget",
      "uri": "https://api.sketchfab.com/v3/tags/gadget"
    },
    {
      "name": "unrealengine",
      "slug": "unrealengine",
      "uri": "https://api.sketchfab.com/v3/tags/unrealengine"
    },
    {
      "name": "substancepainter",
      "slug": "substancepainter",
      "uri": "https://api.sketchfab.com/v3/tags/substancepainter"
    },
    {
      "name": "weapon",
      "slug": "weapon",
      "uri": "https://api.sketchfab.com/v3/tags/weapon"
    },
    {
      "name": "minecraft",
      "slug": "minecraft",
      "uri": "https://api.sketchfab.com/v3/tags/minecraft"
    },
    {
      "name": "blender",
      "slug": "blender",
      "uri": "https://api.sketchfab.com/v3/tags/blender"
    },
    {
      "name": "military",
      "slug": "military",
      "uri": "https://api.sketchfab.com/v3/tags/military"
    },
    {
      "name": "sci-fi",
      "slug": "sci-fi",
      "uri": "https://api.sketchfab.com/v3/tags/sci-fi"
    },
    {
      "name": "concept",
      "slug": "concept",
      "uri": "https://api.sketchfab.com/v3/tags/concept"
    },
    {
      "name": "container",
      "slug": "container",
      "uri": "https://api.sketchfab.com/v3/tags/container"
    }
  ],
  "categories": [
    {
      "name": "electronics-gadgets"
    },
    {
      "name": "weapons-military"
    }
  ],
  "thumbnails": {
    "images": [
      {
        "uid": "5788522cf7804079992b0ccf16da79c6",
        "size": 332095,
        "width": 1920,
        "url": "https://media.sketchfab.com/models/3659be7564a34c3ca158a1d5586cb386/thumbnails/f291c2dd69704caca04c0c85213862d8/f736123c48a34cd196c104b11aeef55f.jpeg",
        "height": 1080
      },
      {
        "uid": "dc6612c3507c43929ebadca82983f5e5",
        "size": 56419,
        "width": 1024,
        "url": "https://media.sketchfab.com/models/3659be7564a34c3ca158a1d5586cb386/thumbnails/f291c2dd69704caca04c0c85213862d8/23ea884fc9e44d389631566d1ab141b1.jpeg",
        "height": 576
      },
      {
        "uid": "6f7a2a88cac14f28bc87cb5a72f0424d",
        "size": 29320,
        "width": 720,
        "url": "https://media.sketchfab.com/models/3659be7564a34c3ca158a1d5586cb386/thumbnails/f291c2dd69704caca04c0c85213862d8/7a75f9cdf4f14155b15badb80901ef88.jpeg",
        "height": 405
      },
      {
        "uid": "d7d5dab23f63455dbe41aa9cd28283bd",
        "size": 5140,
        "width": 256,
        "url": "https://media.sketchfab.com/models/3659be7564a34c3ca158a1d5586cb386/thumbnails/f291c2dd69704caca04c0c85213862d8/675c75059ef64c2db47957a02a85cafd.jpeg",
        "height": 144
      },
      {
        "uid": "741a3ed0082c45a293109633b4d3128e",
        "size": 1143,
        "width": 64,
        "url": "https://media.sketchfab.com/models/3659be7564a34c3ca158a1d5586cb386/thumbnails/f291c2dd69704caca04c0c85213862d8/7673731af41d4e1486a5303807cc702f.jpeg",
        "height": 36
      }
    ]
  },
  "user": {
    "uid": "0c4b99c0925b420199d7e1c164aeb827",
    "username": "re1monsen",
    "displayName": "re1monsen",
    "profileUrl": "https://sketchfab.com/re1monsen",
    "account": "basic",
    "avatar": {
      "uri": "https://api.sketchfab.com/v3/avatars/55c8970283ad44d381d6d8a6d2573b0d",
      "images": [
        {
          "size": 756,
          "width": 32,
          "url": "https://media.sketchfab.com/avatars/55c8970283ad44d381d6d8a6d2573b0d/92081fa5246d4594803f88c16e126c5d.jpeg",
          "height": 32
        },
        {
          "size": 1231,
          "width": 48,
          "url": "https://media.sketchfab.com/avatars/55c8970283ad44d381d6d8a6d2573b0d/f07b7a32574d4033b9f4e2c313bc6c60.jpeg",
          "height": 48
        },
        {
          "size": 3111,
          "width": 90,
          "url": "https://media.sketchfab.com/avatars/55c8970283ad44d381d6d8a6d2573b0d/5b8c0e2f44a24dbd889ee7d249d02c66.jpeg",
          "height": 90
        },
        {
          "size": 3606,
          "width": 100,
          "url": "https://media.sketchfab.com/avatars/55c8970283ad44d381d6d8a6d2573b0d/34fc6fc3c7b54d749f4557cd711d16c1.jpeg",
          "height": 100
        }
      ]
    },
    "uri": "https://api.sketchfab.com/v3/users/0c4b99c0925b420199d7e1c164aeb827"
  },
  "description": "More crates\n\nScifi 1\nhttps://sketchfab.com/3d-models/crate-container-d4fd095f607445d8a4efa137145744d3\n\nScifi 2\nhttps://sketchfab.com/3d-models/crate-container-the-egg-\nadce07d83d5d4fadb11361d0ebe66db9\n\nThe Egg\nhttps://sketchfab.com/3d-models/crate-container-the-egg-adce07d83d5d4fadb11361d0ebe66db9\n\nCrate - Container - 500 Followers Encore\nhttps://sketchfab.com/3d-models/crate-container-500-followers-encore-57e9c71005fd490898123fece16ccf60\n\n100K Views - SciFi Crate Container\nhttps://sketchfab.com/3d-models/100k-views-scifi-crate-container-1c84ba72867243aca35eb6677e001fe3\n\nDrag and Drop and you are good to go. 4k Textures.\n\nCheck my profile for free models https://sketchfab.com/re1monsen If you enjoy my work please consider supporting me I have many affordable models in the shop. Smash that follow!\n\nFeel free to contact me. I’d love yo hear from you.\n\nThanks!",
  "faceCount": 42752,
  "createdAt": "2022-02-22T03:44:39.668961",
  "vertexCount": 23188,
  "isAgeRestricted": false,
  "archives": {
    "glb": {
      "textureCount": 11,
      "size": 132590760,
      "type": "glb",
      "textureMaxResolution": 4096,
      "faceCount": 42724,
      "vertexCount": 33862
    },
    "gltf": {
      "textureCount": 11,
      "size": 130642524,
      "type": "gltf",
      "textureMaxResolution": 4096,
      "faceCount": 42724,
      "vertexCount": 33862
    },
    "source": {
      "textureCount": null,
      "size": 92226428,
      "type": "source",
      "textureMaxResolution": null,
      "faceCount": null,
      "vertexCount": null
    },
    "usdz": {
      "textureCount": null,
      "size": 5945320,
      "type": "usdz",
      "textureMaxResolution": null,
      "faceCount": null,
      "vertexCount": null
    }
  },
  "license": "by"
}