{
  "uri": "https://api.sketchfab.com/v3/models/365c9bff897c471cac82d19da3797230",
  "uid": "365c9bff897c471cac82d19da3797230",
  "name": "Sofass",
  "staffpickedAt": null,
  "viewCount": 11,
  "likeCount": 0,
  "animationCount": 0,
  "viewerUrl": "https://sketchfab.com/3d-models/365c9bff897c471cac82d19da3797230",
  "embedUrl": "https://sketchfab.com/models/365c9bff897c471cac82d19da3797230/embed",
  "commentCount": 0,
  "isDownloadable": true,
  "publishedAt": "2022-04-04T10:31:06.366572",
  "tags": [
    {
      "name": "sofa",
      "slug": "sofa",
      "uri": "https://api.sketchfab.com/v3/tags/sofa"
    },
    {
      "name": "furniture",
      "slug": "furniture",
      "uri": "https://api.sketchfab.com/v3/tags/furniture"
    },
    {
      "name": "living",
      "slug": "living",
      "uri": "https://api.sketchfab.com/v3/tags/living"
    },
    {
      "name": "comfort",
      "slug": "comfort",
      "uri": "https://api.sketchfab.com/v3/tags/comfort"
    },
    {
      "name": "render",
      "slug": "render",
      "uri": "https://api.sketchfab.com/v3/tags/render"
    },
    {
      "name": "modeling",
      "slug": "modeling",
      "uri": "https://api.sketchfab.com/v3/tags/modeling"
    },
    {
      "name": "game",
      "slug": "game",
      "uri": "https://api.sketchfab.com/v3/tags/game"
    },
    {
      "name": "lowpoly",
      "slug": "lowpoly",
      "uri": "https://api.sketchfab.com/v3/tags/lowpoly"
    },
    {
      "name": "gameart",
      "slug": "gameart",
      "uri": "https://api.sketchfab.com/v3/tags/gameart"
    },
    {
      "name": "gameasset",
      "slug": "gameasset",
      "uri": "https://api.sketchfab.com/v3/tags/gameasset"
    },
    {
      "name": "hypercasual",
      "slug": "hypercasual",
      "uri": "https://api.sketchfab.com/v3/tags/hypercasual"
    }
  ],
  "categories": [
    {
      "name": "architecture"
    },
    {
      "name": "furniture-home"
    }
  ],
  "thumbnails": {
    "images": [
      {
        "uid": "0c858214890b4babab51188b1f04181e",
        "size": 53089,
        "width": 1920,
        "url": "https://media.sketchfab.com/models/365c9bff897c471cac82d19da3797230/thumbnails/6d620d40b75348a3bcaf054e03f2512c/cccbc61afa604258bcfb67ff3884740a.jpeg",
        "height": 1080
      },
      {
        "uid": "98ad03a0d3db445d823e5e0188e342e1",
        "size": 18817,
        "width": 1024,
        "url": "https://media.sketchfab.com/models/365c9bff897c471cac82d19da3797230/thumbnails/6d620d40b75348a3bcaf054e03f2512c/b5cbb35e89d54a6f9e99eac567026788.jpeg",
        "height": 576
      },
      {
        "uid": "7cd9b649cf4543f9ae7261c54bd3adac",
        "size": 11346,
        "width": 720,
        "url": "https://media.sketchfab.com/models/365c9bff897c471cac82d19da3797230/thumbnails/6d620d40b75348a3bcaf054e03f2512c/d8dcdc3c15e74fe58c79b7930a3d4c31.jpeg",
        "height": 405
      },
      {
        "uid": "543d48032bcb4114aed7249894f53be3",
        "size": 2886,
        "width": 256,
        "url": "https://media.sketchfab.com/models/365c9bff897c471cac82d19da3797230/thumbnails/6d620d40b75348a3bcaf054e03f2512c/ca864d736776455a9c5c6d4a1ec8c542.jpeg",
        "height": 144
      },
      {
        "uid": "a6187cf092554a60857aad2b7b4f006d",
        "size": 931,
        "width": 64,
        "url": "https://media.sketchfab.com/models/365c9bff897c471cac82d19da3797230/thumbnails/6d620d40b75348a3bcaf054e03f2512c/c2eb8d84766945da8d47cc95be5bccf6.jpeg",
        "height": 36
      }
    ]
  },
  "user": {
    "uid": "715b294c2ee84c259e10f85faddf75ea",
    "username": "ikbalknr",
    "displayName": "ikbalknr",
    "profileUrl": "https://sketchfab.com/ikbalknr",
    "account": "basic",
    "avatar": {
      "uri": "https://api.sketchfab.com/v3/avatars/78fa317e46024a5283765aa34df5e508",
      "images": [
        {
          "size": 6421,
          "width": 100,
          "url": "https://media.sketchfab.com/avatars/78fa317e46024a5283765aa34df5e508/aec92fe9a74e499c98d759362cd7f02f.jpeg",
          "height": 100
        },
        {
          "size": 2518,
          "width": 48,
          "url": "https://media.sketchfab.com/avatars/78fa317e46024a5283765aa34df5e508/17fa177ffaa344a2b2fc8e78efd40fbb.jpeg",
          "height": 48
        },
        {
          "size": 5653,
          "width": 90,
          "url": "https://media.sketchfab.com/avatars/78fa317e46024a5283765aa34df5e508/02162695bdc840faa3bcb2d418309c5e.jpeg",
          "height": 90
        },
        {
          "size": 1350,
          "width": 32,
          "url": "https://media.sketchfab.com/avatars/78fa317e46024a5283765aa34df5e508/6fde876cbded4cd48d36a76029e3aa02.jpeg",
          "height": 32
        }
      ]
    },
    "uri": "https://api.sketchfab.com/v3/users/715b294c2ee84c259e10f85faddf75ea"
  },
  "description": "Sofas",
  "faceCount": 41073,
  "createdAt": "2022-04-04T10:30:03.243928",
  "vertexCount": 19850,
  "isAgeRestricted": false,
  "archives": {
    "glb": {
      "textureCount": 0,
      "size": 1822448,
      "type": "glb",
      "textureMaxResolution": 0,
      "faceCount": 41073,
      "vertexCount": 41175
    },
    "gltf": {
      "textureCount": 0,
      "size": 703984,
      "type": "gltf",
      "textureMaxResolution": 0,
      "faceCount": 41073,
      "vertexCount": 41175
    },
    "source": {
      "textureCount": null,
      "size": 3760560,
      "type": "source",
      "textureMaxResolution": null,
      "faceCount": null,
      "vertexCount": null
    },
    "usdz": {
      "textureCount": null,
      "size": 1128457,
      "type": "usdz",
      "textureMaxResolution": null,
      "faceCount": null,
      "vertexCount": null
    }
  },
  "license": "by"
}