{
  "uri": "https://api.sketchfab.com/v3/models/366033f315fa4b6693c1624a67ec20d3",
  "uid": "366033f315fa4b6693c1624a67ec20d3",
  "name": "4",
  "staffpickedAt": null,
  "viewCount": 11,
  "likeCount": 0,
  "animationCount": 0,
  "viewerUrl": "https://sketchfab.com/3d-models/366033f315fa4b6693c1624a67ec20d3",
  "embedUrl": "https://sketchfab.com/models/366033f315fa4b6693c1624a67ec20d3/embed",
  "commentCount": 0,
  "isDownloadable": true,
  "publishedAt": "2019-09-06T15:14:01.527528",
  "tags": [],
  "categories": [
    {
      "name": "cultural-heritage-history"
    }
  ],
  "thumbnails": {
    "images": [
      {
        "uid": "0715d170c396421a86e8b7631ba14d77",
        "size": 218465,
        "width": 1920,
        "url": "https://media.sketchfab.com/models/366033f315fa4b6693c1624a67ec20d3/thumbnails/1235c3c8019945fdafbe41eea8faf70d/6b8812a75baf4af8be62ba7043d872e6.jpeg",
        "height": 1080
      },
      {
        "uid": "f31c1cb3ea6d4914beb0658505002341",
        "size": 32551,
        "width": 1024,
        "url": "https://media.sketchfab.com/models/366033f315fa4b6693c1624a67ec20d3/thumbnails/1235c3c8019945fdafbe41eea8faf70d/0f5b35b95f35412f9a069de8d863f903.jpeg",
        "height": 576
      },
      {
        "uid": "65fd5d47ca3944d5abade9ff405e00ba",
        "size": 18272,
        "width": 720,
        "url": "https://media.sketchfab.com/models/366033f315fa4b6693c1624a67ec20d3/thumbnails/1235c3c8019945fdafbe41eea8faf70d/882747ef9df84977b029d912de01463f.jpeg",
        "height": 405
      },
      {
        "uid": "56905469bbe3491ebd66a809dd675dc0",
        "size": 3885,
        "width": 256,
        "url": "https://media.sketchfab.com/models/366033f315fa4b6693c1624a67ec20d3/thumbnails/1235c3c8019945fdafbe41eea8faf70d/27d3bad93ae5410fbf5063825951cdad.jpeg",
        "height": 144
      },
      {
        "uid": "ce616f2a1a964444a20c5c639cdecb6f",
        "size": 807,
        "width": 64,
        "url": "https://media.sketchfab.com/models/366033f315fa4b6693c1624a67ec20d3/thumbnails/1235c3c8019945fdafbe41eea8faf70d/c93ff953554547c3b15dd8c1b0197b6d.jpeg",
        "height": 36
      }
    ]
  },
  "user": {
    "uid": "debaa8b485d641c2bde95835a52fc9f6",
    "username": "aflowersuk",
    "displayName": "aflowersuk",
    "profileUrl": "https://sketchfab.com/aflowersuk",
    "account": "basic",
    "avatar": {
      "uri": "https://api.sketchfab.com/v3/avatars/5220c7cc7e464068800cf833f46dbe30",
      "images": [
        {
          "size": 3070,
          "width": 32,
          "url": "https://media.sketchfab.com/avatars/5220c7cc7e464068800cf833f46dbe30/46118c22ef464af68a1fefabbb02012a.png",
          "height": 32
        },
        {
          "size": 3194,
          "width": 48,
          "url": "https://media.sketchfab.com/avatars/5220c7cc7e464068800cf833f46dbe30/c4c176a43e804e7e819985c0c3142790.png",
          "height": 48
        },
        {
          "size": 3439,
          "width": 90,
          "url": "https://media.sketchfab.com/avatars/5220c7cc7e464068800cf833f46dbe30/66e34b5aba0e4db0ae65b716e89465f3.png",
          "height": 90
        },
        {
          "size": 3470,
          "width": 100,
          "url": "https://media.sketchfab.com/avatars/5220c7cc7e464068800cf833f46dbe30/11f9341ea9424f4e858c7f401a211e77.png",
          "height": 100
        }
      ]
    },
    "uri": "https://api.sketchfab.com/v3/users/debaa8b485d641c2bde95835a52fc9f6"
  },
  "description": "",
  "faceCount": 770524,
  "createdAt": "2019-09-06T15:02:26.412142",
  "vertexCount": 415559,
  "isAgeRestricted": false,
  "archives": {
    "glb": {
      "textureCount": 4,
      "size": 35400532,
      "type": "glb",
      "textureMaxResolution": 2048,
      "faceCount": 770512,
      "vertexCount": 456002
    },
    "gltf": {
      "textureCount": 4,
      "size": 24431585,
      "type": "gltf",
      "textureMaxResolution": 2048,
      "faceCount": 770512,
      "vertexCount": 456002
    },
    "source": {
      "textureCount": null,
      "size": 52239653,
      "type": "source",
      "textureMaxResolution": null,
      "faceCount": null,
      "vertexCount": null
    },
    "usdz": {
      "textureCount": null,
      "size": 18812761,
      "type": "usdz",
      "textureMaxResolution": null,
      "faceCount": null,
      "vertexCount": null
    }
  },
  "license": "by"
}