{
  "uri": "https://api.sketchfab.com/v3/models/3662284419df42fb9637f7ffb292a984",
  "uid": "3662284419df42fb9637f7ffb292a984",
  "name": "Terreno Prado",
  "staffpickedAt": null,
  "viewCount": 98,
  "likeCount": 0,
  "animationCount": 0,
  "viewerUrl": "https://sketchfab.com/3d-models/3662284419df42fb9637f7ffb292a984",
  "embedUrl": "https://sketchfab.com/models/3662284419df42fb9637f7ffb292a984/embed",
  "commentCount": 0,
  "isDownloadable": true,
  "publishedAt": "2016-08-18T13:43:36.399535",
  "tags": [
    {
      "name": "prado",
      "slug": "prado",
      "uri": "https://api.sketchfab.com/v3/tags/prado"
    }
  ],
  "categories": [
    {
      "name": "architecture"
    }
  ],
  "thumbnails": {
    "images": [
      {
        "uid": "a824c465724844019e7a33f108a6c175",
        "size": 43253,
        "width": 864,
        "url": "https://media.sketchfab.com/models/3662284419df42fb9637f7ffb292a984/thumbnails/06ee26e4845b442e84a34836efbede5a/864x486.jpeg",
        "height": 486
      },
      {
        "uid": "1ea6857d125940a6b8b25b4dcfee2784",
        "size": 714,
        "width": 50,
        "url": "https://media.sketchfab.com/models/3662284419df42fb9637f7ffb292a984/thumbnails/06ee26e4845b442e84a34836efbede5a/50x50.jpeg",
        "height": 50
      },
      {
        "uid": "2755d3c6eb8344239783501d22ed5646",
        "size": 1489,
        "width": 100,
        "url": "https://media.sketchfab.com/models/3662284419df42fb9637f7ffb292a984/thumbnails/06ee26e4845b442e84a34836efbede5a/100x100.jpeg",
        "height": 100
      },
      {
        "uid": "e8797ea856cd4746accca68600a6e118",
        "size": 4299,
        "width": 200,
        "url": "https://media.sketchfab.com/models/3662284419df42fb9637f7ffb292a984/thumbnails/06ee26e4845b442e84a34836efbede5a/200x200.jpeg",
        "height": 200
      },
      {
        "uid": "03473426844b478eacf620c351673895",
        "size": 9734,
        "width": 448,
        "url": "https://media.sketchfab.com/models/3662284419df42fb9637f7ffb292a984/thumbnails/06ee26e4845b442e84a34836efbede5a/448x252.jpeg",
        "height": 252
      },
      {
        "uid": "a78790b5e6a04f5e90f3d3f0947100a8",
        "size": 21276,
        "width": 640,
        "url": "https://media.sketchfab.com/models/3662284419df42fb9637f7ffb292a984/thumbnails/06ee26e4845b442e84a34836efbede5a/640x360.jpeg",
        "height": 360
      },
      {
        "uid": "e1f506714a9144bc9eaf9f71ce632d79",
        "size": 63464,
        "width": 1024,
        "url": "https://media.sketchfab.com/models/3662284419df42fb9637f7ffb292a984/thumbnails/06ee26e4845b442e84a34836efbede5a/1024x576.jpeg",
        "height": 576
      }
    ]
  },
  "user": {
    "uid": "0ef6405c0b44409183751cd8b98ac4be",
    "username": "goecking",
    "displayName": "goecking",
    "profileUrl": "https://sketchfab.com/goecking",
    "account": "basic",
    "avatar": {
      "uri": "https://api.sketchfab.com/v3/avatars/f6a053c2984a4395ba57967d5c7b9820",
      "images": [
        {
          "size": 4167,
          "width": 100,
          "url": "https://media.sketchfab.com/avatars/f6a053c2984a4395ba57967d5c7b9820/d709d9388ecc429a9160c0a2bc395183.jpeg",
          "height": 100
        },
        {
          "size": 3499,
          "width": 90,
          "url": "https://media.sketchfab.com/avatars/f6a053c2984a4395ba57967d5c7b9820/1683249bec5b4709a938094545b8e24c.jpeg",
          "height": 90
        },
        {
          "size": 1283,
          "width": 48,
          "url": "https://media.sketchfab.com/avatars/f6a053c2984a4395ba57967d5c7b9820/83c14635b69a4b288064d07c35fbdda0.jpeg",
          "height": 48
        },
        {
          "size": 790,
          "width": 32,
          "url": "https://media.sketchfab.com/avatars/f6a053c2984a4395ba57967d5c7b9820/20fdb49bc7c7498fb02fbb2cac6a6771.jpeg",
          "height": 32
        }
      ]
    },
    "uri": "https://api.sketchfab.com/v3/users/0ef6405c0b44409183751cd8b98ac4be"
  },
  "description": "",
  "faceCount": 60000,
  "createdAt": "2016-08-18T13:39:08.676106",
  "vertexCount": 30332,
  "isAgeRestricted": false,
  "archives": {
    "glb": {
      "textureCount": 1,
      "size": 5762552,
      "type": "glb",
      "textureMaxResolution": 4096,
      "faceCount": 60000,
      "vertexCount": 39112
    },
    "gltf": {
      "textureCount": 1,
      "size": 5014288,
      "type": "gltf",
      "textureMaxResolution": 4096,
      "faceCount": 60000,
      "vertexCount": 39112
    },
    "source": {
      "textureCount": null,
      "size": 5326866,
      "type": "source",
      "textureMaxResolution": null,
      "faceCount": null,
      "vertexCount": null
    },
    "usdz": {
      "textureCount": null,
      "size": 5344240,
      "type": "usdz",
      "textureMaxResolution": null,
      "faceCount": null,
      "vertexCount": null
    }
  },
  "license": "by"
}