{
  "uri": "https://api.sketchfab.com/v3/models/366eb74a8d814464a2155c189acaff90",
  "uid": "366eb74a8d814464a2155c189acaff90",
  "name": "2022 01 18-11 54 31",
  "staffpickedAt": null,
  "viewCount": 0,
  "likeCount": 0,
  "animationCount": 0,
  "viewerUrl": "https://sketchfab.com/3d-models/366eb74a8d814464a2155c189acaff90",
  "embedUrl": "https://sketchfab.com/models/366eb74a8d814464a2155c189acaff90/embed",
  "commentCount": 0,
  "isDownloadable": true,
  "publishedAt": "2022-01-18T14:56:53.671129",
  "tags": [],
  "categories": [],
  "thumbnails": {
    "images": [
      {
        "uid": "5f579b5480674d3287e73fb5f0e2b7e6",
        "size": 50713,
        "width": 1920,
        "url": "https://media.sketchfab.com/models/366eb74a8d814464a2155c189acaff90/thumbnails/3d69eff4b11447e4b095224726ed2e69/8ad4d61c7b7c4ec0894a3fc336b3dee0.jpeg",
        "height": 1080
      },
      {
        "uid": "e01a92054fc546b48728a55a59bba18d",
        "size": 17347,
        "width": 1024,
        "url": "https://media.sketchfab.com/models/366eb74a8d814464a2155c189acaff90/thumbnails/3d69eff4b11447e4b095224726ed2e69/c09b68d1ebcf409b8091645d56948127.jpeg",
        "height": 576
      },
      {
        "uid": "4a7e004eca37466dace5c84119ca078f",
        "size": 10260,
        "width": 720,
        "url": "https://media.sketchfab.com/models/366eb74a8d814464a2155c189acaff90/thumbnails/3d69eff4b11447e4b095224726ed2e69/879686b19db74199b89835747d1d9c0e.jpeg",
        "height": 405
      },
      {
        "uid": "29c20cc74f8743178d6630537bc5e746",
        "size": 2597,
        "width": 256,
        "url": "https://media.sketchfab.com/models/366eb74a8d814464a2155c189acaff90/thumbnails/3d69eff4b11447e4b095224726ed2e69/7ebd2afa8cbe404695eea73fd42c55b2.jpeg",
        "height": 144
      },
      {
        "uid": "b5e8665b69cb47e7bc982c88fe79358c",
        "size": 939,
        "width": 64,
        "url": "https://media.sketchfab.com/models/366eb74a8d814464a2155c189acaff90/thumbnails/3d69eff4b11447e4b095224726ed2e69/88fc42b40e2a47a5b87cbb69da354302.jpeg",
        "height": 36
      }
    ]
  },
  "user": {
    "uid": "c2ecfa286d8946659bbce3aa7b9900d1",
    "username": "priscilagalanteg",
    "displayName": "priscilanassar",
    "profileUrl": "https://sketchfab.com/priscilagalanteg",
    "account": "basic",
    "avatar": {
      "uri": "https://api.sketchfab.com/v3/avatars/78fa317e46024a5283765aa34df5e508",
      "images": [
        {
          "size": 6421,
          "width": 100,
          "url": "https://media.sketchfab.com/avatars/78fa317e46024a5283765aa34df5e508/aec92fe9a74e499c98d759362cd7f02f.jpeg",
          "height": 100
        },
        {
          "size": 2518,
          "width": 48,
          "url": "https://media.sketchfab.com/avatars/78fa317e46024a5283765aa34df5e508/17fa177ffaa344a2b2fc8e78efd40fbb.jpeg",
          "height": 48
        },
        {
          "size": 5653,
          "width": 90,
          "url": "https://media.sketchfab.com/avatars/78fa317e46024a5283765aa34df5e508/02162695bdc840faa3bcb2d418309c5e.jpeg",
          "height": 90
        },
        {
          "size": 1350,
          "width": 32,
          "url": "https://media.sketchfab.com/avatars/78fa317e46024a5283765aa34df5e508/6fde876cbded4cd48d36a76029e3aa02.jpeg",
          "height": 32
        }
      ]
    },
    "uri": "https://api.sketchfab.com/v3/users/c2ecfa286d8946659bbce3aa7b9900d1"
  },
  "description": "",
  "faceCount": 204882,
  "createdAt": "2022-01-18T14:56:13.591701",
  "vertexCount": 101886,
  "isAgeRestricted": false,
  "archives": {
    "glb": {
      "textureCount": 0,
      "size": 7005092,
      "type": "glb",
      "textureMaxResolution": 0,
      "faceCount": 204870,
      "vertexCount": 113477
    },
    "gltf": {
      "textureCount": 0,
      "size": 2532686,
      "type": "gltf",
      "textureMaxResolution": 0,
      "faceCount": 204870,
      "vertexCount": 113477
    },
    "source": {
      "textureCount": null,
      "size": 11731466,
      "type": "source",
      "textureMaxResolution": null,
      "faceCount": null,
      "vertexCount": null
    },
    "usdz": {
      "textureCount": null,
      "size": 3352879,
      "type": "usdz",
      "textureMaxResolution": null,
      "faceCount": null,
      "vertexCount": null
    }
  },
  "license": "by"
}