{
  "uri": "https://api.sketchfab.com/v3/models/3673ffd3cbc441e6a5fd82ca87400824",
  "uid": "3673ffd3cbc441e6a5fd82ca87400824",
  "name": "Experimental Hand Axe (Biface)",
  "staffpickedAt": null,
  "viewCount": 16,
  "likeCount": 2,
  "animationCount": 0,
  "viewerUrl": "https://sketchfab.com/3d-models/3673ffd3cbc441e6a5fd82ca87400824",
  "embedUrl": "https://sketchfab.com/models/3673ffd3cbc441e6a5fd82ca87400824/embed",
  "commentCount": 0,
  "isDownloadable": true,
  "publishedAt": "2022-02-17T12:51:38.550788",
  "tags": [
    {
      "name": "cultural",
      "slug": "cultural",
      "uri": "https://api.sketchfab.com/v3/tags/cultural"
    },
    {
      "name": "heritage",
      "slug": "heritage",
      "uri": "https://api.sketchfab.com/v3/tags/heritage"
    },
    {
      "name": "lithic",
      "slug": "lithic",
      "uri": "https://api.sketchfab.com/v3/tags/lithic"
    },
    {
      "name": "handaxe",
      "slug": "handaxe",
      "uri": "https://api.sketchfab.com/v3/tags/handaxe"
    },
    {
      "name": "biface",
      "slug": "biface",
      "uri": "https://api.sketchfab.com/v3/tags/biface"
    },
    {
      "name": "photogrammetry",
      "slug": "photogrammetry",
      "uri": "https://api.sketchfab.com/v3/tags/photogrammetry"
    },
    {
      "name": "archaeology",
      "slug": "archaeology",
      "uri": "https://api.sketchfab.com/v3/tags/archaeology"
    },
    {
      "name": "handaxe-photogrammetry",
      "slug": "handaxe-photogrammetry",
      "uri": "https://api.sketchfab.com/v3/tags/handaxe-photogrammetry"
    }
  ],
  "categories": [
    {
      "name": "cultural-heritage-history"
    }
  ],
  "thumbnails": {
    "images": [
      {
        "uid": "f7026f7dc8cf4e9f893e1c0e0d6fadb9",
        "size": 89630,
        "width": 1920,
        "url": "https://media.sketchfab.com/models/3673ffd3cbc441e6a5fd82ca87400824/thumbnails/97369cab9b0d475e921f3556ab46d103/a8171490676348f6b11f690d39ac4ab3.jpeg",
        "height": 1080
      },
      {
        "uid": "d72b69a582314ba0a2a43de3c0a16989",
        "size": 24271,
        "width": 1024,
        "url": "https://media.sketchfab.com/models/3673ffd3cbc441e6a5fd82ca87400824/thumbnails/97369cab9b0d475e921f3556ab46d103/bf748cf31ee14a89b5d19e36df33e0c0.jpeg",
        "height": 576
      },
      {
        "uid": "b88f125c9ffe45ccbe782642f45695fc",
        "size": 14003,
        "width": 720,
        "url": "https://media.sketchfab.com/models/3673ffd3cbc441e6a5fd82ca87400824/thumbnails/97369cab9b0d475e921f3556ab46d103/d142df6df3724e7ab987be778654c1e1.jpeg",
        "height": 405
      },
      {
        "uid": "6e0a551d18de40799acabbcbfa95d985",
        "size": 2904,
        "width": 256,
        "url": "https://media.sketchfab.com/models/3673ffd3cbc441e6a5fd82ca87400824/thumbnails/97369cab9b0d475e921f3556ab46d103/3a82aa3442744a91b397e0e90c616f5f.jpeg",
        "height": 144
      },
      {
        "uid": "df2f085f813749c9b0164f9b41e16422",
        "size": 946,
        "width": 64,
        "url": "https://media.sketchfab.com/models/3673ffd3cbc441e6a5fd82ca87400824/thumbnails/97369cab9b0d475e921f3556ab46d103/23a7f80a66f84c88bdc4815f7135ef51.jpeg",
        "height": 36
      }
    ]
  },
  "user": {
    "uid": "a3c8fa9db1324d2c885684d4374d82f8",
    "username": "Capptis",
    "displayName": "Adam Appleton",
    "profileUrl": "https://sketchfab.com/Capptis",
    "account": "pro",
    "avatar": {
      "uri": "https://api.sketchfab.com/v3/avatars/19d241da47ee4014baaf21f74c20915e",
      "images": [
        {
          "size": 2300,
          "width": 32,
          "url": "https://media.sketchfab.com/avatars/19d241da47ee4014baaf21f74c20915e/9e12bb66add943c5bab23a9825d55f65.png",
          "height": 32
        },
        {
          "size": 4398,
          "width": 48,
          "url": "https://media.sketchfab.com/avatars/19d241da47ee4014baaf21f74c20915e/3d7f87e240094f5b861c7b1009e651ea.png",
          "height": 48
        },
        {
          "size": 13045,
          "width": 90,
          "url": "https://media.sketchfab.com/avatars/19d241da47ee4014baaf21f74c20915e/7340bda1f9724e8797c955f5f518edcc.png",
          "height": 90
        },
        {
          "size": 15661,
          "width": 100,
          "url": "https://media.sketchfab.com/avatars/19d241da47ee4014baaf21f74c20915e/3ef1750233e6415aa2248afc7a333315.png",
          "height": 100
        }
      ]
    },
    "uri": "https://api.sketchfab.com/v3/users/a3c8fa9db1324d2c885684d4374d82f8"
  },
  "description": "Experimental 'Hand Axe' I created during an old MSc project that sought to use photogrammetry to show visual differences in pre and post heat-treatment.\nThis model represents how it looked before I butchered it with a campfire, complete with uncerimonious white-tac!\n\n**Capture Details:**\n1. Method: Photogrammetry w/tripod & lightbox\n2. Camera: Canon EOS100D (Raw format)\n3. Processing: Reality Capture | optimised from 2.3m to 20k tri's | 8k texture",
  "faceCount": 20000,
  "createdAt": "2022-02-17T12:29:15.870124",
  "vertexCount": 10002,
  "isAgeRestricted": false,
  "archives": {
    "glb": {
      "textureCount": 1,
      "size": 2740332,
      "type": "glb",
      "textureMaxResolution": 4096,
      "faceCount": 20000,
      "vertexCount": 11986
    },
    "gltf": {
      "textureCount": 1,
      "size": 2431977,
      "type": "gltf",
      "textureMaxResolution": 4096,
      "faceCount": 20000,
      "vertexCount": 11986
    },
    "source": {
      "textureCount": null,
      "size": 4945280,
      "type": "source",
      "textureMaxResolution": null,
      "faceCount": null,
      "vertexCount": null
    },
    "usdz": {
      "textureCount": null,
      "size": 2579522,
      "type": "usdz",
      "textureMaxResolution": null,
      "faceCount": null,
      "vertexCount": null
    }
  },
  "license": "by"
}