{
  "uri": "https://api.sketchfab.com/v3/models/3678fd928fc64ddeb288dc6768f58eb3",
  "uid": "3678fd928fc64ddeb288dc6768f58eb3",
  "name": "Светильник 1965-1P Favourite",
  "staffpickedAt": null,
  "viewCount": 5,
  "likeCount": 0,
  "animationCount": 0,
  "viewerUrl": "https://sketchfab.com/3d-models/3678fd928fc64ddeb288dc6768f58eb3",
  "embedUrl": "https://sketchfab.com/models/3678fd928fc64ddeb288dc6768f58eb3/embed",
  "commentCount": 0,
  "isDownloadable": true,
  "publishedAt": "2020-05-22T05:43:33.623652",
  "tags": [
    {
      "name": "lamp",
      "slug": "lamp",
      "uri": "https://api.sketchfab.com/v3/tags/lamp"
    }
  ],
  "categories": [
    {
      "name": "furniture-home"
    }
  ],
  "thumbnails": {
    "images": [
      {
        "uid": "e5b6e2c604164a2f9e1529cf5befc690",
        "size": 19057,
        "width": 1920,
        "url": "https://media.sketchfab.com/models/3678fd928fc64ddeb288dc6768f58eb3/thumbnails/f74abab37a4c4923810a26a9e5f59705/4a5145f6af5a49a6b3227d9318594671.jpeg",
        "height": 1080
      },
      {
        "uid": "89e1c1f2c2214c079ac298c3ce49012b",
        "size": 6395,
        "width": 1024,
        "url": "https://media.sketchfab.com/models/3678fd928fc64ddeb288dc6768f58eb3/thumbnails/f74abab37a4c4923810a26a9e5f59705/6c48acff922d4eb68004c8e48a105e94.jpeg",
        "height": 576
      },
      {
        "uid": "38db97e27f7e4844bc51cd8e3c4eea98",
        "size": 3668,
        "width": 720,
        "url": "https://media.sketchfab.com/models/3678fd928fc64ddeb288dc6768f58eb3/thumbnails/f74abab37a4c4923810a26a9e5f59705/ef78ba8ea2114c4aaa08474bea55bb8b.jpeg",
        "height": 405
      },
      {
        "uid": "43bfb8a798ac4ac49949ccabba9b4cd4",
        "size": 953,
        "width": 256,
        "url": "https://media.sketchfab.com/models/3678fd928fc64ddeb288dc6768f58eb3/thumbnails/f74abab37a4c4923810a26a9e5f59705/d619e6c6114643c6ac06eba99a4b39d9.jpeg",
        "height": 144
      },
      {
        "uid": "ae9185879f7e4e709d5c0f2d67238614",
        "size": 402,
        "width": 64,
        "url": "https://media.sketchfab.com/models/3678fd928fc64ddeb288dc6768f58eb3/thumbnails/f74abab37a4c4923810a26a9e5f59705/90653c98eda54e4c96cf2b5f17b6afc7.jpeg",
        "height": 36
      }
    ]
  },
  "user": {
    "uid": "3a44be237d75401982ae2d54f1ddbbc2",
    "username": "fedomo",
    "displayName": "fedomo.ru",
    "profileUrl": "https://sketchfab.com/fedomo",
    "account": "basic",
    "avatar": {
      "uri": "https://api.sketchfab.com/v3/avatars/2a5bb38ced1649d7bc2a8fcaa0ff3631",
      "images": [
        {
          "size": 554,
          "width": 32,
          "url": "https://media.sketchfab.com/avatars/2a5bb38ced1649d7bc2a8fcaa0ff3631/ef6b7fa9a9cd4cedbaa795cf4892747a.jpeg",
          "height": 32
        },
        {
          "size": 692,
          "width": 48,
          "url": "https://media.sketchfab.com/avatars/2a5bb38ced1649d7bc2a8fcaa0ff3631/032f860f918c4ab087ac882935f6f0f4.jpeg",
          "height": 48
        },
        {
          "size": 1311,
          "width": 90,
          "url": "https://media.sketchfab.com/avatars/2a5bb38ced1649d7bc2a8fcaa0ff3631/1e0070abec8646a68fae9653353fe7b6.jpeg",
          "height": 90
        },
        {
          "size": 1548,
          "width": 100,
          "url": "https://media.sketchfab.com/avatars/2a5bb38ced1649d7bc2a8fcaa0ff3631/b89d112f3905460baf1840c7911a2a92.jpeg",
          "height": 100
        }
      ]
    },
    "uri": "https://api.sketchfab.com/v3/users/3a44be237d75401982ae2d54f1ddbbc2"
  },
  "description": "[Подвесной светильник светодиодный золотистый 3000K Favourite Pendenti 1965-1P\n](https://www.fedomo.ru/product/1965-1p-podves-svetodiodnyi-favourite-pendenti-1-plafon-zoloto_91779/\n)<br>Больше товаров на fedomo.ru",
  "faceCount": 7438,
  "createdAt": "2020-05-20T11:19:02.747324",
  "vertexCount": 3843,
  "isAgeRestricted": false,
  "archives": {
    "glb": {
      "textureCount": 0,
      "size": 271724,
      "type": "glb",
      "textureMaxResolution": 0,
      "faceCount": 7438,
      "vertexCount": 5817
    },
    "gltf": {
      "textureCount": 0,
      "size": 87725,
      "type": "gltf",
      "textureMaxResolution": 0,
      "faceCount": 7438,
      "vertexCount": 5817
    },
    "source": {
      "textureCount": null,
      "size": 1641310,
      "type": "source",
      "textureMaxResolution": null,
      "faceCount": null,
      "vertexCount": null
    },
    "usdz": {
      "textureCount": null,
      "size": 151156,
      "type": "usdz",
      "textureMaxResolution": null,
      "faceCount": null,
      "vertexCount": null
    }
  },
  "license": "by"
}