{
  "uri": "https://api.sketchfab.com/v3/models/367a3e22ee564649aef69f2a9220853b",
  "uid": "367a3e22ee564649aef69f2a9220853b",
  "name": "BHand (highpoly)",
  "staffpickedAt": null,
  "viewCount": 13,
  "likeCount": 0,
  "animationCount": 0,
  "viewerUrl": "https://sketchfab.com/3d-models/367a3e22ee564649aef69f2a9220853b",
  "embedUrl": "https://sketchfab.com/models/367a3e22ee564649aef69f2a9220853b/embed",
  "commentCount": 0,
  "isDownloadable": true,
  "publishedAt": "2022-02-14T17:44:09.089811",
  "tags": [
    {
      "name": "photogrammetry",
      "slug": "photogrammetry",
      "uri": "https://api.sketchfab.com/v3/tags/photogrammetry"
    },
    {
      "name": "hand",
      "slug": "hand",
      "uri": "https://api.sketchfab.com/v3/tags/hand"
    }
  ],
  "categories": [],
  "thumbnails": {
    "images": [
      {
        "uid": "50eb34372ade41ac8cc376abecc880fa",
        "size": 157274,
        "width": 1920,
        "url": "https://media.sketchfab.com/models/367a3e22ee564649aef69f2a9220853b/thumbnails/dcc81f460a3f4f97b5fd4f39e3187c19/99c5030a468349b184fbefa6775876eb.jpeg",
        "height": 1080
      },
      {
        "uid": "4ba1a26b05384fc090ffc8bfd3e41a50",
        "size": 45448,
        "width": 1024,
        "url": "https://media.sketchfab.com/models/367a3e22ee564649aef69f2a9220853b/thumbnails/dcc81f460a3f4f97b5fd4f39e3187c19/cb723e1fc48c49ff80a6a290dc239239.jpeg",
        "height": 576
      },
      {
        "uid": "1fdfc538e9b747c39c4744326713e4d6",
        "size": 24600,
        "width": 720,
        "url": "https://media.sketchfab.com/models/367a3e22ee564649aef69f2a9220853b/thumbnails/dcc81f460a3f4f97b5fd4f39e3187c19/07ef94f6ecba4d609687af68224657bf.jpeg",
        "height": 405
      },
      {
        "uid": "fbcf91a65e5840f1b980ac1365175721",
        "size": 4635,
        "width": 256,
        "url": "https://media.sketchfab.com/models/367a3e22ee564649aef69f2a9220853b/thumbnails/dcc81f460a3f4f97b5fd4f39e3187c19/8c3a3b59e20e4c89a52cc8239c447c0a.jpeg",
        "height": 144
      },
      {
        "uid": "9ab140e450b6491a89a6efed2aab69b2",
        "size": 1149,
        "width": 64,
        "url": "https://media.sketchfab.com/models/367a3e22ee564649aef69f2a9220853b/thumbnails/dcc81f460a3f4f97b5fd4f39e3187c19/f08bb3e3a09f4895b38be22655ebc745.jpeg",
        "height": 36
      }
    ]
  },
  "user": {
    "uid": "5a96a983b3d344beb81d0888eef98c1c",
    "username": "bezo97",
    "displayName": "bezo97",
    "profileUrl": "https://sketchfab.com/bezo97",
    "account": "basic",
    "avatar": {
      "uri": "https://api.sketchfab.com/v3/avatars/51af6a870cce449eb75b0345feebaebb",
      "images": [
        {
          "size": 5719,
          "width": 90,
          "url": "https://media.sketchfab.com/avatars/51af6a870cce449eb75b0345feebaebb/2ef0f894055b4bb69123b2a27fa2d379.jpeg",
          "height": 90
        },
        {
          "size": 6496,
          "width": 100,
          "url": "https://media.sketchfab.com/avatars/51af6a870cce449eb75b0345feebaebb/ab11eedf96374486acb544f71a23b165.jpeg",
          "height": 100
        },
        {
          "size": 1359,
          "width": 32,
          "url": "https://media.sketchfab.com/avatars/51af6a870cce449eb75b0345feebaebb/35f6f9b6c9a14a548ce472582d8a9bb5.jpeg",
          "height": 32
        },
        {
          "size": 2584,
          "width": 48,
          "url": "https://media.sketchfab.com/avatars/51af6a870cce449eb75b0345feebaebb/a8072a51447c4d41ab177b357111b420.jpeg",
          "height": 48
        }
      ]
    },
    "uri": "https://api.sketchfab.com/v3/users/5a96a983b3d344beb81d0888eef98c1c"
  },
  "description": "A sculpture of my brother's hand - Photogrammetry attempt, 2022.02.13.  \n- A collaboration with [Kraft und Licht](https://www.kraftundlicht.com/).  \n- 241 captured images",
  "faceCount": 48264,
  "createdAt": "2022-02-14T17:17:19.822450",
  "vertexCount": 24448,
  "isAgeRestricted": false,
  "archives": {
    "glb": {
      "textureCount": 1,
      "size": 14974296,
      "type": "glb",
      "textureMaxResolution": 4096,
      "faceCount": 48234,
      "vertexCount": 49494
    },
    "gltf": {
      "textureCount": 1,
      "size": 13992634,
      "type": "gltf",
      "textureMaxResolution": 4096,
      "faceCount": 48234,
      "vertexCount": 49494
    },
    "source": {
      "textureCount": null,
      "size": 112520014,
      "type": "source",
      "textureMaxResolution": null,
      "faceCount": null,
      "vertexCount": null
    },
    "usdz": {
      "textureCount": null,
      "size": 3741534,
      "type": "usdz",
      "textureMaxResolution": null,
      "faceCount": null,
      "vertexCount": null
    }
  },
  "license": "by-nc-sa"
}