{
  "uri": "https://api.sketchfab.com/v3/models/367a584baf9145f0b554e655722ac0be",
  "uid": "367a584baf9145f0b554e655722ac0be",
  "name": "horseMask",
  "staffpickedAt": null,
  "viewCount": 25,
  "likeCount": 1,
  "animationCount": 0,
  "viewerUrl": "https://sketchfab.com/3d-models/367a584baf9145f0b554e655722ac0be",
  "embedUrl": "https://sketchfab.com/models/367a584baf9145f0b554e655722ac0be/embed",
  "commentCount": 0,
  "isDownloadable": true,
  "publishedAt": "2021-04-29T14:19:11.039541",
  "tags": [],
  "categories": [],
  "thumbnails": {
    "images": [
      {
        "uid": "17b4654366d24d3993c6b41e3a0cba27",
        "size": 55438,
        "width": 1920,
        "url": "https://media.sketchfab.com/models/367a584baf9145f0b554e655722ac0be/thumbnails/f77bb3b4c1e94452a99a3ec2723ac74c/0898af699aeb43f58c891ff1289c6001.jpeg",
        "height": 1080
      },
      {
        "uid": "021007b9c0a24721a54c84a39d5a433e",
        "size": 20271,
        "width": 1024,
        "url": "https://media.sketchfab.com/models/367a584baf9145f0b554e655722ac0be/thumbnails/f77bb3b4c1e94452a99a3ec2723ac74c/42c9515badc849d491601f0fb7386403.jpeg",
        "height": 576
      },
      {
        "uid": "a2103ac536d44aaaa9fcbcf77440c70d",
        "size": 12212,
        "width": 720,
        "url": "https://media.sketchfab.com/models/367a584baf9145f0b554e655722ac0be/thumbnails/f77bb3b4c1e94452a99a3ec2723ac74c/213f7a8af3f44c9e89d7c7b29bde3bab.jpeg",
        "height": 405
      },
      {
        "uid": "652e09450fbe463185e03eeb9653be58",
        "size": 2763,
        "width": 256,
        "url": "https://media.sketchfab.com/models/367a584baf9145f0b554e655722ac0be/thumbnails/f77bb3b4c1e94452a99a3ec2723ac74c/5e48f661c69f403bb79cb2d9821183c5.jpeg",
        "height": 144
      },
      {
        "uid": "063c928a9f5949a2a4a40db7111c4fc0",
        "size": 699,
        "width": 64,
        "url": "https://media.sketchfab.com/models/367a584baf9145f0b554e655722ac0be/thumbnails/f77bb3b4c1e94452a99a3ec2723ac74c/7b781be884234b36904a2a1934ebe354.jpeg",
        "height": 36
      }
    ]
  },
  "user": {
    "uid": "da60046e70e046c2858a436ea41d4d38",
    "username": "wasinfall",
    "displayName": "wasinfall",
    "profileUrl": "https://sketchfab.com/wasinfall",
    "account": "basic",
    "avatar": {
      "uri": "https://api.sketchfab.com/v3/avatars/51af6a870cce449eb75b0345feebaebb",
      "images": [
        {
          "size": 5719,
          "width": 90,
          "url": "https://media.sketchfab.com/avatars/51af6a870cce449eb75b0345feebaebb/2ef0f894055b4bb69123b2a27fa2d379.jpeg",
          "height": 90
        },
        {
          "size": 6496,
          "width": 100,
          "url": "https://media.sketchfab.com/avatars/51af6a870cce449eb75b0345feebaebb/ab11eedf96374486acb544f71a23b165.jpeg",
          "height": 100
        },
        {
          "size": 1359,
          "width": 32,
          "url": "https://media.sketchfab.com/avatars/51af6a870cce449eb75b0345feebaebb/35f6f9b6c9a14a548ce472582d8a9bb5.jpeg",
          "height": 32
        },
        {
          "size": 2584,
          "width": 48,
          "url": "https://media.sketchfab.com/avatars/51af6a870cce449eb75b0345feebaebb/a8072a51447c4d41ab177b357111b420.jpeg",
          "height": 48
        }
      ]
    },
    "uri": "https://api.sketchfab.com/v3/users/da60046e70e046c2858a436ea41d4d38"
  },
  "description": "",
  "faceCount": 12632,
  "createdAt": "2021-04-29T14:05:03.190201",
  "vertexCount": 6316,
  "isAgeRestricted": false,
  "archives": {
    "glb": {
      "textureCount": 2,
      "size": 1903644,
      "type": "glb",
      "textureMaxResolution": 1024,
      "faceCount": 12632,
      "vertexCount": 7279
    },
    "gltf": {
      "textureCount": 2,
      "size": 1713717,
      "type": "gltf",
      "textureMaxResolution": 1024,
      "faceCount": 12632,
      "vertexCount": 7279
    },
    "source": {
      "textureCount": null,
      "size": 4626078,
      "type": "source",
      "textureMaxResolution": null,
      "faceCount": null,
      "vertexCount": null
    },
    "usdz": {
      "textureCount": null,
      "size": 815161,
      "type": "usdz",
      "textureMaxResolution": null,
      "faceCount": null,
      "vertexCount": null
    }
  },
  "license": "by"
}