{
  "uri": "https://api.sketchfab.com/v3/models/367aff2bf87b41cab6b0c50c0b0e7519",
  "uid": "367aff2bf87b41cab6b0c50c0b0e7519",
  "name": "Test Sculptfab",
  "staffpickedAt": null,
  "viewCount": 7,
  "likeCount": 0,
  "animationCount": 0,
  "viewerUrl": "https://sketchfab.com/3d-models/367aff2bf87b41cab6b0c50c0b0e7519",
  "embedUrl": "https://sketchfab.com/models/367aff2bf87b41cab6b0c50c0b0e7519/embed",
  "commentCount": 0,
  "isDownloadable": true,
  "publishedAt": "2019-07-29T08:31:00.661196",
  "tags": [
    {
      "name": "duck",
      "slug": "duck",
      "uri": "https://api.sketchfab.com/v3/tags/duck"
    },
    {
      "name": "sculptfab",
      "slug": "sculptfab",
      "uri": "https://api.sketchfab.com/v3/tags/sculptfab"
    },
    {
      "name": "test",
      "slug": "test",
      "uri": "https://api.sketchfab.com/v3/tags/test"
    }
  ],
  "categories": [
    {
      "name": "animals-pets"
    }
  ],
  "thumbnails": {
    "images": [
      {
        "uid": "9ae7c255427948f0b76e720d4935ba74",
        "size": 40578,
        "width": 1920,
        "url": "https://media.sketchfab.com/models/367aff2bf87b41cab6b0c50c0b0e7519/thumbnails/a74d7b3260c2411ea552f3c7bd29ca3e/a7fa1e7b6da84d728577d22d4fe18dff.jpeg",
        "height": 1080
      },
      {
        "uid": "8f15793df42b4ed6a37d47e0e4ca1fc6",
        "size": 15294,
        "width": 1024,
        "url": "https://media.sketchfab.com/models/367aff2bf87b41cab6b0c50c0b0e7519/thumbnails/a74d7b3260c2411ea552f3c7bd29ca3e/d791f085dc29480abfda92d3573ad390.jpeg",
        "height": 576
      },
      {
        "uid": "13a69410e57c4ac294a3dd2b10165292",
        "size": 9487,
        "width": 720,
        "url": "https://media.sketchfab.com/models/367aff2bf87b41cab6b0c50c0b0e7519/thumbnails/a74d7b3260c2411ea552f3c7bd29ca3e/157e41256ed2404c9337ac8a94cf384a.jpeg",
        "height": 405
      },
      {
        "uid": "d0d28bce4b1f4d628fc49e452247ba5a",
        "size": 2407,
        "width": 256,
        "url": "https://media.sketchfab.com/models/367aff2bf87b41cab6b0c50c0b0e7519/thumbnails/a74d7b3260c2411ea552f3c7bd29ca3e/45ab689dbb784294b87d1761f7cc1d0f.jpeg",
        "height": 144
      },
      {
        "uid": "1e777194a766430abad07039e02c2206",
        "size": 640,
        "width": 64,
        "url": "https://media.sketchfab.com/models/367aff2bf87b41cab6b0c50c0b0e7519/thumbnails/a74d7b3260c2411ea552f3c7bd29ca3e/a53912b354e84d17bf62e81cc6d0caa6.jpeg",
        "height": 36
      }
    ]
  },
  "user": {
    "uid": "725ab970e6ce426e9210377bed18cd53",
    "username": "KidpaddleetcieGlin",
    "displayName": "KidpaddleetcieGlin",
    "profileUrl": "https://sketchfab.com/KidpaddleetcieGlin",
    "account": "basic",
    "avatar": {
      "uri": "https://api.sketchfab.com/v3/avatars/565fa7d256214040817b41c0df493b3f",
      "images": [
        {
          "size": 1515,
          "width": 32,
          "url": "https://media.sketchfab.com/avatars/565fa7d256214040817b41c0df493b3f/7cce2aa0786144de8485805e71b95c9d.png",
          "height": 32
        },
        {
          "size": 2602,
          "width": 48,
          "url": "https://media.sketchfab.com/avatars/565fa7d256214040817b41c0df493b3f/e98da8d192ec40c7b319281ab8eb13d9.png",
          "height": 48
        },
        {
          "size": 6140,
          "width": 90,
          "url": "https://media.sketchfab.com/avatars/565fa7d256214040817b41c0df493b3f/8d7eb8163cd344f59d210f2bf28be7d1.png",
          "height": 90
        },
        {
          "size": 6845,
          "width": 100,
          "url": "https://media.sketchfab.com/avatars/565fa7d256214040817b41c0df493b3f/29425a23d2a34fac9c010994282872de.png",
          "height": 100
        }
      ]
    },
    "uri": "https://api.sketchfab.com/v3/users/725ab970e6ce426e9210377bed18cd53"
  },
  "description": "I wanted to do a duck... :/",
  "faceCount": 79340,
  "createdAt": "2019-07-29T08:30:42.222075",
  "vertexCount": 39672,
  "isAgeRestricted": false,
  "archives": {
    "glb": {
      "textureCount": 0,
      "size": 2546288,
      "type": "glb",
      "textureMaxResolution": 0,
      "faceCount": 79340,
      "vertexCount": 39800
    },
    "gltf": {
      "textureCount": 0,
      "size": 1315724,
      "type": "gltf",
      "textureMaxResolution": 0,
      "faceCount": 79340,
      "vertexCount": 39800
    },
    "source": {
      "textureCount": null,
      "size": 1886602,
      "type": "source",
      "textureMaxResolution": null,
      "faceCount": null,
      "vertexCount": null
    },
    "usdz": {
      "textureCount": null,
      "size": 1392702,
      "type": "usdz",
      "textureMaxResolution": null,
      "faceCount": null,
      "vertexCount": null
    }
  },
  "license": "by"
}