{
  "uri": "https://api.sketchfab.com/v3/models/367a7c3c6f9347d89389183a7d2861e7",
  "uid": "367a7c3c6f9347d89389183a7d2861e7",
  "name": "Sandford Mill",
  "staffpickedAt": null,
  "viewCount": 1,
  "likeCount": 0,
  "animationCount": 0,
  "viewerUrl": "https://sketchfab.com/3d-models/367a7c3c6f9347d89389183a7d2861e7",
  "embedUrl": "https://sketchfab.com/models/367a7c3c6f9347d89389183a7d2861e7/embed",
  "commentCount": 0,
  "isDownloadable": true,
  "publishedAt": "2021-05-23T17:30:04.056403",
  "tags": [
    {
      "name": "trnio",
      "slug": "trnio",
      "uri": "https://api.sketchfab.com/v3/tags/trnio"
    },
    {
      "name": "3dscan",
      "slug": "3dscan",
      "uri": "https://api.sketchfab.com/v3/tags/3dscan"
    }
  ],
  "categories": [],
  "thumbnails": {
    "images": [
      {
        "uid": "f9b8920a0a4948feb3068d90e9af8a3c",
        "size": 87651,
        "width": 1920,
        "url": "https://media.sketchfab.com/models/367a7c3c6f9347d89389183a7d2861e7/thumbnails/91b319830636487fa3f0eece0cfa2536/8fad91780e354a7fb3dede440f3002d3.jpeg",
        "height": 1080
      },
      {
        "uid": "700797a12398421ebe2469b07c8b31ab",
        "size": 30583,
        "width": 1024,
        "url": "https://media.sketchfab.com/models/367a7c3c6f9347d89389183a7d2861e7/thumbnails/91b319830636487fa3f0eece0cfa2536/20f79d78585d44239a78dc16e0dff9c9.jpeg",
        "height": 576
      },
      {
        "uid": "9067169b25be419eb2bf344bf42edca9",
        "size": 17830,
        "width": 720,
        "url": "https://media.sketchfab.com/models/367a7c3c6f9347d89389183a7d2861e7/thumbnails/91b319830636487fa3f0eece0cfa2536/f12ac68987a640938e546e90d1e721d1.jpeg",
        "height": 405
      },
      {
        "uid": "beb2ace7c4f84b779ed21a4b3e5a7fdb",
        "size": 3257,
        "width": 256,
        "url": "https://media.sketchfab.com/models/367a7c3c6f9347d89389183a7d2861e7/thumbnails/91b319830636487fa3f0eece0cfa2536/3ffae00499db4358ab08796fb29fcce5.jpeg",
        "height": 144
      },
      {
        "uid": "51a63a0a82a4436ca8a7577d03de3383",
        "size": 587,
        "width": 64,
        "url": "https://media.sketchfab.com/models/367a7c3c6f9347d89389183a7d2861e7/thumbnails/91b319830636487fa3f0eece0cfa2536/7863ab21be174e9bb07335fd8a22d668.jpeg",
        "height": 36
      }
    ]
  },
  "user": {
    "uid": "a9f4ccdf3eb74881856dbf875545ea9c",
    "username": "current2020",
    "displayName": "Current",
    "profileUrl": "https://sketchfab.com/current2020",
    "account": "basic",
    "avatar": {
      "uri": "https://api.sketchfab.com/v3/avatars/6781182cdd5944c480694e12fb74924c",
      "images": [
        {
          "size": 1435,
          "width": 32,
          "url": "https://media.sketchfab.com/avatars/6781182cdd5944c480694e12fb74924c/d0f8725e26bf4846ac706fc7b6c908be.png",
          "height": 32
        },
        {
          "size": 2789,
          "width": 48,
          "url": "https://media.sketchfab.com/avatars/6781182cdd5944c480694e12fb74924c/e8038a508a69481b80cda50d22104cbb.png",
          "height": 48
        },
        {
          "size": 7810,
          "width": 90,
          "url": "https://media.sketchfab.com/avatars/6781182cdd5944c480694e12fb74924c/2bb11ff445b84fa59cb1a9d7ead58094.png",
          "height": 90
        },
        {
          "size": 9218,
          "width": 100,
          "url": "https://media.sketchfab.com/avatars/6781182cdd5944c480694e12fb74924c/5bc9225f72524c05aafda7fa24f7a810.png",
          "height": 100
        }
      ]
    },
    "uri": "https://api.sketchfab.com/v3/users/a9f4ccdf3eb74881856dbf875545ea9c"
  },
  "description": "Get the Trnio app at www.trnio.com",
  "faceCount": 114688,
  "createdAt": "2021-05-23T17:25:18.464921",
  "vertexCount": 58033,
  "isAgeRestricted": false,
  "archives": {
    "glb": {
      "textureCount": 1,
      "size": 4825384,
      "type": "glb",
      "textureMaxResolution": 2048,
      "faceCount": 114682,
      "vertexCount": 71109
    },
    "gltf": {
      "textureCount": 1,
      "size": 3098765,
      "type": "gltf",
      "textureMaxResolution": 2048,
      "faceCount": 114682,
      "vertexCount": 71109
    },
    "source": {
      "textureCount": null,
      "size": 3711303,
      "type": "source",
      "textureMaxResolution": null,
      "faceCount": null,
      "vertexCount": null
    },
    "usdz": {
      "textureCount": null,
      "size": 3787348,
      "type": "usdz",
      "textureMaxResolution": null,
      "faceCount": null,
      "vertexCount": null
    }
  },
  "license": "by"
}