{
  "uri": "https://api.sketchfab.com/v3/models/367fade2e5cb45fea2502faddff64f5f",
  "uid": "367fade2e5cb45fea2502faddff64f5f",
  "name": "Human humerus",
  "staffpickedAt": null,
  "viewCount": 5338,
  "likeCount": 34,
  "animationCount": 0,
  "viewerUrl": "https://sketchfab.com/3d-models/367fade2e5cb45fea2502faddff64f5f",
  "embedUrl": "https://sketchfab.com/models/367fade2e5cb45fea2502faddff64f5f/embed",
  "commentCount": 2,
  "isDownloadable": true,
  "publishedAt": "2017-10-04T21:48:02.106434",
  "tags": [
    {
      "name": "anatomy",
      "slug": "anatomy",
      "uri": "https://api.sketchfab.com/v3/tags/anatomy"
    },
    {
      "name": "humerus",
      "slug": "humerus",
      "uri": "https://api.sketchfab.com/v3/tags/humerus"
    },
    {
      "name": "einscan",
      "slug": "einscan",
      "uri": "https://api.sketchfab.com/v3/tags/einscan"
    },
    {
      "name": "afinia",
      "slug": "afinia",
      "uri": "https://api.sketchfab.com/v3/tags/afinia"
    },
    {
      "name": "es360",
      "slug": "es360",
      "uri": "https://api.sketchfab.com/v3/tags/es360"
    },
    {
      "name": "anatomy-human",
      "slug": "anatomy-human",
      "uri": "https://api.sketchfab.com/v3/tags/anatomy-human"
    },
    {
      "name": "human",
      "slug": "human",
      "uri": "https://api.sketchfab.com/v3/tags/human"
    }
  ],
  "categories": [
    {
      "name": "nature-plants"
    },
    {
      "name": "science-technology"
    }
  ],
  "thumbnails": {
    "images": [
      {
        "uid": "5235c56a4d5f4cd292449fefc9daf868",
        "size": 11641,
        "width": 1024,
        "url": "https://media.sketchfab.com/models/367fade2e5cb45fea2502faddff64f5f/thumbnails/a7785225118c4678a5baddc8935f9df2/1024x576.jpeg",
        "height": 576
      },
      {
        "uid": "eb8759f73c874bc4acffc2ff5e0fbfe8",
        "size": 6930,
        "width": 720,
        "url": "https://media.sketchfab.com/models/367fade2e5cb45fea2502faddff64f5f/thumbnails/a7785225118c4678a5baddc8935f9df2/720x405.jpeg",
        "height": 405
      },
      {
        "uid": "e6a1047cac9b48149b5e939f1cf33add",
        "size": 2345,
        "width": 256,
        "url": "https://media.sketchfab.com/models/367fade2e5cb45fea2502faddff64f5f/thumbnails/a7785225118c4678a5baddc8935f9df2/256x144.jpeg",
        "height": 144
      },
      {
        "uid": "a1f9c81fc9a1404fa30b45f40a1977c1",
        "size": 903,
        "width": 64,
        "url": "https://media.sketchfab.com/models/367fade2e5cb45fea2502faddff64f5f/thumbnails/a7785225118c4678a5baddc8935f9df2/64x36.jpeg",
        "height": 36
      }
    ]
  },
  "user": {
    "uid": "77c21de4cb06482b979c81ec4a140b32",
    "username": "ebauer4",
    "displayName": "Eric Bauer",
    "profileUrl": "https://sketchfab.com/ebauer4",
    "account": "basic",
    "avatar": {
      "uri": "https://api.sketchfab.com/v3/avatars/3ef1bd11d3eb4b57a0b353e8f2e5fc3e",
      "images": [
        {
          "size": 680,
          "width": 32,
          "url": "https://media.sketchfab.com/avatars/3ef1bd11d3eb4b57a0b353e8f2e5fc3e/116042a0854e40538adab302b593683d.jpeg",
          "height": 32
        },
        {
          "size": 1253,
          "width": 48,
          "url": "https://media.sketchfab.com/avatars/3ef1bd11d3eb4b57a0b353e8f2e5fc3e/efea16be51d04eb7a00cb9ea0b43b87f.jpeg",
          "height": 48
        },
        {
          "size": 2797,
          "width": 90,
          "url": "https://media.sketchfab.com/avatars/3ef1bd11d3eb4b57a0b353e8f2e5fc3e/ac9b469ccec74caf923a81fb2f0be3ed.jpeg",
          "height": 90
        },
        {
          "size": 3215,
          "width": 100,
          "url": "https://media.sketchfab.com/avatars/3ef1bd11d3eb4b57a0b353e8f2e5fc3e/a075e1d43d2f446c949b5967b470c757.jpeg",
          "height": 100
        }
      ]
    },
    "uri": "https://api.sketchfab.com/v3/users/77c21de4cb06482b979c81ec4a140b32"
  },
  "description": "Real human humerus.  Scanned and annotated by students in Dr. Eric Bauer's human anatomy lab at Elon University, North Carolina, USA.",
  "faceCount": 708940,
  "createdAt": "2017-10-04T21:30:15.889839",
  "vertexCount": 354462,
  "isAgeRestricted": false,
  "archives": {
    "glb": {
      "textureCount": 0,
      "size": 18617048,
      "type": "glb",
      "textureMaxResolution": 0,
      "faceCount": 708924,
      "vertexCount": 420998
    },
    "gltf": {
      "textureCount": 0,
      "size": 9006650,
      "type": "gltf",
      "textureMaxResolution": 0,
      "faceCount": 708924,
      "vertexCount": 420998
    },
    "source": {
      "textureCount": null,
      "size": 35447382,
      "type": "source",
      "textureMaxResolution": null,
      "faceCount": null,
      "vertexCount": null
    },
    "usdz": {
      "textureCount": null,
      "size": 12133176,
      "type": "usdz",
      "textureMaxResolution": null,
      "faceCount": null,
      "vertexCount": null
    }
  },
  "license": "by"
}