{
  "uri": "https://api.sketchfab.com/v3/models/368349a491de4b00aa622d530351a19f",
  "uid": "368349a491de4b00aa622d530351a19f",
  "name": "Train - British Rail Class 08 Rail Blue Livery",
  "staffpickedAt": "2021-03-23T16:06:55.278404",
  "viewCount": 5746,
  "likeCount": 146,
  "animationCount": 1,
  "viewerUrl": "https://sketchfab.com/3d-models/368349a491de4b00aa622d530351a19f",
  "embedUrl": "https://sketchfab.com/models/368349a491de4b00aa622d530351a19f/embed",
  "commentCount": 15,
  "isDownloadable": true,
  "publishedAt": "2021-03-18T16:55:47.090331",
  "tags": [
    {
      "name": "train",
      "slug": "train",
      "uri": "https://api.sketchfab.com/v3/tags/train"
    },
    {
      "name": "rail",
      "slug": "rail",
      "uri": "https://api.sketchfab.com/v3/tags/rail"
    },
    {
      "name": "locomotive",
      "slug": "locomotive",
      "uri": "https://api.sketchfab.com/v3/tags/locomotive"
    },
    {
      "name": "british",
      "slug": "british",
      "uri": "https://api.sketchfab.com/v3/tags/british"
    },
    {
      "name": "class",
      "slug": "class",
      "uri": "https://api.sketchfab.com/v3/tags/class"
    },
    {
      "name": "loco",
      "slug": "loco",
      "uri": "https://api.sketchfab.com/v3/tags/loco"
    },
    {
      "name": "engine",
      "slug": "engine",
      "uri": "https://api.sketchfab.com/v3/tags/engine"
    },
    {
      "name": "yellow",
      "slug": "yellow",
      "uri": "https://api.sketchfab.com/v3/tags/yellow"
    },
    {
      "name": "08",
      "slug": "08",
      "uri": "https://api.sketchfab.com/v3/tags/08"
    },
    {
      "name": "shunter",
      "slug": "shunter",
      "uri": "https://api.sketchfab.com/v3/tags/shunter"
    },
    {
      "name": "blender",
      "slug": "blender",
      "uri": "https://api.sketchfab.com/v3/tags/blender"
    },
    {
      "name": "blue",
      "slug": "blue",
      "uri": "https://api.sketchfab.com/v3/tags/blue"
    }
  ],
  "categories": [
    {
      "name": "cars-vehicles"
    }
  ],
  "thumbnails": {
    "images": [
      {
        "uid": "73f610c22bcf436dbc955e1841b771a0",
        "size": 469688,
        "width": 1920,
        "url": "https://media.sketchfab.com/models/368349a491de4b00aa622d530351a19f/thumbnails/44bed625bb4642a1b42cda3ae1ced200/f48a0a8dd6544c3082571416956fa07b.jpeg",
        "height": 1080
      },
      {
        "uid": "0d98b77206ae49348d5f586141beee9f",
        "size": 81882,
        "width": 1024,
        "url": "https://media.sketchfab.com/models/368349a491de4b00aa622d530351a19f/thumbnails/44bed625bb4642a1b42cda3ae1ced200/a36b1bc4993f45ad887876b759173af9.jpeg",
        "height": 576
      },
      {
        "uid": "7f3c7cab9af14195a636e1f56d4015c2",
        "size": 42166,
        "width": 720,
        "url": "https://media.sketchfab.com/models/368349a491de4b00aa622d530351a19f/thumbnails/44bed625bb4642a1b42cda3ae1ced200/211836977b2940e78b87558da1a8e3d6.jpeg",
        "height": 405
      },
      {
        "uid": "02a94b0738284230a6e9cd25c06a525e",
        "size": 8083,
        "width": 256,
        "url": "https://media.sketchfab.com/models/368349a491de4b00aa622d530351a19f/thumbnails/44bed625bb4642a1b42cda3ae1ced200/9a3aecbfd6fd40a0abd691557841452f.jpeg",
        "height": 144
      },
      {
        "uid": "6f6c6b191de14e08a677b1e6b550dad3",
        "size": 1470,
        "width": 64,
        "url": "https://media.sketchfab.com/models/368349a491de4b00aa622d530351a19f/thumbnails/44bed625bb4642a1b42cda3ae1ced200/a4e6afcb41454be4bf6622c71405f21c.jpeg",
        "height": 36
      }
    ]
  },
  "user": {
    "uid": "6233e8b6314e48e2a85fb02fec5c422a",
    "username": "timblewee",
    "displayName": "timblewee",
    "profileUrl": "https://sketchfab.com/timblewee",
    "account": "basic",
    "avatar": {
      "uri": "https://api.sketchfab.com/v3/avatars/cbec27f6ae5a49e18d69a1d148ba8fdc",
      "images": [
        {
          "size": 830,
          "width": 32,
          "url": "https://media.sketchfab.com/avatars/cbec27f6ae5a49e18d69a1d148ba8fdc/e1cffd0e835f4674a08a2d47f74657df.jpeg",
          "height": 32
        },
        {
          "size": 1341,
          "width": 48,
          "url": "https://media.sketchfab.com/avatars/cbec27f6ae5a49e18d69a1d148ba8fdc/5a87f91999264910ad61aeeaba6aac9d.jpeg",
          "height": 48
        },
        {
          "size": 3027,
          "width": 90,
          "url": "https://media.sketchfab.com/avatars/cbec27f6ae5a49e18d69a1d148ba8fdc/0a4662d7583f4c75b4794403e7101754.jpeg",
          "height": 90
        },
        {
          "size": 3382,
          "width": 100,
          "url": "https://media.sketchfab.com/avatars/cbec27f6ae5a49e18d69a1d148ba8fdc/23d2fc166678443bab00de44773e6dfc.jpeg",
          "height": 100
        }
      ]
    },
    "uri": "https://api.sketchfab.com/v3/users/6233e8b6314e48e2a85fb02fec5c422a"
  },
  "description": "British Rail Class 08 Shunter in Rail Blue Livery\n  \nModelled in Blender 3.1\n\nUpdated with rigged wheels & procedural rust texture - See Renders below.\n\n**** This model is NOT presented as Game Ready ****\n\n![](https://db3pap002files.storage.live.com/y4myaLIlxn90Zri8qVevUTwUA5C_97LdW2dWwmwsKTL6jlHlWkJ1V3pZO4-NHQ3_4Sib0alkduzDItIbus2kmErgCR4qjfbDl5so3COYvJje5QERSZd6KEKCbO9RUQpGD1IU2CtUgShElgKcOCvnhy37_-XFCzC5qwGMTWrfQEvtFXFa-hiWIErNlfhqIvkHfZg?width=2560&height=1440&cropmode=none)\n\n![](https://db3pap002files.storage.live.com/y4mb1xGkQj1WzyEiM0BFEBnC3UZduyBvH-0FKzLTKZ4i6ULQ662hB765L-l_cGEg1jYauCVv5Dnbqcp-ZRlyXrjwLWhRZ9Bm_dnSUY_b7mIBDSInxWrdweWrV1m2hT4knf4PGBlZuvJYWQwYVjeUQhkUMeyDDCsKpq-F2JDaOjjOjNyuW1CgcFNEHegUFyEU1x0?width=2560&height=1440&cropmode=none)",
  "faceCount": 414093,
  "createdAt": "2021-03-17T18:43:09.774450",
  "vertexCount": 211006,
  "isAgeRestricted": false,
  "archives": {
    "glb": {
      "textureCount": 1,
      "size": 19644212,
      "type": "glb",
      "textureMaxResolution": 512,
      "faceCount": 413658,
      "vertexCount": 451471
    },
    "gltf": {
      "textureCount": 1,
      "size": 6156071,
      "type": "gltf",
      "textureMaxResolution": 512,
      "faceCount": 413658,
      "vertexCount": 451471
    },
    "source": {
      "textureCount": null,
      "size": 29293927,
      "type": "source",
      "textureMaxResolution": null,
      "faceCount": null,
      "vertexCount": null
    },
    "usdz": {
      "textureCount": null,
      "size": 11416715,
      "type": "usdz",
      "textureMaxResolution": null,
      "faceCount": null,
      "vertexCount": null
    }
  },
  "license": "by"
}