{
  "uri": "https://api.sketchfab.com/v3/models/36865bb7f381492782e74c7eb145989d",
  "uid": "36865bb7f381492782e74c7eb145989d",
  "name": "2284_LEGROSCOLLARDFloriane_LineOfAction",
  "staffpickedAt": null,
  "viewCount": 81,
  "likeCount": 2,
  "animationCount": 0,
  "viewerUrl": "https://sketchfab.com/3d-models/36865bb7f381492782e74c7eb145989d",
  "embedUrl": "https://sketchfab.com/models/36865bb7f381492782e74c7eb145989d/embed",
  "commentCount": 0,
  "isDownloadable": true,
  "publishedAt": "2020-12-07T14:57:40.183414",
  "tags": [
    {
      "name": "patrick",
      "slug": "patrick",
      "uri": "https://api.sketchfab.com/v3/tags/patrick"
    },
    {
      "name": "action",
      "slug": "action",
      "uri": "https://api.sketchfab.com/v3/tags/action"
    },
    {
      "name": "line",
      "slug": "line",
      "uri": "https://api.sketchfab.com/v3/tags/line"
    },
    {
      "name": "porte",
      "slug": "porte",
      "uri": "https://api.sketchfab.com/v3/tags/porte"
    },
    {
      "name": "dirty",
      "slug": "dirty",
      "uri": "https://api.sketchfab.com/v3/tags/dirty"
    },
    {
      "name": "dancing",
      "slug": "dancing",
      "uri": "https://api.sketchfab.com/v3/tags/dancing"
    },
    {
      "name": "grease",
      "slug": "grease",
      "uri": "https://api.sketchfab.com/v3/tags/grease"
    },
    {
      "name": "danse",
      "slug": "danse",
      "uri": "https://api.sketchfab.com/v3/tags/danse"
    },
    {
      "name": "male",
      "slug": "male",
      "uri": "https://api.sketchfab.com/v3/tags/male"
    },
    {
      "name": "swayze",
      "slug": "swayze",
      "uri": "https://api.sketchfab.com/v3/tags/swayze"
    }
  ],
  "categories": [],
  "thumbnails": {
    "images": [
      {
        "uid": "61dd0326fdc34592ba27741f9211df19",
        "size": 83871,
        "width": 1920,
        "url": "https://media.sketchfab.com/models/36865bb7f381492782e74c7eb145989d/thumbnails/601a2406bc174802a64d84e1ca558641/00e1fbe97b6a4197bf86540d00f2c984.jpeg",
        "height": 1080
      },
      {
        "uid": "2460582032dd4b5e91e02ab7392e8daa",
        "size": 32176,
        "width": 1024,
        "url": "https://media.sketchfab.com/models/36865bb7f381492782e74c7eb145989d/thumbnails/601a2406bc174802a64d84e1ca558641/b9d02da133ac46bf8f3275775cd37559.jpeg",
        "height": 576
      },
      {
        "uid": "eb938f156e3645fe8bc9b9c5513a390e",
        "size": 20070,
        "width": 720,
        "url": "https://media.sketchfab.com/models/36865bb7f381492782e74c7eb145989d/thumbnails/601a2406bc174802a64d84e1ca558641/8d76b5a154ea45e0840da801614ed026.jpeg",
        "height": 405
      },
      {
        "uid": "8e502b1588464fb190022d3b6a21e29c",
        "size": 5021,
        "width": 256,
        "url": "https://media.sketchfab.com/models/36865bb7f381492782e74c7eb145989d/thumbnails/601a2406bc174802a64d84e1ca558641/aac66a080fa347e588bf409da2c33e5c.jpeg",
        "height": 144
      },
      {
        "uid": "291fb063682a4c0ca0bd4f23a336e713",
        "size": 1019,
        "width": 64,
        "url": "https://media.sketchfab.com/models/36865bb7f381492782e74c7eb145989d/thumbnails/601a2406bc174802a64d84e1ca558641/f431cfff21b84d03bed702891956ce62.jpeg",
        "height": 36
      }
    ]
  },
  "user": {
    "uid": "f5d423074e4d44e8908d478b4317c46a",
    "username": "HEPL3D",
    "displayName": "HEPL3D",
    "profileUrl": "https://sketchfab.com/HEPL3D",
    "account": "basic",
    "avatar": {
      "uri": "https://api.sketchfab.com/v3/avatars/546ffc665d1143f390e220c4679784e9",
      "images": [
        {
          "size": 4348,
          "width": 100,
          "url": "https://media.sketchfab.com/avatars/546ffc665d1143f390e220c4679784e9/f7c7775b8b1f48bca121c73c42b48fa7.jpeg",
          "height": 100
        },
        {
          "size": 3734,
          "width": 90,
          "url": "https://media.sketchfab.com/avatars/546ffc665d1143f390e220c4679784e9/4f8f35eb496647cb8f992952f7f4d8b9.jpeg",
          "height": 90
        },
        {
          "size": 1418,
          "width": 48,
          "url": "https://media.sketchfab.com/avatars/546ffc665d1143f390e220c4679784e9/42f2650eb0654718b4124954a25e1b79.jpeg",
          "height": 48
        },
        {
          "size": 846,
          "width": 32,
          "url": "https://media.sketchfab.com/avatars/546ffc665d1143f390e220c4679784e9/9cbf26d48891439d8928127893ae35e8.jpeg",
          "height": 32
        }
      ]
    },
    "uri": "https://api.sketchfab.com/v3/users/f5d423074e4d44e8908d478b4317c46a"
  },
  "description": "",
  "faceCount": 335150,
  "createdAt": "2020-12-07T14:40:34.880920",
  "vertexCount": 169243,
  "isAgeRestricted": false,
  "archives": {
    "glb": {
      "textureCount": 0,
      "size": 8123672,
      "type": "glb",
      "textureMaxResolution": 0,
      "faceCount": 335150,
      "vertexCount": 170271
    },
    "gltf": {
      "textureCount": 0,
      "size": 4959260,
      "type": "gltf",
      "textureMaxResolution": 0,
      "faceCount": 335150,
      "vertexCount": 170271
    },
    "source": {
      "textureCount": null,
      "size": 7653250,
      "type": "source",
      "textureMaxResolution": null,
      "faceCount": null,
      "vertexCount": null
    },
    "usdz": {
      "textureCount": null,
      "size": 5204020,
      "type": "usdz",
      "textureMaxResolution": null,
      "faceCount": null,
      "vertexCount": null
    }
  },
  "license": "by"
}