{
  "uri": "https://api.sketchfab.com/v3/models/36873d62342348d9b43857bf15a03c61",
  "uid": "36873d62342348d9b43857bf15a03c61",
  "name": "sword 1 Quest Item!!",
  "staffpickedAt": null,
  "viewCount": 23,
  "likeCount": 0,
  "animationCount": 0,
  "viewerUrl": "https://sketchfab.com/3d-models/36873d62342348d9b43857bf15a03c61",
  "embedUrl": "https://sketchfab.com/models/36873d62342348d9b43857bf15a03c61/embed",
  "commentCount": 0,
  "isDownloadable": true,
  "publishedAt": "2020-09-19T12:34:35.056677",
  "tags": [
    {
      "name": "epic",
      "slug": "epic",
      "uri": "https://api.sketchfab.com/v3/tags/epic"
    },
    {
      "name": "swords",
      "slug": "swords",
      "uri": "https://api.sketchfab.com/v3/tags/swords"
    },
    {
      "name": "weapon-3dmodel",
      "slug": "weapon-3dmodel",
      "uri": "https://api.sketchfab.com/v3/tags/weapon-3dmodel"
    },
    {
      "name": "gameart",
      "slug": "gameart",
      "uri": "https://api.sketchfab.com/v3/tags/gameart"
    },
    {
      "name": "rareitem",
      "slug": "rareitem",
      "uri": "https://api.sketchfab.com/v3/tags/rareitem"
    },
    {
      "name": "1st-project",
      "slug": "1st-project",
      "uri": "https://api.sketchfab.com/v3/tags/1st-project"
    }
  ],
  "categories": [
    {
      "name": "art-abstract"
    },
    {
      "name": "weapons-military"
    }
  ],
  "thumbnails": {
    "images": [
      {
        "uid": "718d1599465d4e43a6f3000ea33680a8",
        "size": 294214,
        "width": 1920,
        "url": "https://media.sketchfab.com/models/36873d62342348d9b43857bf15a03c61/thumbnails/ad6ff8ed790a478ea0f16e41cc872933/a66dcf91e2f942cd8cb91abccb650d96.jpeg",
        "height": 1080
      },
      {
        "uid": "7d474a5d83bf49579301f59ba5556df3",
        "size": 29747,
        "width": 1024,
        "url": "https://media.sketchfab.com/models/36873d62342348d9b43857bf15a03c61/thumbnails/ad6ff8ed790a478ea0f16e41cc872933/08fa376cb4d04ec497c12e5989f11799.jpeg",
        "height": 576
      },
      {
        "uid": "2f05f7db58884a109bfe9391f39c4e9b",
        "size": 12210,
        "width": 720,
        "url": "https://media.sketchfab.com/models/36873d62342348d9b43857bf15a03c61/thumbnails/ad6ff8ed790a478ea0f16e41cc872933/a0476b95cd7e45728fcfdbd706d34b49.jpeg",
        "height": 405
      },
      {
        "uid": "c52f9759c11b4d048657c22a838faf89",
        "size": 2121,
        "width": 256,
        "url": "https://media.sketchfab.com/models/36873d62342348d9b43857bf15a03c61/thumbnails/ad6ff8ed790a478ea0f16e41cc872933/f319e7d3658f4300b0316deb1a61d2ce.jpeg",
        "height": 144
      },
      {
        "uid": "9d3109c07d9e423fae9eb756f9254275",
        "size": 586,
        "width": 64,
        "url": "https://media.sketchfab.com/models/36873d62342348d9b43857bf15a03c61/thumbnails/ad6ff8ed790a478ea0f16e41cc872933/c96c890423194a8c92a87cd75bfcaa08.jpeg",
        "height": 36
      }
    ]
  },
  "user": {
    "uid": "a1099f124b7e46b486835b75791a5186",
    "username": "Macboogie",
    "displayName": "Macboogie",
    "profileUrl": "https://sketchfab.com/Macboogie",
    "account": "basic",
    "avatar": {
      "uri": "https://api.sketchfab.com/v3/avatars/bdedb3643a8c40afb4ac9c3ca1e59dfa",
      "images": [
        {
          "size": 765,
          "width": 32,
          "url": "https://media.sketchfab.com/avatars/bdedb3643a8c40afb4ac9c3ca1e59dfa/8d67295cfa64486c9ae8c20456a853ed.jpeg",
          "height": 32
        },
        {
          "size": 1222,
          "width": 48,
          "url": "https://media.sketchfab.com/avatars/bdedb3643a8c40afb4ac9c3ca1e59dfa/2fbbb6e60f9c4e4dadd69586b53e72a7.jpeg",
          "height": 48
        },
        {
          "size": 3533,
          "width": 90,
          "url": "https://media.sketchfab.com/avatars/bdedb3643a8c40afb4ac9c3ca1e59dfa/07a009207ba048fd95620380de2c0574.jpeg",
          "height": 90
        },
        {
          "size": 4267,
          "width": 100,
          "url": "https://media.sketchfab.com/avatars/bdedb3643a8c40afb4ac9c3ca1e59dfa/acae72d15fb14e5fa626569523e6e95e.jpeg",
          "height": 100
        }
      ]
    },
    "uri": "https://api.sketchfab.com/v3/users/a1099f124b7e46b486835b75791a5186"
  },
  "description": "Epic Quest Item!",
  "faceCount": 597,
  "createdAt": "2020-09-19T12:23:58.814555",
  "vertexCount": 579,
  "isAgeRestricted": false,
  "archives": {
    "glb": {
      "textureCount": 0,
      "size": 54640,
      "type": "glb",
      "textureMaxResolution": 0,
      "faceCount": 583,
      "vertexCount": 1257
    },
    "gltf": {
      "textureCount": 0,
      "size": 18047,
      "type": "gltf",
      "textureMaxResolution": 0,
      "faceCount": 583,
      "vertexCount": 1257
    },
    "source": {
      "textureCount": null,
      "size": 38002,
      "type": "source",
      "textureMaxResolution": null,
      "faceCount": null,
      "vertexCount": null
    },
    "usdz": {
      "textureCount": null,
      "size": 35456,
      "type": "usdz",
      "textureMaxResolution": null,
      "faceCount": null,
      "vertexCount": null
    }
  },
  "license": "by"
}