{
  "uri": "https://api.sketchfab.com/v3/models/3687f386307e4c94b2dab7241cda0e94",
  "uid": "3687f386307e4c94b2dab7241cda0e94",
  "name": "Lewis BARREL",
  "staffpickedAt": null,
  "viewCount": 2,
  "likeCount": 0,
  "animationCount": 0,
  "viewerUrl": "https://sketchfab.com/3d-models/3687f386307e4c94b2dab7241cda0e94",
  "embedUrl": "https://sketchfab.com/models/3687f386307e4c94b2dab7241cda0e94/embed",
  "commentCount": 0,
  "isDownloadable": true,
  "publishedAt": "2021-03-29T19:36:56.727216",
  "tags": [],
  "categories": [],
  "thumbnails": {
    "images": [
      {
        "uid": "cd1eb27ab83241deb84c7efe1e69fcfa",
        "size": 67147,
        "width": 1920,
        "url": "https://media.sketchfab.com/models/3687f386307e4c94b2dab7241cda0e94/thumbnails/4af42ef93f7e499095cd494a996a79c2/86fed2dfe6b647e48f4b562d43c8bf08.jpeg",
        "height": 1080
      },
      {
        "uid": "198e12f54a34473ea1bc240159a707ee",
        "size": 26045,
        "width": 1024,
        "url": "https://media.sketchfab.com/models/3687f386307e4c94b2dab7241cda0e94/thumbnails/4af42ef93f7e499095cd494a996a79c2/1eb3acc6350b470da93eeed43cb51e4a.jpeg",
        "height": 576
      },
      {
        "uid": "7b05b4f501934cdb8f18a4297b991571",
        "size": 15860,
        "width": 720,
        "url": "https://media.sketchfab.com/models/3687f386307e4c94b2dab7241cda0e94/thumbnails/4af42ef93f7e499095cd494a996a79c2/f9ff080ede704aedb9d42c8991dcb768.jpeg",
        "height": 405
      },
      {
        "uid": "8914c06805c147108a190869a04e7c77",
        "size": 3814,
        "width": 256,
        "url": "https://media.sketchfab.com/models/3687f386307e4c94b2dab7241cda0e94/thumbnails/4af42ef93f7e499095cd494a996a79c2/988a220204d24efd8565791c3fdf91b0.jpeg",
        "height": 144
      },
      {
        "uid": "50d7cb766c804d28bc410b641ca5a385",
        "size": 832,
        "width": 64,
        "url": "https://media.sketchfab.com/models/3687f386307e4c94b2dab7241cda0e94/thumbnails/4af42ef93f7e499095cd494a996a79c2/198d59a1824c4b6383a1e5d817e93dbc.jpeg",
        "height": 36
      }
    ]
  },
  "user": {
    "uid": "d87412868a2d4498b348c2ca73d309de",
    "username": "auswillew",
    "displayName": "auswillew",
    "profileUrl": "https://sketchfab.com/auswillew",
    "account": "basic",
    "avatar": {
      "uri": "https://api.sketchfab.com/v3/avatars/78fa317e46024a5283765aa34df5e508",
      "images": [
        {
          "size": 6421,
          "width": 100,
          "url": "https://media.sketchfab.com/avatars/78fa317e46024a5283765aa34df5e508/aec92fe9a74e499c98d759362cd7f02f.jpeg",
          "height": 100
        },
        {
          "size": 2518,
          "width": 48,
          "url": "https://media.sketchfab.com/avatars/78fa317e46024a5283765aa34df5e508/17fa177ffaa344a2b2fc8e78efd40fbb.jpeg",
          "height": 48
        },
        {
          "size": 5653,
          "width": 90,
          "url": "https://media.sketchfab.com/avatars/78fa317e46024a5283765aa34df5e508/02162695bdc840faa3bcb2d418309c5e.jpeg",
          "height": 90
        },
        {
          "size": 1350,
          "width": 32,
          "url": "https://media.sketchfab.com/avatars/78fa317e46024a5283765aa34df5e508/6fde876cbded4cd48d36a76029e3aa02.jpeg",
          "height": 32
        }
      ]
    },
    "uri": "https://api.sketchfab.com/v3/users/d87412868a2d4498b348c2ca73d309de"
  },
  "description": "",
  "faceCount": 92,
  "createdAt": "2021-03-29T19:14:07.720812",
  "vertexCount": 48,
  "isAgeRestricted": false,
  "archives": {
    "glb": {
      "textureCount": 1,
      "size": 1095916,
      "type": "glb",
      "textureMaxResolution": 2048,
      "faceCount": 92,
      "vertexCount": 98
    },
    "gltf": {
      "textureCount": 1,
      "size": 1092953,
      "type": "gltf",
      "textureMaxResolution": 2048,
      "faceCount": 92,
      "vertexCount": 98
    },
    "source": {
      "textureCount": null,
      "size": 2372484,
      "type": "source",
      "textureMaxResolution": null,
      "faceCount": null,
      "vertexCount": null
    },
    "usdz": {
      "textureCount": null,
      "size": 411481,
      "type": "usdz",
      "textureMaxResolution": null,
      "faceCount": null,
      "vertexCount": null
    }
  },
  "license": "by"
}