{
  "uri": "https://api.sketchfab.com/v3/models/3688de818fc8491e94a37ed55111b9d2",
  "uid": "3688de818fc8491e94a37ed55111b9d2",
  "name": "Bloody box",
  "staffpickedAt": null,
  "viewCount": 180,
  "likeCount": 20,
  "animationCount": 0,
  "viewerUrl": "https://sketchfab.com/3d-models/3688de818fc8491e94a37ed55111b9d2",
  "embedUrl": "https://sketchfab.com/models/3688de818fc8491e94a37ed55111b9d2/embed",
  "commentCount": 0,
  "isDownloadable": true,
  "publishedAt": "2020-01-08T12:06:06.135446",
  "tags": [],
  "categories": [],
  "thumbnails": {
    "images": [
      {
        "uid": "c36bc4ce0f04474cb24de05cdef1ca7c",
        "size": 110093,
        "width": 1920,
        "url": "https://media.sketchfab.com/models/3688de818fc8491e94a37ed55111b9d2/thumbnails/06a0f4bc1dc744ce9327c50b20825709/954919228f16415daa5ae7a0b79ea993.jpeg",
        "height": 1080
      },
      {
        "uid": "ff87639128a143f3addc24d78f1a8c38",
        "size": 38097,
        "width": 1024,
        "url": "https://media.sketchfab.com/models/3688de818fc8491e94a37ed55111b9d2/thumbnails/06a0f4bc1dc744ce9327c50b20825709/85e9cd30ff30472597bbd658c12737e3.jpeg",
        "height": 576
      },
      {
        "uid": "4cb51275c4524e3eab6ca378c8e52885",
        "size": 21433,
        "width": 720,
        "url": "https://media.sketchfab.com/models/3688de818fc8491e94a37ed55111b9d2/thumbnails/06a0f4bc1dc744ce9327c50b20825709/8eaa900768a54999872c9902776d8bd8.jpeg",
        "height": 405
      },
      {
        "uid": "8803d56046dd49468eca4166af3b699e",
        "size": 3771,
        "width": 256,
        "url": "https://media.sketchfab.com/models/3688de818fc8491e94a37ed55111b9d2/thumbnails/06a0f4bc1dc744ce9327c50b20825709/177227a5132e4de2a557e223fe76fa36.jpeg",
        "height": 144
      },
      {
        "uid": "9e8d6bae0656403b932fe294ec2318f3",
        "size": 675,
        "width": 64,
        "url": "https://media.sketchfab.com/models/3688de818fc8491e94a37ed55111b9d2/thumbnails/06a0f4bc1dc744ce9327c50b20825709/5e9768ab3a984623aa33a7767d8c6ffd.jpeg",
        "height": 36
      }
    ]
  },
  "user": {
    "uid": "a8b2448102b141509ec194526e493473",
    "username": "crystalmcaulay2019",
    "displayName": "crystalmcaulay2019",
    "profileUrl": "https://sketchfab.com/crystalmcaulay2019",
    "account": "basic",
    "avatar": {
      "uri": "https://api.sketchfab.com/v3/avatars/78fa317e46024a5283765aa34df5e508",
      "images": [
        {
          "size": 6421,
          "width": 100,
          "url": "https://media.sketchfab.com/avatars/78fa317e46024a5283765aa34df5e508/aec92fe9a74e499c98d759362cd7f02f.jpeg",
          "height": 100
        },
        {
          "size": 2518,
          "width": 48,
          "url": "https://media.sketchfab.com/avatars/78fa317e46024a5283765aa34df5e508/17fa177ffaa344a2b2fc8e78efd40fbb.jpeg",
          "height": 48
        },
        {
          "size": 5653,
          "width": 90,
          "url": "https://media.sketchfab.com/avatars/78fa317e46024a5283765aa34df5e508/02162695bdc840faa3bcb2d418309c5e.jpeg",
          "height": 90
        },
        {
          "size": 1350,
          "width": 32,
          "url": "https://media.sketchfab.com/avatars/78fa317e46024a5283765aa34df5e508/6fde876cbded4cd48d36a76029e3aa02.jpeg",
          "height": 32
        }
      ]
    },
    "uri": "https://api.sketchfab.com/v3/users/a8b2448102b141509ec194526e493473"
  },
  "description": "",
  "faceCount": 12,
  "createdAt": "2020-01-08T12:02:37.722656",
  "vertexCount": 8,
  "isAgeRestricted": false,
  "archives": {
    "glb": {
      "textureCount": 1,
      "size": 817272,
      "type": "glb",
      "textureMaxResolution": 1024,
      "faceCount": 12,
      "vertexCount": 24
    },
    "gltf": {
      "textureCount": 1,
      "size": 816440,
      "type": "gltf",
      "textureMaxResolution": 1024,
      "faceCount": 12,
      "vertexCount": 24
    },
    "source": {
      "textureCount": null,
      "size": 349853,
      "type": "source",
      "textureMaxResolution": null,
      "faceCount": null,
      "vertexCount": null
    },
    "usdz": {
      "textureCount": null,
      "size": 818708,
      "type": "usdz",
      "textureMaxResolution": null,
      "faceCount": null,
      "vertexCount": null
    }
  },
  "license": "by"
}