{
  "uri": "https://api.sketchfab.com/v3/models/3688d0f1570348e485e548ac9503c623",
  "uid": "3688d0f1570348e485e548ac9503c623",
  "name": "CDMX Lost Doors #0",
  "staffpickedAt": null,
  "viewCount": 30,
  "likeCount": 1,
  "animationCount": 0,
  "viewerUrl": "https://sketchfab.com/3d-models/3688d0f1570348e485e548ac9503c623",
  "embedUrl": "https://sketchfab.com/models/3688d0f1570348e485e548ac9503c623/embed",
  "commentCount": 0,
  "isDownloadable": true,
  "publishedAt": "2021-12-14T00:36:48.112550",
  "tags": [
    {
      "name": "scanning",
      "slug": "scanning",
      "uri": "https://api.sketchfab.com/v3/tags/scanning"
    },
    {
      "name": "photorealistic",
      "slug": "photorealistic",
      "uri": "https://api.sketchfab.com/v3/tags/photorealistic"
    },
    {
      "name": "doors",
      "slug": "doors",
      "uri": "https://api.sketchfab.com/v3/tags/doors"
    },
    {
      "name": "doorway",
      "slug": "doorway",
      "uri": "https://api.sketchfab.com/v3/tags/doorway"
    },
    {
      "name": "trnio",
      "slug": "trnio",
      "uri": "https://api.sketchfab.com/v3/tags/trnio"
    },
    {
      "name": "photogrammetrie",
      "slug": "photogrammetrie",
      "uri": "https://api.sketchfab.com/v3/tags/photogrammetrie"
    },
    {
      "name": "doorhandle",
      "slug": "doorhandle",
      "uri": "https://api.sketchfab.com/v3/tags/doorhandle"
    },
    {
      "name": "doorframe",
      "slug": "doorframe",
      "uri": "https://api.sketchfab.com/v3/tags/doorframe"
    },
    {
      "name": "doorbell",
      "slug": "doorbell",
      "uri": "https://api.sketchfab.com/v3/tags/doorbell"
    },
    {
      "name": "photogrammetry",
      "slug": "photogrammetry",
      "uri": "https://api.sketchfab.com/v3/tags/photogrammetry"
    },
    {
      "name": "scan",
      "slug": "scan",
      "uri": "https://api.sketchfab.com/v3/tags/scan"
    },
    {
      "name": "3dscan",
      "slug": "3dscan",
      "uri": "https://api.sketchfab.com/v3/tags/3dscan"
    },
    {
      "name": "door",
      "slug": "door",
      "uri": "https://api.sketchfab.com/v3/tags/door"
    }
  ],
  "categories": [
    {
      "name": "architecture"
    },
    {
      "name": "places-travel"
    }
  ],
  "thumbnails": {
    "images": [
      {
        "uid": "78dc1b9a13cf439da4db93ffc2afe782",
        "size": 444552,
        "width": 1920,
        "url": "https://media.sketchfab.com/models/3688d0f1570348e485e548ac9503c623/thumbnails/26e83b8a1cc54316996bd1e873f7f29d/58bc0cfde38b40729871d884ee2b545e.jpeg",
        "height": 1080
      },
      {
        "uid": "76f398daf94f40199676ed8fa6703275",
        "size": 116559,
        "width": 1024,
        "url": "https://media.sketchfab.com/models/3688d0f1570348e485e548ac9503c623/thumbnails/26e83b8a1cc54316996bd1e873f7f29d/845b51af77444ae4a5d3ba3b4d215b9d.jpeg",
        "height": 576
      },
      {
        "uid": "9353dbc709db4ddf96b90fe0d44a8392",
        "size": 59660,
        "width": 720,
        "url": "https://media.sketchfab.com/models/3688d0f1570348e485e548ac9503c623/thumbnails/26e83b8a1cc54316996bd1e873f7f29d/ad68871ac63e421d9ad08190c2d25fce.jpeg",
        "height": 405
      },
      {
        "uid": "a8fc8cdf83e24448ba39fe756505e0e4",
        "size": 8757,
        "width": 256,
        "url": "https://media.sketchfab.com/models/3688d0f1570348e485e548ac9503c623/thumbnails/26e83b8a1cc54316996bd1e873f7f29d/fe2648e7cf194cfd977a0cc74baa9aea.jpeg",
        "height": 144
      },
      {
        "uid": "6a8f2aa196374879a4623ee20750b1f7",
        "size": 1309,
        "width": 64,
        "url": "https://media.sketchfab.com/models/3688d0f1570348e485e548ac9503c623/thumbnails/26e83b8a1cc54316996bd1e873f7f29d/41b19ddd13c34a6792266c31ed978009.jpeg",
        "height": 36
      }
    ]
  },
  "user": {
    "uid": "59ae09daa55f4c638840bd103a3ff91b",
    "username": "xtremelifestylx",
    "displayName": "xtremelifestylx",
    "profileUrl": "https://sketchfab.com/xtremelifestylx",
    "account": "basic",
    "avatar": {
      "uri": "https://api.sketchfab.com/v3/avatars/0101ede68cbe4a558d44415bd35403bc",
      "images": [
        {
          "size": 696,
          "width": 32,
          "url": "https://media.sketchfab.com/avatars/0101ede68cbe4a558d44415bd35403bc/211a7f2497624ac3853f6d46e7ae31dd.png",
          "height": 32
        },
        {
          "size": 1174,
          "width": 48,
          "url": "https://media.sketchfab.com/avatars/0101ede68cbe4a558d44415bd35403bc/c61d5776fd444f33bbb5a610de70b62c.png",
          "height": 48
        },
        {
          "size": 2836,
          "width": 90,
          "url": "https://media.sketchfab.com/avatars/0101ede68cbe4a558d44415bd35403bc/cf02b940a20541e8a389bbf59942dc7b.png",
          "height": 90
        },
        {
          "size": 3308,
          "width": 100,
          "url": "https://media.sketchfab.com/avatars/0101ede68cbe4a558d44415bd35403bc/a7b6c78e01634f1a92078c9077d87de8.png",
          "height": 100
        }
      ]
    },
    "uri": "https://api.sketchfab.com/v3/users/59ae09daa55f4c638840bd103a3ff91b"
  },
  "description": "Mexican Door #0\n\nPhotogrammetry Practice\n\nRaw Scan\n\nGet the Trnio app at www.trnio.com",
  "faceCount": 283115,
  "createdAt": "2021-12-13T18:36:31.165152",
  "vertexCount": 150064,
  "isAgeRestricted": false,
  "archives": {
    "glb": {
      "textureCount": 4,
      "size": 20631656,
      "type": "glb",
      "textureMaxResolution": 4096,
      "faceCount": 283115,
      "vertexCount": 153657
    },
    "gltf": {
      "textureCount": 4,
      "size": 16575135,
      "type": "gltf",
      "textureMaxResolution": 4096,
      "faceCount": 283115,
      "vertexCount": 153657
    },
    "source": {
      "textureCount": null,
      "size": 17630766,
      "type": "source",
      "textureMaxResolution": null,
      "faceCount": null,
      "vertexCount": null
    },
    "usdz": {
      "textureCount": null,
      "size": 8614667,
      "type": "usdz",
      "textureMaxResolution": null,
      "faceCount": null,
      "vertexCount": null
    }
  },
  "license": "by"
}