{
  "uri": "https://api.sketchfab.com/v3/models/36898e66c1d941efa24d7d6aea915a0b",
  "uid": "36898e66c1d941efa24d7d6aea915a0b",
  "name": "Incandescent Light Bulb",
  "staffpickedAt": null,
  "viewCount": 5896,
  "likeCount": 101,
  "animationCount": 0,
  "viewerUrl": "https://sketchfab.com/3d-models/36898e66c1d941efa24d7d6aea915a0b",
  "embedUrl": "https://sketchfab.com/models/36898e66c1d941efa24d7d6aea915a0b/embed",
  "commentCount": 12,
  "isDownloadable": true,
  "publishedAt": "2018-08-22T17:11:21.533414",
  "tags": [
    {
      "name": "bulb",
      "slug": "bulb",
      "uri": "https://api.sketchfab.com/v3/tags/bulb"
    },
    {
      "name": "household",
      "slug": "household",
      "uri": "https://api.sketchfab.com/v3/tags/household"
    },
    {
      "name": "study",
      "slug": "study",
      "uri": "https://api.sketchfab.com/v3/tags/study"
    },
    {
      "name": "midpoly",
      "slug": "midpoly",
      "uri": "https://api.sketchfab.com/v3/tags/midpoly"
    },
    {
      "name": "consumer",
      "slug": "consumer",
      "uri": "https://api.sketchfab.com/v3/tags/consumer"
    },
    {
      "name": "movieprop",
      "slug": "movieprop",
      "uri": "https://api.sketchfab.com/v3/tags/movieprop"
    },
    {
      "name": "blender3d",
      "slug": "blender3d",
      "uri": "https://api.sketchfab.com/v3/tags/blender3d"
    },
    {
      "name": "technology",
      "slug": "technology",
      "uri": "https://api.sketchfab.com/v3/tags/technology"
    },
    {
      "name": "electric",
      "slug": "electric",
      "uri": "https://api.sketchfab.com/v3/tags/electric"
    }
  ],
  "categories": [
    {
      "name": "electronics-gadgets"
    },
    {
      "name": "furniture-home"
    }
  ],
  "thumbnails": {
    "images": [
      {
        "uid": "9a393a2035454db1954fb9d80007defb",
        "size": 163253,
        "width": 1920,
        "url": "https://media.sketchfab.com/models/36898e66c1d941efa24d7d6aea915a0b/thumbnails/3bea32e5b262471d8b85006466f049d4/51c2384f8fda4a98bc02c49fe8bf2c40.jpeg",
        "height": 1080
      },
      {
        "uid": "b012a45bc1e448998f2e774c71ae5eb4",
        "size": 31169,
        "width": 1024,
        "url": "https://media.sketchfab.com/models/36898e66c1d941efa24d7d6aea915a0b/thumbnails/3bea32e5b262471d8b85006466f049d4/0c7fbcb5855b41ea9798b3ea4e57d0ee.jpeg",
        "height": 576
      },
      {
        "uid": "525284e1446a4360863ad3409957ee80",
        "size": 18147,
        "width": 720,
        "url": "https://media.sketchfab.com/models/36898e66c1d941efa24d7d6aea915a0b/thumbnails/3bea32e5b262471d8b85006466f049d4/1e49b687c1a1404b94ef9d715e6da0e2.jpeg",
        "height": 405
      },
      {
        "uid": "d10f4a0979a3413483f148e9df9b629c",
        "size": 3919,
        "width": 256,
        "url": "https://media.sketchfab.com/models/36898e66c1d941efa24d7d6aea915a0b/thumbnails/3bea32e5b262471d8b85006466f049d4/aa139de34b644baaa4084fbd8639b125.jpeg",
        "height": 144
      },
      {
        "uid": "a887d885caa04f98bfa96ff09cfd2807",
        "size": 850,
        "width": 64,
        "url": "https://media.sketchfab.com/models/36898e66c1d941efa24d7d6aea915a0b/thumbnails/3bea32e5b262471d8b85006466f049d4/980a6e88f9714786855a3835c638f06a.jpeg",
        "height": 36
      }
    ]
  },
  "user": {
    "uid": "bfd5db1c88504e7f90cf74ee41384bbe",
    "username": "lascoyt",
    "displayName": "lascoyt",
    "profileUrl": "https://sketchfab.com/lascoyt",
    "account": "basic",
    "avatar": {
      "uri": "https://api.sketchfab.com/v3/avatars/92985330fea245cab899c73d13d0fee7",
      "images": [
        {
          "size": 793,
          "width": 32,
          "url": "https://media.sketchfab.com/avatars/92985330fea245cab899c73d13d0fee7/3e55af19c9a1429d9d67268f147ef481.jpeg",
          "height": 32
        },
        {
          "size": 1233,
          "width": 48,
          "url": "https://media.sketchfab.com/avatars/92985330fea245cab899c73d13d0fee7/90eb20ab3e1e4401bdfef4e4d5a24421.jpeg",
          "height": 48
        },
        {
          "size": 2735,
          "width": 90,
          "url": "https://media.sketchfab.com/avatars/92985330fea245cab899c73d13d0fee7/7e72805f2fb24548a0bedf7f7c3a6f0a.jpeg",
          "height": 90
        },
        {
          "size": 3095,
          "width": 100,
          "url": "https://media.sketchfab.com/avatars/92985330fea245cab899c73d13d0fee7/8daa171c46ce4647908958e62ad88693.jpeg",
          "height": 100
        }
      ]
    },
    "uri": "https://api.sketchfab.com/v3/users/bfd5db1c88504e7f90cf74ee41384bbe"
  },
  "description": "Speed modeled in Blender for study in ~30 min session, no textures, just materials. Free for use!\n\nPlease, share and comment if you like it, thanks!",
  "faceCount": 27968,
  "createdAt": "2017-02-06T22:33:23.093974",
  "vertexCount": 14146,
  "isAgeRestricted": false,
  "archives": {
    "glb": {
      "textureCount": 0,
      "size": 681204,
      "type": "glb",
      "textureMaxResolution": 0,
      "faceCount": 27840,
      "vertexCount": 14146
    },
    "gltf": {
      "textureCount": 0,
      "size": 327666,
      "type": "gltf",
      "textureMaxResolution": 0,
      "faceCount": 27840,
      "vertexCount": 14146
    },
    "source": {
      "textureCount": null,
      "size": 1100300,
      "type": "source",
      "textureMaxResolution": null,
      "faceCount": null,
      "vertexCount": null
    },
    "usdz": {
      "textureCount": null,
      "size": 393454,
      "type": "usdz",
      "textureMaxResolution": null,
      "faceCount": null,
      "vertexCount": null
    }
  },
  "license": "by"
}