{
  "uri": "https://api.sketchfab.com/v3/models/3689709364d14cc1b90d42065974c533",
  "uid": "3689709364d14cc1b90d42065974c533",
  "name": "mm_frame",
  "staffpickedAt": null,
  "viewCount": 2,
  "likeCount": 0,
  "animationCount": 0,
  "viewerUrl": "https://sketchfab.com/3d-models/3689709364d14cc1b90d42065974c533",
  "embedUrl": "https://sketchfab.com/models/3689709364d14cc1b90d42065974c533/embed",
  "commentCount": 0,
  "isDownloadable": true,
  "publishedAt": "2021-10-27T13:01:50.925471",
  "tags": [],
  "categories": [],
  "thumbnails": {
    "images": [
      {
        "uid": "ba6885d823754bbd969ed42f335c2f04",
        "size": 55405,
        "width": 1920,
        "url": "https://media.sketchfab.com/models/3689709364d14cc1b90d42065974c533/thumbnails/e4a01180cc57419a829e8051b4dc63cf/7b88eb19d0c048bcbfba11235fc6431a.jpeg",
        "height": 1080
      },
      {
        "uid": "d1ef87b11d954265b199274929a5b0a6",
        "size": 19475,
        "width": 1024,
        "url": "https://media.sketchfab.com/models/3689709364d14cc1b90d42065974c533/thumbnails/e4a01180cc57419a829e8051b4dc63cf/d0e22a09e95840f7a93792dcbeef42b5.jpeg",
        "height": 576
      },
      {
        "uid": "323924554ebe4a43838f905062ecfcc5",
        "size": 11534,
        "width": 720,
        "url": "https://media.sketchfab.com/models/3689709364d14cc1b90d42065974c533/thumbnails/e4a01180cc57419a829e8051b4dc63cf/1b761253f6824ec58faef5ab1917cae1.jpeg",
        "height": 405
      },
      {
        "uid": "2e72615a76c4469cbcbb6619b5f39110",
        "size": 2701,
        "width": 256,
        "url": "https://media.sketchfab.com/models/3689709364d14cc1b90d42065974c533/thumbnails/e4a01180cc57419a829e8051b4dc63cf/687d6a3295304907a106433aabadf4d2.jpeg",
        "height": 144
      },
      {
        "uid": "2b0fc740de424f588e2b22ff8b6b6936",
        "size": 791,
        "width": 64,
        "url": "https://media.sketchfab.com/models/3689709364d14cc1b90d42065974c533/thumbnails/e4a01180cc57419a829e8051b4dc63cf/7c8d406ea8094a75b24347a2b34cbbac.jpeg",
        "height": 36
      }
    ]
  },
  "user": {
    "uid": "d4d79445f0f644f792e42e9357bfe9c8",
    "username": "tearpisces",
    "displayName": "tearpisces",
    "profileUrl": "https://sketchfab.com/tearpisces",
    "account": "basic",
    "avatar": {
      "uri": "https://api.sketchfab.com/v3/avatars/a0e0fa80873c4f7a9fd26c9ddd08c5fe",
      "images": [
        {
          "size": 2769,
          "width": 100,
          "url": "https://media.sketchfab.com/avatars/a0e0fa80873c4f7a9fd26c9ddd08c5fe/676197593db84aaab69cf9502820c488.jpeg",
          "height": 100
        },
        {
          "size": 2454,
          "width": 90,
          "url": "https://media.sketchfab.com/avatars/a0e0fa80873c4f7a9fd26c9ddd08c5fe/711cd2f89ffa489cb53281880f7efb1f.jpeg",
          "height": 90
        },
        {
          "size": 1097,
          "width": 48,
          "url": "https://media.sketchfab.com/avatars/a0e0fa80873c4f7a9fd26c9ddd08c5fe/49bfaa98056d4b17955a235e412ed3ce.jpeg",
          "height": 48
        },
        {
          "size": 747,
          "width": 32,
          "url": "https://media.sketchfab.com/avatars/a0e0fa80873c4f7a9fd26c9ddd08c5fe/43e412ee46d5414689a5821b26a46bcf.jpeg",
          "height": 32
        }
      ]
    },
    "uri": "https://api.sketchfab.com/v3/users/d4d79445f0f644f792e42e9357bfe9c8"
  },
  "description": "",
  "faceCount": 30254,
  "createdAt": "2021-10-27T13:01:04.128054",
  "vertexCount": 15411,
  "isAgeRestricted": false,
  "archives": {
    "glb": {
      "textureCount": 0,
      "size": 734504,
      "type": "glb",
      "textureMaxResolution": 0,
      "faceCount": 30254,
      "vertexCount": 15411
    },
    "gltf": {
      "textureCount": 0,
      "size": 476418,
      "type": "gltf",
      "textureMaxResolution": 0,
      "faceCount": 30254,
      "vertexCount": 15411
    },
    "source": {
      "textureCount": null,
      "size": 3067916,
      "type": "source",
      "textureMaxResolution": null,
      "faceCount": null,
      "vertexCount": null
    },
    "usdz": {
      "textureCount": null,
      "size": 506153,
      "type": "usdz",
      "textureMaxResolution": null,
      "faceCount": null,
      "vertexCount": null
    }
  },
  "license": "by"
}