{
  "uri": "https://api.sketchfab.com/v3/models/368bab1fb277453ba718bf4bf766ba98",
  "uid": "368bab1fb277453ba718bf4bf766ba98",
  "name": "Gastropod: Pleurotomaria sp. (PRI 78776)",
  "staffpickedAt": null,
  "viewCount": 365,
  "likeCount": 0,
  "animationCount": 0,
  "viewerUrl": "https://sketchfab.com/3d-models/368bab1fb277453ba718bf4bf766ba98",
  "embedUrl": "https://sketchfab.com/models/368bab1fb277453ba718bf4bf766ba98/embed",
  "commentCount": 0,
  "isDownloadable": true,
  "publishedAt": "2019-06-28T14:24:03.644103",
  "tags": [
    {
      "name": "snail",
      "slug": "snail",
      "uri": "https://api.sketchfab.com/v3/tags/snail"
    },
    {
      "name": "shell",
      "slug": "shell",
      "uri": "https://api.sketchfab.com/v3/tags/shell"
    },
    {
      "name": "england",
      "slug": "england",
      "uri": "https://api.sketchfab.com/v3/tags/england"
    },
    {
      "name": "seashell",
      "slug": "seashell",
      "uri": "https://api.sketchfab.com/v3/tags/seashell"
    },
    {
      "name": "fossil",
      "slug": "fossil",
      "uri": "https://api.sketchfab.com/v3/tags/fossil"
    },
    {
      "name": "paleontology",
      "slug": "paleontology",
      "uri": "https://api.sketchfab.com/v3/tags/paleontology"
    },
    {
      "name": "jurassic",
      "slug": "jurassic",
      "uri": "https://api.sketchfab.com/v3/tags/jurassic"
    },
    {
      "name": "fossils",
      "slug": "fossils",
      "uri": "https://api.sketchfab.com/v3/tags/fossils"
    },
    {
      "name": "sealife",
      "slug": "sealife",
      "uri": "https://api.sketchfab.com/v3/tags/sealife"
    },
    {
      "name": "gastropod",
      "slug": "gastropod",
      "uri": "https://api.sketchfab.com/v3/tags/gastropod"
    },
    {
      "name": "mollusk",
      "slug": "mollusk",
      "uri": "https://api.sketchfab.com/v3/tags/mollusk"
    },
    {
      "name": "gastropoda",
      "slug": "gastropoda",
      "uri": "https://api.sketchfab.com/v3/tags/gastropoda"
    },
    {
      "name": "mollusc",
      "slug": "mollusc",
      "uri": "https://api.sketchfab.com/v3/tags/mollusc"
    },
    {
      "name": "mollusca",
      "slug": "mollusca",
      "uri": "https://api.sketchfab.com/v3/tags/mollusca"
    }
  ],
  "categories": [
    {
      "name": "nature-plants"
    },
    {
      "name": "science-technology"
    }
  ],
  "thumbnails": {
    "images": [
      {
        "uid": "8ed4d0d3ec8f4551bc499674dd12a7fd",
        "size": 3962,
        "width": 256,
        "url": "https://media.sketchfab.com/models/368bab1fb277453ba718bf4bf766ba98/thumbnails/4011c0fa136d48b8bd0b34668e4c22ab/6de6c2dd00dc4caea384ea05748bf03f.jpeg",
        "height": 144
      },
      {
        "uid": "ada8e2d50b3c427a84ec98dbe28dbdd4",
        "size": 21912,
        "width": 720,
        "url": "https://media.sketchfab.com/models/368bab1fb277453ba718bf4bf766ba98/thumbnails/4011c0fa136d48b8bd0b34668e4c22ab/6fbdf154e19348059494590c13f10593.jpeg",
        "height": 405
      },
      {
        "uid": "d5ad561862fc4a02b7e5c1e25a63d8de",
        "size": 159802,
        "width": 1920,
        "url": "https://media.sketchfab.com/models/368bab1fb277453ba718bf4bf766ba98/thumbnails/4011c0fa136d48b8bd0b34668e4c22ab/55e384770eba42deac2731e80056c1ff.jpeg",
        "height": 1080
      },
      {
        "uid": "bc9aa03baec4493a87d49bd1b6e7d58e",
        "size": 40917,
        "width": 1024,
        "url": "https://media.sketchfab.com/models/368bab1fb277453ba718bf4bf766ba98/thumbnails/4011c0fa136d48b8bd0b34668e4c22ab/31d1233e347141db82221e2a8fdae124.jpeg",
        "height": 576
      },
      {
        "uid": "84362153f71a4b028812e2bd273e6b08",
        "size": 719,
        "width": 64,
        "url": "https://media.sketchfab.com/models/368bab1fb277453ba718bf4bf766ba98/thumbnails/4011c0fa136d48b8bd0b34668e4c22ab/87b33b2205f14da8b08fb3e54ddfdfb0.jpeg",
        "height": 36
      }
    ]
  },
  "user": {
    "uid": "2a49764b69804dbaa254feff6fe88261",
    "username": "DigitalAtlasOfAncientLife",
    "displayName": "Digital Atlas of Ancient Life",
    "profileUrl": "https://sketchfab.com/DigitalAtlasOfAncientLife",
    "account": "prem",
    "avatar": {
      "uri": "https://api.sketchfab.com/v3/avatars/ef96f5c05b1e41e2a6ee03fbc84e4abb",
      "images": [
        {
          "size": 5381,
          "width": 32,
          "url": "https://media.sketchfab.com/avatars/ef96f5c05b1e41e2a6ee03fbc84e4abb/6b00d0bef8444ba2bcec5d9ec22a7bbc.png",
          "height": 32
        },
        {
          "size": 7427,
          "width": 48,
          "url": "https://media.sketchfab.com/avatars/ef96f5c05b1e41e2a6ee03fbc84e4abb/ea94b8c7048a437b90e3c00f66af6641.png",
          "height": 48
        },
        {
          "size": 13787,
          "width": 90,
          "url": "https://media.sketchfab.com/avatars/ef96f5c05b1e41e2a6ee03fbc84e4abb/f0371c9a427a428f8d2d1f1bdcc4b0fc.png",
          "height": 90
        },
        {
          "size": 15325,
          "width": 100,
          "url": "https://media.sketchfab.com/avatars/ef96f5c05b1e41e2a6ee03fbc84e4abb/9541cee91b254c1b912613fc46139ab6.png",
          "height": 100
        }
      ]
    },
    "uri": "https://api.sketchfab.com/v3/users/2a49764b69804dbaa254feff6fe88261"
  },
  "description": "Fossil specimen of the slit shell snail *Pleurotomaria* sp. from the Jurassic Inferior Oolite of England (PRI 78776). Preservation is an interior mold. Specimen is from the research collections of the [Paleontological Research Institution](http://www.priweb.org), Ithaca, New York. Maximum diameter of specimen is approximately 8.5 cm. Model by Emily Hauf.",
  "faceCount": 271862,
  "createdAt": "2019-06-28T14:21:39.049312",
  "vertexCount": 135933,
  "isAgeRestricted": false,
  "archives": {
    "glb": {
      "textureCount": 1,
      "size": 12896200,
      "type": "glb",
      "textureMaxResolution": 4096,
      "faceCount": 271862,
      "vertexCount": 160136
    },
    "gltf": {
      "textureCount": 1,
      "size": 9827842,
      "type": "gltf",
      "textureMaxResolution": 4096,
      "faceCount": 271862,
      "vertexCount": 160136
    },
    "source": {
      "textureCount": null,
      "size": 23380427,
      "type": "source",
      "textureMaxResolution": null,
      "faceCount": null,
      "vertexCount": null
    },
    "usdz": {
      "textureCount": null,
      "size": 10492300,
      "type": "usdz",
      "textureMaxResolution": null,
      "faceCount": null,
      "vertexCount": null
    }
  },
  "license": "cc0"
}