{
  "uri": "https://api.sketchfab.com/v3/models/368efa9923e54b17b5198a4c8b8132e3",
  "uid": "368efa9923e54b17b5198a4c8b8132e3",
  "name": "Day 117: Apple Palo Alto - 1scanaday",
  "staffpickedAt": null,
  "viewCount": 222,
  "likeCount": 7,
  "animationCount": 0,
  "viewerUrl": "https://sketchfab.com/3d-models/368efa9923e54b17b5198a4c8b8132e3",
  "embedUrl": "https://sketchfab.com/models/368efa9923e54b17b5198a4c8b8132e3/embed",
  "commentCount": 5,
  "isDownloadable": true,
  "publishedAt": "2021-04-27T06:16:21.393009",
  "tags": [
    {
      "name": "mesh",
      "slug": "mesh",
      "uri": "https://api.sketchfab.com/v3/tags/mesh"
    },
    {
      "name": "lidar",
      "slug": "lidar",
      "uri": "https://api.sketchfab.com/v3/tags/lidar"
    },
    {
      "name": "iphone12pro",
      "slug": "iphone12pro",
      "uri": "https://api.sketchfab.com/v3/tags/iphone12pro"
    },
    {
      "name": "polycam",
      "slug": "polycam",
      "uri": "https://api.sketchfab.com/v3/tags/polycam"
    },
    {
      "name": "1scanaday",
      "slug": "1scanaday",
      "uri": "https://api.sketchfab.com/v3/tags/1scanaday"
    }
  ],
  "categories": [
    {
      "name": "science-technology"
    }
  ],
  "thumbnails": {
    "images": [
      {
        "uid": "77302e9b03ce4fc098b6814a70b5a452",
        "size": 367646,
        "width": 1920,
        "url": "https://media.sketchfab.com/models/368efa9923e54b17b5198a4c8b8132e3/thumbnails/066a00e7dac045cfae0990283887396f/8deb92b1f8ea4e97b5de6c1089cb7c17.jpeg",
        "height": 1080
      },
      {
        "uid": "5ea87dbb78cd4d75bf41eccd32cd0d18",
        "size": 77380,
        "width": 1024,
        "url": "https://media.sketchfab.com/models/368efa9923e54b17b5198a4c8b8132e3/thumbnails/066a00e7dac045cfae0990283887396f/f1ead3d989564d52bedfb8de6d6197ad.jpeg",
        "height": 576
      },
      {
        "uid": "98678065d8b849cbaddfeff482fd3e44",
        "size": 41114,
        "width": 720,
        "url": "https://media.sketchfab.com/models/368efa9923e54b17b5198a4c8b8132e3/thumbnails/066a00e7dac045cfae0990283887396f/79d1842728cf4b62b953697ec824fc38.jpeg",
        "height": 405
      },
      {
        "uid": "5d15753b5301490fac6b4b02343e0469",
        "size": 7234,
        "width": 256,
        "url": "https://media.sketchfab.com/models/368efa9923e54b17b5198a4c8b8132e3/thumbnails/066a00e7dac045cfae0990283887396f/91a508b5532a41dbb9ae99a9e581fdaf.jpeg",
        "height": 144
      },
      {
        "uid": "2c442e9cd0724d4d96c89d3cc0fb6473",
        "size": 1246,
        "width": 64,
        "url": "https://media.sketchfab.com/models/368efa9923e54b17b5198a4c8b8132e3/thumbnails/066a00e7dac045cfae0990283887396f/1065f8218fe6414dab4562e5b878415c.jpeg",
        "height": 36
      }
    ]
  },
  "user": {
    "uid": "70064f49905d49c5a826f8788c401431",
    "username": "edemaistre",
    "displayName": "Emm (Scenario)",
    "profileUrl": "https://sketchfab.com/edemaistre",
    "account": "pro",
    "avatar": {
      "uri": "https://api.sketchfab.com/v3/avatars/d16a94ccd460485fa54929bfb1650d03",
      "images": [
        {
          "size": 1063,
          "width": 32,
          "url": "https://media.sketchfab.com/avatars/d16a94ccd460485fa54929bfb1650d03/08556b4892764059a55687babdad15c7.jpeg",
          "height": 32
        },
        {
          "size": 1405,
          "width": 48,
          "url": "https://media.sketchfab.com/avatars/d16a94ccd460485fa54929bfb1650d03/8f8115cc3f794c50a5c62f700401c132.jpeg",
          "height": 48
        },
        {
          "size": 2867,
          "width": 90,
          "url": "https://media.sketchfab.com/avatars/d16a94ccd460485fa54929bfb1650d03/ec280b983d954496ba525195954549e5.jpeg",
          "height": 90
        },
        {
          "size": 3339,
          "width": 100,
          "url": "https://media.sketchfab.com/avatars/d16a94ccd460485fa54929bfb1650d03/cdaf2f0b78334779b51fcfa567484bd9.jpeg",
          "height": 100
        }
      ]
    },
    "uri": "https://api.sketchfab.com/v3/users/70064f49905d49c5a826f8788c401431"
  },
  "description": "In Dec 2020, I scanned the Apple Store in Palo Alto with SiteScape, but the model was too large (> 200Mo). Now I went back and used Polycam, and here it is.\n\nIt's always tricky to scan a place with people roaming around. I've been asked a couple of times what this was about... Looking forward to scanning an empty Apple store one day! \n\nScanned with the iPhone12 Pro and Polycam. Please feel free to follow my collection of [daily scans](https://skfb.ly/6YuwK) as well as my [San Francisco Street Art scans](https://skfb.ly/6YuwJ). You can follow the tag #1scanaday.",
  "faceCount": 589590,
  "createdAt": "2021-04-23T23:51:14.406155",
  "vertexCount": 385550,
  "isAgeRestricted": false,
  "archives": {
    "glb": {
      "textureCount": 16,
      "size": 67553036,
      "type": "glb",
      "textureMaxResolution": 8192,
      "faceCount": 589590,
      "vertexCount": 462246
    },
    "gltf": {
      "textureCount": 16,
      "size": 58397677,
      "type": "gltf",
      "textureMaxResolution": 8192,
      "faceCount": 589590,
      "vertexCount": 462246
    },
    "source": {
      "textureCount": null,
      "size": 58298318,
      "type": "source",
      "textureMaxResolution": null,
      "faceCount": null,
      "vertexCount": null
    },
    "usdz": {
      "textureCount": null,
      "size": 20717428,
      "type": "usdz",
      "textureMaxResolution": null,
      "faceCount": null,
      "vertexCount": null
    }
  },
  "license": "by-nc-sa"
}