{
  "uri": "https://api.sketchfab.com/v3/models/3691c25266a84b31b4d15691e0341402",
  "uid": "3691c25266a84b31b4d15691e0341402",
  "name": "R1K+Paquete",
  "staffpickedAt": null,
  "viewCount": 34,
  "likeCount": 4,
  "animationCount": 0,
  "viewerUrl": "https://sketchfab.com/3d-models/3691c25266a84b31b4d15691e0341402",
  "embedUrl": "https://sketchfab.com/models/3691c25266a84b31b4d15691e0341402/embed",
  "commentCount": 0,
  "isDownloadable": true,
  "publishedAt": "2022-01-13T21:41:42.222662",
  "tags": [],
  "categories": [],
  "thumbnails": {
    "images": [
      {
        "uid": "234d46d432a64450b4f6ae1ba3b29721",
        "size": 145802,
        "width": 1920,
        "url": "https://media.sketchfab.com/models/3691c25266a84b31b4d15691e0341402/thumbnails/d8217f1dc60a428f9840e10622cf313c/dfc180bd2c26453192cacda2977c9de8.jpeg",
        "height": 1080
      },
      {
        "uid": "00ca7004d7774a5992c8988254145c83",
        "size": 47045,
        "width": 1024,
        "url": "https://media.sketchfab.com/models/3691c25266a84b31b4d15691e0341402/thumbnails/d8217f1dc60a428f9840e10622cf313c/1103accf671f40299f966250e762cad5.jpeg",
        "height": 576
      },
      {
        "uid": "b0e86865d6374846856e23f18b277441",
        "size": 27167,
        "width": 720,
        "url": "https://media.sketchfab.com/models/3691c25266a84b31b4d15691e0341402/thumbnails/d8217f1dc60a428f9840e10622cf313c/e7e6d87a1a9f4768bd88db2c7c49801c.jpeg",
        "height": 405
      },
      {
        "uid": "0b13e47b660b4cdea4288738b9844b92",
        "size": 5421,
        "width": 256,
        "url": "https://media.sketchfab.com/models/3691c25266a84b31b4d15691e0341402/thumbnails/d8217f1dc60a428f9840e10622cf313c/4a1cc774caec48939450acc4166cce7a.jpeg",
        "height": 144
      },
      {
        "uid": "493e5e5ffa3a4a518c5af110eeb227da",
        "size": 1153,
        "width": 64,
        "url": "https://media.sketchfab.com/models/3691c25266a84b31b4d15691e0341402/thumbnails/d8217f1dc60a428f9840e10622cf313c/65852fa5b4d5465fad417a59f7bc49a9.jpeg",
        "height": 36
      }
    ]
  },
  "user": {
    "uid": "cd666c6c7e35422db23ea91249d40de3",
    "username": "eyes360vr",
    "displayName": "eyes360vr",
    "profileUrl": "https://sketchfab.com/eyes360vr",
    "account": "basic",
    "avatar": {
      "uri": "https://api.sketchfab.com/v3/avatars/ef15dfc75f794cb0a12051a829bdb3cc",
      "images": [
        {
          "size": 1231,
          "width": 32,
          "url": "https://media.sketchfab.com/avatars/ef15dfc75f794cb0a12051a829bdb3cc/a2485f48ddbe44daa47b46d3b070e07a.jpeg",
          "height": 32
        },
        {
          "size": 1569,
          "width": 48,
          "url": "https://media.sketchfab.com/avatars/ef15dfc75f794cb0a12051a829bdb3cc/42a791ffeb784fe7aa9c91a7e031fed9.jpeg",
          "height": 48
        },
        {
          "size": 3109,
          "width": 90,
          "url": "https://media.sketchfab.com/avatars/ef15dfc75f794cb0a12051a829bdb3cc/b2d9ae1d0dad46b8a14c6edab7eeb909.jpeg",
          "height": 90
        },
        {
          "size": 3669,
          "width": 100,
          "url": "https://media.sketchfab.com/avatars/ef15dfc75f794cb0a12051a829bdb3cc/515e1d4fc65f4011a2ed053442f856cd.jpeg",
          "height": 100
        }
      ]
    },
    "uri": "https://api.sketchfab.com/v3/users/cd666c6c7e35422db23ea91249d40de3"
  },
  "description": "",
  "faceCount": 188,
  "createdAt": "2022-01-13T21:38:05.118391",
  "vertexCount": 222,
  "isAgeRestricted": false,
  "archives": {
    "glb": {
      "textureCount": 16,
      "size": 1988844,
      "type": "glb",
      "textureMaxResolution": 1024,
      "faceCount": 188,
      "vertexCount": 222
    },
    "gltf": {
      "textureCount": 16,
      "size": 1926523,
      "type": "gltf",
      "textureMaxResolution": 1024,
      "faceCount": 188,
      "vertexCount": 222
    },
    "source": {
      "textureCount": null,
      "size": 1527969,
      "type": "source",
      "textureMaxResolution": null,
      "faceCount": null,
      "vertexCount": null
    },
    "usdz": {
      "textureCount": null,
      "size": 1938234,
      "type": "usdz",
      "textureMaxResolution": null,
      "faceCount": null,
      "vertexCount": null
    }
  },
  "license": "by"
}