{
  "uri": "https://api.sketchfab.com/v3/models/36926312715f4d2fa8c57d5ecadce237",
  "uid": "36926312715f4d2fa8c57d5ecadce237",
  "name": "GUAP Reef (May 2017)",
  "staffpickedAt": null,
  "viewCount": 688,
  "likeCount": 2,
  "animationCount": 0,
  "viewerUrl": "https://sketchfab.com/3d-models/36926312715f4d2fa8c57d5ecadce237",
  "embedUrl": "https://sketchfab.com/models/36926312715f4d2fa8c57d5ecadce237/embed",
  "commentCount": 0,
  "isDownloadable": true,
  "publishedAt": "2017-06-14T21:13:18.636445",
  "tags": [
    {
      "name": "underwater",
      "slug": "underwater",
      "uri": "https://api.sketchfab.com/v3/tags/underwater"
    },
    {
      "name": "coralreef",
      "slug": "coralreef",
      "uri": "https://api.sketchfab.com/v3/tags/coralreef"
    },
    {
      "name": "agisoft",
      "slug": "agisoft",
      "uri": "https://api.sketchfab.com/v3/tags/agisoft"
    },
    {
      "name": "photoscan",
      "slug": "photoscan",
      "uri": "https://api.sketchfab.com/v3/tags/photoscan"
    },
    {
      "name": "photogrammetry",
      "slug": "photogrammetry",
      "uri": "https://api.sketchfab.com/v3/tags/photogrammetry"
    }
  ],
  "categories": [
    {
      "name": "places-travel"
    },
    {
      "name": "science-technology"
    }
  ],
  "thumbnails": {
    "images": [
      {
        "uid": "cffb2dd5ea0345768f8ad78e98331ba2",
        "size": 93449,
        "width": 1024,
        "url": "https://media.sketchfab.com/models/36926312715f4d2fa8c57d5ecadce237/thumbnails/071a3d8fe70d4de0b7b85e684bba6a74/1024x576.jpeg",
        "height": 576
      },
      {
        "uid": "431e6f00c8c342bf91d4ffe5541d0087",
        "size": 52254,
        "width": 720,
        "url": "https://media.sketchfab.com/models/36926312715f4d2fa8c57d5ecadce237/thumbnails/071a3d8fe70d4de0b7b85e684bba6a74/720x405.jpeg",
        "height": 405
      },
      {
        "uid": "4534c9074efc446aa196731a1b043f7f",
        "size": 8880,
        "width": 256,
        "url": "https://media.sketchfab.com/models/36926312715f4d2fa8c57d5ecadce237/thumbnails/071a3d8fe70d4de0b7b85e684bba6a74/256x144.jpeg",
        "height": 144
      },
      {
        "uid": "1e6cc7e7939a4d61a9238b049818a40d",
        "size": 1325,
        "width": 64,
        "url": "https://media.sketchfab.com/models/36926312715f4d2fa8c57d5ecadce237/thumbnails/071a3d8fe70d4de0b7b85e684bba6a74/64x36.jpeg",
        "height": 36
      }
    ]
  },
  "user": {
    "uid": "968195e56ec64d748ce02090751e0cfd",
    "username": "grnbrd",
    "displayName": "Northern Photogrammetry",
    "profileUrl": "https://sketchfab.com/grnbrd",
    "account": "basic",
    "avatar": {
      "uri": "https://api.sketchfab.com/v3/avatars/144fe47ae2bb4b599195052a707e1b5a",
      "images": [
        {
          "size": 764,
          "width": 32,
          "url": "https://media.sketchfab.com/avatars/144fe47ae2bb4b599195052a707e1b5a/5dc56b948e874842919e9a4301cdb2da.jpeg",
          "height": 32
        },
        {
          "size": 1137,
          "width": 48,
          "url": "https://media.sketchfab.com/avatars/144fe47ae2bb4b599195052a707e1b5a/166f0f4fd4b4489c8a54b4fd814306dc.jpeg",
          "height": 48
        },
        {
          "size": 2057,
          "width": 90,
          "url": "https://media.sketchfab.com/avatars/144fe47ae2bb4b599195052a707e1b5a/a4214015a7a54f729e2837edc92be806.jpeg",
          "height": 90
        },
        {
          "size": 2285,
          "width": 100,
          "url": "https://media.sketchfab.com/avatars/144fe47ae2bb4b599195052a707e1b5a/d8423c7bf58e4bf29fb24bad85e7219f.jpeg",
          "height": 100
        }
      ]
    },
    "uri": "https://api.sketchfab.com/v3/users/968195e56ec64d748ce02090751e0cfd"
  },
  "description": "Model composed of 9956 aligned images taken of the Guadalupe Underwater Archaelogical Preserve (GUAP) and adjacent coral reef in Bayahibe, Dominican Republic for purposes of orthomosaic generation in May 2017. Model area is ~3300 square meters. Estimated error is 0.00649  m. \n\nModel and texture quality severely reduced for upload.\n\nMatthew Maus, Indiana University.",
  "faceCount": 1999999,
  "createdAt": "2017-06-14T17:52:49.403898",
  "vertexCount": 1009710,
  "isAgeRestricted": false,
  "archives": {
    "glb": {
      "textureCount": 1,
      "size": 114014788,
      "type": "glb",
      "textureMaxResolution": 8192,
      "faceCount": 1999999,
      "vertexCount": 2106019
    },
    "gltf": {
      "textureCount": 1,
      "size": 86680471,
      "type": "gltf",
      "textureMaxResolution": 8192,
      "faceCount": 1999999,
      "vertexCount": 2106019
    },
    "source": {
      "textureCount": null,
      "size": 132020980,
      "type": "source",
      "textureMaxResolution": null,
      "faceCount": null,
      "vertexCount": null
    },
    "usdz": {
      "textureCount": null,
      "size": 74893767,
      "type": "usdz",
      "textureMaxResolution": null,
      "faceCount": null,
      "vertexCount": null
    }
  },
  "license": "by-nc"
}