{
  "uri": "https://api.sketchfab.com/v3/models/36943020575a46f1a765d0ddd467715f",
  "uid": "36943020575a46f1a765d0ddd467715f",
  "name": "Viking Shield",
  "staffpickedAt": null,
  "viewCount": 171,
  "likeCount": 9,
  "animationCount": 0,
  "viewerUrl": "https://sketchfab.com/3d-models/36943020575a46f1a765d0ddd467715f",
  "embedUrl": "https://sketchfab.com/models/36943020575a46f1a765d0ddd467715f/embed",
  "commentCount": 0,
  "isDownloadable": true,
  "publishedAt": "2021-02-16T17:32:51.204710",
  "tags": [
    {
      "name": "arrow",
      "slug": "arrow",
      "uri": "https://api.sketchfab.com/v3/tags/arrow"
    },
    {
      "name": "viking",
      "slug": "viking",
      "uri": "https://api.sketchfab.com/v3/tags/viking"
    },
    {
      "name": "substancepainter",
      "slug": "substancepainter",
      "uri": "https://api.sketchfab.com/v3/tags/substancepainter"
    },
    {
      "name": "substance",
      "slug": "substance",
      "uri": "https://api.sketchfab.com/v3/tags/substance"
    },
    {
      "name": "axe",
      "slug": "axe",
      "uri": "https://api.sketchfab.com/v3/tags/axe"
    },
    {
      "name": "shield",
      "slug": "shield",
      "uri": "https://api.sketchfab.com/v3/tags/shield"
    }
  ],
  "categories": [
    {
      "name": "weapons-military"
    }
  ],
  "thumbnails": {
    "images": [
      {
        "uid": "f12ccbe3d8264e6b9ed28b2dcc3bcbcc",
        "size": 48937,
        "width": 1920,
        "url": "https://media.sketchfab.com/models/36943020575a46f1a765d0ddd467715f/thumbnails/9683f7c278864c0caf2f0ba723f43bda/4f20ec72693f474ca2ddc682d36865f2.jpeg",
        "height": 1080
      },
      {
        "uid": "7f4e4d245a984e9b941ce7d9d01aae39",
        "size": 16664,
        "width": 1024,
        "url": "https://media.sketchfab.com/models/36943020575a46f1a765d0ddd467715f/thumbnails/9683f7c278864c0caf2f0ba723f43bda/42e74d547ab1475fb1c56c55f785f66b.jpeg",
        "height": 576
      },
      {
        "uid": "2d9023b8c1c84f7885dbc76e1a23e486",
        "size": 9972,
        "width": 720,
        "url": "https://media.sketchfab.com/models/36943020575a46f1a765d0ddd467715f/thumbnails/9683f7c278864c0caf2f0ba723f43bda/3aa9c04b799d4f1abbe63b4a35424418.jpeg",
        "height": 405
      },
      {
        "uid": "5d00dc9ea7d142dea8e08077452e858a",
        "size": 2233,
        "width": 256,
        "url": "https://media.sketchfab.com/models/36943020575a46f1a765d0ddd467715f/thumbnails/9683f7c278864c0caf2f0ba723f43bda/a746b60458c34741af90e64e4d7280e7.jpeg",
        "height": 144
      },
      {
        "uid": "d19bf0ed08ef46a6b6001f2ca9284d49",
        "size": 553,
        "width": 64,
        "url": "https://media.sketchfab.com/models/36943020575a46f1a765d0ddd467715f/thumbnails/9683f7c278864c0caf2f0ba723f43bda/84ebabb4ed004990ab77ad804b0814c4.jpeg",
        "height": 36
      }
    ]
  },
  "user": {
    "uid": "91346e948d684721ae171a8ff7367b7a",
    "username": "EdSwinbourne",
    "displayName": "Ed Swinbourne",
    "profileUrl": "https://sketchfab.com/EdSwinbourne",
    "account": "basic",
    "avatar": {
      "uri": "https://api.sketchfab.com/v3/avatars/8a560b5d70774a89aa6104688015f96b",
      "images": [
        {
          "size": 760,
          "width": 32,
          "url": "https://media.sketchfab.com/avatars/8a560b5d70774a89aa6104688015f96b/bb64a50e06c742d9b2f9a17648174d3d.jpeg",
          "height": 32
        },
        {
          "size": 1212,
          "width": 48,
          "url": "https://media.sketchfab.com/avatars/8a560b5d70774a89aa6104688015f96b/ef2c2d2543a14961ab76c0fe1492acf9.jpeg",
          "height": 48
        },
        {
          "size": 2954,
          "width": 90,
          "url": "https://media.sketchfab.com/avatars/8a560b5d70774a89aa6104688015f96b/8fe02bc4f1fc45638a2ecb18998f8bcf.jpeg",
          "height": 90
        },
        {
          "size": 3397,
          "width": 100,
          "url": "https://media.sketchfab.com/avatars/8a560b5d70774a89aa6104688015f96b/a9b9560236cc4a909b76bbaf10810605.jpeg",
          "height": 100
        }
      ]
    },
    "uri": "https://api.sketchfab.com/v3/users/91346e948d684721ae171a8ff7367b7a"
  },
  "description": "A small scene depicting two medieval norse tribes in combat.",
  "faceCount": 15048,
  "createdAt": "2021-02-16T17:24:21.023730",
  "vertexCount": 8524,
  "isAgeRestricted": false,
  "archives": {
    "glb": {
      "textureCount": 3,
      "size": 34205948,
      "type": "glb",
      "textureMaxResolution": 4096,
      "faceCount": 15048,
      "vertexCount": 10504
    },
    "gltf": {
      "textureCount": 3,
      "size": 33769892,
      "type": "gltf",
      "textureMaxResolution": 4096,
      "faceCount": 15048,
      "vertexCount": 10504
    },
    "source": {
      "textureCount": null,
      "size": 42399779,
      "type": "source",
      "textureMaxResolution": null,
      "faceCount": null,
      "vertexCount": null
    },
    "usdz": {
      "textureCount": null,
      "size": 5522805,
      "type": "usdz",
      "textureMaxResolution": null,
      "faceCount": null,
      "vertexCount": null
    }
  },
  "license": "by"
}