{
  "uri": "https://api.sketchfab.com/v3/models/369e53ffaf2748a4bc8b92c65e6fee5d",
  "uid": "369e53ffaf2748a4bc8b92c65e6fee5d",
  "name": "xyz_homework #5 pt. 2",
  "staffpickedAt": null,
  "viewCount": 12,
  "likeCount": 1,
  "animationCount": 0,
  "viewerUrl": "https://sketchfab.com/3d-models/369e53ffaf2748a4bc8b92c65e6fee5d",
  "embedUrl": "https://sketchfab.com/models/369e53ffaf2748a4bc8b92c65e6fee5d/embed",
  "commentCount": 0,
  "isDownloadable": true,
  "publishedAt": "2019-11-13T13:15:31.420006",
  "tags": [
    {
      "name": "draft",
      "slug": "draft",
      "uri": "https://api.sketchfab.com/v3/tags/draft"
    },
    {
      "name": "study",
      "slug": "study",
      "uri": "https://api.sketchfab.com/v3/tags/study"
    },
    {
      "name": "xyz-school",
      "slug": "xyz-school",
      "uri": "https://api.sketchfab.com/v3/tags/xyz-school"
    },
    {
      "name": "homework",
      "slug": "homework",
      "uri": "https://api.sketchfab.com/v3/tags/homework"
    }
  ],
  "categories": [
    {
      "name": "architecture"
    }
  ],
  "thumbnails": {
    "images": [
      {
        "uid": "7872fc6fc6314c54b8e745eaa692a1bc",
        "size": 398284,
        "width": 1920,
        "url": "https://media.sketchfab.com/models/369e53ffaf2748a4bc8b92c65e6fee5d/thumbnails/da201da6bb1848b6b2abbc0a6d9b69df/b1176d75e692416bafa48eb27d3dfe34.jpeg",
        "height": 1080
      },
      {
        "uid": "35f2b1dc255d4edb9c5443d2648c18ce",
        "size": 61457,
        "width": 1024,
        "url": "https://media.sketchfab.com/models/369e53ffaf2748a4bc8b92c65e6fee5d/thumbnails/da201da6bb1848b6b2abbc0a6d9b69df/febc7b2b0871417cbd1bf5db68027760.jpeg",
        "height": 576
      },
      {
        "uid": "70525df9ad444350ad11c3ec6a55352c",
        "size": 30190,
        "width": 720,
        "url": "https://media.sketchfab.com/models/369e53ffaf2748a4bc8b92c65e6fee5d/thumbnails/da201da6bb1848b6b2abbc0a6d9b69df/df414a110d5a489e8854c374dbc64e42.jpeg",
        "height": 405
      },
      {
        "uid": "8ee72b7bb3b240bcbbf93ca3f60d6753",
        "size": 5580,
        "width": 256,
        "url": "https://media.sketchfab.com/models/369e53ffaf2748a4bc8b92c65e6fee5d/thumbnails/da201da6bb1848b6b2abbc0a6d9b69df/53b26cf375fe41c8a271289c7107657a.jpeg",
        "height": 144
      },
      {
        "uid": "b4845e9a2b6b421abd0a1dfcced31689",
        "size": 993,
        "width": 64,
        "url": "https://media.sketchfab.com/models/369e53ffaf2748a4bc8b92c65e6fee5d/thumbnails/da201da6bb1848b6b2abbc0a6d9b69df/71afb38ffc3f4187808db00591aeedd4.jpeg",
        "height": 36
      }
    ]
  },
  "user": {
    "uid": "4eaadf1046cd4818acbde23997a7b337",
    "username": "detroit3396",
    "displayName": "detroit3396",
    "profileUrl": "https://sketchfab.com/detroit3396",
    "account": "basic",
    "avatar": {
      "uri": "https://api.sketchfab.com/v3/avatars/3ef1bd11d3eb4b57a0b353e8f2e5fc3e",
      "images": [
        {
          "size": 680,
          "width": 32,
          "url": "https://media.sketchfab.com/avatars/3ef1bd11d3eb4b57a0b353e8f2e5fc3e/116042a0854e40538adab302b593683d.jpeg",
          "height": 32
        },
        {
          "size": 1253,
          "width": 48,
          "url": "https://media.sketchfab.com/avatars/3ef1bd11d3eb4b57a0b353e8f2e5fc3e/efea16be51d04eb7a00cb9ea0b43b87f.jpeg",
          "height": 48
        },
        {
          "size": 2797,
          "width": 90,
          "url": "https://media.sketchfab.com/avatars/3ef1bd11d3eb4b57a0b353e8f2e5fc3e/ac9b469ccec74caf923a81fb2f0be3ed.jpeg",
          "height": 90
        },
        {
          "size": 3215,
          "width": 100,
          "url": "https://media.sketchfab.com/avatars/3ef1bd11d3eb4b57a0b353e8f2e5fc3e/a075e1d43d2f446c949b5967b470c757.jpeg",
          "height": 100
        }
      ]
    },
    "uri": "https://api.sketchfab.com/v3/users/4eaadf1046cd4818acbde23997a7b337"
  },
  "description": "Draft and detailed model of an old house",
  "faceCount": 99593,
  "createdAt": "2019-11-13T12:53:43.565437",
  "vertexCount": 66492,
  "isAgeRestricted": false,
  "archives": {
    "glb": {
      "textureCount": 0,
      "size": 7123652,
      "type": "glb",
      "textureMaxResolution": 0,
      "faceCount": 99585,
      "vertexCount": 185760
    },
    "gltf": {
      "textureCount": 0,
      "size": 859404,
      "type": "gltf",
      "textureMaxResolution": 0,
      "faceCount": 99585,
      "vertexCount": 185760
    },
    "source": {
      "textureCount": null,
      "size": 1707600,
      "type": "source",
      "textureMaxResolution": null,
      "faceCount": null,
      "vertexCount": null
    },
    "usdz": {
      "textureCount": null,
      "size": 4483258,
      "type": "usdz",
      "textureMaxResolution": null,
      "faceCount": null,
      "vertexCount": null
    }
  },
  "license": "by"
}