{
  "uri": "https://api.sketchfab.com/v3/models/36ab1c17dd544bc8b2285850d6fbf2a9",
  "uid": "36ab1c17dd544bc8b2285850d6fbf2a9",
  "name": "TL5637 P5",
  "staffpickedAt": null,
  "viewCount": 22,
  "likeCount": 1,
  "animationCount": 0,
  "viewerUrl": "https://sketchfab.com/3d-models/36ab1c17dd544bc8b2285850d6fbf2a9",
  "embedUrl": "https://sketchfab.com/models/36ab1c17dd544bc8b2285850d6fbf2a9/embed",
  "commentCount": 0,
  "isDownloadable": true,
  "publishedAt": "2021-11-25T11:58:38.773943",
  "tags": [
    {
      "name": "woodengine",
      "slug": "woodengine",
      "uri": "https://api.sketchfab.com/v3/tags/woodengine"
    }
  ],
  "categories": [
    {
      "name": "architecture"
    }
  ],
  "thumbnails": {
    "images": [
      {
        "uid": "d52512235eab426f82051ec96114215a",
        "size": 138185,
        "width": 1920,
        "url": "https://media.sketchfab.com/models/36ab1c17dd544bc8b2285850d6fbf2a9/thumbnails/06408c650d874db0af9cda9481d5c54b/982bddcdb87a4c2a9f6c1540761af4af.jpeg",
        "height": 1080
      },
      {
        "uid": "3b545303ea7b4e569ebf4afd0dc5f47f",
        "size": 42200,
        "width": 1024,
        "url": "https://media.sketchfab.com/models/36ab1c17dd544bc8b2285850d6fbf2a9/thumbnails/06408c650d874db0af9cda9481d5c54b/cb36133a731b4168a56d5996a86cbabe.jpeg",
        "height": 576
      },
      {
        "uid": "a3e9d2521ac1453fbdfed06aece876f5",
        "size": 23113,
        "width": 720,
        "url": "https://media.sketchfab.com/models/36ab1c17dd544bc8b2285850d6fbf2a9/thumbnails/06408c650d874db0af9cda9481d5c54b/c22a8e03a44e44cfbacdb265458e29ec.jpeg",
        "height": 405
      },
      {
        "uid": "d8f0629b9e2845aa9fa81b37cefcab54",
        "size": 4078,
        "width": 256,
        "url": "https://media.sketchfab.com/models/36ab1c17dd544bc8b2285850d6fbf2a9/thumbnails/06408c650d874db0af9cda9481d5c54b/4ff854e66bea44629346e05bc8d653f1.jpeg",
        "height": 144
      },
      {
        "uid": "92191d3b70f546fb8ae7b8dd4e48fbf1",
        "size": 970,
        "width": 64,
        "url": "https://media.sketchfab.com/models/36ab1c17dd544bc8b2285850d6fbf2a9/thumbnails/06408c650d874db0af9cda9481d5c54b/7be9f21f0a49465680fc4067a52ffbac.jpeg",
        "height": 36
      }
    ]
  },
  "user": {
    "uid": "72b19b765501439fa5500ff6f3d5106d",
    "username": "MGTLTF",
    "displayName": "MGTLTF",
    "profileUrl": "https://sketchfab.com/MGTLTF",
    "account": "basic",
    "avatar": {
      "uri": "https://api.sketchfab.com/v3/avatars/3ef1bd11d3eb4b57a0b353e8f2e5fc3e",
      "images": [
        {
          "size": 680,
          "width": 32,
          "url": "https://media.sketchfab.com/avatars/3ef1bd11d3eb4b57a0b353e8f2e5fc3e/116042a0854e40538adab302b593683d.jpeg",
          "height": 32
        },
        {
          "size": 1253,
          "width": 48,
          "url": "https://media.sketchfab.com/avatars/3ef1bd11d3eb4b57a0b353e8f2e5fc3e/efea16be51d04eb7a00cb9ea0b43b87f.jpeg",
          "height": 48
        },
        {
          "size": 2797,
          "width": 90,
          "url": "https://media.sketchfab.com/avatars/3ef1bd11d3eb4b57a0b353e8f2e5fc3e/ac9b469ccec74caf923a81fb2f0be3ed.jpeg",
          "height": 90
        },
        {
          "size": 3215,
          "width": 100,
          "url": "https://media.sketchfab.com/avatars/3ef1bd11d3eb4b57a0b353e8f2e5fc3e/a075e1d43d2f446c949b5967b470c757.jpeg",
          "height": 100
        }
      ]
    },
    "uri": "https://api.sketchfab.com/v3/users/72b19b765501439fa5500ff6f3d5106d"
  },
  "description": "Building exported from WoodEngine.",
  "faceCount": 50504,
  "createdAt": "2021-11-25T11:58:03.799276",
  "vertexCount": 27440,
  "isAgeRestricted": false,
  "archives": {
    "glb": {
      "textureCount": 4,
      "size": 4196424,
      "type": "glb",
      "textureMaxResolution": 512,
      "faceCount": 50484,
      "vertexCount": 99475
    },
    "gltf": {
      "textureCount": 4,
      "size": 902639,
      "type": "gltf",
      "textureMaxResolution": 512,
      "faceCount": 50484,
      "vertexCount": 99475
    },
    "source": {
      "textureCount": null,
      "size": 1376222,
      "type": "source",
      "textureMaxResolution": null,
      "faceCount": null,
      "vertexCount": null
    },
    "usdz": {
      "textureCount": null,
      "size": 3607021,
      "type": "usdz",
      "textureMaxResolution": null,
      "faceCount": null,
      "vertexCount": null
    }
  },
  "license": "by"
}