{
  "uri": "https://api.sketchfab.com/v3/models/36adcd8c90bf4e06bb11fc7319345961",
  "uid": "36adcd8c90bf4e06bb11fc7319345961",
  "name": "Willamsburg Hotel Room-poly",
  "staffpickedAt": null,
  "viewCount": 25,
  "likeCount": 2,
  "animationCount": 0,
  "viewerUrl": "https://sketchfab.com/3d-models/36adcd8c90bf4e06bb11fc7319345961",
  "embedUrl": "https://sketchfab.com/models/36adcd8c90bf4e06bb11fc7319345961/embed",
  "commentCount": 1,
  "isDownloadable": true,
  "publishedAt": "2020-11-25T14:56:00.155364",
  "tags": [
    {
      "name": "polycam",
      "slug": "polycam",
      "uri": "https://api.sketchfab.com/v3/tags/polycam"
    }
  ],
  "categories": [],
  "thumbnails": {
    "images": [
      {
        "uid": "c6c5c3f326ee475eb3711f7defa57bcc",
        "size": 80675,
        "width": 1920,
        "url": "https://media.sketchfab.com/models/36adcd8c90bf4e06bb11fc7319345961/thumbnails/981e80a958a0445ea3bb33969504f21b/de4b4ae271b54f9db4afcc9ea0d2ed15.jpeg",
        "height": 1080
      },
      {
        "uid": "91068df8a4d7462096c504c9fb1574a0",
        "size": 27495,
        "width": 1024,
        "url": "https://media.sketchfab.com/models/36adcd8c90bf4e06bb11fc7319345961/thumbnails/981e80a958a0445ea3bb33969504f21b/d38c831bc38148d88f8ebd36ce2d2523.jpeg",
        "height": 576
      },
      {
        "uid": "9974a36aba7547c782b4dd0055a968b6",
        "size": 16273,
        "width": 720,
        "url": "https://media.sketchfab.com/models/36adcd8c90bf4e06bb11fc7319345961/thumbnails/981e80a958a0445ea3bb33969504f21b/7adb1c30532546ce813f0b11ca6fa360.jpeg",
        "height": 405
      },
      {
        "uid": "962778d21efe432cb41c48f1fb0c2975",
        "size": 3380,
        "width": 256,
        "url": "https://media.sketchfab.com/models/36adcd8c90bf4e06bb11fc7319345961/thumbnails/981e80a958a0445ea3bb33969504f21b/f81efebaccee49a4919d538b9edbb189.jpeg",
        "height": 144
      },
      {
        "uid": "c1051f58db2e43bfbbd1fbdea05cb102",
        "size": 661,
        "width": 64,
        "url": "https://media.sketchfab.com/models/36adcd8c90bf4e06bb11fc7319345961/thumbnails/981e80a958a0445ea3bb33969504f21b/584d46e34e88460d86fe410dbe1c0790.jpeg",
        "height": 36
      }
    ]
  },
  "user": {
    "uid": "57dca8747f3544a29a692a566529c38c",
    "username": "ncsh",
    "displayName": "ncsh",
    "profileUrl": "https://sketchfab.com/ncsh",
    "account": "basic",
    "avatar": {
      "uri": "https://api.sketchfab.com/v3/avatars/646c97303c254cc3802489d7af33c81d",
      "images": [
        {
          "size": 744,
          "width": 32,
          "url": "https://media.sketchfab.com/avatars/646c97303c254cc3802489d7af33c81d/72842e312d7c472baac927b7c7f95bf2.jpeg",
          "height": 32
        },
        {
          "size": 1157,
          "width": 48,
          "url": "https://media.sketchfab.com/avatars/646c97303c254cc3802489d7af33c81d/1ffadcbbadd34db58c7d654e3bf39d8a.jpeg",
          "height": 48
        },
        {
          "size": 2647,
          "width": 90,
          "url": "https://media.sketchfab.com/avatars/646c97303c254cc3802489d7af33c81d/e58abbc294fb4c0c937a6e1c2d063d1d.jpeg",
          "height": 90
        },
        {
          "size": 3104,
          "width": 100,
          "url": "https://media.sketchfab.com/avatars/646c97303c254cc3802489d7af33c81d/b62c85b80d05447da9a0fe3d4adf4857.jpeg",
          "height": 100
        }
      ]
    },
    "uri": "https://api.sketchfab.com/v3/users/57dca8747f3544a29a692a566529c38c"
  },
  "description": "Created with Polycam.ai",
  "faceCount": 41313,
  "createdAt": "2020-11-25T14:55:07.417091",
  "vertexCount": 27964,
  "isAgeRestricted": false,
  "archives": {
    "glb": {
      "textureCount": 12,
      "size": 17205852,
      "type": "glb",
      "textureMaxResolution": 4096,
      "faceCount": 41313,
      "vertexCount": 31438
    },
    "gltf": {
      "textureCount": 12,
      "size": 16049650,
      "type": "gltf",
      "textureMaxResolution": 4096,
      "faceCount": 41313,
      "vertexCount": 31438
    },
    "source": {
      "textureCount": null,
      "size": 15014865,
      "type": "source",
      "textureMaxResolution": null,
      "faceCount": null,
      "vertexCount": null
    },
    "usdz": {
      "textureCount": null,
      "size": 4419063,
      "type": "usdz",
      "textureMaxResolution": null,
      "faceCount": null,
      "vertexCount": null
    }
  },
  "license": "by-nc-sa"
}