{
  "uri": "https://api.sketchfab.com/v3/models/36b4645f36c94b2f9575f664d1ad76a4",
  "uid": "36b4645f36c94b2f9575f664d1ad76a4",
  "name": "Battery - Batarya",
  "staffpickedAt": null,
  "viewCount": 1267,
  "likeCount": 23,
  "animationCount": 0,
  "viewerUrl": "https://sketchfab.com/3d-models/36b4645f36c94b2f9575f664d1ad76a4",
  "embedUrl": "https://sketchfab.com/models/36b4645f36c94b2f9575f664d1ad76a4/embed",
  "commentCount": 0,
  "isDownloadable": true,
  "publishedAt": "2016-06-28T00:42:42.045774",
  "tags": [
    {
      "name": "battery",
      "slug": "battery",
      "uri": "https://api.sketchfab.com/v3/tags/battery"
    },
    {
      "name": "batarya",
      "slug": "batarya",
      "uri": "https://api.sketchfab.com/v3/tags/batarya"
    },
    {
      "name": "pil",
      "slug": "pil",
      "uri": "https://api.sketchfab.com/v3/tags/pil"
    },
    {
      "name": "sarj",
      "slug": "sarj",
      "uri": "https://api.sketchfab.com/v3/tags/sarj"
    }
  ],
  "categories": [
    {
      "name": "electronics-gadgets"
    }
  ],
  "thumbnails": {
    "images": [
      {
        "uid": "de67b4175bd147b9bb8671490bf69d69",
        "size": 86317,
        "width": 1920,
        "url": "https://media.sketchfab.com/models/36b4645f36c94b2f9575f664d1ad76a4/thumbnails/fa9757a09a2949bc87ecf18bacedf4c8/d7030a14af2d4bd38a270a5b2aec50e0.jpeg",
        "height": 1080
      },
      {
        "uid": "29959aa9ffbf4cbfb3ee87fffa02b526",
        "size": 21180,
        "width": 1024,
        "url": "https://media.sketchfab.com/models/36b4645f36c94b2f9575f664d1ad76a4/thumbnails/fa9757a09a2949bc87ecf18bacedf4c8/03ec484df1e54c9b8ab0387892a40738.jpeg",
        "height": 576
      },
      {
        "uid": "55c7761f59e84377a3117e0211a99053",
        "size": 12210,
        "width": 720,
        "url": "https://media.sketchfab.com/models/36b4645f36c94b2f9575f664d1ad76a4/thumbnails/fa9757a09a2949bc87ecf18bacedf4c8/66ab1ac2a0be4857945817b43f3aa634.jpeg",
        "height": 405
      },
      {
        "uid": "53c706ee4da841bd8c398f1395ad5053",
        "size": 2912,
        "width": 256,
        "url": "https://media.sketchfab.com/models/36b4645f36c94b2f9575f664d1ad76a4/thumbnails/fa9757a09a2949bc87ecf18bacedf4c8/7dffe4eef04d409cbe0dea71959a28e7.jpeg",
        "height": 144
      },
      {
        "uid": "d36419280733413b8b6f15f18731a87b",
        "size": 634,
        "width": 64,
        "url": "https://media.sketchfab.com/models/36b4645f36c94b2f9575f664d1ad76a4/thumbnails/fa9757a09a2949bc87ecf18bacedf4c8/944b4c46dffa4fdaa6e18e8e9e20d10f.jpeg",
        "height": 36
      }
    ]
  },
  "user": {
    "uid": "26e179f3cb044b948c2e6bb6f2f03850",
    "username": "veysel.gok.vg",
    "displayName": "Veysel Gök",
    "profileUrl": "https://sketchfab.com/veysel.gok.vg",
    "account": "basic",
    "avatar": {
      "uri": "https://api.sketchfab.com/v3/avatars/2a17af59500846a1a39027f9affd627f",
      "images": [
        {
          "size": 798,
          "width": 32,
          "url": "https://media.sketchfab.com/avatars/2a17af59500846a1a39027f9affd627f/be2fc3475a3b46ac8b365e0367349c98.jpeg",
          "height": 32
        },
        {
          "size": 1230,
          "width": 48,
          "url": "https://media.sketchfab.com/avatars/2a17af59500846a1a39027f9affd627f/5b6dffc83e4945b2a3a063ae1463ef46.jpeg",
          "height": 48
        },
        {
          "size": 2087,
          "width": 90,
          "url": "https://media.sketchfab.com/avatars/2a17af59500846a1a39027f9affd627f/93a37d14b38b4b1bbcd10e25bd2e4558.jpeg",
          "height": 90
        },
        {
          "size": 2459,
          "width": 100,
          "url": "https://media.sketchfab.com/avatars/2a17af59500846a1a39027f9affd627f/f416528fb8844e3494fefac6d2944980.jpeg",
          "height": 100
        }
      ]
    },
    "uri": "https://api.sketchfab.com/v3/users/26e179f3cb044b948c2e6bb6f2f03850"
  },
  "description": "Texture Link: https://drive.google.com/folderview?id=0B4_LXY86gsHpSEV2NzNTbENMdGM&usp=sharing",
  "faceCount": 960,
  "createdAt": "2016-06-28T00:38:57.813823",
  "vertexCount": 451,
  "isAgeRestricted": false,
  "archives": {
    "glb": {
      "textureCount": 1,
      "size": 835628,
      "type": "glb",
      "textureMaxResolution": 2048,
      "faceCount": 896,
      "vertexCount": 652
    },
    "gltf": {
      "textureCount": 1,
      "size": 806441,
      "type": "gltf",
      "textureMaxResolution": 2048,
      "faceCount": 896,
      "vertexCount": 652
    },
    "source": {
      "textureCount": null,
      "size": 677249,
      "type": "source",
      "textureMaxResolution": null,
      "faceCount": null,
      "vertexCount": null
    },
    "usdz": {
      "textureCount": null,
      "size": 296286,
      "type": "usdz",
      "textureMaxResolution": null,
      "faceCount": null,
      "vertexCount": null
    }
  },
  "license": "by"
}