{
  "uri": "https://api.sketchfab.com/v3/models/36b89addd3ba4b1fa21b1eafaf4953ec",
  "uid": "36b89addd3ba4b1fa21b1eafaf4953ec",
  "name": "Prova caricamento da tinkercad",
  "staffpickedAt": null,
  "viewCount": 0,
  "likeCount": 0,
  "animationCount": 0,
  "viewerUrl": "https://sketchfab.com/3d-models/36b89addd3ba4b1fa21b1eafaf4953ec",
  "embedUrl": "https://sketchfab.com/models/36b89addd3ba4b1fa21b1eafaf4953ec/embed",
  "commentCount": 0,
  "isDownloadable": true,
  "publishedAt": "2022-03-07T16:53:23.024448",
  "tags": [
    {
      "name": "scale",
      "slug": "scale",
      "uri": "https://api.sketchfab.com/v3/tags/scale"
    },
    {
      "name": "casa",
      "slug": "casa",
      "uri": "https://api.sketchfab.com/v3/tags/casa"
    },
    {
      "name": "tinkercad",
      "slug": "tinkercad",
      "uri": "https://api.sketchfab.com/v3/tags/tinkercad"
    },
    {
      "name": "sedia",
      "slug": "sedia",
      "uri": "https://api.sketchfab.com/v3/tags/sedia"
    }
  ],
  "categories": [
    {
      "name": "architecture"
    }
  ],
  "thumbnails": {
    "images": [
      {
        "uid": "b77e5609d5dd469392ea4534562579f0",
        "size": 43166,
        "width": 1920,
        "url": "https://media.sketchfab.com/models/36b89addd3ba4b1fa21b1eafaf4953ec/thumbnails/55224f4af4ee412b83e40d381fde409c/35a4aaf6008247fb88fd0f0cc14c7a05.jpeg",
        "height": 1080
      },
      {
        "uid": "af878b75216844e3bdd23798da8d04d1",
        "size": 14218,
        "width": 1024,
        "url": "https://media.sketchfab.com/models/36b89addd3ba4b1fa21b1eafaf4953ec/thumbnails/55224f4af4ee412b83e40d381fde409c/a3b2bddfdaf040e2b1769cbce7b0b0ae.jpeg",
        "height": 576
      },
      {
        "uid": "24a7d9d8ade74c03a60a5f235023f4af",
        "size": 8335,
        "width": 720,
        "url": "https://media.sketchfab.com/models/36b89addd3ba4b1fa21b1eafaf4953ec/thumbnails/55224f4af4ee412b83e40d381fde409c/62cb28a8f64544a3ad521a4afbdd3a54.jpeg",
        "height": 405
      },
      {
        "uid": "939fcc69d90b4160a5667618be4338b1",
        "size": 2122,
        "width": 256,
        "url": "https://media.sketchfab.com/models/36b89addd3ba4b1fa21b1eafaf4953ec/thumbnails/55224f4af4ee412b83e40d381fde409c/5465100ca08842ee89bc4f22fca87383.jpeg",
        "height": 144
      },
      {
        "uid": "bda9ac75ebed44c89bf5922ad831889e",
        "size": 845,
        "width": 64,
        "url": "https://media.sketchfab.com/models/36b89addd3ba4b1fa21b1eafaf4953ec/thumbnails/55224f4af4ee412b83e40d381fde409c/4cb63489b7af40d1a46d8368051946cf.jpeg",
        "height": 36
      }
    ]
  },
  "user": {
    "uid": "3187009e80694ae29a3ed1ffa42d7328",
    "username": "annachiarasiani87",
    "displayName": "annachiarasiani87",
    "profileUrl": "https://sketchfab.com/annachiarasiani87",
    "account": "basic",
    "avatar": {
      "uri": "https://api.sketchfab.com/v3/avatars/78fa317e46024a5283765aa34df5e508",
      "images": [
        {
          "size": 6421,
          "width": 100,
          "url": "https://media.sketchfab.com/avatars/78fa317e46024a5283765aa34df5e508/aec92fe9a74e499c98d759362cd7f02f.jpeg",
          "height": 100
        },
        {
          "size": 2518,
          "width": 48,
          "url": "https://media.sketchfab.com/avatars/78fa317e46024a5283765aa34df5e508/17fa177ffaa344a2b2fc8e78efd40fbb.jpeg",
          "height": 48
        },
        {
          "size": 5653,
          "width": 90,
          "url": "https://media.sketchfab.com/avatars/78fa317e46024a5283765aa34df5e508/02162695bdc840faa3bcb2d418309c5e.jpeg",
          "height": 90
        },
        {
          "size": 1350,
          "width": 32,
          "url": "https://media.sketchfab.com/avatars/78fa317e46024a5283765aa34df5e508/6fde876cbded4cd48d36a76029e3aa02.jpeg",
          "height": 32
        }
      ]
    },
    "uri": "https://api.sketchfab.com/v3/users/3187009e80694ae29a3ed1ffa42d7328"
  },
  "description": "Prova di utilizzo di tinkercad e caricamento sul sketcfab",
  "faceCount": 3406,
  "createdAt": "2022-03-07T16:45:14.355034",
  "vertexCount": 1496,
  "isAgeRestricted": false,
  "archives": {
    "glb": {
      "textureCount": 0,
      "size": 122484,
      "type": "glb",
      "textureMaxResolution": 0,
      "faceCount": 3212,
      "vertexCount": 3403
    },
    "gltf": {
      "textureCount": 0,
      "size": 62970,
      "type": "gltf",
      "textureMaxResolution": 0,
      "faceCount": 3212,
      "vertexCount": 3403
    },
    "source": {
      "textureCount": null,
      "size": 32690,
      "type": "source",
      "textureMaxResolution": null,
      "faceCount": null,
      "vertexCount": null
    },
    "usdz": {
      "textureCount": null,
      "size": 102047,
      "type": "usdz",
      "textureMaxResolution": null,
      "faceCount": null,
      "vertexCount": null
    }
  },
  "license": "by"
}