{
  "uri": "https://api.sketchfab.com/v3/models/36c04c0262754e01b15541e0ed5bcae2",
  "uid": "36c04c0262754e01b15541e0ed5bcae2",
  "name": "Sistema de climatización",
  "staffpickedAt": null,
  "viewCount": 4,
  "likeCount": 0,
  "animationCount": 0,
  "viewerUrl": "https://sketchfab.com/3d-models/36c04c0262754e01b15541e0ed5bcae2",
  "embedUrl": "https://sketchfab.com/models/36c04c0262754e01b15541e0ed5bcae2/embed",
  "commentCount": 0,
  "isDownloadable": true,
  "publishedAt": "2021-03-04T14:32:56.010735",
  "tags": [],
  "categories": [],
  "thumbnails": {
    "images": [
      {
        "uid": "0ab62a044e36456dbf4180854f0a399f",
        "size": 408333,
        "width": 1920,
        "url": "https://media.sketchfab.com/models/36c04c0262754e01b15541e0ed5bcae2/thumbnails/ed23499f005e4358b14bf1611369705e/903185d827304234bee29b0b55121809.jpeg",
        "height": 1080
      },
      {
        "uid": "48c9ef525d634cdab09a199d9318073b",
        "size": 130474,
        "width": 1024,
        "url": "https://media.sketchfab.com/models/36c04c0262754e01b15541e0ed5bcae2/thumbnails/ed23499f005e4358b14bf1611369705e/0659c0b1e10b4c9f8dd5191eb446a3b8.jpeg",
        "height": 576
      },
      {
        "uid": "cdaa5cb87bcf4511b5cd072e53433357",
        "size": 73442,
        "width": 720,
        "url": "https://media.sketchfab.com/models/36c04c0262754e01b15541e0ed5bcae2/thumbnails/ed23499f005e4358b14bf1611369705e/0ed8ce0245214ba391c02a45764752fd.jpeg",
        "height": 405
      },
      {
        "uid": "1e2fce1f076144e6ab19a312df6ce92c",
        "size": 12004,
        "width": 256,
        "url": "https://media.sketchfab.com/models/36c04c0262754e01b15541e0ed5bcae2/thumbnails/ed23499f005e4358b14bf1611369705e/fd73a168a3dd4fdba07d1e2ce8f17593.jpeg",
        "height": 144
      },
      {
        "uid": "343ef2e3645648959b70a8ab9f4c108c",
        "size": 1287,
        "width": 64,
        "url": "https://media.sketchfab.com/models/36c04c0262754e01b15541e0ed5bcae2/thumbnails/ed23499f005e4358b14bf1611369705e/1f7bf4f4889844a18ee0d7a35f3c6339.jpeg",
        "height": 36
      }
    ]
  },
  "user": {
    "uid": "1ab348eddc0645a0a4e9aa03c39a16cc",
    "username": "iarakis",
    "displayName": "iarakis",
    "profileUrl": "https://sketchfab.com/iarakis",
    "account": "basic",
    "avatar": {
      "uri": "https://api.sketchfab.com/v3/avatars/51af6a870cce449eb75b0345feebaebb",
      "images": [
        {
          "size": 5719,
          "width": 90,
          "url": "https://media.sketchfab.com/avatars/51af6a870cce449eb75b0345feebaebb/2ef0f894055b4bb69123b2a27fa2d379.jpeg",
          "height": 90
        },
        {
          "size": 6496,
          "width": 100,
          "url": "https://media.sketchfab.com/avatars/51af6a870cce449eb75b0345feebaebb/ab11eedf96374486acb544f71a23b165.jpeg",
          "height": 100
        },
        {
          "size": 1359,
          "width": 32,
          "url": "https://media.sketchfab.com/avatars/51af6a870cce449eb75b0345feebaebb/35f6f9b6c9a14a548ce472582d8a9bb5.jpeg",
          "height": 32
        },
        {
          "size": 2584,
          "width": 48,
          "url": "https://media.sketchfab.com/avatars/51af6a870cce449eb75b0345feebaebb/a8072a51447c4d41ab177b357111b420.jpeg",
          "height": 48
        }
      ]
    },
    "uri": "https://api.sketchfab.com/v3/users/1ab348eddc0645a0a4e9aa03c39a16cc"
  },
  "description": "Sistema de climatización e instalaciones técnicas del edificio.",
  "faceCount": 304642,
  "createdAt": "2021-03-04T10:52:27.683305",
  "vertexCount": 103403,
  "isAgeRestricted": false,
  "archives": {
    "glb": {
      "textureCount": 9,
      "size": 10071716,
      "type": "glb",
      "textureMaxResolution": 256,
      "faceCount": 304642,
      "vertexCount": 176258
    },
    "gltf": {
      "textureCount": 9,
      "size": 3866084,
      "type": "gltf",
      "textureMaxResolution": 256,
      "faceCount": 304642,
      "vertexCount": 176258
    },
    "source": {
      "textureCount": null,
      "size": 5752726,
      "type": "source",
      "textureMaxResolution": null,
      "faceCount": null,
      "vertexCount": null
    },
    "usdz": {
      "textureCount": null,
      "size": 5683493,
      "type": "usdz",
      "textureMaxResolution": null,
      "faceCount": null,
      "vertexCount": null
    }
  },
  "license": "by"
}