{
  "uri": "https://api.sketchfab.com/v3/models/36c36166730a423396e42546ae0d346a",
  "uid": "36c36166730a423396e42546ae0d346a",
  "name": "Protruding white rock 1",
  "staffpickedAt": null,
  "viewCount": 8361,
  "likeCount": 215,
  "animationCount": 0,
  "viewerUrl": "https://sketchfab.com/3d-models/36c36166730a423396e42546ae0d346a",
  "embedUrl": "https://sketchfab.com/models/36c36166730a423396e42546ae0d346a/embed",
  "commentCount": 4,
  "isDownloadable": true,
  "publishedAt": "2017-11-04T08:05:17.658437",
  "tags": [
    {
      "name": "object",
      "slug": "object",
      "uri": "https://api.sketchfab.com/v3/tags/object"
    },
    {
      "name": "forest",
      "slug": "forest",
      "uri": "https://api.sketchfab.com/v3/tags/forest"
    },
    {
      "name": "prop",
      "slug": "prop",
      "uri": "https://api.sketchfab.com/v3/tags/prop"
    },
    {
      "name": "rocks",
      "slug": "rocks",
      "uri": "https://api.sketchfab.com/v3/tags/rocks"
    },
    {
      "name": "reality",
      "slug": "reality",
      "uri": "https://api.sketchfab.com/v3/tags/reality"
    },
    {
      "name": "ground",
      "slug": "ground",
      "uri": "https://api.sketchfab.com/v3/tags/ground"
    },
    {
      "name": "cz",
      "slug": "cz",
      "uri": "https://api.sketchfab.com/v3/tags/cz"
    },
    {
      "name": "hipoly",
      "slug": "hipoly",
      "uri": "https://api.sketchfab.com/v3/tags/hipoly"
    },
    {
      "name": "vr",
      "slug": "vr",
      "uri": "https://api.sketchfab.com/v3/tags/vr"
    },
    {
      "name": "park",
      "slug": "park",
      "uri": "https://api.sketchfab.com/v3/tags/park"
    },
    {
      "name": "reference",
      "slug": "reference",
      "uri": "https://api.sketchfab.com/v3/tags/reference"
    },
    {
      "name": "realistic",
      "slug": "realistic",
      "uri": "https://api.sketchfab.com/v3/tags/realistic"
    },
    {
      "name": "real",
      "slug": "real",
      "uri": "https://api.sketchfab.com/v3/tags/real"
    },
    {
      "name": "nature",
      "slug": "nature",
      "uri": "https://api.sketchfab.com/v3/tags/nature"
    },
    {
      "name": "czech",
      "slug": "czech",
      "uri": "https://api.sketchfab.com/v3/tags/czech"
    },
    {
      "name": "place",
      "slug": "place",
      "uri": "https://api.sketchfab.com/v3/tags/place"
    },
    {
      "name": "scann3d",
      "slug": "scann3d",
      "uri": "https://api.sketchfab.com/v3/tags/scann3d"
    },
    {
      "name": "brno",
      "slug": "brno",
      "uri": "https://api.sketchfab.com/v3/tags/brno"
    },
    {
      "name": "location",
      "slug": "location",
      "uri": "https://api.sketchfab.com/v3/tags/location"
    },
    {
      "name": "realitycapture",
      "slug": "realitycapture",
      "uri": "https://api.sketchfab.com/v3/tags/realitycapture"
    },
    {
      "name": "photogrammetry",
      "slug": "photogrammetry",
      "uri": "https://api.sketchfab.com/v3/tags/photogrammetry"
    },
    {
      "name": "asset",
      "slug": "asset",
      "uri": "https://api.sketchfab.com/v3/tags/asset"
    },
    {
      "name": "game",
      "slug": "game",
      "uri": "https://api.sketchfab.com/v3/tags/game"
    },
    {
      "name": "art",
      "slug": "art",
      "uri": "https://api.sketchfab.com/v3/tags/art"
    },
    {
      "name": "texture",
      "slug": "texture",
      "uri": "https://api.sketchfab.com/v3/tags/texture"
    },
    {
      "name": "gameart",
      "slug": "gameart",
      "uri": "https://api.sketchfab.com/v3/tags/gameart"
    },
    {
      "name": "scan",
      "slug": "scan",
      "uri": "https://api.sketchfab.com/v3/tags/scan"
    },
    {
      "name": "stone",
      "slug": "stone",
      "uri": "https://api.sketchfab.com/v3/tags/stone"
    },
    {
      "name": "gameasset",
      "slug": "gameasset",
      "uri": "https://api.sketchfab.com/v3/tags/gameasset"
    },
    {
      "name": "free",
      "slug": "free",
      "uri": "https://api.sketchfab.com/v3/tags/free"
    },
    {
      "name": "rock",
      "slug": "rock",
      "uri": "https://api.sketchfab.com/v3/tags/rock"
    },
    {
      "name": "textured",
      "slug": "textured",
      "uri": "https://api.sketchfab.com/v3/tags/textured"
    }
  ],
  "categories": [
    {
      "name": "nature-plants"
    }
  ],
  "thumbnails": {
    "images": [
      {
        "uid": "d93a16fcf526475bb356eea68667cfa1",
        "size": 672144,
        "width": 1920,
        "url": "https://media.sketchfab.com/models/36c36166730a423396e42546ae0d346a/thumbnails/d65978c105cf4712982f30b2db17b1b8/1920x1080.jpeg",
        "height": 1080
      },
      {
        "uid": "02eadea7407d4cc78d4930a5421897b0",
        "size": 195645,
        "width": 1024,
        "url": "https://media.sketchfab.com/models/36c36166730a423396e42546ae0d346a/thumbnails/d65978c105cf4712982f30b2db17b1b8/1024x576.jpeg",
        "height": 576
      },
      {
        "uid": "126c883a0bd34576957209f8353c943f",
        "size": 102309,
        "width": 720,
        "url": "https://media.sketchfab.com/models/36c36166730a423396e42546ae0d346a/thumbnails/d65978c105cf4712982f30b2db17b1b8/720x405.jpeg",
        "height": 405
      },
      {
        "uid": "534bc7edbf2745b180b9162b12bf5328",
        "size": 14692,
        "width": 256,
        "url": "https://media.sketchfab.com/models/36c36166730a423396e42546ae0d346a/thumbnails/d65978c105cf4712982f30b2db17b1b8/256x144.jpeg",
        "height": 144
      },
      {
        "uid": "e760884a1074490fb3ce7ed9eb3d12d1",
        "size": 1656,
        "width": 64,
        "url": "https://media.sketchfab.com/models/36c36166730a423396e42546ae0d346a/thumbnails/d65978c105cf4712982f30b2db17b1b8/64x36.jpeg",
        "height": 36
      }
    ]
  },
  "user": {
    "uid": "56b017a4f5a94a12b029692e61ec3dab",
    "username": "3dhdscan",
    "displayName": "3dhdscan",
    "profileUrl": "https://sketchfab.com/3dhdscan",
    "account": "basic",
    "avatar": {
      "uri": "https://api.sketchfab.com/v3/avatars/8a719802f04443328e6f851e04c97f0d",
      "images": [
        {
          "size": 1252,
          "width": 32,
          "url": "https://media.sketchfab.com/avatars/8a719802f04443328e6f851e04c97f0d/651d16522ad54854bf2b9401855dae45.jpeg",
          "height": 32
        },
        {
          "size": 1803,
          "width": 48,
          "url": "https://media.sketchfab.com/avatars/8a719802f04443328e6f851e04c97f0d/1e5ad91e53ed4b68b6cebeea44327471.jpeg",
          "height": 48
        },
        {
          "size": 4066,
          "width": 90,
          "url": "https://media.sketchfab.com/avatars/8a719802f04443328e6f851e04c97f0d/6ae506f72563454e9dbc7c4fbc38984d.jpeg",
          "height": 90
        },
        {
          "size": 4600,
          "width": 100,
          "url": "https://media.sketchfab.com/avatars/8a719802f04443328e6f851e04c97f0d/629d3393be2c48a1b6f244a5f661ebbb.jpeg",
          "height": 100
        }
      ]
    },
    "uri": "https://api.sketchfab.com/v3/users/56b017a4f5a94a12b029692e61ec3dab"
  },
  "description": "Protruding white rock 1\n\nVideo tutorial link:\n[http://www.3dhdscan.com/tutorials.html](http://)\n\nA good reference or gameobject to a computer game. \n\n8k difuse map, normal map, 4k ambient occlusion map...\n\nPhotogrammetry from 305 photos.",
  "faceCount": 93879,
  "createdAt": "2017-11-02T16:24:50.009747",
  "vertexCount": 47002,
  "isAgeRestricted": false,
  "archives": {
    "glb": {
      "textureCount": 3,
      "size": 133103864,
      "type": "glb",
      "textureMaxResolution": 8192,
      "faceCount": 93879,
      "vertexCount": 59500
    },
    "gltf": {
      "textureCount": 3,
      "size": 131720759,
      "type": "gltf",
      "textureMaxResolution": 8192,
      "faceCount": 93879,
      "vertexCount": 59500
    },
    "source": {
      "textureCount": null,
      "size": 93259599,
      "type": "source",
      "textureMaxResolution": null,
      "faceCount": null,
      "vertexCount": null
    },
    "usdz": {
      "textureCount": null,
      "size": 11195835,
      "type": "usdz",
      "textureMaxResolution": null,
      "faceCount": null,
      "vertexCount": null
    }
  },
  "license": "by"
}