{
  "uri": "https://api.sketchfab.com/v3/models/36c89bba48c349c198743a7c6016c781",
  "uid": "36c89bba48c349c198743a7c6016c781",
  "name": "Roof on house test",
  "staffpickedAt": null,
  "viewCount": 1,
  "likeCount": 0,
  "animationCount": 0,
  "viewerUrl": "https://sketchfab.com/3d-models/36c89bba48c349c198743a7c6016c781",
  "embedUrl": "https://sketchfab.com/models/36c89bba48c349c198743a7c6016c781/embed",
  "commentCount": 0,
  "isDownloadable": true,
  "publishedAt": "2020-07-01T11:03:27.912414",
  "tags": [
    {
      "name": "3d",
      "slug": "3d",
      "uri": "https://api.sketchfab.com/v3/tags/3d"
    },
    {
      "name": "design",
      "slug": "design",
      "uri": "https://api.sketchfab.com/v3/tags/design"
    },
    {
      "name": "home",
      "slug": "home",
      "uri": "https://api.sketchfab.com/v3/tags/home"
    }
  ],
  "categories": [],
  "thumbnails": {
    "images": [
      {
        "uid": "262e369e9c944f6ca70c789206468920",
        "size": 21408,
        "width": 1920,
        "url": "https://media.sketchfab.com/models/36c89bba48c349c198743a7c6016c781/thumbnails/a1e884355f374b03945cf705ff28c8af/5faa1fd4562e41d0ae2767b5844dbf90.jpeg",
        "height": 1080
      },
      {
        "uid": "c8a7e73d2b5647fa9e4339697fa11d4e",
        "size": 7007,
        "width": 1024,
        "url": "https://media.sketchfab.com/models/36c89bba48c349c198743a7c6016c781/thumbnails/a1e884355f374b03945cf705ff28c8af/2facf8a2b7784013b3997d52ef06e3fa.jpeg",
        "height": 576
      },
      {
        "uid": "ed0fa2029a864161aa06a658e4ae5047",
        "size": 4091,
        "width": 720,
        "url": "https://media.sketchfab.com/models/36c89bba48c349c198743a7c6016c781/thumbnails/a1e884355f374b03945cf705ff28c8af/fd4be7c599aa483483fa9b76081d7a9e.jpeg",
        "height": 405
      },
      {
        "uid": "fe0c166a9c4a428d964849e368fb96a6",
        "size": 992,
        "width": 256,
        "url": "https://media.sketchfab.com/models/36c89bba48c349c198743a7c6016c781/thumbnails/a1e884355f374b03945cf705ff28c8af/83d86332b19b4bc49a03f0b76b469caa.jpeg",
        "height": 144
      },
      {
        "uid": "24eb2e3d5c2e4085b230d18b066eb514",
        "size": 410,
        "width": 64,
        "url": "https://media.sketchfab.com/models/36c89bba48c349c198743a7c6016c781/thumbnails/a1e884355f374b03945cf705ff28c8af/49db73b81dfb49c6a4261cdf75d00af7.jpeg",
        "height": 36
      }
    ]
  },
  "user": {
    "uid": "690dba639c13453e8f162de87edff67f",
    "username": "homedesign3d",
    "displayName": "Home Design 3D",
    "profileUrl": "https://sketchfab.com/homedesign3d",
    "account": "prem",
    "avatar": {
      "uri": "https://api.sketchfab.com/v3/avatars/a071741bdf9940f4ae18e8040a61faa5",
      "images": [
        {
          "size": 4544,
          "width": 32,
          "url": "https://media.sketchfab.com/avatars/a071741bdf9940f4ae18e8040a61faa5/6f2293831ab94491bf20fa1c17751abd.png",
          "height": 32
        },
        {
          "size": 5982,
          "width": 48,
          "url": "https://media.sketchfab.com/avatars/a071741bdf9940f4ae18e8040a61faa5/32acfb38b1134650ab27e179a9843a0c.png",
          "height": 48
        },
        {
          "size": 10325,
          "width": 90,
          "url": "https://media.sketchfab.com/avatars/a071741bdf9940f4ae18e8040a61faa5/25d5af261a64421a9a264ea6096f3c4c.png",
          "height": 90
        },
        {
          "size": 11374,
          "width": 100,
          "url": "https://media.sketchfab.com/avatars/a071741bdf9940f4ae18e8040a61faa5/de3e5d11ac71483bbb8b70f962bd587f.png",
          "height": 100
        }
      ]
    },
    "uri": "https://api.sketchfab.com/v3/users/690dba639c13453e8f162de87edff67f"
  },
  "description": "Home Design 3D",
  "faceCount": 184285,
  "createdAt": "2020-07-01T11:02:49.742607",
  "vertexCount": 111358,
  "isAgeRestricted": false,
  "archives": {
    "glb": {
      "textureCount": 0,
      "size": 8649948,
      "type": "glb",
      "textureMaxResolution": 0,
      "faceCount": 184268,
      "vertexCount": 216116
    },
    "gltf": {
      "textureCount": 0,
      "size": 2458566,
      "type": "gltf",
      "textureMaxResolution": 0,
      "faceCount": 184268,
      "vertexCount": 216116
    },
    "source": {
      "textureCount": null,
      "size": 4856661,
      "type": "source",
      "textureMaxResolution": null,
      "faceCount": null,
      "vertexCount": null
    },
    "usdz": {
      "textureCount": null,
      "size": 5424531,
      "type": "usdz",
      "textureMaxResolution": null,
      "faceCount": null,
      "vertexCount": null
    }
  },
  "license": "by-nc-sa"
}