{
  "uri": "https://api.sketchfab.com/v3/models/36c91f94e5304dfe8f7c6252348110ce",
  "uid": "36c91f94e5304dfe8f7c6252348110ce",
  "name": "Pumpkin",
  "staffpickedAt": null,
  "viewCount": 75,
  "likeCount": 5,
  "animationCount": 0,
  "viewerUrl": "https://sketchfab.com/3d-models/36c91f94e5304dfe8f7c6252348110ce",
  "embedUrl": "https://sketchfab.com/models/36c91f94e5304dfe8f7c6252348110ce/embed",
  "commentCount": 0,
  "isDownloadable": true,
  "publishedAt": "2020-07-01T22:25:59.037521",
  "tags": [
    {
      "name": "substancepainter",
      "slug": "substancepainter",
      "uri": "https://api.sketchfab.com/v3/tags/substancepainter"
    },
    {
      "name": "substance",
      "slug": "substance",
      "uri": "https://api.sketchfab.com/v3/tags/substance"
    }
  ],
  "categories": [
    {
      "name": "animals-pets"
    }
  ],
  "thumbnails": {
    "images": [
      {
        "uid": "a39fc985d98d45febd1ae460394ae179",
        "size": 274462,
        "width": 1920,
        "url": "https://media.sketchfab.com/models/36c91f94e5304dfe8f7c6252348110ce/thumbnails/92d920725a3c420f9edf6c044b24fc8e/75cde86f720843f78251595533f1216d.jpeg",
        "height": 1080
      },
      {
        "uid": "785f4012dd2444c38d21e1b982319196",
        "size": 71761,
        "width": 1024,
        "url": "https://media.sketchfab.com/models/36c91f94e5304dfe8f7c6252348110ce/thumbnails/92d920725a3c420f9edf6c044b24fc8e/bdc88c2ca16842c4b31758f270af6a71.jpeg",
        "height": 576
      },
      {
        "uid": "17cb168768ba422e9ec722a18b620b5a",
        "size": 32421,
        "width": 720,
        "url": "https://media.sketchfab.com/models/36c91f94e5304dfe8f7c6252348110ce/thumbnails/92d920725a3c420f9edf6c044b24fc8e/dec009c8f6ad49248799f768ea8c9d72.jpeg",
        "height": 405
      },
      {
        "uid": "e936301871964f44a605febd49d066aa",
        "size": 4059,
        "width": 256,
        "url": "https://media.sketchfab.com/models/36c91f94e5304dfe8f7c6252348110ce/thumbnails/92d920725a3c420f9edf6c044b24fc8e/a307793fb30a4a5497e010d7387c8d92.jpeg",
        "height": 144
      },
      {
        "uid": "b70fd2f76985492286f66e90edd1d058",
        "size": 720,
        "width": 64,
        "url": "https://media.sketchfab.com/models/36c91f94e5304dfe8f7c6252348110ce/thumbnails/92d920725a3c420f9edf6c044b24fc8e/19db25816c3f4b01a38605f191e23dc9.jpeg",
        "height": 36
      }
    ]
  },
  "user": {
    "uid": "d5397d1abfb3436681c31f50fde278b8",
    "username": "looperman86",
    "displayName": "looperman86",
    "profileUrl": "https://sketchfab.com/looperman86",
    "account": "basic",
    "avatar": {
      "uri": "https://api.sketchfab.com/v3/avatars/fa1a0273477f40158a08963ca014aaa3",
      "images": [
        {
          "size": 2458,
          "width": 32,
          "url": "https://media.sketchfab.com/avatars/fa1a0273477f40158a08963ca014aaa3/638060a1bb6849d88b032ff21cd9c403.png",
          "height": 32
        },
        {
          "size": 4375,
          "width": 48,
          "url": "https://media.sketchfab.com/avatars/fa1a0273477f40158a08963ca014aaa3/3a832297e54b4d12b2bf0caa7f5e3d9f.png",
          "height": 48
        },
        {
          "size": 11670,
          "width": 90,
          "url": "https://media.sketchfab.com/avatars/fa1a0273477f40158a08963ca014aaa3/cf46ce7276854a51a400482a4ef09aec.png",
          "height": 90
        },
        {
          "size": 13716,
          "width": 100,
          "url": "https://media.sketchfab.com/avatars/fa1a0273477f40158a08963ca014aaa3/a4fc1c8277f5406e9870d72966e9b693.png",
          "height": 100
        }
      ]
    },
    "uri": "https://api.sketchfab.com/v3/users/d5397d1abfb3436681c31f50fde278b8"
  },
  "description": "Pumpkin",
  "faceCount": 6866,
  "createdAt": "2020-07-01T22:24:42.136063",
  "vertexCount": 3437,
  "isAgeRestricted": false,
  "archives": {
    "glb": {
      "textureCount": 6,
      "size": 2120920,
      "type": "glb",
      "textureMaxResolution": 1024,
      "faceCount": 6866,
      "vertexCount": 3606
    },
    "gltf": {
      "textureCount": 6,
      "size": 1977596,
      "type": "gltf",
      "textureMaxResolution": 1024,
      "faceCount": 6866,
      "vertexCount": 3606
    },
    "source": {
      "textureCount": null,
      "size": 2721391,
      "type": "source",
      "textureMaxResolution": null,
      "faceCount": null,
      "vertexCount": null
    },
    "usdz": {
      "textureCount": null,
      "size": 1494483,
      "type": "usdz",
      "textureMaxResolution": null,
      "faceCount": null,
      "vertexCount": null
    }
  },
  "license": "by"
}