{
  "uri": "https://api.sketchfab.com/v3/models/36ce28e1468845ad80c3f17e17444cb8",
  "uid": "36ce28e1468845ad80c3f17e17444cb8",
  "name": "steampunkgirl",
  "staffpickedAt": null,
  "viewCount": 111,
  "likeCount": 5,
  "animationCount": 0,
  "viewerUrl": "https://sketchfab.com/3d-models/36ce28e1468845ad80c3f17e17444cb8",
  "embedUrl": "https://sketchfab.com/models/36ce28e1468845ad80c3f17e17444cb8/embed",
  "commentCount": 0,
  "isDownloadable": true,
  "publishedAt": "2020-09-06T11:30:21.145585",
  "tags": [],
  "categories": [],
  "thumbnails": {
    "images": [
      {
        "uid": "d25c588f7beb4db3b31bc00f52b7aa39",
        "size": 193099,
        "width": 1920,
        "url": "https://media.sketchfab.com/models/36ce28e1468845ad80c3f17e17444cb8/thumbnails/2a67e1d26dcd4197a94143841f0d72a7/3697f972bdcd41e19095052c74ea6b16.jpeg",
        "height": 1080
      },
      {
        "uid": "5511ddabe6a94307bf328f22751cfd29",
        "size": 27109,
        "width": 1024,
        "url": "https://media.sketchfab.com/models/36ce28e1468845ad80c3f17e17444cb8/thumbnails/2a67e1d26dcd4197a94143841f0d72a7/cc1336c74f1441e2b9d9c053e79599bf.jpeg",
        "height": 576
      },
      {
        "uid": "182814c30e664256a957aa3449760d5c",
        "size": 11628,
        "width": 720,
        "url": "https://media.sketchfab.com/models/36ce28e1468845ad80c3f17e17444cb8/thumbnails/2a67e1d26dcd4197a94143841f0d72a7/9bb4ab7977214e078e7f0fcff2bff2b0.jpeg",
        "height": 405
      },
      {
        "uid": "ce6777473ef74c649a86ed1fed73511f",
        "size": 2057,
        "width": 256,
        "url": "https://media.sketchfab.com/models/36ce28e1468845ad80c3f17e17444cb8/thumbnails/2a67e1d26dcd4197a94143841f0d72a7/44d6b249a00c4577af804ad6945c4313.jpeg",
        "height": 144
      },
      {
        "uid": "714477e955144b85a0f5706f310e82f4",
        "size": 552,
        "width": 64,
        "url": "https://media.sketchfab.com/models/36ce28e1468845ad80c3f17e17444cb8/thumbnails/2a67e1d26dcd4197a94143841f0d72a7/e69a227a49f24fc48503df10289226dc.jpeg",
        "height": 36
      }
    ]
  },
  "user": {
    "uid": "163480cec7e84a05a0b3ca2d181de6bc",
    "username": "x625097943",
    "displayName": "x625097943",
    "profileUrl": "https://sketchfab.com/x625097943",
    "account": "basic",
    "avatar": {
      "uri": "https://api.sketchfab.com/v3/avatars/51af6a870cce449eb75b0345feebaebb",
      "images": [
        {
          "size": 5719,
          "width": 90,
          "url": "https://media.sketchfab.com/avatars/51af6a870cce449eb75b0345feebaebb/2ef0f894055b4bb69123b2a27fa2d379.jpeg",
          "height": 90
        },
        {
          "size": 6496,
          "width": 100,
          "url": "https://media.sketchfab.com/avatars/51af6a870cce449eb75b0345feebaebb/ab11eedf96374486acb544f71a23b165.jpeg",
          "height": 100
        },
        {
          "size": 1359,
          "width": 32,
          "url": "https://media.sketchfab.com/avatars/51af6a870cce449eb75b0345feebaebb/35f6f9b6c9a14a548ce472582d8a9bb5.jpeg",
          "height": 32
        },
        {
          "size": 2584,
          "width": 48,
          "url": "https://media.sketchfab.com/avatars/51af6a870cce449eb75b0345feebaebb/a8072a51447c4d41ab177b357111b420.jpeg",
          "height": 48
        }
      ]
    },
    "uri": "https://api.sketchfab.com/v3/users/163480cec7e84a05a0b3ca2d181de6bc"
  },
  "description": "",
  "faceCount": 447664,
  "createdAt": "2020-09-06T09:58:56.299043",
  "vertexCount": 227863,
  "isAgeRestricted": false,
  "archives": {
    "glb": {
      "textureCount": 26,
      "size": 49880284,
      "type": "glb",
      "textureMaxResolution": 2048,
      "faceCount": 447664,
      "vertexCount": 240493
    },
    "gltf": {
      "textureCount": 26,
      "size": 42621710,
      "type": "gltf",
      "textureMaxResolution": 2048,
      "faceCount": 447664,
      "vertexCount": 240493
    },
    "source": {
      "textureCount": null,
      "size": 51190295,
      "type": "source",
      "textureMaxResolution": null,
      "faceCount": null,
      "vertexCount": null
    },
    "usdz": {
      "textureCount": null,
      "size": 9820127,
      "type": "usdz",
      "textureMaxResolution": null,
      "faceCount": null,
      "vertexCount": null
    }
  },
  "license": "by"
}