{
  "uri": "https://api.sketchfab.com/v3/models/36cefadeb5fb420d81456eb0ede70a87",
  "uid": "36cefadeb5fb420d81456eb0ede70a87",
  "name": "Bodenlinien",
  "staffpickedAt": null,
  "viewCount": 0,
  "likeCount": 0,
  "animationCount": 0,
  "viewerUrl": "https://sketchfab.com/3d-models/36cefadeb5fb420d81456eb0ede70a87",
  "embedUrl": "https://sketchfab.com/models/36cefadeb5fb420d81456eb0ede70a87/embed",
  "commentCount": 0,
  "isDownloadable": true,
  "publishedAt": "2022-01-07T11:53:59.519954",
  "tags": [],
  "categories": [],
  "thumbnails": {
    "images": [
      {
        "uid": "aa4cd3cc68e14e938a0d53f1e1778b4d",
        "size": 37313,
        "width": 1920,
        "url": "https://media.sketchfab.com/models/36cefadeb5fb420d81456eb0ede70a87/thumbnails/fcaf82e0f5f346eab513209d70d502a6/3e9d1e841da74b67aa9b646e704ca462.jpeg",
        "height": 1080
      },
      {
        "uid": "1fbb0789441146acafe5be2875216ae3",
        "size": 12084,
        "width": 1024,
        "url": "https://media.sketchfab.com/models/36cefadeb5fb420d81456eb0ede70a87/thumbnails/fcaf82e0f5f346eab513209d70d502a6/692f26964cec4be9b1115ce741442221.jpeg",
        "height": 576
      },
      {
        "uid": "23dd3d911b9f462e974d4bbe604efa41",
        "size": 6984,
        "width": 720,
        "url": "https://media.sketchfab.com/models/36cefadeb5fb420d81456eb0ede70a87/thumbnails/fcaf82e0f5f346eab513209d70d502a6/4e10b4401f294eb69c4d60700deff5b1.jpeg",
        "height": 405
      },
      {
        "uid": "6f851b76856d4818ae193a60709692e8",
        "size": 1752,
        "width": 256,
        "url": "https://media.sketchfab.com/models/36cefadeb5fb420d81456eb0ede70a87/thumbnails/fcaf82e0f5f346eab513209d70d502a6/d10f07967efa4f1695fd1ac508988adc.jpeg",
        "height": 144
      },
      {
        "uid": "da7b1ba04c4f41408d40d913cf2da39e",
        "size": 794,
        "width": 64,
        "url": "https://media.sketchfab.com/models/36cefadeb5fb420d81456eb0ede70a87/thumbnails/fcaf82e0f5f346eab513209d70d502a6/28fd2c0062334d74959941cb240976e3.jpeg",
        "height": 36
      }
    ]
  },
  "user": {
    "uid": "453aa0f2637d485cb079e6d1ec3ebf45",
    "username": "LilWindex",
    "displayName": "LilWindex",
    "profileUrl": "https://sketchfab.com/LilWindex",
    "account": "basic",
    "avatar": {
      "uri": "https://api.sketchfab.com/v3/avatars/3ef1bd11d3eb4b57a0b353e8f2e5fc3e",
      "images": [
        {
          "size": 680,
          "width": 32,
          "url": "https://media.sketchfab.com/avatars/3ef1bd11d3eb4b57a0b353e8f2e5fc3e/116042a0854e40538adab302b593683d.jpeg",
          "height": 32
        },
        {
          "size": 1253,
          "width": 48,
          "url": "https://media.sketchfab.com/avatars/3ef1bd11d3eb4b57a0b353e8f2e5fc3e/efea16be51d04eb7a00cb9ea0b43b87f.jpeg",
          "height": 48
        },
        {
          "size": 2797,
          "width": 90,
          "url": "https://media.sketchfab.com/avatars/3ef1bd11d3eb4b57a0b353e8f2e5fc3e/ac9b469ccec74caf923a81fb2f0be3ed.jpeg",
          "height": 90
        },
        {
          "size": 3215,
          "width": 100,
          "url": "https://media.sketchfab.com/avatars/3ef1bd11d3eb4b57a0b353e8f2e5fc3e/a075e1d43d2f446c949b5967b470c757.jpeg",
          "height": 100
        }
      ]
    },
    "uri": "https://api.sketchfab.com/v3/users/453aa0f2637d485cb079e6d1ec3ebf45"
  },
  "description": "",
  "faceCount": 12,
  "createdAt": "2022-01-07T11:53:02.022476",
  "vertexCount": 8,
  "isAgeRestricted": false,
  "archives": {
    "glb": {
      "textureCount": 0,
      "size": 2636,
      "type": "glb",
      "textureMaxResolution": 0,
      "faceCount": 12,
      "vertexCount": 24
    },
    "gltf": {
      "textureCount": 0,
      "size": 1663,
      "type": "gltf",
      "textureMaxResolution": 0,
      "faceCount": 12,
      "vertexCount": 24
    },
    "source": {
      "textureCount": null,
      "size": 2431,
      "type": "source",
      "textureMaxResolution": null,
      "faceCount": null,
      "vertexCount": null
    },
    "usdz": {
      "textureCount": null,
      "size": 3552,
      "type": "usdz",
      "textureMaxResolution": null,
      "faceCount": null,
      "vertexCount": null
    }
  },
  "license": "by"
}