{
  "uri": "https://api.sketchfab.com/v3/models/36d562434d2e4fcfbf0b466cc694d315",
  "uid": "36d562434d2e4fcfbf0b466cc694d315",
  "name": "kitchen sink Presto 7850_Black metallic_Platinum",
  "staffpickedAt": null,
  "viewCount": 219,
  "likeCount": 3,
  "animationCount": 0,
  "viewerUrl": "https://sketchfab.com/3d-models/36d562434d2e4fcfbf0b466cc694d315",
  "embedUrl": "https://sketchfab.com/models/36d562434d2e4fcfbf0b466cc694d315/embed",
  "commentCount": 0,
  "isDownloadable": true,
  "publishedAt": "2020-12-18T13:49:37.803690",
  "tags": [
    {
      "name": "sink",
      "slug": "sink",
      "uri": "https://api.sketchfab.com/v3/tags/sink"
    },
    {
      "name": "fbx",
      "slug": "fbx",
      "uri": "https://api.sketchfab.com/v3/tags/fbx"
    },
    {
      "name": "kitchen",
      "slug": "kitchen",
      "uri": "https://api.sketchfab.com/v3/tags/kitchen"
    },
    {
      "name": "platinum",
      "slug": "platinum",
      "uri": "https://api.sketchfab.com/v3/tags/platinum"
    },
    {
      "name": "granite",
      "slug": "granite",
      "uri": "https://api.sketchfab.com/v3/tags/granite"
    },
    {
      "name": "c4d",
      "slug": "c4d",
      "uri": "https://api.sketchfab.com/v3/tags/c4d"
    }
  ],
  "categories": [
    {
      "name": "furniture-home"
    }
  ],
  "thumbnails": {
    "images": [
      {
        "uid": "a52c9c1b0b7d499d996b79a132c4760f",
        "size": 265028,
        "width": 1920,
        "url": "https://media.sketchfab.com/models/36d562434d2e4fcfbf0b466cc694d315/thumbnails/53b09e084de14e01bc2a574eb732f5be/a2b3492b348a4409b719d50fdc5328db.jpeg",
        "height": 1080
      },
      {
        "uid": "7d538854d97e410782af1858dd1e01fd",
        "size": 31270,
        "width": 1024,
        "url": "https://media.sketchfab.com/models/36d562434d2e4fcfbf0b466cc694d315/thumbnails/53b09e084de14e01bc2a574eb732f5be/5de708714490454286accbd165d1eafd.jpeg",
        "height": 576
      },
      {
        "uid": "78060bdcc1a94a949d378b2ab0dba22a",
        "size": 18105,
        "width": 720,
        "url": "https://media.sketchfab.com/models/36d562434d2e4fcfbf0b466cc694d315/thumbnails/53b09e084de14e01bc2a574eb732f5be/c827398836994fe2a11fbdc893e0f57d.jpeg",
        "height": 405
      },
      {
        "uid": "00d8fcf5f13744948b75b7ffe015200e",
        "size": 4245,
        "width": 256,
        "url": "https://media.sketchfab.com/models/36d562434d2e4fcfbf0b466cc694d315/thumbnails/53b09e084de14e01bc2a574eb732f5be/eeec3dfd92474e0f8c116bfcb9a975cb.jpeg",
        "height": 144
      },
      {
        "uid": "89d5227dd4784225ba8e0f36f1cceb7f",
        "size": 938,
        "width": 64,
        "url": "https://media.sketchfab.com/models/36d562434d2e4fcfbf0b466cc694d315/thumbnails/53b09e084de14e01bc2a574eb732f5be/1759277a7bfb4c7db8c7d211d4a1fcaa.jpeg",
        "height": 36
      }
    ]
  },
  "user": {
    "uid": "b352984d0c064d7db2e626081e59c6a6",
    "username": "yuridiz",
    "displayName": "yuridiz",
    "profileUrl": "https://sketchfab.com/yuridiz",
    "account": "basic",
    "avatar": {
      "uri": "https://api.sketchfab.com/v3/avatars/51af6a870cce449eb75b0345feebaebb",
      "images": [
        {
          "size": 5719,
          "width": 90,
          "url": "https://media.sketchfab.com/avatars/51af6a870cce449eb75b0345feebaebb/2ef0f894055b4bb69123b2a27fa2d379.jpeg",
          "height": 90
        },
        {
          "size": 6496,
          "width": 100,
          "url": "https://media.sketchfab.com/avatars/51af6a870cce449eb75b0345feebaebb/ab11eedf96374486acb544f71a23b165.jpeg",
          "height": 100
        },
        {
          "size": 1359,
          "width": 32,
          "url": "https://media.sketchfab.com/avatars/51af6a870cce449eb75b0345feebaebb/35f6f9b6c9a14a548ce472582d8a9bb5.jpeg",
          "height": 32
        },
        {
          "size": 2584,
          "width": 48,
          "url": "https://media.sketchfab.com/avatars/51af6a870cce449eb75b0345feebaebb/a8072a51447c4d41ab177b357111b420.jpeg",
          "height": 48
        }
      ]
    },
    "uri": "https://api.sketchfab.com/v3/users/b352984d0c064d7db2e626081e59c6a6"
  },
  "description": "",
  "faceCount": 280936,
  "createdAt": "2020-12-18T13:29:36.367061",
  "vertexCount": 141314,
  "isAgeRestricted": false,
  "archives": {
    "glb": {
      "textureCount": 2,
      "size": 10761680,
      "type": "glb",
      "textureMaxResolution": 2048,
      "faceCount": 280936,
      "vertexCount": 156396
    },
    "gltf": {
      "textureCount": 2,
      "size": 6119656,
      "type": "gltf",
      "textureMaxResolution": 2048,
      "faceCount": 280936,
      "vertexCount": 156396
    },
    "source": {
      "textureCount": null,
      "size": 47600133,
      "type": "source",
      "textureMaxResolution": null,
      "faceCount": null,
      "vertexCount": null
    },
    "usdz": {
      "textureCount": null,
      "size": 5358896,
      "type": "usdz",
      "textureMaxResolution": null,
      "faceCount": null,
      "vertexCount": null
    }
  },
  "license": "by"
}