{
  "uri": "https://api.sketchfab.com/v3/models/36d71071c6744af8a28e09ce9bc990dc",
  "uid": "36d71071c6744af8a28e09ce9bc990dc",
  "name": "Axe Project",
  "staffpickedAt": null,
  "viewCount": 4,
  "likeCount": 0,
  "animationCount": 0,
  "viewerUrl": "https://sketchfab.com/3d-models/36d71071c6744af8a28e09ce9bc990dc",
  "embedUrl": "https://sketchfab.com/models/36d71071c6744af8a28e09ce9bc990dc/embed",
  "commentCount": 0,
  "isDownloadable": true,
  "publishedAt": "2019-09-20T08:09:54.686673",
  "tags": [],
  "categories": [],
  "thumbnails": {
    "images": [
      {
        "uid": "9f38cf4bb12242eca59c30ee2c0da387",
        "size": 35925,
        "width": 1920,
        "url": "https://media.sketchfab.com/models/36d71071c6744af8a28e09ce9bc990dc/thumbnails/dbccdb804e8c4e65a8bd0929e7a129ca/c124ba8c39794b59a692ade728f92d16.jpeg",
        "height": 1080
      },
      {
        "uid": "ce26771b8c0a461eb082eabb09ec4e17",
        "size": 14112,
        "width": 1024,
        "url": "https://media.sketchfab.com/models/36d71071c6744af8a28e09ce9bc990dc/thumbnails/dbccdb804e8c4e65a8bd0929e7a129ca/9be54c2ba492489bb8ba72ce48e42e3d.jpeg",
        "height": 576
      },
      {
        "uid": "9877296a171f4e3e82088d584d719106",
        "size": 8939,
        "width": 720,
        "url": "https://media.sketchfab.com/models/36d71071c6744af8a28e09ce9bc990dc/thumbnails/dbccdb804e8c4e65a8bd0929e7a129ca/4a64f76dd16c4c9e93868c46f3642f7c.jpeg",
        "height": 405
      },
      {
        "uid": "7278228bc58d412caa443a43345ff1af",
        "size": 2372,
        "width": 256,
        "url": "https://media.sketchfab.com/models/36d71071c6744af8a28e09ce9bc990dc/thumbnails/dbccdb804e8c4e65a8bd0929e7a129ca/f1354f804d564d688e31f67e60bbaff6.jpeg",
        "height": 144
      },
      {
        "uid": "52955398b7ba4cebb855ed7aff3b701c",
        "size": 685,
        "width": 64,
        "url": "https://media.sketchfab.com/models/36d71071c6744af8a28e09ce9bc990dc/thumbnails/dbccdb804e8c4e65a8bd0929e7a129ca/d8f5e02915a144a6b948d2d975b6691d.jpeg",
        "height": 36
      }
    ]
  },
  "user": {
    "uid": "2d668653963e4191b85792a89b96f652",
    "username": "jq7654",
    "displayName": "Juan Quevedo",
    "profileUrl": "https://sketchfab.com/jq7654",
    "account": "basic",
    "avatar": {
      "uri": "https://api.sketchfab.com/v3/avatars/1b83c45560fc414d8cef6cc92dd4c66c",
      "images": [
        {
          "size": 1683,
          "width": 32,
          "url": "https://media.sketchfab.com/avatars/1b83c45560fc414d8cef6cc92dd4c66c/90d18ca1548c433d92e42fce7adbdeb5.png",
          "height": 32
        },
        {
          "size": 4505,
          "width": 48,
          "url": "https://media.sketchfab.com/avatars/1b83c45560fc414d8cef6cc92dd4c66c/4d4f7c7c7f9f4083a5d75aee260dad14.png",
          "height": 48
        },
        {
          "size": 10119,
          "width": 90,
          "url": "https://media.sketchfab.com/avatars/1b83c45560fc414d8cef6cc92dd4c66c/c3db5b672d2e4feea428f32c94593776.png",
          "height": 90
        },
        {
          "size": 11398,
          "width": 100,
          "url": "https://media.sketchfab.com/avatars/1b83c45560fc414d8cef6cc92dd4c66c/e1b27daf46ff4b2aa97d89e9a98e3a10.png",
          "height": 100
        }
      ]
    },
    "uri": "https://api.sketchfab.com/v3/users/2d668653963e4191b85792a89b96f652"
  },
  "description": "Assignment 2",
  "faceCount": 4096,
  "createdAt": "2019-09-20T08:08:51.748293",
  "vertexCount": 2069,
  "isAgeRestricted": false,
  "archives": {
    "glb": {
      "textureCount": 0,
      "size": 134680,
      "type": "glb",
      "textureMaxResolution": 0,
      "faceCount": 4096,
      "vertexCount": 2533
    },
    "gltf": {
      "textureCount": 0,
      "size": 68929,
      "type": "gltf",
      "textureMaxResolution": 0,
      "faceCount": 4096,
      "vertexCount": 2533
    },
    "source": {
      "textureCount": null,
      "size": 139182,
      "type": "source",
      "textureMaxResolution": null,
      "faceCount": null,
      "vertexCount": null
    },
    "usdz": {
      "textureCount": null,
      "size": 61842,
      "type": "usdz",
      "textureMaxResolution": null,
      "faceCount": null,
      "vertexCount": null
    }
  },
  "license": "by-nc"
}