{
  "uri": "https://api.sketchfab.com/v3/models/36da9fde034342dc8e84c7ddb8813a22",
  "uid": "36da9fde034342dc8e84c7ddb8813a22",
  "name": "asteroid",
  "staffpickedAt": null,
  "viewCount": 674,
  "likeCount": 13,
  "animationCount": 0,
  "viewerUrl": "https://sketchfab.com/3d-models/36da9fde034342dc8e84c7ddb8813a22",
  "embedUrl": "https://sketchfab.com/models/36da9fde034342dc8e84c7ddb8813a22/embed",
  "commentCount": 1,
  "isDownloadable": true,
  "publishedAt": "2016-11-09T20:08:22.616798",
  "tags": [],
  "categories": [],
  "thumbnails": {
    "images": [
      {
        "uid": "8990f30b0ad843a2ab0ce75e63cf42b6",
        "size": 857,
        "width": 50,
        "url": "https://media.sketchfab.com/models/36da9fde034342dc8e84c7ddb8813a22/thumbnails/00911cc3f2a943c6a427918251248758/50x50.jpeg",
        "height": 50
      },
      {
        "uid": "51f38c3bfb1f41bfa1f664d49f147a28",
        "size": 2071,
        "width": 100,
        "url": "https://media.sketchfab.com/models/36da9fde034342dc8e84c7ddb8813a22/thumbnails/00911cc3f2a943c6a427918251248758/100x100.jpeg",
        "height": 100
      },
      {
        "uid": "1154a348cc8b478d94ca1d15f5fc3e90",
        "size": 6391,
        "width": 200,
        "url": "https://media.sketchfab.com/models/36da9fde034342dc8e84c7ddb8813a22/thumbnails/00911cc3f2a943c6a427918251248758/200x200.jpeg",
        "height": 200
      },
      {
        "uid": "21f43b2b276e4831a2cb51d6c58b8e21",
        "size": 10917,
        "width": 448,
        "url": "https://media.sketchfab.com/models/36da9fde034342dc8e84c7ddb8813a22/thumbnails/00911cc3f2a943c6a427918251248758/448x252.jpeg",
        "height": 252
      },
      {
        "uid": "312cb57231544254b5c89229b126cbdc",
        "size": 19805,
        "width": 640,
        "url": "https://media.sketchfab.com/models/36da9fde034342dc8e84c7ddb8813a22/thumbnails/00911cc3f2a943c6a427918251248758/640x360.jpeg",
        "height": 360
      },
      {
        "uid": "85a027e6a3bb4fcbb0a54afe891a3947",
        "size": 31600,
        "width": 864,
        "url": "https://media.sketchfab.com/models/36da9fde034342dc8e84c7ddb8813a22/thumbnails/00911cc3f2a943c6a427918251248758/864x486.jpeg",
        "height": 486
      },
      {
        "uid": "b502ef12711c4f68a9546dcc6ddfbb17",
        "size": 41063,
        "width": 1024,
        "url": "https://media.sketchfab.com/models/36da9fde034342dc8e84c7ddb8813a22/thumbnails/00911cc3f2a943c6a427918251248758/1024x576.jpeg",
        "height": 576
      }
    ]
  },
  "user": {
    "uid": "c50c656c366148668420216688e4b3c2",
    "username": "k206i",
    "displayName": "k206i",
    "profileUrl": "https://sketchfab.com/k206i",
    "account": "basic",
    "avatar": {
      "uri": "https://api.sketchfab.com/v3/avatars/71a346e15b8b43a1949d5197b7dd8156",
      "images": [
        {
          "size": 2736,
          "width": 100,
          "url": "https://media.sketchfab.com/avatars/71a346e15b8b43a1949d5197b7dd8156/c7d0a014d4674b32834f886c708a88ce.jpeg",
          "height": 100
        },
        {
          "size": 2554,
          "width": 90,
          "url": "https://media.sketchfab.com/avatars/71a346e15b8b43a1949d5197b7dd8156/d619e7b9b18343249147f28c9e02a1df.jpeg",
          "height": 90
        },
        {
          "size": 1275,
          "width": 48,
          "url": "https://media.sketchfab.com/avatars/71a346e15b8b43a1949d5197b7dd8156/a3edfed2ada84a8c9dbab4e5b27125d6.jpeg",
          "height": 48
        },
        {
          "size": 830,
          "width": 32,
          "url": "https://media.sketchfab.com/avatars/71a346e15b8b43a1949d5197b7dd8156/389db26b9d954a799bedbc067f020b68.jpeg",
          "height": 32
        }
      ]
    },
    "uri": "https://api.sketchfab.com/v3/users/c50c656c366148668420216688e4b3c2"
  },
  "description": "",
  "faceCount": 98304,
  "createdAt": "2016-11-09T20:07:27.981044",
  "vertexCount": 98306,
  "isAgeRestricted": false,
  "archives": {
    "glb": {
      "textureCount": 1,
      "size": 5773452,
      "type": "glb",
      "textureMaxResolution": 512,
      "faceCount": 196608,
      "vertexCount": 100405
    },
    "gltf": {
      "textureCount": 1,
      "size": 3549065,
      "type": "gltf",
      "textureMaxResolution": 512,
      "faceCount": 196608,
      "vertexCount": 100405
    },
    "source": {
      "textureCount": null,
      "size": 262820,
      "type": "source",
      "textureMaxResolution": null,
      "faceCount": null,
      "vertexCount": null
    },
    "usdz": {
      "textureCount": null,
      "size": 3660182,
      "type": "usdz",
      "textureMaxResolution": null,
      "faceCount": null,
      "vertexCount": null
    }
  },
  "license": "by"
}