{
  "uri": "https://api.sketchfab.com/v3/models/36dc07bc70c94d3d9c114a53a1b171a0",
  "uid": "36dc07bc70c94d3d9c114a53a1b171a0",
  "name": "Darcey Desk, Dark Stain Oak",
  "staffpickedAt": null,
  "viewCount": 33718,
  "likeCount": 2,
  "animationCount": 0,
  "viewerUrl": "https://sketchfab.com/3d-models/36dc07bc70c94d3d9c114a53a1b171a0",
  "embedUrl": "https://sketchfab.com/models/36dc07bc70c94d3d9c114a53a1b171a0/embed",
  "commentCount": 0,
  "isDownloadable": true,
  "publishedAt": "2018-07-31T17:32:43.641407",
  "tags": [],
  "categories": [],
  "thumbnails": {
    "images": [
      {
        "uid": "511384eb0d4f4277a2189895cc53b7a5",
        "size": 51251,
        "width": 1920,
        "url": "https://media.sketchfab.com/models/36dc07bc70c94d3d9c114a53a1b171a0/thumbnails/b8d083e05d4147fdb8ba048d02f15605/0b74df206a8b4083a5836ea92be2d789.jpeg",
        "height": 1080
      },
      {
        "uid": "205a749c218c42b9bebe7a52fce857f6",
        "size": 18267,
        "width": 1024,
        "url": "https://media.sketchfab.com/models/36dc07bc70c94d3d9c114a53a1b171a0/thumbnails/b8d083e05d4147fdb8ba048d02f15605/5021b8f3e9fc4b6c9e9c6838116c7210.jpeg",
        "height": 576
      },
      {
        "uid": "5a351b2f5aa4426998df880c10e9f213",
        "size": 11496,
        "width": 720,
        "url": "https://media.sketchfab.com/models/36dc07bc70c94d3d9c114a53a1b171a0/thumbnails/b8d083e05d4147fdb8ba048d02f15605/f498c09fb3c84fb7ab72643503ece57a.jpeg",
        "height": 405
      },
      {
        "uid": "1dd150eb15e940b3af3a6a90d748c2d4",
        "size": 2981,
        "width": 256,
        "url": "https://media.sketchfab.com/models/36dc07bc70c94d3d9c114a53a1b171a0/thumbnails/b8d083e05d4147fdb8ba048d02f15605/e2062f1ebb264a1bb8f3ac67f2be9876.jpeg",
        "height": 144
      },
      {
        "uid": "ac0d0a7770ef4615ad7808800b5fc0a1",
        "size": 731,
        "width": 64,
        "url": "https://media.sketchfab.com/models/36dc07bc70c94d3d9c114a53a1b171a0/thumbnails/b8d083e05d4147fdb8ba048d02f15605/73cdbcd0c66b41f99f2c423a7abc6984.jpeg",
        "height": 36
      }
    ]
  },
  "user": {
    "uid": "79294ba0dd6e4e9b814326150e579e22",
    "username": "made-it",
    "displayName": "MADE.COM",
    "profileUrl": "https://sketchfab.com/made-it",
    "account": "ent",
    "avatar": {
      "uri": "https://api.sketchfab.com/v3/avatars/78fa317e46024a5283765aa34df5e508",
      "images": [
        {
          "size": 6421,
          "width": 100,
          "url": "https://media.sketchfab.com/avatars/78fa317e46024a5283765aa34df5e508/aec92fe9a74e499c98d759362cd7f02f.jpeg",
          "height": 100
        },
        {
          "size": 2518,
          "width": 48,
          "url": "https://media.sketchfab.com/avatars/78fa317e46024a5283765aa34df5e508/17fa177ffaa344a2b2fc8e78efd40fbb.jpeg",
          "height": 48
        },
        {
          "size": 5653,
          "width": 90,
          "url": "https://media.sketchfab.com/avatars/78fa317e46024a5283765aa34df5e508/02162695bdc840faa3bcb2d418309c5e.jpeg",
          "height": 90
        },
        {
          "size": 1350,
          "width": 32,
          "url": "https://media.sketchfab.com/avatars/78fa317e46024a5283765aa34df5e508/6fde876cbded4cd48d36a76029e3aa02.jpeg",
          "height": 32
        }
      ]
    },
    "uri": "https://api.sketchfab.com/v3/users/79294ba0dd6e4e9b814326150e579e22"
  },
  "description": "",
  "faceCount": 3238,
  "createdAt": "2018-07-31T17:10:52.049179",
  "vertexCount": 1668,
  "isAgeRestricted": false,
  "archives": {
    "glb": {
      "textureCount": 2,
      "size": 3203160,
      "type": "glb",
      "textureMaxResolution": 4096,
      "faceCount": 3238,
      "vertexCount": 7987
    },
    "gltf": {
      "textureCount": 2,
      "size": 2753176,
      "type": "gltf",
      "textureMaxResolution": 4096,
      "faceCount": 3238,
      "vertexCount": 7987
    },
    "source": {
      "textureCount": null,
      "size": 4815896,
      "type": "source",
      "textureMaxResolution": null,
      "faceCount": null,
      "vertexCount": null
    },
    "usdz": {
      "textureCount": null,
      "size": 3087151,
      "type": "usdz",
      "textureMaxResolution": null,
      "faceCount": null,
      "vertexCount": null
    }
  },
  "license": "by-nc"
}