{
  "uri": "https://api.sketchfab.com/v3/models/36e060413b114ebbba478bc2a1c25671",
  "uid": "36e060413b114ebbba478bc2a1c25671",
  "name": "Wall relief from Palace at Nimrud",
  "staffpickedAt": null,
  "viewCount": 97,
  "likeCount": 5,
  "animationCount": 0,
  "viewerUrl": "https://sketchfab.com/3d-models/36e060413b114ebbba478bc2a1c25671",
  "embedUrl": "https://sketchfab.com/models/36e060413b114ebbba478bc2a1c25671/embed",
  "commentCount": 0,
  "isDownloadable": true,
  "publishedAt": "2018-02-25T17:58:59.596267",
  "tags": [
    {
      "name": "nimrud",
      "slug": "nimrud",
      "uri": "https://api.sketchfab.com/v3/tags/nimrud"
    },
    {
      "name": "mesopotamia",
      "slug": "mesopotamia",
      "uri": "https://api.sketchfab.com/v3/tags/mesopotamia"
    },
    {
      "name": "assyria",
      "slug": "assyria",
      "uri": "https://api.sketchfab.com/v3/tags/assyria"
    },
    {
      "name": "photoscan",
      "slug": "photoscan",
      "uri": "https://api.sketchfab.com/v3/tags/photoscan"
    },
    {
      "name": "photogrammetry",
      "slug": "photogrammetry",
      "uri": "https://api.sketchfab.com/v3/tags/photogrammetry"
    },
    {
      "name": "archaeology",
      "slug": "archaeology",
      "uri": "https://api.sketchfab.com/v3/tags/archaeology"
    }
  ],
  "categories": [
    {
      "name": "cultural-heritage-history"
    }
  ],
  "thumbnails": {
    "images": [
      {
        "uid": "adc5fc0f2f5f4af0be63912ff58a0bfa",
        "size": 92199,
        "width": 1920,
        "url": "https://media.sketchfab.com/models/36e060413b114ebbba478bc2a1c25671/thumbnails/1033d6321e434fc9b21fbbcab122afe1/cd13bd037e694079beec83221e31b6f3.jpeg",
        "height": 1080
      },
      {
        "uid": "69618e533ab945f98bae09db66035b3a",
        "size": 23063,
        "width": 1024,
        "url": "https://media.sketchfab.com/models/36e060413b114ebbba478bc2a1c25671/thumbnails/1033d6321e434fc9b21fbbcab122afe1/7185c097b15e47a29de2a847c8a0c7cb.jpeg",
        "height": 576
      },
      {
        "uid": "1ecb0fdd908e40f980ef7a48d335cf6b",
        "size": 11434,
        "width": 720,
        "url": "https://media.sketchfab.com/models/36e060413b114ebbba478bc2a1c25671/thumbnails/1033d6321e434fc9b21fbbcab122afe1/be0d7335b2ec43e390bb54f8e4273fcf.jpeg",
        "height": 405
      },
      {
        "uid": "42e6dee1649f4f908d345547e01085c2",
        "size": 2230,
        "width": 256,
        "url": "https://media.sketchfab.com/models/36e060413b114ebbba478bc2a1c25671/thumbnails/1033d6321e434fc9b21fbbcab122afe1/931ebcb3aa76484680a37c519e6684de.jpeg",
        "height": 144
      },
      {
        "uid": "e50729078ca644ca91ee558182ff8341",
        "size": 585,
        "width": 64,
        "url": "https://media.sketchfab.com/models/36e060413b114ebbba478bc2a1c25671/thumbnails/1033d6321e434fc9b21fbbcab122afe1/64b2094f3d09451685de50ffb7179a8f.jpeg",
        "height": 36
      }
    ]
  },
  "user": {
    "uid": "b6690da89d0e49bc928758b06ec4235b",
    "username": "danielpett",
    "displayName": "danielpett",
    "profileUrl": "https://sketchfab.com/danielpett",
    "account": "pro",
    "avatar": {
      "uri": "https://api.sketchfab.com/v3/avatars/bfd8412128d34d9ebccf2320db315dc9",
      "images": [
        {
          "size": 2882,
          "width": 100,
          "url": "https://media.sketchfab.com/avatars/bfd8412128d34d9ebccf2320db315dc9/f97569c2515e4f1d9495cf547f107819.jpeg",
          "height": 100
        },
        {
          "size": 2432,
          "width": 90,
          "url": "https://media.sketchfab.com/avatars/bfd8412128d34d9ebccf2320db315dc9/e07f8342eee3401ebb37cf7dc78021cc.jpeg",
          "height": 90
        },
        {
          "size": 1039,
          "width": 48,
          "url": "https://media.sketchfab.com/avatars/bfd8412128d34d9ebccf2320db315dc9/429b5f42a0594df4b7ab9f4f84a57700.jpeg",
          "height": 48
        },
        {
          "size": 680,
          "width": 32,
          "url": "https://media.sketchfab.com/avatars/bfd8412128d34d9ebccf2320db315dc9/a558eaa44251440282704578a06e78c4.jpeg",
          "height": 32
        }
      ]
    },
    "uri": "https://api.sketchfab.com/v3/users/b6690da89d0e49bc928758b06ec4235b"
  },
  "description": "After Assyria fell in 612 BC, the palace became overgrown and eventually completely buried, in which state it remained for nearly 2,500 years until rediscovered by the British born Austen Henry Layard in 1845.[4] Layard oversaw the excavation of the palace during which time the reliefs that dominated the walls of the structure were removed from the site and sent to collections throughout Europe and North America, with the British Museum receiving the majority of these Nimrud reliefs. Despite excavating and removing many of these reliefs, a great number remained within the palace and were eventually reburied with time. In 1949 M.E.L. Mallowan re-excavated the site, which lasted until 1957, at which time the project was taken over by the Iraq Department of Antiques which still remains in control of the site.",
  "faceCount": 300000,
  "createdAt": "2018-01-19T10:16:13.260836",
  "vertexCount": 206140,
  "isAgeRestricted": false,
  "archives": {
    "glb": {
      "textureCount": 6,
      "size": 28816732,
      "type": "glb",
      "textureMaxResolution": 4096,
      "faceCount": 300000,
      "vertexCount": 234298
    },
    "gltf": {
      "textureCount": 6,
      "size": 20338222,
      "type": "gltf",
      "textureMaxResolution": 4096,
      "faceCount": 300000,
      "vertexCount": 234298
    },
    "source": {
      "textureCount": null,
      "size": 19538539,
      "type": "source",
      "textureMaxResolution": null,
      "faceCount": null,
      "vertexCount": null
    },
    "usdz": {
      "textureCount": null,
      "size": 11959202,
      "type": "usdz",
      "textureMaxResolution": null,
      "faceCount": null,
      "vertexCount": null
    }
  },
  "license": "by"
}