{
  "uri": "https://api.sketchfab.com/v3/models/36e13f57af0048779d80403cacc5b74a",
  "uid": "36e13f57af0048779d80403cacc5b74a",
  "name": "1652",
  "staffpickedAt": null,
  "viewCount": 4,
  "likeCount": 0,
  "animationCount": 0,
  "viewerUrl": "https://sketchfab.com/3d-models/36e13f57af0048779d80403cacc5b74a",
  "embedUrl": "https://sketchfab.com/models/36e13f57af0048779d80403cacc5b74a/embed",
  "commentCount": 0,
  "isDownloadable": true,
  "publishedAt": "2020-06-04T16:56:20.721457",
  "tags": [
    {
      "name": "pamir",
      "slug": "pamir",
      "uri": "https://api.sketchfab.com/v3/tags/pamir"
    }
  ],
  "categories": [],
  "thumbnails": {
    "images": [
      {
        "uid": "9929ba97c5af42fbadd34cd0747f9939",
        "size": 89039,
        "width": 1920,
        "url": "https://media.sketchfab.com/models/36e13f57af0048779d80403cacc5b74a/thumbnails/2f47d247cf5449658546693dc0ffa0d4/35346fb290e746bea79d9907a2c45fee.jpeg",
        "height": 1080
      },
      {
        "uid": "df7a37be3c0843868287ece57f484030",
        "size": 27328,
        "width": 1024,
        "url": "https://media.sketchfab.com/models/36e13f57af0048779d80403cacc5b74a/thumbnails/2f47d247cf5449658546693dc0ffa0d4/77cd1a64e577482cad749391b706fc28.jpeg",
        "height": 576
      },
      {
        "uid": "eb6d8edcc59741f8aacba6bd991ec8f8",
        "size": 14259,
        "width": 720,
        "url": "https://media.sketchfab.com/models/36e13f57af0048779d80403cacc5b74a/thumbnails/2f47d247cf5449658546693dc0ffa0d4/24dec541773941f2ad49d405e1f01157.jpeg",
        "height": 405
      },
      {
        "uid": "b2af6b7f27d44b689cba67da39595422",
        "size": 2393,
        "width": 256,
        "url": "https://media.sketchfab.com/models/36e13f57af0048779d80403cacc5b74a/thumbnails/2f47d247cf5449658546693dc0ffa0d4/ae6f3c91ffec4595beac1e128b2eb76e.jpeg",
        "height": 144
      },
      {
        "uid": "de912397822947eb80f5a49a91e04227",
        "size": 509,
        "width": 64,
        "url": "https://media.sketchfab.com/models/36e13f57af0048779d80403cacc5b74a/thumbnails/2f47d247cf5449658546693dc0ffa0d4/9efbcc002adc457f9d36a73ff2aff330.jpeg",
        "height": 36
      }
    ]
  },
  "user": {
    "uid": "6280cf8f42a74117b91e25545b7144ac",
    "username": "Projekty3D",
    "displayName": "Projekty3D",
    "profileUrl": "https://sketchfab.com/Projekty3D",
    "account": "basic",
    "avatar": {
      "uri": "https://api.sketchfab.com/v3/avatars/3ef1bd11d3eb4b57a0b353e8f2e5fc3e",
      "images": [
        {
          "size": 680,
          "width": 32,
          "url": "https://media.sketchfab.com/avatars/3ef1bd11d3eb4b57a0b353e8f2e5fc3e/116042a0854e40538adab302b593683d.jpeg",
          "height": 32
        },
        {
          "size": 1253,
          "width": 48,
          "url": "https://media.sketchfab.com/avatars/3ef1bd11d3eb4b57a0b353e8f2e5fc3e/efea16be51d04eb7a00cb9ea0b43b87f.jpeg",
          "height": 48
        },
        {
          "size": 2797,
          "width": 90,
          "url": "https://media.sketchfab.com/avatars/3ef1bd11d3eb4b57a0b353e8f2e5fc3e/ac9b469ccec74caf923a81fb2f0be3ed.jpeg",
          "height": 90
        },
        {
          "size": 3215,
          "width": 100,
          "url": "https://media.sketchfab.com/avatars/3ef1bd11d3eb4b57a0b353e8f2e5fc3e/a075e1d43d2f446c949b5967b470c757.jpeg",
          "height": 100
        }
      ]
    },
    "uri": "https://api.sketchfab.com/v3/users/6280cf8f42a74117b91e25545b7144ac"
  },
  "description": "Building exported from Pamir.",
  "faceCount": 9692,
  "createdAt": "2020-06-04T16:52:09.754531",
  "vertexCount": 7513,
  "isAgeRestricted": false,
  "archives": {
    "glb": {
      "textureCount": 6,
      "size": 898336,
      "type": "glb",
      "textureMaxResolution": 512,
      "faceCount": 9692,
      "vertexCount": 19011
    },
    "gltf": {
      "textureCount": 6,
      "size": 295490,
      "type": "gltf",
      "textureMaxResolution": 512,
      "faceCount": 9692,
      "vertexCount": 19011
    },
    "source": {
      "textureCount": null,
      "size": 628609,
      "type": "source",
      "textureMaxResolution": null,
      "faceCount": null,
      "vertexCount": null
    },
    "usdz": {
      "textureCount": null,
      "size": 794205,
      "type": "usdz",
      "textureMaxResolution": null,
      "faceCount": null,
      "vertexCount": null
    }
  },
  "license": "by"
}