{
  "uri": "https://api.sketchfab.com/v3/models/36e2e82aa2104b5994799f435011be75",
  "uid": "36e2e82aa2104b5994799f435011be75",
  "name": "Lóðurhús",
  "staffpickedAt": null,
  "viewCount": 333,
  "likeCount": 11,
  "animationCount": 0,
  "viewerUrl": "https://sketchfab.com/3d-models/36e2e82aa2104b5994799f435011be75",
  "embedUrl": "https://sketchfab.com/models/36e2e82aa2104b5994799f435011be75/embed",
  "commentCount": 0,
  "isDownloadable": true,
  "publishedAt": "2020-10-01T10:19:56.050712",
  "tags": [
    {
      "name": "british",
      "slug": "british",
      "uri": "https://api.sketchfab.com/v3/tags/british"
    },
    {
      "name": "wwii",
      "slug": "wwii",
      "uri": "https://api.sketchfab.com/v3/tags/wwii"
    },
    {
      "name": "heritage",
      "slug": "heritage",
      "uri": "https://api.sketchfab.com/v3/tags/heritage"
    },
    {
      "name": "faroes",
      "slug": "faroes",
      "uri": "https://api.sketchfab.com/v3/tags/faroes"
    },
    {
      "name": "remains",
      "slug": "remains",
      "uri": "https://api.sketchfab.com/v3/tags/remains"
    },
    {
      "name": "fornminni",
      "slug": "fornminni",
      "uri": "https://api.sketchfab.com/v3/tags/fornminni"
    },
    {
      "name": "faroe",
      "slug": "faroe",
      "uri": "https://api.sketchfab.com/v3/tags/faroe"
    },
    {
      "name": "foroyar",
      "slug": "foroyar",
      "uri": "https://api.sketchfab.com/v3/tags/foroyar"
    },
    {
      "name": "tjodsavnid",
      "slug": "tjodsavnid",
      "uri": "https://api.sketchfab.com/v3/tags/tjodsavnid"
    },
    {
      "name": "metashape",
      "slug": "metashape",
      "uri": "https://api.sketchfab.com/v3/tags/metashape"
    },
    {
      "name": "agisoft",
      "slug": "agisoft",
      "uri": "https://api.sketchfab.com/v3/tags/agisoft"
    },
    {
      "name": "archaeology",
      "slug": "archaeology",
      "uri": "https://api.sketchfab.com/v3/tags/archaeology"
    },
    {
      "name": "torshavn",
      "slug": "torshavn",
      "uri": "https://api.sketchfab.com/v3/tags/torshavn"
    },
    {
      "name": "krigsminni",
      "slug": "krigsminni",
      "uri": "https://api.sketchfab.com/v3/tags/krigsminni"
    }
  ],
  "categories": [
    {
      "name": "cultural-heritage-history"
    },
    {
      "name": "weapons-military"
    }
  ],
  "thumbnails": {
    "images": [
      {
        "uid": "fe12f0ca2618490ea44afa2bbb80ea82",
        "size": 424108,
        "width": 1920,
        "url": "https://media.sketchfab.com/models/36e2e82aa2104b5994799f435011be75/thumbnails/db84158895f245e39c41d3264d3bbcd5/17a83d266a3149049e6b15748bf94786.jpeg",
        "height": 1080
      },
      {
        "uid": "9411c0883e6b41209c3376c975f246aa",
        "size": 119818,
        "width": 1024,
        "url": "https://media.sketchfab.com/models/36e2e82aa2104b5994799f435011be75/thumbnails/db84158895f245e39c41d3264d3bbcd5/38a55393d69a45feae197e8eb0c23128.jpeg",
        "height": 576
      },
      {
        "uid": "12a8b39ea7274b7185d456c1de2d2536",
        "size": 63414,
        "width": 720,
        "url": "https://media.sketchfab.com/models/36e2e82aa2104b5994799f435011be75/thumbnails/db84158895f245e39c41d3264d3bbcd5/7bdc084a0b544c6f806d6fe703a8e7d4.jpeg",
        "height": 405
      },
      {
        "uid": "8f6ccc4eaaec4d63ae579a47ccdd7985",
        "size": 9070,
        "width": 256,
        "url": "https://media.sketchfab.com/models/36e2e82aa2104b5994799f435011be75/thumbnails/db84158895f245e39c41d3264d3bbcd5/cae50ab1070c453ab62bd311ad82a87a.jpeg",
        "height": 144
      },
      {
        "uid": "d66bf0d9002e419ea470e93bca2d4599",
        "size": 1120,
        "width": 64,
        "url": "https://media.sketchfab.com/models/36e2e82aa2104b5994799f435011be75/thumbnails/db84158895f245e39c41d3264d3bbcd5/2a521250d344441a92e7212a15565e31.jpeg",
        "height": 36
      }
    ]
  },
  "user": {
    "uid": "4d38a8d4d7854e1db87793e1afa4f912",
    "username": "Savn",
    "displayName": "Faroe Islands National Museum",
    "profileUrl": "https://sketchfab.com/Savn",
    "account": "pro",
    "avatar": {
      "uri": "https://api.sketchfab.com/v3/avatars/aff9117b729e41e385c0fb1dabf2d8c2",
      "images": [
        {
          "size": 708,
          "width": 32,
          "url": "https://media.sketchfab.com/avatars/aff9117b729e41e385c0fb1dabf2d8c2/f72d4a68c74749a9bba8c0897457c4fc.jpeg",
          "height": 32
        },
        {
          "size": 1083,
          "width": 48,
          "url": "https://media.sketchfab.com/avatars/aff9117b729e41e385c0fb1dabf2d8c2/49caa414557c4c2c95f00bef9345e0b8.jpeg",
          "height": 48
        },
        {
          "size": 1898,
          "width": 90,
          "url": "https://media.sketchfab.com/avatars/aff9117b729e41e385c0fb1dabf2d8c2/435c0be93a1b4012bbe3d36253bbd424.jpeg",
          "height": 90
        },
        {
          "size": 2104,
          "width": 100,
          "url": "https://media.sketchfab.com/avatars/aff9117b729e41e385c0fb1dabf2d8c2/e962c73f502e4dfc9ce85d86a627aede.jpeg",
          "height": 100
        }
      ]
    },
    "uri": "https://api.sketchfab.com/v3/users/4d38a8d4d7854e1db87793e1afa4f912"
  },
  "description": "Skráseting av lóðurhúsi frá øðrum heimsbardaga 29-09-2020. Hetta er partur av friðaðum krígsminnum við Kongaminni í Tórshavn. \nLóðurhúsið er 4,5 m langt og 1,75 m breitt. \nAnnar endaveggurin er tikin burtur og húsið verðu nýtt sum seyðaból. \n\n*British World War II ammunition storage hut. Tóshavn, Faroe Islands*\n\nModel by Helgi D. Michelsen",
  "faceCount": 3304602,
  "createdAt": "2020-10-01T10:10:22.055360",
  "vertexCount": 1669716,
  "isAgeRestricted": false,
  "archives": {
    "glb": {
      "textureCount": 2,
      "size": 125596640,
      "type": "glb",
      "textureMaxResolution": 4096,
      "faceCount": 3304602,
      "vertexCount": 2048634
    },
    "gltf": {
      "textureCount": 2,
      "size": 88339643,
      "type": "gltf",
      "textureMaxResolution": 4096,
      "faceCount": 3304602,
      "vertexCount": 2048634
    },
    "source": {
      "textureCount": null,
      "size": 102858571,
      "type": "source",
      "textureMaxResolution": null,
      "faceCount": null,
      "vertexCount": null
    },
    "usdz": {
      "textureCount": null,
      "size": 78721939,
      "type": "usdz",
      "textureMaxResolution": null,
      "faceCount": null,
      "vertexCount": null
    }
  },
  "license": "by"
}