{
  "uri": "https://api.sketchfab.com/v3/models/36e5d690f07f4487b2715dd2fb4026db",
  "uid": "36e5d690f07f4487b2715dd2fb4026db",
  "name": "2397840",
  "staffpickedAt": null,
  "viewCount": 22,
  "likeCount": 0,
  "animationCount": 0,
  "viewerUrl": "https://sketchfab.com/3d-models/36e5d690f07f4487b2715dd2fb4026db",
  "embedUrl": "https://sketchfab.com/models/36e5d690f07f4487b2715dd2fb4026db/embed",
  "commentCount": 0,
  "isDownloadable": true,
  "publishedAt": "2015-04-07T06:25:46",
  "tags": [],
  "categories": [],
  "thumbnails": {
    "images": [
      {
        "uid": "0d56087f26894c72b0e49fb93e3c37db",
        "size": 43173,
        "width": 1920,
        "url": "https://media.sketchfab.com/models/36e5d690f07f4487b2715dd2fb4026db/thumbnails/0bfa4eeff0d0486bbece7568eb16af58/a6f9a1e11d654676981372806a2407a5.jpeg",
        "height": 1080
      },
      {
        "uid": "c4e13d8b3abc48638a8978b848d52bc4",
        "size": 14762,
        "width": 1024,
        "url": "https://media.sketchfab.com/models/36e5d690f07f4487b2715dd2fb4026db/thumbnails/0bfa4eeff0d0486bbece7568eb16af58/4cee986a940e4a24980d7d392bec9651.jpeg",
        "height": 576
      },
      {
        "uid": "625262c2cfb5426ea966bb5a6d327972",
        "size": 8618,
        "width": 720,
        "url": "https://media.sketchfab.com/models/36e5d690f07f4487b2715dd2fb4026db/thumbnails/0bfa4eeff0d0486bbece7568eb16af58/3b080165443b4e23b5b01df3dfe5ae31.jpeg",
        "height": 405
      },
      {
        "uid": "9524cef4a9ac43e9bb5096bf3adca446",
        "size": 1903,
        "width": 256,
        "url": "https://media.sketchfab.com/models/36e5d690f07f4487b2715dd2fb4026db/thumbnails/0bfa4eeff0d0486bbece7568eb16af58/e476ad458bb44dc488da7161502ec5c8.jpeg",
        "height": 144
      },
      {
        "uid": "d7476e4dd9ad4658880416c379be5b62",
        "size": 548,
        "width": 64,
        "url": "https://media.sketchfab.com/models/36e5d690f07f4487b2715dd2fb4026db/thumbnails/0bfa4eeff0d0486bbece7568eb16af58/3b6a1d578a144bd48257ceb0bcec9e86.jpeg",
        "height": 36
      }
    ]
  },
  "user": {
    "uid": "fe58d7e658d5499d89c68d19730f66e9",
    "username": "archaeo3d",
    "displayName": "Archaeological 3D virtual museum",
    "profileUrl": "https://sketchfab.com/archaeo3d",
    "account": "basic",
    "avatar": {
      "uri": "https://api.sketchfab.com/v3/avatars/2f121991071b4d0195d64f3409397213",
      "images": [
        {
          "size": 18436,
          "width": 90,
          "url": "https://media.sketchfab.com/avatars/2f121991071b4d0195d64f3409397213/e85ea8afd75b44ad819ebb099d0c9348.jpeg",
          "height": 90
        },
        {
          "size": 18977,
          "width": 100,
          "url": "https://media.sketchfab.com/avatars/2f121991071b4d0195d64f3409397213/819319de9bbd4f0cbf7a81926e2b84f1.jpeg",
          "height": 100
        },
        {
          "size": 16744,
          "width": 48,
          "url": "https://media.sketchfab.com/avatars/2f121991071b4d0195d64f3409397213/63c1bc0662dc498d949790da9456055f.jpeg",
          "height": 48
        },
        {
          "size": 16228,
          "width": 32,
          "url": "https://media.sketchfab.com/avatars/2f121991071b4d0195d64f3409397213/1a952c97a26f413cb4e07718ec2230a1.jpeg",
          "height": 32
        }
      ]
    },
    "uri": "https://api.sketchfab.com/v3/users/fe58d7e658d5499d89c68d19730f66e9"
  },
  "description": "Id 2397840. Polokulovitá nádoba s oblou horní výdutí. Kultura LBK (2a). Kontext 743. Lokalita Bylany (Czech Republic). Průměr okraje 17 cm.\n\nId 2397840. Hemispherical vessel with rounded upper swell. LBK culture (2a). Context 743. Bylany site (Czech republic). Rim diameter 17 cm.",
  "faceCount": 500000,
  "createdAt": "2015-04-07T06:19:19",
  "vertexCount": 250017,
  "isAgeRestricted": false,
  "archives": {
    "glb": {
      "textureCount": 0,
      "size": 19823000,
      "type": "glb",
      "textureMaxResolution": 0,
      "faceCount": 500000,
      "vertexCount": 345410
    },
    "gltf": {
      "textureCount": 0,
      "size": 10376158,
      "type": "gltf",
      "textureMaxResolution": 0,
      "faceCount": 500000,
      "vertexCount": 345410
    },
    "source": {
      "textureCount": null,
      "size": 10500741,
      "type": "source",
      "textureMaxResolution": null,
      "faceCount": null,
      "vertexCount": null
    },
    "usdz": {
      "textureCount": null,
      "size": 9702418,
      "type": "usdz",
      "textureMaxResolution": null,
      "faceCount": null,
      "vertexCount": null
    }
  },
  "license": "by"
}