{
  "uri": "https://api.sketchfab.com/v3/models/36eeda7491324cf4846b7f1430b8c1c1",
  "uid": "36eeda7491324cf4846b7f1430b8c1c1",
  "name": "угао Балканске и Београдске улице, Димитровград",
  "staffpickedAt": null,
  "viewCount": 909,
  "likeCount": 36,
  "animationCount": 0,
  "viewerUrl": "https://sketchfab.com/3d-models/36eeda7491324cf4846b7f1430b8c1c1",
  "embedUrl": "https://sketchfab.com/models/36eeda7491324cf4846b7f1430b8c1c1/embed",
  "commentCount": 0,
  "isDownloadable": true,
  "publishedAt": "2021-10-27T13:09:04.123437",
  "tags": [
    {
      "name": "corner",
      "slug": "corner",
      "uri": "https://api.sketchfab.com/v3/tags/corner"
    },
    {
      "name": "serbia",
      "slug": "serbia",
      "uri": "https://api.sketchfab.com/v3/tags/serbia"
    },
    {
      "name": "srbija",
      "slug": "srbija",
      "uri": "https://api.sketchfab.com/v3/tags/srbija"
    },
    {
      "name": "dimitrovgrad",
      "slug": "dimitrovgrad",
      "uri": "https://api.sketchfab.com/v3/tags/dimitrovgrad"
    }
  ],
  "categories": [
    {
      "name": "architecture"
    },
    {
      "name": "cultural-heritage-history"
    }
  ],
  "thumbnails": {
    "images": [
      {
        "uid": "322af7c19dbb4cee8856e7e66e0994e4",
        "size": 408466,
        "width": 1920,
        "url": "https://media.sketchfab.com/models/36eeda7491324cf4846b7f1430b8c1c1/thumbnails/69e5c92a7fb142d9a9e0420da0286998/ba92730bc5e543dca5b3c880d04b76c4.jpeg",
        "height": 1080
      },
      {
        "uid": "f1b3422841d544e4be0e326c509573fc",
        "size": 107683,
        "width": 1024,
        "url": "https://media.sketchfab.com/models/36eeda7491324cf4846b7f1430b8c1c1/thumbnails/69e5c92a7fb142d9a9e0420da0286998/970b1fc120df42aba96402d04731ba8c.jpeg",
        "height": 576
      },
      {
        "uid": "0a8e7b2936854759a07e6dd2080f7170",
        "size": 58856,
        "width": 720,
        "url": "https://media.sketchfab.com/models/36eeda7491324cf4846b7f1430b8c1c1/thumbnails/69e5c92a7fb142d9a9e0420da0286998/7ce10a6857d841478eb6b040f7667fae.jpeg",
        "height": 405
      },
      {
        "uid": "ee882d07194741c4bf6372f297dd89b3",
        "size": 10678,
        "width": 256,
        "url": "https://media.sketchfab.com/models/36eeda7491324cf4846b7f1430b8c1c1/thumbnails/69e5c92a7fb142d9a9e0420da0286998/02bbf952b24545a3b2b529501dfc779a.jpeg",
        "height": 144
      },
      {
        "uid": "14180370dcd1475d8effcbc23c21b0e7",
        "size": 1686,
        "width": 64,
        "url": "https://media.sketchfab.com/models/36eeda7491324cf4846b7f1430b8c1c1/thumbnails/69e5c92a7fb142d9a9e0420da0286998/db147aad322547938445b5493b2eb0f6.jpeg",
        "height": 36
      }
    ]
  },
  "user": {
    "uid": "08fc8b4ca4bc4463b347af6bf5371091",
    "username": "HeritagePhotogrammetry",
    "displayName": "ГРАДИТЕЉСКО И СПОМЕНИЧКО НАСЛЕЂЕ",
    "profileUrl": "https://sketchfab.com/HeritagePhotogrammetry",
    "account": "basic",
    "avatar": {
      "uri": "https://api.sketchfab.com/v3/avatars/974add92a2a645a7ba7e99805608c072",
      "images": [
        {
          "size": 815,
          "width": 32,
          "url": "https://media.sketchfab.com/avatars/974add92a2a645a7ba7e99805608c072/315ae33bcbfc43bca5a34b1df72f0e8d.jpeg",
          "height": 32
        },
        {
          "size": 1310,
          "width": 48,
          "url": "https://media.sketchfab.com/avatars/974add92a2a645a7ba7e99805608c072/c54b8f8de4024525ba3544321e75feeb.jpeg",
          "height": 48
        },
        {
          "size": 3466,
          "width": 90,
          "url": "https://media.sketchfab.com/avatars/974add92a2a645a7ba7e99805608c072/3a0f237dd9e6448781d38fde55cfd948.jpeg",
          "height": 90
        },
        {
          "size": 4148,
          "width": 100,
          "url": "https://media.sketchfab.com/avatars/974add92a2a645a7ba7e99805608c072/3f622d6be9724c53981851aecbd4836e.jpeg",
          "height": 100
        }
      ]
    },
    "uri": "https://api.sketchfab.com/v3/users/08fc8b4ca4bc4463b347af6bf5371091"
  },
  "description": "The photogrammetric model was created in September 2020 for the needs of *The Conservation Study of Cultural Heritage in the Municipality of Dimitrovgrad*  done by the Institute for the Cultural Heritage Preservation Niš under the leadership of architect Ivana Cvetković and historian Đorđe Stošić.\n\nPhotogrammetric model is made by the architect Aleksandar Nikšić;\nhttps://sketchfab.com/nixic.alexandar\n\n\nhttps://www.google.com/maps/@43.0148835,22.7760246,3a,75y,141.65h,90t/data=!3m8!1e1!3m6!1sAF1QipOGYz8zab7pKFaCd_eLDE47W7XSAkGkZRN-NYpE!2e10!3e11!6shttps:%2F%2Flh5.googleusercontent.com%2Fp%2FAF1QipOGYz8zab7pKFaCd_eLDE47W7XSAkGkZRN-NYpE%3Dw203-h100-k-no-pi-0-ya206.8434-ro-0-fo100!7i10240!8i5120",
  "faceCount": 3000000,
  "createdAt": "2021-10-27T04:46:23.499374",
  "vertexCount": 1508492,
  "isAgeRestricted": false,
  "archives": {
    "glb": {
      "textureCount": 1,
      "size": 120250492,
      "type": "glb",
      "textureMaxResolution": 8192,
      "faceCount": 3000000,
      "vertexCount": 1937284
    },
    "gltf": {
      "textureCount": 1,
      "size": 82122648,
      "type": "gltf",
      "textureMaxResolution": 8192,
      "faceCount": 3000000,
      "vertexCount": 1937284
    },
    "source": {
      "textureCount": null,
      "size": 90404898,
      "type": "source",
      "textureMaxResolution": null,
      "faceCount": null,
      "vertexCount": null
    },
    "usdz": {
      "textureCount": null,
      "size": 74203047,
      "type": "usdz",
      "textureMaxResolution": null,
      "faceCount": null,
      "vertexCount": null
    }
  },
  "license": "by"
}