{
  "uri": "https://api.sketchfab.com/v3/models/36ee9462fa2e40c682c566596d20b6c0",
  "uid": "36ee9462fa2e40c682c566596d20b6c0",
  "name": "Hissey Design",
  "staffpickedAt": null,
  "viewCount": 36,
  "likeCount": 0,
  "animationCount": 0,
  "viewerUrl": "https://sketchfab.com/3d-models/36ee9462fa2e40c682c566596d20b6c0",
  "embedUrl": "https://sketchfab.com/models/36ee9462fa2e40c682c566596d20b6c0/embed",
  "commentCount": 0,
  "isDownloadable": true,
  "publishedAt": "2022-03-04T07:51:40.928794",
  "tags": [
    {
      "name": "sketchup",
      "slug": "sketchup",
      "uri": "https://api.sketchfab.com/v3/tags/sketchup"
    }
  ],
  "categories": [],
  "thumbnails": {
    "images": [
      {
        "uid": "621df0a61369497cac4c6e37b16ca082",
        "size": 89053,
        "width": 1920,
        "url": "https://media.sketchfab.com/models/36ee9462fa2e40c682c566596d20b6c0/thumbnails/b1644d6cda974241af84a4618a70162d/20b136b20ab541a5a69890c06095777f.jpeg",
        "height": 1080
      },
      {
        "uid": "3b74915e78874bc982a261da281039b2",
        "size": 26845,
        "width": 1024,
        "url": "https://media.sketchfab.com/models/36ee9462fa2e40c682c566596d20b6c0/thumbnails/b1644d6cda974241af84a4618a70162d/545d1c70ec824ea88efd4afc839fd1a5.jpeg",
        "height": 576
      },
      {
        "uid": "7ab2fab0da3e4788b2ea52df8175217e",
        "size": 15123,
        "width": 720,
        "url": "https://media.sketchfab.com/models/36ee9462fa2e40c682c566596d20b6c0/thumbnails/b1644d6cda974241af84a4618a70162d/1e4df76857704e3dbc9aec532caa7f84.jpeg",
        "height": 405
      },
      {
        "uid": "dec52f137817454eb2b1fdc53898ddaa",
        "size": 3306,
        "width": 256,
        "url": "https://media.sketchfab.com/models/36ee9462fa2e40c682c566596d20b6c0/thumbnails/b1644d6cda974241af84a4618a70162d/197cc7bc6b7d48dcae153222bd7caf56.jpeg",
        "height": 144
      },
      {
        "uid": "ec579472835448ba9c60452db8cafa8b",
        "size": 924,
        "width": 64,
        "url": "https://media.sketchfab.com/models/36ee9462fa2e40c682c566596d20b6c0/thumbnails/b1644d6cda974241af84a4618a70162d/6d60641886684c729cd90dfbe7b269b5.jpeg",
        "height": 36
      }
    ]
  },
  "user": {
    "uid": "2a8bfc8b6f414675bb9b4a69aa1f6064",
    "username": "firststepdesigns",
    "displayName": "First Step Designs Ltd",
    "profileUrl": "https://sketchfab.com/firststepdesigns",
    "account": "basic",
    "avatar": {
      "uri": "https://api.sketchfab.com/v3/avatars/6e6b981787954d2280096ba48650b37e",
      "images": [
        {
          "size": 17960,
          "width": 90,
          "url": "https://media.sketchfab.com/avatars/6e6b981787954d2280096ba48650b37e/092b9dbcfaf240f586063170f4085450.jpeg",
          "height": 90
        },
        {
          "size": 18148,
          "width": 100,
          "url": "https://media.sketchfab.com/avatars/6e6b981787954d2280096ba48650b37e/636670c1da914a3d81d91c0e596b95b7.jpeg",
          "height": 100
        },
        {
          "size": 16588,
          "width": 32,
          "url": "https://media.sketchfab.com/avatars/6e6b981787954d2280096ba48650b37e/499b81a29fc741ef88cb2e5b133529b1.jpeg",
          "height": 32
        },
        {
          "size": 16888,
          "width": 48,
          "url": "https://media.sketchfab.com/avatars/6e6b981787954d2280096ba48650b37e/9d9dc149efb0467cb024059b8d332806.jpeg",
          "height": 48
        }
      ]
    },
    "uri": "https://api.sketchfab.com/v3/users/2a8bfc8b6f414675bb9b4a69aa1f6064"
  },
  "description": "",
  "faceCount": 6514,
  "createdAt": "2022-03-04T07:49:51.608545",
  "vertexCount": 4478,
  "isAgeRestricted": false,
  "archives": {
    "glb": {
      "textureCount": 4,
      "size": 4326308,
      "type": "glb",
      "textureMaxResolution": 2048,
      "faceCount": 6437,
      "vertexCount": 11383
    },
    "gltf": {
      "textureCount": 4,
      "size": 4029593,
      "type": "gltf",
      "textureMaxResolution": 2048,
      "faceCount": 6437,
      "vertexCount": 11383
    },
    "source": {
      "textureCount": null,
      "size": 6693934,
      "type": "source",
      "textureMaxResolution": null,
      "faceCount": null,
      "vertexCount": null
    },
    "usdz": {
      "textureCount": null,
      "size": 4236155,
      "type": "usdz",
      "textureMaxResolution": null,
      "faceCount": null,
      "vertexCount": null
    }
  },
  "license": "by"
}