{
  "uri": "https://api.sketchfab.com/v3/models/36f001996fe044d18f969d59fe8d7a2a",
  "uid": "36f001996fe044d18f969d59fe8d7a2a",
  "name": "Golf Ball Variants",
  "staffpickedAt": null,
  "viewCount": 551,
  "likeCount": 6,
  "animationCount": 0,
  "viewerUrl": "https://sketchfab.com/3d-models/36f001996fe044d18f969d59fe8d7a2a",
  "embedUrl": "https://sketchfab.com/models/36f001996fe044d18f969d59fe8d7a2a/embed",
  "commentCount": 0,
  "isDownloadable": true,
  "publishedAt": "2019-07-28T18:14:41.400469",
  "tags": [
    {
      "name": "golf",
      "slug": "golf",
      "uri": "https://api.sketchfab.com/v3/tags/golf"
    },
    {
      "name": "ball",
      "slug": "ball",
      "uri": "https://api.sketchfab.com/v3/tags/ball"
    }
  ],
  "categories": [
    {
      "name": "sports-fitness"
    }
  ],
  "thumbnails": {
    "images": [
      {
        "uid": "2051e849347d4283a9c24539c4b54961",
        "size": 178356,
        "width": 1920,
        "url": "https://media.sketchfab.com/models/36f001996fe044d18f969d59fe8d7a2a/thumbnails/1676b3bc86584debb3a363d5687806fa/75141f0c6de645de8539473cd11b926c.jpeg",
        "height": 1080
      },
      {
        "uid": "08754b0ff02544a1b49daec9ae77f623",
        "size": 55560,
        "width": 1024,
        "url": "https://media.sketchfab.com/models/36f001996fe044d18f969d59fe8d7a2a/thumbnails/1676b3bc86584debb3a363d5687806fa/2555bca4f9f9418aaf418020ab91052e.jpeg",
        "height": 576
      },
      {
        "uid": "ccaea7246a4841fd85bd4785a55f4449",
        "size": 31709,
        "width": 720,
        "url": "https://media.sketchfab.com/models/36f001996fe044d18f969d59fe8d7a2a/thumbnails/1676b3bc86584debb3a363d5687806fa/8d92f630d1194ebb818f6373acba5015.jpeg",
        "height": 405
      },
      {
        "uid": "6c127b0675b548e8b049c659c8b85ee6",
        "size": 6277,
        "width": 256,
        "url": "https://media.sketchfab.com/models/36f001996fe044d18f969d59fe8d7a2a/thumbnails/1676b3bc86584debb3a363d5687806fa/364787d5dc5c43b590de324871a1b759.jpeg",
        "height": 144
      },
      {
        "uid": "5d92b17eb4eb40cd8980a19d65b2ab63",
        "size": 965,
        "width": 64,
        "url": "https://media.sketchfab.com/models/36f001996fe044d18f969d59fe8d7a2a/thumbnails/1676b3bc86584debb3a363d5687806fa/8349aa8d7f184394aae91c0649a9ef32.jpeg",
        "height": 36
      }
    ]
  },
  "user": {
    "uid": "70427a4e66a44cfeb8e8a028bce850f2",
    "username": "kufatschgu",
    "displayName": "Kafu Design",
    "profileUrl": "https://sketchfab.com/kufatschgu",
    "account": "basic",
    "avatar": {
      "uri": "https://api.sketchfab.com/v3/avatars/2297273dff5d41ac841be3481740b8dc",
      "images": [
        {
          "size": 842,
          "width": 32,
          "url": "https://media.sketchfab.com/avatars/2297273dff5d41ac841be3481740b8dc/8b405bcf760b4d9697a8132bb4e5ccf4.jpeg",
          "height": 32
        },
        {
          "size": 1420,
          "width": 48,
          "url": "https://media.sketchfab.com/avatars/2297273dff5d41ac841be3481740b8dc/f415e44b342642598fd1554d5258908c.jpeg",
          "height": 48
        },
        {
          "size": 3798,
          "width": 90,
          "url": "https://media.sketchfab.com/avatars/2297273dff5d41ac841be3481740b8dc/50c43a480a2548a593f62c47bfa38043.jpeg",
          "height": 90
        },
        {
          "size": 4484,
          "width": 100,
          "url": "https://media.sketchfab.com/avatars/2297273dff5d41ac841be3481740b8dc/ba9599d9ac87482c9893f8c4224bc3ef.jpeg",
          "height": 100
        }
      ]
    },
    "uri": "https://api.sketchfab.com/v3/users/70427a4e66a44cfeb8e8a028bce850f2"
  },
  "description": "A few golf balls made with different Modifiers in 3ds Max\nNURMS Subdivision, Meshsmooth and Turbosmooth\n\nSoftware: 3ds Max 20",
  "faceCount": 1326720,
  "createdAt": "2019-07-28T18:04:00.068591",
  "vertexCount": 663366,
  "isAgeRestricted": false,
  "archives": {
    "glb": {
      "textureCount": 0,
      "size": 39117012,
      "type": "glb",
      "textureMaxResolution": 0,
      "faceCount": 1326720,
      "vertexCount": 724472
    },
    "gltf": {
      "textureCount": 0,
      "size": 23819217,
      "type": "gltf",
      "textureMaxResolution": 0,
      "faceCount": 1326720,
      "vertexCount": 724472
    },
    "source": {
      "textureCount": null,
      "size": 37107746,
      "type": "source",
      "textureMaxResolution": null,
      "faceCount": null,
      "vertexCount": null
    },
    "usdz": {
      "textureCount": null,
      "size": 18962860,
      "type": "usdz",
      "textureMaxResolution": null,
      "faceCount": null,
      "vertexCount": null
    }
  },
  "license": "by"
}