{
  "uri": "https://api.sketchfab.com/v3/models/36f0355665d94601b46623da4287f645",
  "uid": "36f0355665d94601b46623da4287f645",
  "name": "Warner Bros Pictures - New Line Cinema (2021)",
  "staffpickedAt": null,
  "viewCount": 7735,
  "likeCount": 5,
  "animationCount": 1,
  "viewerUrl": "https://sketchfab.com/3d-models/36f0355665d94601b46623da4287f645",
  "embedUrl": "https://sketchfab.com/models/36f0355665d94601b46623da4287f645/embed",
  "commentCount": 2,
  "isDownloadable": true,
  "publishedAt": "2021-10-25T20:13:16.937480",
  "tags": [
    {
      "name": "sky",
      "slug": "sky",
      "uri": "https://api.sketchfab.com/v3/tags/sky"
    },
    {
      "name": "logos",
      "slug": "logos",
      "uri": "https://api.sketchfab.com/v3/tags/logos"
    },
    {
      "name": "warnerbrospictures",
      "slug": "warnerbrospictures",
      "uri": "https://api.sketchfab.com/v3/tags/warnerbrospictures"
    },
    {
      "name": "blender3d",
      "slug": "blender3d",
      "uri": "https://api.sketchfab.com/v3/tags/blender3d"
    },
    {
      "name": "shield",
      "slug": "shield",
      "uri": "https://api.sketchfab.com/v3/tags/shield"
    }
  ],
  "categories": [
    {
      "name": "architecture"
    }
  ],
  "thumbnails": {
    "images": [
      {
        "uid": "e9bb28ea23cc4fa389cd384b14d11887",
        "size": 149598,
        "width": 1920,
        "url": "https://media.sketchfab.com/models/36f0355665d94601b46623da4287f645/thumbnails/e0d128e824e34903b738a85f7b60deba/027b54e72be0435f98406f96bc5cad47.jpeg",
        "height": 1080
      },
      {
        "uid": "0007e8ed7faf43e481e16a3fef7cd388",
        "size": 57638,
        "width": 1024,
        "url": "https://media.sketchfab.com/models/36f0355665d94601b46623da4287f645/thumbnails/e0d128e824e34903b738a85f7b60deba/de566cd493fd46a581f5c6d27df5aaf9.jpeg",
        "height": 576
      },
      {
        "uid": "4109cdcd1d8a4b69b7d0a3daed86e9d4",
        "size": 36061,
        "width": 720,
        "url": "https://media.sketchfab.com/models/36f0355665d94601b46623da4287f645/thumbnails/e0d128e824e34903b738a85f7b60deba/d180dfbc49764f19a13acc15851eb277.jpeg",
        "height": 405
      },
      {
        "uid": "e17d13ff799e4490aae15f7486cf1dbe",
        "size": 8545,
        "width": 256,
        "url": "https://media.sketchfab.com/models/36f0355665d94601b46623da4287f645/thumbnails/e0d128e824e34903b738a85f7b60deba/c264e7e20ba245c8887e9abfb9cbd9ef.jpeg",
        "height": 144
      },
      {
        "uid": "644efacdfef04013a49ba7dbbcadf53d",
        "size": 1570,
        "width": 64,
        "url": "https://media.sketchfab.com/models/36f0355665d94601b46623da4287f645/thumbnails/e0d128e824e34903b738a85f7b60deba/cc7ac40bf28b4bfa8f4db648d19a16f9.jpeg",
        "height": 36
      }
    ]
  },
  "user": {
    "uid": "f145925f9fa04f459580ca6c9a8e4239",
    "username": "Ilove20thCenturyFox",
    "displayName": "BlueTheTCFandFSPandTCSFan2022",
    "profileUrl": "https://sketchfab.com/Ilove20thCenturyFox",
    "account": "basic",
    "avatar": {
      "uri": "https://api.sketchfab.com/v3/avatars/6e5ad937f98a439289bc337d78e41044",
      "images": [
        {
          "size": 2432,
          "width": 32,
          "url": "https://media.sketchfab.com/avatars/6e5ad937f98a439289bc337d78e41044/f4dcf3516ba54977b04b812dfa966022.png",
          "height": 32
        },
        {
          "size": 5016,
          "width": 48,
          "url": "https://media.sketchfab.com/avatars/6e5ad937f98a439289bc337d78e41044/763ff91b0bae4bd393c8a7c75e16a06c.png",
          "height": 48
        },
        {
          "size": 15261,
          "width": 90,
          "url": "https://media.sketchfab.com/avatars/6e5ad937f98a439289bc337d78e41044/f4e2ba40845d4caf999c19e48a295900.png",
          "height": 90
        },
        {
          "size": 18270,
          "width": 100,
          "url": "https://media.sketchfab.com/avatars/6e5ad937f98a439289bc337d78e41044/24aa286f33184344a8c73a62f105ea55.png",
          "height": 100
        }
      ]
    },
    "uri": "https://api.sketchfab.com/v3/users/f145925f9fa04f459580ca6c9a8e4239"
  },
  "description": "This Is My WB/NLC Remake.",
  "faceCount": 18282,
  "createdAt": "2021-10-21T14:10:26.193726",
  "vertexCount": 9770,
  "isAgeRestricted": false,
  "archives": {
    "glb": {
      "textureCount": 11,
      "size": 2622532,
      "type": "glb",
      "textureMaxResolution": 2048,
      "faceCount": 18220,
      "vertexCount": 13868
    },
    "gltf": {
      "textureCount": 11,
      "size": 2135742,
      "type": "gltf",
      "textureMaxResolution": 2048,
      "faceCount": 18220,
      "vertexCount": 13868
    },
    "source": {
      "textureCount": null,
      "size": 32774835,
      "type": "source",
      "textureMaxResolution": null,
      "faceCount": null,
      "vertexCount": null
    },
    "usdz": {
      "textureCount": null,
      "size": 2302608,
      "type": "usdz",
      "textureMaxResolution": null,
      "faceCount": null,
      "vertexCount": null
    }
  },
  "license": "by"
}