{
  "uri": "https://api.sketchfab.com/v3/models/36f359ae121e47109ec78b76b4914757",
  "uid": "36f359ae121e47109ec78b76b4914757",
  "name": "Cañon Armstrong 40 Libras 1879",
  "staffpickedAt": null,
  "viewCount": 733,
  "likeCount": 2,
  "animationCount": 0,
  "viewerUrl": "https://sketchfab.com/3d-models/36f359ae121e47109ec78b76b4914757",
  "embedUrl": "https://sketchfab.com/models/36f359ae121e47109ec78b76b4914757/embed",
  "commentCount": 0,
  "isDownloadable": true,
  "publishedAt": "2017-05-21T14:41:36.536321",
  "tags": [
    {
      "name": "del",
      "slug": "del",
      "uri": "https://api.sketchfab.com/v3/tags/del"
    },
    {
      "name": "canon",
      "slug": "canon",
      "uri": "https://api.sketchfab.com/v3/tags/canon"
    },
    {
      "name": "guerra",
      "slug": "guerra",
      "uri": "https://api.sketchfab.com/v3/tags/guerra"
    },
    {
      "name": "caone",
      "slug": "caone",
      "uri": "https://api.sketchfab.com/v3/tags/caone"
    },
    {
      "name": "pacfico",
      "slug": "pacfico",
      "uri": "https://api.sketchfab.com/v3/tags/pacfico"
    }
  ],
  "categories": [
    {
      "name": "cultural-heritage-history"
    }
  ],
  "thumbnails": {
    "images": [
      {
        "uid": "49a679860be647559422ee8400ef1f21",
        "size": 38090,
        "width": 1024,
        "url": "https://media.sketchfab.com/models/36f359ae121e47109ec78b76b4914757/thumbnails/ef75cb8b0ece484784fdb429566f30f5/1024x576.jpeg",
        "height": 576
      },
      {
        "uid": "07b9fb488854429faa22d814506e70a0",
        "size": 22215,
        "width": 720,
        "url": "https://media.sketchfab.com/models/36f359ae121e47109ec78b76b4914757/thumbnails/ef75cb8b0ece484784fdb429566f30f5/720x405.jpeg",
        "height": 405
      },
      {
        "uid": "e131ddcb2ed64875bc91e81ac5d02c73",
        "size": 4636,
        "width": 256,
        "url": "https://media.sketchfab.com/models/36f359ae121e47109ec78b76b4914757/thumbnails/ef75cb8b0ece484784fdb429566f30f5/256x144.jpeg",
        "height": 144
      },
      {
        "uid": "7a6ab5ac14544f769733ca438f445e47",
        "size": 1144,
        "width": 64,
        "url": "https://media.sketchfab.com/models/36f359ae121e47109ec78b76b4914757/thumbnails/ef75cb8b0ece484784fdb429566f30f5/64x36.jpeg",
        "height": 36
      }
    ]
  },
  "user": {
    "uid": "b6e833da978845e09dcbe84c42815071",
    "username": "terradatos",
    "displayName": "terradatos",
    "profileUrl": "https://sketchfab.com/terradatos",
    "account": "basic",
    "avatar": {
      "uri": "https://api.sketchfab.com/v3/avatars/bceaee10b3cd4164aa467f68d4a4eb9c",
      "images": [
        {
          "size": 4352,
          "width": 100,
          "url": "https://media.sketchfab.com/avatars/bceaee10b3cd4164aa467f68d4a4eb9c/ef4a678b27bd407c8f2cc29ef33f2b47.jpeg",
          "height": 100
        },
        {
          "size": 3597,
          "width": 90,
          "url": "https://media.sketchfab.com/avatars/bceaee10b3cd4164aa467f68d4a4eb9c/3c17249583074fb79e5ecdf2012d2d6b.jpeg",
          "height": 90
        },
        {
          "size": 1471,
          "width": 48,
          "url": "https://media.sketchfab.com/avatars/bceaee10b3cd4164aa467f68d4a4eb9c/ebfffbf8f56f4d9b9e7478fca47f5b60.jpeg",
          "height": 48
        },
        {
          "size": 920,
          "width": 32,
          "url": "https://media.sketchfab.com/avatars/bceaee10b3cd4164aa467f68d4a4eb9c/3d6b803ed95a48429b8a9d6f08435c08.jpeg",
          "height": 32
        }
      ]
    },
    "uri": "https://api.sketchfab.com/v3/users/b6e833da978845e09dcbe84c42815071"
  },
  "description": "Maqueta de cañon Armstrong de 40 libras presente en la guerra del pacífico de 1879. \n\nAl momento de su heroica batalla, la \"Corbeta Esmeralda\" poseía 12 de estos cañones que, para la época, ya eran antiguos y presentaban enormes dificultades para su operación, pues se cargaban por la boca y requerían de un gran número de marineros que mediante palancas.\n debían apuntar el objetivo.\n \n-Calibre: 4\" (120 mm.)\n- Proyectil: Cilindrico Ojival\n- Peso del Proyectil: 41.5 Libras (18.82 Kg.)\n- Carga de pólvora: 5 Libras (2.27 Kg.)\n- Carga de pólvora en la granada: 2 libras (900 gramos).\n- Ánima: Rayada de 3 estrías.\n- Longitud del ánima: 7'11\" (2.12 m.)\n- Modo de carga: por la boca.\n- Longitud exterior: 8´0.5\" (2.45 m.)\n- Peso del cañon: (3696 libras (1676 Kg.)\n- Material: ánima de acero envuelta en hierro dulce.\n- Montaje: carro de ruedas con taco posterior",
  "faceCount": 14700,
  "createdAt": "2017-05-21T14:07:04.583291",
  "vertexCount": 6994,
  "isAgeRestricted": false,
  "archives": {
    "glb": {
      "textureCount": 4,
      "size": 1090476,
      "type": "glb",
      "textureMaxResolution": 512,
      "faceCount": 14700,
      "vertexCount": 21703
    },
    "gltf": {
      "textureCount": 4,
      "size": 465874,
      "type": "gltf",
      "textureMaxResolution": 512,
      "faceCount": 14700,
      "vertexCount": 21703
    },
    "source": {
      "textureCount": null,
      "size": 1532841,
      "type": "source",
      "textureMaxResolution": null,
      "faceCount": null,
      "vertexCount": null
    },
    "usdz": {
      "textureCount": null,
      "size": 921739,
      "type": "usdz",
      "textureMaxResolution": null,
      "faceCount": null,
      "vertexCount": null
    }
  },
  "license": "by"
}