{
  "uri": "https://api.sketchfab.com/v3/models/36f6571c68364c46aff23905eede5ef6",
  "uid": "36f6571c68364c46aff23905eede5ef6",
  "name": "Swedish Fish",
  "staffpickedAt": null,
  "viewCount": 1309,
  "likeCount": 14,
  "animationCount": 0,
  "viewerUrl": "https://sketchfab.com/3d-models/36f6571c68364c46aff23905eede5ef6",
  "embedUrl": "https://sketchfab.com/models/36f6571c68364c46aff23905eede5ef6/embed",
  "commentCount": 4,
  "isDownloadable": true,
  "publishedAt": "2015-04-14T02:35:08",
  "tags": [
    {
      "name": "munchies",
      "slug": "munchies",
      "uri": "https://api.sketchfab.com/v3/tags/munchies"
    }
  ],
  "categories": [],
  "thumbnails": {
    "images": [
      {
        "uid": "acb6e95161264fe380c11db7a2e47488",
        "size": 200438,
        "width": 1920,
        "url": "https://media.sketchfab.com/models/36f6571c68364c46aff23905eede5ef6/thumbnails/e80b229f065b40dfba9d2966f5c97615/a4d9b9d744e043739e238968716d97bc.jpeg",
        "height": 1080
      },
      {
        "uid": "7aa730bf0b3b43e4842d56479998b592",
        "size": 52295,
        "width": 1024,
        "url": "https://media.sketchfab.com/models/36f6571c68364c46aff23905eede5ef6/thumbnails/e80b229f065b40dfba9d2966f5c97615/c6491a3eeab846bba087b19b4b64a18d.jpeg",
        "height": 576
      },
      {
        "uid": "34be7fb88fc143a490f29a8640013f89",
        "size": 28225,
        "width": 720,
        "url": "https://media.sketchfab.com/models/36f6571c68364c46aff23905eede5ef6/thumbnails/e80b229f065b40dfba9d2966f5c97615/e8ae00989c6240b38d4ace37b72f3662.jpeg",
        "height": 405
      },
      {
        "uid": "6bd2ee4ef022499f95143c62f3731141",
        "size": 5516,
        "width": 256,
        "url": "https://media.sketchfab.com/models/36f6571c68364c46aff23905eede5ef6/thumbnails/e80b229f065b40dfba9d2966f5c97615/b6a4517ad0c047afbef9d7a6982133d3.jpeg",
        "height": 144
      },
      {
        "uid": "eeeac695ea304920a970d373d42e537d",
        "size": 895,
        "width": 64,
        "url": "https://media.sketchfab.com/models/36f6571c68364c46aff23905eede5ef6/thumbnails/e80b229f065b40dfba9d2966f5c97615/9ca63d2d33ea40168f35948e71811140.jpeg",
        "height": 36
      }
    ]
  },
  "user": {
    "uid": "957c47d2334641578e77c2363295b58a",
    "username": "all_scan_everything",
    "displayName": "all_scan_everything",
    "profileUrl": "https://sketchfab.com/all_scan_everything",
    "account": "basic",
    "avatar": {
      "uri": "https://api.sketchfab.com/v3/avatars/78fa317e46024a5283765aa34df5e508",
      "images": [
        {
          "size": 6421,
          "width": 100,
          "url": "https://media.sketchfab.com/avatars/78fa317e46024a5283765aa34df5e508/aec92fe9a74e499c98d759362cd7f02f.jpeg",
          "height": 100
        },
        {
          "size": 2518,
          "width": 48,
          "url": "https://media.sketchfab.com/avatars/78fa317e46024a5283765aa34df5e508/17fa177ffaa344a2b2fc8e78efd40fbb.jpeg",
          "height": 48
        },
        {
          "size": 5653,
          "width": 90,
          "url": "https://media.sketchfab.com/avatars/78fa317e46024a5283765aa34df5e508/02162695bdc840faa3bcb2d418309c5e.jpeg",
          "height": 90
        },
        {
          "size": 1350,
          "width": 32,
          "url": "https://media.sketchfab.com/avatars/78fa317e46024a5283765aa34df5e508/6fde876cbded4cd48d36a76029e3aa02.jpeg",
          "height": 32
        }
      ]
    },
    "uri": "https://api.sketchfab.com/v3/users/957c47d2334641578e77c2363295b58a"
  },
  "description": "Scanned using a NextEngine Scanner. The mesh was cleaned, repaired and decimated in Geomagic Studio.",
  "faceCount": 149992,
  "createdAt": "2015-04-14T02:32:15",
  "vertexCount": 74998,
  "isAgeRestricted": false,
  "archives": {
    "glb": {
      "textureCount": 0,
      "size": 3921176,
      "type": "glb",
      "textureMaxResolution": 0,
      "faceCount": 149992,
      "vertexCount": 88282
    },
    "gltf": {
      "textureCount": 0,
      "size": 2364447,
      "type": "gltf",
      "textureMaxResolution": 0,
      "faceCount": 149992,
      "vertexCount": 88282
    },
    "source": {
      "textureCount": null,
      "size": 6986394,
      "type": "source",
      "textureMaxResolution": null,
      "faceCount": null,
      "vertexCount": null
    },
    "usdz": {
      "textureCount": null,
      "size": 2571289,
      "type": "usdz",
      "textureMaxResolution": null,
      "faceCount": null,
      "vertexCount": null
    }
  },
  "license": "by-sa"
}