{
  "uri": "https://api.sketchfab.com/v3/models/36f768d11a6342b7b36a121e014f521e",
  "uid": "36f768d11a6342b7b36a121e014f521e",
  "name": "Pump Press Bottle",
  "staffpickedAt": null,
  "viewCount": 19,
  "likeCount": 0,
  "animationCount": 0,
  "viewerUrl": "https://sketchfab.com/3d-models/36f768d11a6342b7b36a121e014f521e",
  "embedUrl": "https://sketchfab.com/models/36f768d11a6342b7b36a121e014f521e/embed",
  "commentCount": 0,
  "isDownloadable": true,
  "publishedAt": "2022-03-28T01:54:12.351149",
  "tags": [
    {
      "name": "bottle",
      "slug": "bottle",
      "uri": "https://api.sketchfab.com/v3/tags/bottle"
    }
  ],
  "categories": [
    {
      "name": "furniture-home"
    }
  ],
  "thumbnails": {
    "images": [
      {
        "uid": "9a2dd6587f4c48f391001c9c1f5f5452",
        "size": 289142,
        "width": 1920,
        "url": "https://media.sketchfab.com/models/36f768d11a6342b7b36a121e014f521e/thumbnails/2c0bb2d95e2e41cdabdbe48f5e397b1d/3843b66bff4147948eb90619513b9dd9.jpeg",
        "height": 1080
      },
      {
        "uid": "18b6f7fc8bda4840bb2a9564c9732fd2",
        "size": 29282,
        "width": 1024,
        "url": "https://media.sketchfab.com/models/36f768d11a6342b7b36a121e014f521e/thumbnails/2c0bb2d95e2e41cdabdbe48f5e397b1d/c85ded9d0a504d0faa46a3bc9b2459a4.jpeg",
        "height": 576
      },
      {
        "uid": "d36c6872d662476689f526cc42efb0c4",
        "size": 16781,
        "width": 720,
        "url": "https://media.sketchfab.com/models/36f768d11a6342b7b36a121e014f521e/thumbnails/2c0bb2d95e2e41cdabdbe48f5e397b1d/b69109627d5f4b72a99d6227d9a7c9a3.jpeg",
        "height": 405
      },
      {
        "uid": "1994156efc644965ab587d38a1667c29",
        "size": 4073,
        "width": 256,
        "url": "https://media.sketchfab.com/models/36f768d11a6342b7b36a121e014f521e/thumbnails/2c0bb2d95e2e41cdabdbe48f5e397b1d/4d48f88bdef648fab22cbb404a616957.jpeg",
        "height": 144
      },
      {
        "uid": "1662d5d749984b95a8f36d0df4f80ca8",
        "size": 1145,
        "width": 64,
        "url": "https://media.sketchfab.com/models/36f768d11a6342b7b36a121e014f521e/thumbnails/2c0bb2d95e2e41cdabdbe48f5e397b1d/85f21b856b9f4d22b5612c9f0f619b52.jpeg",
        "height": 36
      }
    ]
  },
  "user": {
    "uid": "ae36dcc094e94397b89386be5539cdd6",
    "username": "chohsunlu",
    "displayName": "chohsunlu",
    "profileUrl": "https://sketchfab.com/chohsunlu",
    "account": "basic",
    "avatar": {
      "uri": "https://api.sketchfab.com/v3/avatars/a337cddd2f3044ac8ae9f58006e96488",
      "images": [
        {
          "size": 1056,
          "width": 32,
          "url": "https://media.sketchfab.com/avatars/a337cddd2f3044ac8ae9f58006e96488/d4425826e2a4487d97f338a59415f8b7.jpeg",
          "height": 32
        },
        {
          "size": 1519,
          "width": 48,
          "url": "https://media.sketchfab.com/avatars/a337cddd2f3044ac8ae9f58006e96488/ed02b2fc2ad8447995cb84b04bd745ff.jpeg",
          "height": 48
        },
        {
          "size": 3096,
          "width": 90,
          "url": "https://media.sketchfab.com/avatars/a337cddd2f3044ac8ae9f58006e96488/aa13a7b7be8d4c0bae21cb9d68950bb8.jpeg",
          "height": 90
        },
        {
          "size": 3485,
          "width": 100,
          "url": "https://media.sketchfab.com/avatars/a337cddd2f3044ac8ae9f58006e96488/fd5dd570e35d411aa486f94b85d8ffed.jpeg",
          "height": 100
        }
      ]
    },
    "uri": "https://api.sketchfab.com/v3/users/ae36dcc094e94397b89386be5539cdd6"
  },
  "description": "",
  "faceCount": 5430,
  "createdAt": "2022-03-28T01:44:07.639769",
  "vertexCount": 2758,
  "isAgeRestricted": false,
  "archives": {
    "glb": {
      "textureCount": 1,
      "size": 427400,
      "type": "glb",
      "textureMaxResolution": 512,
      "faceCount": 5424,
      "vertexCount": 5068
    },
    "gltf": {
      "textureCount": 1,
      "size": 282078,
      "type": "gltf",
      "textureMaxResolution": 512,
      "faceCount": 5424,
      "vertexCount": 5068
    },
    "source": {
      "textureCount": null,
      "size": 10582911,
      "type": "source",
      "textureMaxResolution": null,
      "faceCount": null,
      "vertexCount": null
    },
    "usdz": {
      "textureCount": null,
      "size": 179905,
      "type": "usdz",
      "textureMaxResolution": null,
      "faceCount": null,
      "vertexCount": null
    }
  },
  "license": "by"
}