{
  "uri": "https://api.sketchfab.com/v3/models/36f8ebccce99432fb4e816da842c0ebe",
  "uid": "36f8ebccce99432fb4e816da842c0ebe",
  "name": "Rabbit",
  "staffpickedAt": null,
  "viewCount": 25,
  "likeCount": 0,
  "animationCount": 0,
  "viewerUrl": "https://sketchfab.com/3d-models/36f8ebccce99432fb4e816da842c0ebe",
  "embedUrl": "https://sketchfab.com/models/36f8ebccce99432fb4e816da842c0ebe/embed",
  "commentCount": 0,
  "isDownloadable": true,
  "publishedAt": "2020-10-14T19:33:25.035019",
  "tags": [],
  "categories": [],
  "thumbnails": {
    "images": [
      {
        "uid": "75e18a8821d846a4af69113a6a9ce4be",
        "size": 230120,
        "width": 1920,
        "url": "https://media.sketchfab.com/models/36f8ebccce99432fb4e816da842c0ebe/thumbnails/834eb7d086f8411591d2c4ffcdb40ed7/3f9081d4e152407cb7fd8787b9173d54.jpeg",
        "height": 1080
      },
      {
        "uid": "1430f12e1e75419f936cb49b015f61f1",
        "size": 62507,
        "width": 1024,
        "url": "https://media.sketchfab.com/models/36f8ebccce99432fb4e816da842c0ebe/thumbnails/834eb7d086f8411591d2c4ffcdb40ed7/5f9fed35b6e745fea93b5fe18d0cbf34.jpeg",
        "height": 576
      },
      {
        "uid": "b5581bf5d3d2487e95542a961710f9f3",
        "size": 28660,
        "width": 720,
        "url": "https://media.sketchfab.com/models/36f8ebccce99432fb4e816da842c0ebe/thumbnails/834eb7d086f8411591d2c4ffcdb40ed7/d7c81f3d7390451f8fb425eefce61814.jpeg",
        "height": 405
      },
      {
        "uid": "ae3739c22b8b4858832a4d1ca36ebb5a",
        "size": 3895,
        "width": 256,
        "url": "https://media.sketchfab.com/models/36f8ebccce99432fb4e816da842c0ebe/thumbnails/834eb7d086f8411591d2c4ffcdb40ed7/ae9a33fb03294b18a50caec8c9167961.jpeg",
        "height": 144
      },
      {
        "uid": "c335ab89cfea460c841716f1e3a32dc9",
        "size": 684,
        "width": 64,
        "url": "https://media.sketchfab.com/models/36f8ebccce99432fb4e816da842c0ebe/thumbnails/834eb7d086f8411591d2c4ffcdb40ed7/cf507a3b88994286904c56f48082b69d.jpeg",
        "height": 36
      }
    ]
  },
  "user": {
    "uid": "a0648fc7ddfc49fa953b6defd9bb0749",
    "username": "natadesign",
    "displayName": "natadesign",
    "profileUrl": "https://sketchfab.com/natadesign",
    "account": "basic",
    "avatar": {
      "uri": "https://api.sketchfab.com/v3/avatars/3ef1bd11d3eb4b57a0b353e8f2e5fc3e",
      "images": [
        {
          "size": 680,
          "width": 32,
          "url": "https://media.sketchfab.com/avatars/3ef1bd11d3eb4b57a0b353e8f2e5fc3e/116042a0854e40538adab302b593683d.jpeg",
          "height": 32
        },
        {
          "size": 1253,
          "width": 48,
          "url": "https://media.sketchfab.com/avatars/3ef1bd11d3eb4b57a0b353e8f2e5fc3e/efea16be51d04eb7a00cb9ea0b43b87f.jpeg",
          "height": 48
        },
        {
          "size": 2797,
          "width": 90,
          "url": "https://media.sketchfab.com/avatars/3ef1bd11d3eb4b57a0b353e8f2e5fc3e/ac9b469ccec74caf923a81fb2f0be3ed.jpeg",
          "height": 90
        },
        {
          "size": 3215,
          "width": 100,
          "url": "https://media.sketchfab.com/avatars/3ef1bd11d3eb4b57a0b353e8f2e5fc3e/a075e1d43d2f446c949b5967b470c757.jpeg",
          "height": 100
        }
      ]
    },
    "uri": "https://api.sketchfab.com/v3/users/a0648fc7ddfc49fa953b6defd9bb0749"
  },
  "description": "",
  "faceCount": 7648,
  "createdAt": "2019-06-03T11:58:02.410142",
  "vertexCount": 3849,
  "isAgeRestricted": false,
  "archives": {
    "glb": {
      "textureCount": 0,
      "size": 271556,
      "type": "glb",
      "textureMaxResolution": 0,
      "faceCount": 7552,
      "vertexCount": 5245
    },
    "gltf": {
      "textureCount": 0,
      "size": 94965,
      "type": "gltf",
      "textureMaxResolution": 0,
      "faceCount": 7552,
      "vertexCount": 5245
    },
    "source": {
      "textureCount": null,
      "size": 238150,
      "type": "source",
      "textureMaxResolution": null,
      "faceCount": null,
      "vertexCount": null
    },
    "usdz": {
      "textureCount": null,
      "size": 121395,
      "type": "usdz",
      "textureMaxResolution": null,
      "faceCount": null,
      "vertexCount": null
    }
  },
  "license": "by"
}