{
  "uri": "https://api.sketchfab.com/v3/models/36fb2d5fc9fa4bd5b5c262c98b7931d7",
  "uid": "36fb2d5fc9fa4bd5b5c262c98b7931d7",
  "name": "u_potolochnaya_kompoziciya_3_OBJ.obj",
  "staffpickedAt": null,
  "viewCount": 11,
  "likeCount": 1,
  "animationCount": 0,
  "viewerUrl": "https://sketchfab.com/3d-models/36fb2d5fc9fa4bd5b5c262c98b7931d7",
  "embedUrl": "https://sketchfab.com/models/36fb2d5fc9fa4bd5b5c262c98b7931d7/embed",
  "commentCount": 0,
  "isDownloadable": true,
  "publishedAt": "2019-04-17T03:17:50.057705",
  "tags": [],
  "categories": [],
  "thumbnails": {
    "images": [
      {
        "uid": "b28d52fb46e34571b5059ea2395d3c61",
        "size": 11806,
        "width": 720,
        "url": "https://media.sketchfab.com/models/36fb2d5fc9fa4bd5b5c262c98b7931d7/thumbnails/78011698dab64e11bfebc0a5da94da73/9aa7f28eac3047b992ee131c952aeca6.jpeg",
        "height": 405
      },
      {
        "uid": "5611d8d4abe04c49b543be1128d2a7e9",
        "size": 20529,
        "width": 1024,
        "url": "https://media.sketchfab.com/models/36fb2d5fc9fa4bd5b5c262c98b7931d7/thumbnails/78011698dab64e11bfebc0a5da94da73/54125c58ee574758920e48c2663ff10a.jpeg",
        "height": 576
      },
      {
        "uid": "7feb81c94df24acf8f3b98cdce30536f",
        "size": 56213,
        "width": 1920,
        "url": "https://media.sketchfab.com/models/36fb2d5fc9fa4bd5b5c262c98b7931d7/thumbnails/78011698dab64e11bfebc0a5da94da73/452b297a357a495883a5511ecfc07bc8.jpeg",
        "height": 1080
      },
      {
        "uid": "53cf8c9a891c472a8ef6e42f57cd2510",
        "size": 2709,
        "width": 256,
        "url": "https://media.sketchfab.com/models/36fb2d5fc9fa4bd5b5c262c98b7931d7/thumbnails/78011698dab64e11bfebc0a5da94da73/0e37c0f36f5146f18290b6006aec514d.jpeg",
        "height": 144
      },
      {
        "uid": "5e4d02740bef46b19eaea96e0420bb75",
        "size": 583,
        "width": 64,
        "url": "https://media.sketchfab.com/models/36fb2d5fc9fa4bd5b5c262c98b7931d7/thumbnails/78011698dab64e11bfebc0a5da94da73/b52e5a26c1e549a8aa1580dee1887343.jpeg",
        "height": 36
      }
    ]
  },
  "user": {
    "uid": "1eeccc4cf49c42c88710118ed0b5bf55",
    "username": "avroralepnina",
    "displayName": "AVRORA Group",
    "profileUrl": "https://sketchfab.com/avroralepnina",
    "account": "basic",
    "avatar": {
      "uri": "https://api.sketchfab.com/v3/avatars/78fa317e46024a5283765aa34df5e508",
      "images": [
        {
          "size": 6421,
          "width": 100,
          "url": "https://media.sketchfab.com/avatars/78fa317e46024a5283765aa34df5e508/aec92fe9a74e499c98d759362cd7f02f.jpeg",
          "height": 100
        },
        {
          "size": 2518,
          "width": 48,
          "url": "https://media.sketchfab.com/avatars/78fa317e46024a5283765aa34df5e508/17fa177ffaa344a2b2fc8e78efd40fbb.jpeg",
          "height": 48
        },
        {
          "size": 5653,
          "width": 90,
          "url": "https://media.sketchfab.com/avatars/78fa317e46024a5283765aa34df5e508/02162695bdc840faa3bcb2d418309c5e.jpeg",
          "height": 90
        },
        {
          "size": 1350,
          "width": 32,
          "url": "https://media.sketchfab.com/avatars/78fa317e46024a5283765aa34df5e508/6fde876cbded4cd48d36a76029e3aa02.jpeg",
          "height": 32
        }
      ]
    },
    "uri": "https://api.sketchfab.com/v3/users/1eeccc4cf49c42c88710118ed0b5bf55"
  },
  "description": "3d Model",
  "faceCount": 697863,
  "createdAt": "2019-04-06T05:19:59.837058",
  "vertexCount": 643806,
  "isAgeRestricted": false,
  "archives": {
    "glb": {
      "textureCount": 0,
      "size": 24886052,
      "type": "glb",
      "textureMaxResolution": 0,
      "faceCount": 697863,
      "vertexCount": 686259
    },
    "gltf": {
      "textureCount": 0,
      "size": 16969041,
      "type": "gltf",
      "textureMaxResolution": 0,
      "faceCount": 697863,
      "vertexCount": 686259
    },
    "source": {
      "textureCount": null,
      "size": 30765887,
      "type": "source",
      "textureMaxResolution": null,
      "faceCount": null,
      "vertexCount": null
    },
    "usdz": {
      "textureCount": null,
      "size": 19779774,
      "type": "usdz",
      "textureMaxResolution": null,
      "faceCount": null,
      "vertexCount": null
    }
  },
  "license": "by"
}