{
  "uri": "https://api.sketchfab.com/v3/models/36fe223d2faa4230a130068e82e38120",
  "uid": "36fe223d2faa4230a130068e82e38120",
  "name": "Artelamp A1930SP-1AB",
  "staffpickedAt": null,
  "viewCount": 2,
  "likeCount": 0,
  "animationCount": 0,
  "viewerUrl": "https://sketchfab.com/3d-models/36fe223d2faa4230a130068e82e38120",
  "embedUrl": "https://sketchfab.com/models/36fe223d2faa4230a130068e82e38120/embed",
  "commentCount": 0,
  "isDownloadable": true,
  "publishedAt": "2020-04-29T19:06:41.959054",
  "tags": [
    {
      "name": "lamp",
      "slug": "lamp",
      "uri": "https://api.sketchfab.com/v3/tags/lamp"
    }
  ],
  "categories": [
    {
      "name": "furniture-home"
    }
  ],
  "thumbnails": {
    "images": [
      {
        "uid": "e5cf79adf7e3404a8f4caa178d9957d1",
        "size": 25240,
        "width": 1920,
        "url": "https://media.sketchfab.com/models/36fe223d2faa4230a130068e82e38120/thumbnails/7a84ede76f1a4fa9baf9517eeea764b7/c926acaed7a444f980adcbb8e850b169.jpeg",
        "height": 1080
      },
      {
        "uid": "2d2bdc35a43c428fad520d3d99a88d53",
        "size": 8927,
        "width": 1024,
        "url": "https://media.sketchfab.com/models/36fe223d2faa4230a130068e82e38120/thumbnails/7a84ede76f1a4fa9baf9517eeea764b7/6258ce3cd86f4e31b77f1ee9f53f463f.jpeg",
        "height": 576
      },
      {
        "uid": "2b464f4fc0a44303bb5b5aebbbfb9898",
        "size": 5552,
        "width": 720,
        "url": "https://media.sketchfab.com/models/36fe223d2faa4230a130068e82e38120/thumbnails/7a84ede76f1a4fa9baf9517eeea764b7/9cff51ede18f45cf9ae977af8a11a65b.jpeg",
        "height": 405
      },
      {
        "uid": "a3c444330b9045ebb57aa3beb01bb726",
        "size": 1456,
        "width": 256,
        "url": "https://media.sketchfab.com/models/36fe223d2faa4230a130068e82e38120/thumbnails/7a84ede76f1a4fa9baf9517eeea764b7/7d8e861c0bfb4b7ebdbe6e78c6f83665.jpeg",
        "height": 144
      },
      {
        "uid": "3d0dc4da39d643fcb240a0dd577825dc",
        "size": 474,
        "width": 64,
        "url": "https://media.sketchfab.com/models/36fe223d2faa4230a130068e82e38120/thumbnails/7a84ede76f1a4fa9baf9517eeea764b7/90587c0ecbe04269bf4de86277204773.jpeg",
        "height": 36
      }
    ]
  },
  "user": {
    "uid": "515eaacc64de44e4b2cd928272530294",
    "username": "svetmagaz",
    "displayName": "Lustron.ru",
    "profileUrl": "https://sketchfab.com/svetmagaz",
    "account": "basic",
    "avatar": {
      "uri": "https://api.sketchfab.com/v3/avatars/748f3667e46d49bca50b0eceec3633e4",
      "images": [
        {
          "size": 690,
          "width": 32,
          "url": "https://media.sketchfab.com/avatars/748f3667e46d49bca50b0eceec3633e4/f4b08ac1f4eb4e18bfe8388374d752d3.jpeg",
          "height": 32
        },
        {
          "size": 1174,
          "width": 48,
          "url": "https://media.sketchfab.com/avatars/748f3667e46d49bca50b0eceec3633e4/3372e63b53d049018eba4d089bccf242.jpeg",
          "height": 48
        },
        {
          "size": 3032,
          "width": 90,
          "url": "https://media.sketchfab.com/avatars/748f3667e46d49bca50b0eceec3633e4/a8a42851b37947a7a031505db13b84c2.jpeg",
          "height": 90
        },
        {
          "size": 3495,
          "width": 100,
          "url": "https://media.sketchfab.com/avatars/748f3667e46d49bca50b0eceec3633e4/8fb20dc6888942c29a562ed7a202c5b3.jpeg",
          "height": 100
        }
      ]
    },
    "uri": "https://api.sketchfab.com/v3/users/515eaacc64de44e4b2cd928272530294"
  },
  "description": "Смотреть на сайте lustron.ru<br>\n[Подвесной светильник Artelamp A1930SP-1AB](https://lustron.ru/sortament/svetilniki/podvesnye/podvesnoj_svetil_nik_volare_a1930sp-1ab/\n)",
  "faceCount": 129112,
  "createdAt": "2020-04-29T19:03:32.822315",
  "vertexCount": 64748,
  "isAgeRestricted": false,
  "archives": {
    "glb": {
      "textureCount": 0,
      "size": 3871704,
      "type": "glb",
      "textureMaxResolution": 0,
      "faceCount": 129112,
      "vertexCount": 71988
    },
    "gltf": {
      "textureCount": 0,
      "size": 1653328,
      "type": "gltf",
      "textureMaxResolution": 0,
      "faceCount": 129112,
      "vertexCount": 71988
    },
    "source": {
      "textureCount": null,
      "size": 4442994,
      "type": "source",
      "textureMaxResolution": null,
      "faceCount": null,
      "vertexCount": null
    },
    "usdz": {
      "textureCount": null,
      "size": 1691491,
      "type": "usdz",
      "textureMaxResolution": null,
      "faceCount": null,
      "vertexCount": null
    }
  },
  "license": "by"
}