{
  "uri": "https://api.sketchfab.com/v3/models/36fe89a5c53d469cb8d3b0558ee6f0b4",
  "uid": "36fe89a5c53d469cb8d3b0558ee6f0b4",
  "name": "Flamingo",
  "staffpickedAt": null,
  "viewCount": 87,
  "likeCount": 0,
  "animationCount": 0,
  "viewerUrl": "https://sketchfab.com/3d-models/36fe89a5c53d469cb8d3b0558ee6f0b4",
  "embedUrl": "https://sketchfab.com/models/36fe89a5c53d469cb8d3b0558ee6f0b4/embed",
  "commentCount": 0,
  "isDownloadable": true,
  "publishedAt": "2016-09-06T23:53:04.441126",
  "tags": [],
  "categories": [
    {
      "name": "animals-pets"
    },
    {
      "name": "science-technology"
    }
  ],
  "thumbnails": {
    "images": [
      {
        "uid": "acb6f725fcb7402e93676e6fa758b0ee",
        "size": 86728,
        "width": 1920,
        "url": "https://media.sketchfab.com/models/36fe89a5c53d469cb8d3b0558ee6f0b4/thumbnails/67220b1d89704982b71fc9c6cb06ddbe/8e88e9f48c5e48e29519a259eb459d03.jpeg",
        "height": 1080
      },
      {
        "uid": "642672f7d0b44af1bb561d8a1e2ba19f",
        "size": 28688,
        "width": 1024,
        "url": "https://media.sketchfab.com/models/36fe89a5c53d469cb8d3b0558ee6f0b4/thumbnails/67220b1d89704982b71fc9c6cb06ddbe/2e14021f357a43028a7809c9466da4dd.jpeg",
        "height": 576
      },
      {
        "uid": "3a62591b73ef45e49df4d9cc2fabd7a2",
        "size": 16718,
        "width": 720,
        "url": "https://media.sketchfab.com/models/36fe89a5c53d469cb8d3b0558ee6f0b4/thumbnails/67220b1d89704982b71fc9c6cb06ddbe/4de4119a647648398c29975fa7e38833.jpeg",
        "height": 405
      },
      {
        "uid": "0d590d02e3e84f7d84d0f17cca27afd8",
        "size": 4011,
        "width": 256,
        "url": "https://media.sketchfab.com/models/36fe89a5c53d469cb8d3b0558ee6f0b4/thumbnails/67220b1d89704982b71fc9c6cb06ddbe/000fa6252bf344daa8d6112fe64ffdcc.jpeg",
        "height": 144
      },
      {
        "uid": "51902bd005094a0e94cf022856d96b2b",
        "size": 1130,
        "width": 64,
        "url": "https://media.sketchfab.com/models/36fe89a5c53d469cb8d3b0558ee6f0b4/thumbnails/67220b1d89704982b71fc9c6cb06ddbe/0e5efda608dc40af94c5adbf8ac4e72a.jpeg",
        "height": 36
      }
    ]
  },
  "user": {
    "uid": "63808f4dbe5747eabf174502afd70029",
    "username": "lewisguapo",
    "displayName": "lewisguapo",
    "profileUrl": "https://sketchfab.com/lewisguapo",
    "account": "basic",
    "avatar": {
      "uri": "https://api.sketchfab.com/v3/avatars/da77f29eab564b34a2a63db6f0345521",
      "images": [
        {
          "size": 1040,
          "width": 32,
          "url": "https://media.sketchfab.com/avatars/da77f29eab564b34a2a63db6f0345521/7e443e4243b94425a29dfa8a9e5e3579.png",
          "height": 32
        },
        {
          "size": 1692,
          "width": 48,
          "url": "https://media.sketchfab.com/avatars/da77f29eab564b34a2a63db6f0345521/fa6069c106b741ca86a044858c2fe52d.png",
          "height": 48
        },
        {
          "size": 3856,
          "width": 90,
          "url": "https://media.sketchfab.com/avatars/da77f29eab564b34a2a63db6f0345521/224b143bc64c4b288ca59b35418ba826.png",
          "height": 90
        },
        {
          "size": 4481,
          "width": 100,
          "url": "https://media.sketchfab.com/avatars/da77f29eab564b34a2a63db6f0345521/1f097a0c85304d058c32db7ea4332515.png",
          "height": 100
        }
      ]
    },
    "uri": "https://api.sketchfab.com/v3/users/63808f4dbe5747eabf174502afd70029"
  },
  "description": "First 3D Flamingo I have created with MAYA",
  "faceCount": 898,
  "createdAt": "2016-09-06T23:45:31.200407",
  "vertexCount": 962,
  "isAgeRestricted": false,
  "archives": {
    "glb": {
      "textureCount": 0,
      "size": 78632,
      "type": "glb",
      "textureMaxResolution": 0,
      "faceCount": 1920,
      "vertexCount": 1667
    },
    "gltf": {
      "textureCount": 0,
      "size": 43113,
      "type": "gltf",
      "textureMaxResolution": 0,
      "faceCount": 1920,
      "vertexCount": 1667
    },
    "source": {
      "textureCount": null,
      "size": 80584,
      "type": "source",
      "textureMaxResolution": null,
      "faceCount": null,
      "vertexCount": null
    },
    "usdz": {
      "textureCount": null,
      "size": 48733,
      "type": "usdz",
      "textureMaxResolution": null,
      "faceCount": null,
      "vertexCount": null
    }
  },
  "license": "by"
}